Fecha_Hora,serie_id,sistema,unidad,Validaciones_pron,Val_q10,Val_q90,Headway_base_min,Cap_hora,Ocupacion_proxy,aforo,ETA_pron,modelo_pron,recomendacion
2025-12-09 00:00:00,Angamos,metro_l1,Angamos,0.0,0.0,0.0,3.5,20571.428571428572,0.0,Asientos,3.5,chronos,abordar
2025-12-09 01:00:00,Angamos,metro_l1,Angamos,0.0,0.0,12.184326171875,3.5,20571.428571428572,0.0,Asientos,3.5,chronos,abordar
2025-12-09 02:00:00,Angamos,metro_l1,Angamos,0.0,0.0,9.425048828125,3.5,20571.428571428572,0.0,Asientos,3.5,chronos,abordar
2025-12-09 03:00:00,Angamos,metro_l1,Angamos,0.0,0.0,24.856689453125,3.5,20571.428571428572,0.0,Asientos,3.5,chronos,abordar
2025-12-09 04:00:00,Angamos,metro_l1,Angamos,0.0,0.0,20.39208984375,3.5,20571.428571428572,0.0,Asientos,3.5,chronos,abordar
2025-12-09 05:00:00,Angamos,metro_l1,Angamos,77.673095703125,25.516845703125,168.9783935546875,3.5,20571.428571428572,0.003775775485568576,Asientos,3.5,chronos,abordar
2025-12-09 06:00:00,Angamos,metro_l1,Angamos,558.8145141601562,401.5220947265625,743.7626342773438,3.5,20571.428571428572,0.027164594438340926,Asientos,3.5,chronos,abordar
2025-12-09 07:00:00,Angamos,metro_l1,Angamos,1059.0347900390625,829.059814453125,1281.2674560546875,3.5,20571.428571428572,0.05148085784912109,Asientos,3.5,chronos,abordar
2025-12-09 08:00:00,Angamos,metro_l1,Angamos,1076.5030517578125,862.941162109375,1263.6649169921875,3.5,20571.428571428572,0.05233000946044922,Asientos,3.5,chronos,abordar
2025-12-09 09:00:00,Angamos,metro_l1,Angamos,1116.2945556640625,897.30419921875,1289.2874755859375,3.5,20571.428571428572,0.05426431867811415,Asientos,3.5,chronos,abordar
2025-12-09 10:00:00,Angamos,metro_l1,Angamos,1213.602783203125,975.6865234375,1431.162353515625,3.5,20571.428571428572,0.05899457973904079,Asientos,3.5,chronos,abordar
2025-12-09 11:00:00,Angamos,metro_l1,Angamos,1271.787841796875,1046.593017578125,1508.800048828125,3.5,20571.428571428572,0.061823020087348086,Asientos,3.5,chronos,abordar
2025-12-09 12:00:00,Angamos,metro_l1,Angamos,1361.249755859375,1142.248046875,1639.388916015625,3.5,20571.428571428572,0.06617186313205295,De_pie,3.8500000000000005,chronos,abordar
2025-12-09 13:00:00,Angamos,metro_l1,Angamos,1510.297119140625,1251.5457763671875,1874.6754150390625,3.5,20571.428571428572,0.07341722106933593,De_pie,3.8500000000000005,chronos,abordar
2025-12-09 14:00:00,Angamos,metro_l1,Angamos,1667.910888671875,1311.650146484375,2109.29296875,3.5,20571.428571428572,0.08107900153266058,De_pie,3.8500000000000005,chronos,abordar
2025-12-09 15:00:00,Angamos,metro_l1,Angamos,2035.3515625,1524.4033203125,2583.35498046875,3.5,20571.428571428572,0.0989407009548611,De_pie,3.8500000000000005,chronos,abordar
2025-12-09 16:00:00,Angamos,metro_l1,Angamos,2787.12060546875,2018.5755615234375,3437.490234375,3.5,20571.428571428572,0.13548502943250867,De_pie,3.8500000000000005,chronos,abordar
2025-12-09 17:00:00,Angamos,metro_l1,Angamos,3924.43017578125,2820.56005859375,4603.93994140625,3.5,20571.428571428572,0.19077091132269963,Saturado,4.55,chronos,cambiar_paradero
2025-12-09 18:00:00,Angamos,metro_l1,Angamos,3940.443359375,2803.558837890625,4539.07373046875,3.5,20571.428571428572,0.19154932996961804,Saturado,4.55,chronos,cambiar_paradero
2025-12-09 19:00:00,Angamos,metro_l1,Angamos,3700.29833984375,2610.76123046875,4219.4189453125,3.5,20571.428571428572,0.17987561374240452,Saturado,4.55,chronos,cambiar_paradero
2025-12-09 20:00:00,Angamos,metro_l1,Angamos,3274.4755859375,2325.061279296875,3724.91259765625,3.5,20571.428571428572,0.15917589653862846,Saturado,4.55,chronos,esperar_siguiente
2025-12-09 21:00:00,Angamos,metro_l1,Angamos,2370.71484375,1662.6895751953125,2778.887939453125,3.5,20571.428571428572,0.11524308268229166,De_pie,3.8500000000000005,chronos,abordar
2025-12-09 22:00:00,Angamos,metro_l1,Angamos,894.5281982421875,519.6107788085938,1178.589599609375,3.5,20571.428571428572,0.043484009636773,Asientos,3.5,chronos,abordar
2025-12-09 23:00:00,Angamos,metro_l1,Angamos,17.761962890625,0.0,107.2833251953125,3.5,20571.428571428572,0.0008634287516276041,Asientos,3.5,chronos,abordar
2025-12-09 00:00:00,Atocongo,metro_l1,Atocongo,0.0,0.0,27.82080078125,3.5,20571.428571428572,0.0,Asientos,3.5,chronos,abordar
2025-12-09 01:00:00,Atocongo,metro_l1,Atocongo,0.0,0.0,55.42816162109375,3.5,20571.428571428572,0.0,Asientos,3.5,chronos,abordar
2025-12-09 02:00:00,Atocongo,metro_l1,Atocongo,0.0,0.0,60.91888427734375,3.5,20571.428571428572,0.0,Asientos,3.5,chronos,abordar
2025-12-09 03:00:00,Atocongo,metro_l1,Atocongo,0.0,0.0,81.23541259765625,3.5,20571.428571428572,0.0,Asientos,3.5,chronos,abordar
2025-12-09 04:00:00,Atocongo,metro_l1,Atocongo,16.62396240234375,0.0,172.61639404296875,3.5,20571.428571428572,0.0008081092834472655,Asientos,3.5,chronos,abordar
2025-12-09 05:00:00,Atocongo,metro_l1,Atocongo,314.91717529296875,138.877197265625,549.2833251953125,3.5,20571.428571428572,0.015308473798963758,Asientos,3.5,chronos,abordar
2025-12-09 06:00:00,Atocongo,metro_l1,Atocongo,1154.64404296875,853.61328125,1439.0244140625,3.5,20571.428571428572,0.05612852986653646,Asientos,3.5,chronos,abordar
2025-12-09 07:00:00,Atocongo,metro_l1,Atocongo,1791.173583984375,1417.648193359375,2094.76806640625,3.5,20571.428571428572,0.08707093811035156,De_pie,3.8500000000000005,chronos,abordar
2025-12-09 08:00:00,Atocongo,metro_l1,Atocongo,1814.515869140625,1450.165283203125,2111.648681640625,3.5,20571.428571428572,0.08820563252766926,De_pie,3.8500000000000005,chronos,abordar
2025-12-09 09:00:00,Atocongo,metro_l1,Atocongo,1811.429931640625,1435.467041015625,2131.79736328125,3.5,20571.428571428572,0.08805562167697482,De_pie,3.8500000000000005,chronos,abordar
2025-12-09 10:00:00,Atocongo,metro_l1,Atocongo,1510.88037109375,1189.8924560546875,1836.8447265625,3.5,20571.428571428572,0.07344557359483507,De_pie,3.8500000000000005,chronos,abordar
2025-12-09 11:00:00,Atocongo,metro_l1,Atocongo,1388.8037109375,1108.759521484375,1703.31689453125,3.5,20571.428571428572,0.06751129150390625,De_pie,3.8500000000000005,chronos,abordar
2025-12-09 12:00:00,Atocongo,metro_l1,Atocongo,1322.340087890625,1051.9727783203125,1627.335205078125,3.5,20571.428571428572,0.0642804209391276,Asientos,3.5,chronos,abordar
2025-12-09 13:00:00,Atocongo,metro_l1,Atocongo,1319.7406005859375,1042.62744140625,1626.628173828125,3.5,20571.428571428572,0.06415405697292752,Asientos,3.5,chronos,abordar
2025-12-09 14:00:00,Atocongo,metro_l1,Atocongo,1286.36767578125,1011.5753784179688,1581.0732421875,3.5,20571.428571428572,0.0625317620171441,Asientos,3.5,chronos,abordar
2025-12-09 15:00:00,Atocongo,metro_l1,Atocongo,1279.0203857421875,1029.376708984375,1567.164794921875,3.5,20571.428571428572,0.06217460208468967,Asientos,3.5,chronos,abordar
2025-12-09 16:00:00,Atocongo,metro_l1,Atocongo,1381.108154296875,1110.783935546875,1678.328857421875,3.5,20571.428571428572,0.06713720194498697,De_pie,3.8500000000000005,chronos,abordar
2025-12-09 17:00:00,Atocongo,metro_l1,Atocongo,1762.549560546875,1404.505859375,2085.269287109375,3.5,20571.428571428572,0.0856794925265842,De_pie,3.8500000000000005,chronos,abordar
2025-12-09 18:00:00,Atocongo,metro_l1,Atocongo,1989.483154296875,1603.052734375,2315.47802734375,3.5,20571.428571428572,0.0967109866672092,De_pie,3.8500000000000005,chronos,abordar
2025-12-09 19:00:00,Atocongo,metro_l1,Atocongo,1807.8525390625,1470.97314453125,2111.84716796875,3.5,20571.428571428572,0.08788172064887152,De_pie,3.8500000000000005,chronos,abordar
2025-12-09 20:00:00,Atocongo,metro_l1,Atocongo,1316.554443359375,1063.8499755859375,1581.997802734375,3.5,20571.428571428572,0.06399917432996961,Asientos,3.5,chronos,abordar
2025-12-09 21:00:00,Atocongo,metro_l1,Atocongo,1004.7392578125,768.078369140625,1252.505126953125,3.5,20571.428571428572,0.048841491699218746,Asientos,3.5,chronos,abordar
2025-12-09 22:00:00,Atocongo,metro_l1,Atocongo,202.35467529296875,97.8857421875,382.84283447265625,3.5,20571.428571428572,0.009836685604519314,Asientos,3.5,chronos,abordar
2025-12-09 23:00:00,Atocongo,metro_l1,Atocongo,8.65020751953125,0.0,91.58721923828125,3.5,20571.428571428572,0.0004204961988661024,Asientos,3.5,chronos,abordar
2025-12-09 00:00:00,Ayacucho,metro_l1,Ayacucho,0.0,0.0,0.0,3.5,20571.428571428572,0.0,Asientos,3.5,chronos,abordar
2025-12-09 01:00:00,Ayacucho,metro_l1,Ayacucho,0.0,0.0,5.675628662109375,3.5,20571.428571428572,0.0,Asientos,3.5,chronos,abordar
2025-12-09 02:00:00,Ayacucho,metro_l1,Ayacucho,0.0,0.0,12.203125,3.5,20571.428571428572,0.0,Asientos,3.5,chronos,abordar
2025-12-09 03:00:00,Ayacucho,metro_l1,Ayacucho,0.0,0.0,14.42852783203125,3.5,20571.428571428572,0.0,Asientos,3.5,chronos,abordar
2025-12-09 04:00:00,Ayacucho,metro_l1,Ayacucho,3.18157958984375,0.0,47.819671630859375,3.5,20571.428571428572,0.00015466011895073784,Asientos,3.5,chronos,abordar
2025-12-09 05:00:00,Ayacucho,metro_l1,Ayacucho,75.9642333984375,32.14349365234375,151.05239868164062,3.5,20571.428571428572,0.003692705790201823,Asientos,3.5,chronos,abordar
2025-12-09 06:00:00,Ayacucho,metro_l1,Ayacucho,434.8603515625,323.96893310546875,559.53076171875,3.5,20571.428571428572,0.021139044867621526,Asientos,3.5,chronos,abordar
2025-12-09 07:00:00,Ayacucho,metro_l1,Ayacucho,879.1366577148438,676.0845947265625,1044.6502685546875,3.5,20571.428571428572,0.04273580975002712,Asientos,3.5,chronos,abordar
2025-12-09 08:00:00,Ayacucho,metro_l1,Ayacucho,744.034423828125,582.0328369140625,881.1146240234375,3.5,20571.428571428572,0.03616834004720052,Asientos,3.5,chronos,abordar
2025-12-09 09:00:00,Ayacucho,metro_l1,Ayacucho,574.1754150390625,432.6676330566406,689.710693359375,3.5,20571.428571428572,0.027911304897732202,Asientos,3.5,chronos,abordar
2025-12-09 10:00:00,Ayacucho,metro_l1,Ayacucho,503.24505615234375,375.1415710449219,625.22412109375,3.5,20571.428571428572,0.02446330134073893,Asientos,3.5,chronos,abordar
2025-12-09 11:00:00,Ayacucho,metro_l1,Ayacucho,461.7095642089844,358.26776123046875,581.3082885742188,3.5,20571.428571428572,0.022444214926825627,Asientos,3.5,chronos,abordar
2025-12-09 12:00:00,Ayacucho,metro_l1,Ayacucho,471.4708557128906,373.0780029296875,586.0540771484375,3.5,20571.428571428572,0.02291872215270996,Asientos,3.5,chronos,abordar
2025-12-09 13:00:00,Ayacucho,metro_l1,Ayacucho,531.3575439453125,416.64959716796875,668.4451904296875,3.5,20571.428571428572,0.02582988060845269,Asientos,3.5,chronos,abordar
2025-12-09 14:00:00,Ayacucho,metro_l1,Ayacucho,585.7366943359375,446.0506286621094,741.5133666992188,3.5,20571.428571428572,0.028473311530219182,Asientos,3.5,chronos,abordar
2025-12-09 15:00:00,Ayacucho,metro_l1,Ayacucho,663.5396118164062,501.8577880859375,830.1552734375,3.5,20571.428571428572,0.03225539779663086,Asientos,3.5,chronos,abordar
2025-12-09 16:00:00,Ayacucho,metro_l1,Ayacucho,849.510498046875,625.632568359375,1058.015380859375,3.5,20571.428571428572,0.041295649210611976,Asientos,3.5,chronos,abordar
2025-12-09 17:00:00,Ayacucho,metro_l1,Ayacucho,1431.8525390625,1050.475341796875,1681.6746826171875,3.5,20571.428571428572,0.06960394287109374,De_pie,3.8500000000000005,chronos,abordar
2025-12-09 18:00:00,Ayacucho,metro_l1,Ayacucho,1501.7178955078125,1118.021484375,1729.055908203125,3.5,20571.428571428572,0.07300017547607421,De_pie,3.8500000000000005,chronos,abordar
2025-12-09 19:00:00,Ayacucho,metro_l1,Ayacucho,1255.9942626953125,929.8016357421875,1449.049072265625,3.5,20571.428571428572,0.06105527665879991,Asientos,3.5,chronos,abordar
2025-12-09 20:00:00,Ayacucho,metro_l1,Ayacucho,949.871337890625,688.0853881835938,1112.302490234375,3.5,20571.428571428572,0.04617430114746093,Asientos,3.5,chronos,abordar
2025-12-09 21:00:00,Ayacucho,metro_l1,Ayacucho,590.9358520507812,400.407958984375,726.9744873046875,3.5,20571.428571428572,0.028726048363579643,Asientos,3.5,chronos,abordar
2025-12-09 22:00:00,Ayacucho,metro_l1,Ayacucho,138.53643798828125,54.2158203125,230.7913818359375,3.5,20571.428571428572,0.006734410179985894,Asientos,3.5,chronos,abordar
2025-12-09 23:00:00,Ayacucho,metro_l1,Ayacucho,12.327728271484375,0.0,42.554473876953125,3.5,20571.428571428572,0.0005992645687527126,Asientos,3.5,chronos,abordar
2025-12-09 00:00:00,Bayóvar,metro_l1,Bayóvar,0.0,0.0,128.99560546875,3.5,20571.428571428572,0.0,Asientos,3.5,chronos,abordar
2025-12-09 01:00:00,Bayóvar,metro_l1,Bayóvar,0.0,0.0,170.390869140625,3.5,20571.428571428572,0.0,Asientos,3.5,chronos,abordar
2025-12-09 02:00:00,Bayóvar,metro_l1,Bayóvar,0.0,0.0,203.8558349609375,3.5,20571.428571428572,0.0,Asientos,3.5,chronos,abordar
2025-12-09 03:00:00,Bayóvar,metro_l1,Bayóvar,0.0,0.0,270.5550537109375,3.5,20571.428571428572,0.0,Asientos,3.5,chronos,abordar
2025-12-09 04:00:00,Bayóvar,metro_l1,Bayóvar,89.550048828125,0.0,556.3699951171875,3.5,20571.428571428572,0.0043531273735894094,Asientos,3.5,chronos,abordar
2025-12-09 05:00:00,Bayóvar,metro_l1,Bayóvar,2873.71630859375,1781.8702392578125,3679.39990234375,3.5,20571.428571428572,0.13969454277886284,De_pie,3.8500000000000005,chronos,abordar
2025-12-09 06:00:00,Bayóvar,metro_l1,Bayóvar,6005.1220703125,4124.02880859375,7060.591796875,3.5,20571.428571428572,0.2919156561957465,Saturado,4.55,chronos,cambiar_paradero
2025-12-09 07:00:00,Bayóvar,metro_l1,Bayóvar,6145.66796875,4396.03662109375,6978.818359375,3.5,20571.428571428572,0.29874774848090274,Saturado,4.55,chronos,cambiar_paradero
2025-12-09 08:00:00,Bayóvar,metro_l1,Bayóvar,5809.5,4250.310546875,6521.916015625,3.5,20571.428571428572,0.28240624999999997,Saturado,4.55,chronos,cambiar_paradero
2025-12-09 09:00:00,Bayóvar,metro_l1,Bayóvar,5162.0283203125,3838.9296875,5836.3857421875,3.5,20571.428571428572,0.25093193223741317,Saturado,4.55,chronos,cambiar_paradero
2025-12-09 10:00:00,Bayóvar,metro_l1,Bayóvar,3432.384765625,2509.100341796875,4071.359375,3.5,20571.428571428572,0.16685203721788194,Saturado,4.55,chronos,esperar_siguiente
2025-12-09 11:00:00,Bayóvar,metro_l1,Bayóvar,2777.723388671875,2109.979736328125,3367.078125,3.5,20571.428571428572,0.1350282202826606,De_pie,3.8500000000000005,chronos,abordar
2025-12-09 12:00:00,Bayóvar,metro_l1,Bayóvar,2427.70458984375,1943.988037109375,2938.87353515625,3.5,20571.428571428572,0.11801341756184895,De_pie,3.8500000000000005,chronos,abordar
2025-12-09 13:00:00,Bayóvar,metro_l1,Bayóvar,2394.77197265625,1999.8372802734375,2843.754150390625,3.5,20571.428571428572,0.1164125264485677,De_pie,3.8500000000000005,chronos,abordar
2025-12-09 14:00:00,Bayóvar,metro_l1,Bayóvar,2357.056884765625,1988.9432373046875,2725.59765625,3.5,20571.428571428572,0.11457915412055121,De_pie,3.8500000000000005,chronos,abordar
2025-12-09 15:00:00,Bayóvar,metro_l1,Bayóvar,2293.3046875,1911.2457275390625,2642.26123046875,3.5,20571.428571428572,0.11148008897569443,De_pie,3.8500000000000005,chronos,abordar
2025-12-09 16:00:00,Bayóvar,metro_l1,Bayóvar,2215.598876953125,1767.0189208984375,2503.0546875,3.5,20571.428571428572,0.10770272318522135,De_pie,3.8500000000000005,chronos,abordar
2025-12-09 17:00:00,Bayóvar,metro_l1,Bayóvar,2127.43310546875,1755.4892578125,2406.906494140625,3.5,20571.428571428572,0.10341688707139757,De_pie,3.8500000000000005,chronos,abordar
2025-12-09 18:00:00,Bayóvar,metro_l1,Bayóvar,1669.5140380859375,1371.0921630859375,1892.9600830078125,3.5,20571.428571428572,0.08115693240695529,De_pie,3.8500000000000005,chronos,abordar
2025-12-09 19:00:00,Bayóvar,metro_l1,Bayóvar,1188.211181640625,955.24609375,1437.54150390625,3.5,20571.428571428572,0.057760265774197045,Asientos,3.5,chronos,abordar
2025-12-09 20:00:00,Bayóvar,metro_l1,Bayóvar,836.5325927734375,610.185546875,1138.4405517578125,3.5,20571.428571428572,0.04066477881537543,Asientos,3.5,chronos,abordar
2025-12-09 21:00:00,Bayóvar,metro_l1,Bayóvar,469.5299072265625,312.6500244140625,713.1954345703125,3.5,20571.428571428572,0.02282437049018012,Asientos,3.5,chronos,abordar
2025-12-09 22:00:00,Bayóvar,metro_l1,Bayóvar,62.916748046875,0.0,204.2900390625,3.5,20571.428571428572,0.0030584530300564235,Asientos,3.5,chronos,abordar
2025-12-09 23:00:00,Bayóvar,metro_l1,Bayóvar,0.0,0.0,172.080078125,3.5,20571.428571428572,0.0,Asientos,3.5,chronos,abordar
2025-12-09 00:00:00,Cabitos,metro_l1,Cabitos,0.0,0.0,0.0,3.5,20571.428571428572,0.0,Asientos,3.5,chronos,abordar
2025-12-09 01:00:00,Cabitos,metro_l1,Cabitos,0.0,0.0,3.5364990234375,3.5,20571.428571428572,0.0,Asientos,3.5,chronos,abordar
2025-12-09 02:00:00,Cabitos,metro_l1,Cabitos,0.0,0.0,0.0,3.5,20571.428571428572,0.0,Asientos,3.5,chronos,abordar
2025-12-09 03:00:00,Cabitos,metro_l1,Cabitos,0.0,0.0,0.0,3.5,20571.428571428572,0.0,Asientos,3.5,chronos,abordar
2025-12-09 04:00:00,Cabitos,metro_l1,Cabitos,0.0,0.0,0.0,3.5,20571.428571428572,0.0,Asientos,3.5,chronos,abordar
2025-12-09 05:00:00,Cabitos,metro_l1,Cabitos,31.02752685546875,1.4415283203125,88.44403076171875,3.5,20571.428571428572,0.0015082825554741752,Asientos,3.5,chronos,abordar
2025-12-09 06:00:00,Cabitos,metro_l1,Cabitos,339.79620361328125,219.57269287109375,486.9682922363281,3.5,20571.428571428572,0.01651787100897895,Asientos,3.5,chronos,abordar
2025-12-09 07:00:00,Cabitos,metro_l1,Cabitos,816.3519897460938,600.3203735351562,1029.042236328125,3.5,20571.428571428572,0.039683777279324,Asientos,3.5,chronos,abordar
2025-12-09 08:00:00,Cabitos,metro_l1,Cabitos,756.6964111328125,551.4925537109375,928.6826171875,3.5,20571.428571428572,0.03678385331895616,Asientos,3.5,chronos,abordar
2025-12-09 09:00:00,Cabitos,metro_l1,Cabitos,617.3861083984375,443.3384704589844,749.4967041015625,3.5,20571.428571428572,0.030011824713812932,Asientos,3.5,chronos,abordar
2025-12-09 10:00:00,Cabitos,metro_l1,Cabitos,595.2911987304688,422.7245788574219,755.5947265625,3.5,20571.428571428572,0.02893776660495334,Asientos,3.5,chronos,abordar
2025-12-09 11:00:00,Cabitos,metro_l1,Cabitos,656.7852172851562,499.60821533203125,844.5997924804688,3.5,20571.428571428572,0.03192705917358398,Asientos,3.5,chronos,abordar
2025-12-09 12:00:00,Cabitos,metro_l1,Cabitos,758.99072265625,598.9306030273438,956.088134765625,3.5,20571.428571428572,0.036895382351345485,Asientos,3.5,chronos,abordar
2025-12-09 13:00:00,Cabitos,metro_l1,Cabitos,949.7711791992188,745.7131958007812,1222.94384765625,3.5,20571.428571428572,0.04616943232218424,Asientos,3.5,chronos,abordar
2025-12-09 14:00:00,Cabitos,metro_l1,Cabitos,1015.0340576171875,751.0962524414062,1334.3759765625,3.5,20571.428571428572,0.04934193335639105,Asientos,3.5,chronos,abordar
2025-12-09 15:00:00,Cabitos,metro_l1,Cabitos,1223.2886962890625,875.5897216796875,1591.222900390625,3.5,20571.428571428572,0.059465422736273865,Asientos,3.5,chronos,abordar
2025-12-09 16:00:00,Cabitos,metro_l1,Cabitos,1722.7890625,1186.25244140625,2216.74951171875,3.5,20571.428571428572,0.08374669053819445,De_pie,3.8500000000000005,chronos,abordar
2025-12-09 17:00:00,Cabitos,metro_l1,Cabitos,3273.87841796875,2282.076904296875,3883.2490234375,3.5,20571.428571428572,0.15914686754014756,Saturado,4.55,chronos,cambiar_paradero
2025-12-09 18:00:00,Cabitos,metro_l1,Cabitos,3756.59130859375,2634.66162109375,4338.11083984375,3.5,20571.428571428572,0.18261207750108507,Saturado,4.55,chronos,cambiar_paradero
2025-12-09 19:00:00,Cabitos,metro_l1,Cabitos,3212.513671875,2243.42333984375,3685.119140625,3.5,20571.428571428572,0.15616385904947916,Saturado,4.55,chronos,esperar_siguiente
2025-12-09 20:00:00,Cabitos,metro_l1,Cabitos,2492.18408203125,1722.133544921875,2865.0615234375,3.5,20571.428571428572,0.12114783732096354,De_pie,3.8500000000000005,chronos,abordar
2025-12-09 21:00:00,Cabitos,metro_l1,Cabitos,1713.371826171875,1154.7874755859375,2028.9993896484375,3.5,20571.428571428572,0.08328890821668837,De_pie,3.8500000000000005,chronos,abordar
2025-12-09 22:00:00,Cabitos,metro_l1,Cabitos,500.71954345703125,245.98345947265625,714.9957885742188,3.5,20571.428571428572,0.024340533362494574,Asientos,3.5,chronos,abordar
2025-12-09 23:00:00,Cabitos,metro_l1,Cabitos,26.59228515625,0.0,82.2783203125,3.5,20571.428571428572,0.0012926805284288194,Asientos,3.5,chronos,abordar
2025-12-09 00:00:00,Caja de Agua,metro_l1,Caja de Agua,0.0,0.0,30.4130859375,3.5,20571.428571428572,0.0,Asientos,3.5,chronos,abordar
2025-12-09 01:00:00,Caja de Agua,metro_l1,Caja de Agua,0.0,0.0,26.9234619140625,3.5,20571.428571428572,0.0,Asientos,3.5,chronos,abordar
2025-12-09 02:00:00,Caja de Agua,metro_l1,Caja de Agua,0.0,0.0,60.4322509765625,3.5,20571.428571428572,0.0,Asientos,3.5,chronos,abordar
2025-12-09 03:00:00,Caja de Agua,metro_l1,Caja de Agua,0.0,0.0,89.2344970703125,3.5,20571.428571428572,0.0,Asientos,3.5,chronos,abordar
2025-12-09 04:00:00,Caja de Agua,metro_l1,Caja de Agua,0.0,0.0,134.4429931640625,3.5,20571.428571428572,0.0,Asientos,3.5,chronos,abordar
2025-12-09 05:00:00,Caja de Agua,metro_l1,Caja de Agua,639.4881591796875,409.17523193359375,886.3870239257812,3.5,20571.428571428572,0.031086229960123696,Asientos,3.5,chronos,abordar
2025-12-09 06:00:00,Caja de Agua,metro_l1,Caja de Agua,1469.8154296875,1130.4205322265625,1771.9990234375,3.5,20571.428571428572,0.07144936116536459,De_pie,3.8500000000000005,chronos,abordar
2025-12-09 07:00:00,Caja de Agua,metro_l1,Caja de Agua,1932.4091796875,1559.535888671875,2239.56005859375,3.5,20571.428571428572,0.09393655734592013,De_pie,3.8500000000000005,chronos,abordar
2025-12-09 08:00:00,Caja de Agua,metro_l1,Caja de Agua,1991.109375,1634.262451171875,2291.41845703125,3.5,20571.428571428572,0.0967900390625,De_pie,3.8500000000000005,chronos,abordar
2025-12-09 09:00:00,Caja de Agua,metro_l1,Caja de Agua,2031.3076171875,1667.910888671875,2357.692138671875,3.5,20571.428571428572,0.09874412027994792,De_pie,3.8500000000000005,chronos,abordar
2025-12-09 10:00:00,Caja de Agua,metro_l1,Caja de Agua,1780.001220703125,1448.853515625,2107.9638671875,3.5,20571.428571428572,0.08652783711751301,De_pie,3.8500000000000005,chronos,abordar
2025-12-09 11:00:00,Caja de Agua,metro_l1,Caja de Agua,1565.934814453125,1294.0238037109375,1859.168212890625,3.5,20571.428571428572,0.07612183125813801,De_pie,3.8500000000000005,chronos,abordar
2025-12-09 12:00:00,Caja de Agua,metro_l1,Caja de Agua,1504.859375,1247.1466064453125,1785.638671875,3.5,20571.428571428572,0.07315288628472222,De_pie,3.8500000000000005,chronos,abordar
2025-12-09 13:00:00,Caja de Agua,metro_l1,Caja de Agua,1588.30859375,1313.43994140625,1884.643310546875,3.5,20571.428571428572,0.07720944552951388,De_pie,3.8500000000000005,chronos,abordar
2025-12-09 14:00:00,Caja de Agua,metro_l1,Caja de Agua,1603.63330078125,1318.242431640625,1896.742431640625,3.5,20571.428571428572,0.0779543965657552,De_pie,3.8500000000000005,chronos,abordar
2025-12-09 15:00:00,Caja de Agua,metro_l1,Caja de Agua,1642.1641845703125,1360.1376953125,1945.951904296875,3.5,20571.428571428572,0.07982742563883463,De_pie,3.8500000000000005,chronos,abordar
2025-12-09 16:00:00,Caja de Agua,metro_l1,Caja de Agua,1760.331298828125,1447.7823486328125,2084.848388671875,3.5,20571.428571428572,0.08557166035970051,De_pie,3.8500000000000005,chronos,abordar
2025-12-09 17:00:00,Caja de Agua,metro_l1,Caja de Agua,2200.52685546875,1808.692626953125,2537.179931640625,3.5,20571.428571428572,0.10697005547417535,De_pie,3.8500000000000005,chronos,abordar
2025-12-09 18:00:00,Caja de Agua,metro_l1,Caja de Agua,2097.0224609375,1744.6453857421875,2392.607666015625,3.5,20571.428571428572,0.10193859185112847,De_pie,3.8500000000000005,chronos,abordar
2025-12-09 19:00:00,Caja de Agua,metro_l1,Caja de Agua,1965.85986328125,1653.98583984375,2239.7177734375,3.5,20571.428571428572,0.09556263224283854,De_pie,3.8500000000000005,chronos,abordar
2025-12-09 20:00:00,Caja de Agua,metro_l1,Caja de Agua,1770.1539306640625,1476.512451171875,2051.9921875,3.5,20571.428571428572,0.08604914940728081,De_pie,3.8500000000000005,chronos,abordar
2025-12-09 21:00:00,Caja de Agua,metro_l1,Caja de Agua,1275.1298828125,998.1746826171875,1543.7161865234375,3.5,20571.428571428572,0.06198548041449652,Asientos,3.5,chronos,abordar
2025-12-09 22:00:00,Caja de Agua,metro_l1,Caja de Agua,212.0020751953125,96.370361328125,392.56854248046875,3.5,20571.428571428572,0.010305656433105468,Asientos,3.5,chronos,abordar
2025-12-09 23:00:00,Caja de Agua,metro_l1,Caja de Agua,12.240234375,0.0,87.0888671875,3.5,20571.428571428572,0.0005950113932291667,Asientos,3.5,chronos,abordar
2025-12-09 00:00:00,El Ángel,metro_l1,El Ángel,0.0,0.0,1.7313003540039062,3.5,20571.428571428572,0.0,Asientos,3.5,chronos,abordar
2025-12-09 01:00:00,El Ángel,metro_l1,El Ángel,0.0,0.0,2.1358261108398438,3.5,20571.428571428572,0.0,Asientos,3.5,chronos,abordar
2025-12-09 02:00:00,El Ángel,metro_l1,El Ángel,0.0,0.0,0.0,3.5,20571.428571428572,0.0,Asientos,3.5,chronos,abordar
2025-12-09 03:00:00,El Ángel,metro_l1,El Ángel,0.0,0.0,3.3754119873046875,3.5,20571.428571428572,0.0,Asientos,3.5,chronos,abordar
2025-12-09 04:00:00,El Ángel,metro_l1,El Ángel,0.3495941162109375,0.0,9.953628540039062,3.5,20571.428571428572,1.6994158426920573e-05,Asientos,3.5,chronos,abordar
2025-12-09 05:00:00,El Ángel,metro_l1,El Ángel,19.47669219970703,7.739509582519531,37.75730895996094,3.5,20571.428571428572,0.0009467836485968695,Asientos,3.5,chronos,abordar
2025-12-09 06:00:00,El Ángel,metro_l1,El Ángel,97.83524322509766,68.04818725585938,131.00970458984375,3.5,20571.428571428572,0.004755879878997803,Asientos,3.5,chronos,abordar
2025-12-09 07:00:00,El Ángel,metro_l1,El Ángel,214.59454345703125,153.94786071777344,264.2964172363281,3.5,20571.428571428572,0.010431679195827907,Asientos,3.5,chronos,abordar
2025-12-09 08:00:00,El Ángel,metro_l1,El Ángel,196.74403381347656,143.79380798339844,243.27626037597656,3.5,20571.428571428572,0.00956394608815511,Asientos,3.5,chronos,abordar
2025-12-09 09:00:00,El Ángel,metro_l1,El Ángel,135.5234375,94.67831420898438,176.406005859375,3.5,20571.428571428572,0.006587944878472222,Asientos,3.5,chronos,abordar
2025-12-09 10:00:00,El Ángel,metro_l1,El Ángel,121.14692687988281,86.24356842041016,159.660400390625,3.5,20571.428571428572,0.0058890867233276365,Asientos,3.5,chronos,abordar
2025-12-09 11:00:00,El Ángel,metro_l1,El Ángel,125.45893096923828,91.5018539428711,165.5727081298828,3.5,20571.428571428572,0.006098698033226861,Asientos,3.5,chronos,abordar
2025-12-09 12:00:00,El Ángel,metro_l1,El Ángel,145.92735290527344,107.11109161376953,189.16372680664062,3.5,20571.428571428572,0.00709369076622857,Asientos,3.5,chronos,abordar
2025-12-09 13:00:00,El Ángel,metro_l1,El Ángel,153.7406768798828,111.84390258789062,198.50741577148438,3.5,20571.428571428572,0.007473505126105414,Asientos,3.5,chronos,abordar
2025-12-09 14:00:00,El Ángel,metro_l1,El Ángel,144.95111083984375,104.64695739746094,187.84881591796875,3.5,20571.428571428572,0.007046234554714626,Asientos,3.5,chronos,abordar
2025-12-09 15:00:00,El Ángel,metro_l1,El Ángel,144.31704711914062,105.45147705078125,187.26268005371094,3.5,20571.428571428572,0.007015412012736002,Asientos,3.5,chronos,abordar
2025-12-09 16:00:00,El Ángel,metro_l1,El Ángel,158.56016540527344,117.31868743896484,204.36813354492188,3.5,20571.428571428572,0.007707785818311903,Asientos,3.5,chronos,abordar
2025-12-09 17:00:00,El Ángel,metro_l1,El Ángel,209.28375244140625,156.8263702392578,258.84326171875,3.5,20571.428571428572,0.01017351574367947,Asientos,3.5,chronos,abordar
2025-12-09 18:00:00,El Ángel,metro_l1,El Ángel,190.09420776367188,144.7572784423828,237.02728271484375,3.5,20571.428571428572,0.009240690655178494,Asientos,3.5,chronos,abordar
2025-12-09 19:00:00,El Ángel,metro_l1,El Ángel,142.2755889892578,107.81060028076172,182.67501831054688,3.5,20571.428571428572,0.006916174464755588,Asientos,3.5,chronos,abordar
2025-12-09 20:00:00,El Ángel,metro_l1,El Ángel,93.21906280517578,68.38722229003906,126.65031433105469,3.5,20571.428571428572,0.004531482219696045,Asientos,3.5,chronos,abordar
2025-12-09 21:00:00,El Ángel,metro_l1,El Ángel,49.147193908691406,32.126800537109375,75.37272644042969,3.5,20571.428571428572,0.002389099703894721,Asientos,3.5,chronos,abordar
2025-12-09 22:00:00,El Ángel,metro_l1,El Ángel,14.165412902832031,5.5312042236328125,31.488006591796875,3.5,20571.428571428572,0.0006885964605543348,Asientos,3.5,chronos,abordar
2025-12-09 23:00:00,El Ángel,metro_l1,El Ángel,0.0,0.0,6.2700653076171875,3.5,20571.428571428572,0.0,Asientos,3.5,chronos,abordar
2025-12-09 00:00:00,Gamarra,metro_l1,Gamarra,0.0,0.0,0.0,3.5,20571.428571428572,0.0,Asientos,3.5,chronos,abordar
2025-12-09 01:00:00,Gamarra,metro_l1,Gamarra,0.0,0.0,0.0,3.5,20571.428571428572,0.0,Asientos,3.5,chronos,abordar
2025-12-09 02:00:00,Gamarra,metro_l1,Gamarra,0.0,0.0,14.713134765625,3.5,20571.428571428572,0.0,Asientos,3.5,chronos,abordar
2025-12-09 03:00:00,Gamarra,metro_l1,Gamarra,0.0,0.0,0.0,3.5,20571.428571428572,0.0,Asientos,3.5,chronos,abordar
2025-12-09 04:00:00,Gamarra,metro_l1,Gamarra,0.0,0.0,1.56640625,3.5,20571.428571428572,0.0,Asientos,3.5,chronos,abordar
2025-12-09 05:00:00,Gamarra,metro_l1,Gamarra,51.60302734375,0.0,196.626220703125,3.5,20571.428571428572,0.002508480495876736,Asientos,3.5,chronos,abordar
2025-12-09 06:00:00,Gamarra,metro_l1,Gamarra,411.27734375,209.7470703125,702.9031982421875,3.5,20571.428571428572,0.01999264865451389,Asientos,3.5,chronos,abordar
2025-12-09 07:00:00,Gamarra,metro_l1,Gamarra,705.5584716796875,409.748291015625,1095.421630859375,3.5,20571.428571428572,0.03429798126220703,Asientos,3.5,chronos,abordar
2025-12-09 08:00:00,Gamarra,metro_l1,Gamarra,812.720458984375,515.532470703125,1216.3236083984375,3.5,20571.428571428572,0.03950724453396267,Asientos,3.5,chronos,abordar
2025-12-09 09:00:00,Gamarra,metro_l1,Gamarra,984.1893310546875,657.2445068359375,1375.029541015625,3.5,20571.428571428572,0.04784253692626953,Asientos,3.5,chronos,abordar
2025-12-09 10:00:00,Gamarra,metro_l1,Gamarra,1598.06982421875,1101.3759765625,2187.74072265625,3.5,20571.428571428572,0.07768394978841145,De_pie,3.8500000000000005,chronos,abordar
2025-12-09 11:00:00,Gamarra,metro_l1,Gamarra,2952.07421875,2168.446044921875,3768.86279296875,3.5,20571.428571428572,0.14350360785590277,De_pie,3.8500000000000005,chronos,abordar
2025-12-09 12:00:00,Gamarra,metro_l1,Gamarra,4467.7392578125,3344.07275390625,5489.40576171875,3.5,20571.428571428572,0.21718176947699652,Saturado,4.55,chronos,cambiar_paradero
2025-12-09 13:00:00,Gamarra,metro_l1,Gamarra,5092.2001953125,3778.92041015625,6364.63720703125,3.5,20571.428571428572,0.24753750949435763,Saturado,4.55,chronos,cambiar_paradero
2025-12-09 14:00:00,Gamarra,metro_l1,Gamarra,5238.541015625,3756.11865234375,6648.841796875,3.5,20571.428571428572,0.2546512993706597,Saturado,4.55,chronos,cambiar_paradero
2025-12-09 15:00:00,Gamarra,metro_l1,Gamarra,5494.9296875,3895.648681640625,7009.4296875,3.5,20571.428571428572,0.26711463758680554,Saturado,4.55,chronos,cambiar_paradero
2025-12-09 16:00:00,Gamarra,metro_l1,Gamarra,6089.46337890625,4295.63818359375,7694.423828125,3.5,20571.428571428572,0.2960155809190538,Saturado,4.55,chronos,cambiar_paradero
2025-12-09 17:00:00,Gamarra,metro_l1,Gamarra,7453.8583984375,5100.7783203125,9169.46875,3.5,20571.428571428572,0.362340338812934,Saturado,4.55,chronos,cambiar_paradero
2025-12-09 18:00:00,Gamarra,metro_l1,Gamarra,8668.2392578125,5738.0078125,10521.0673828125,3.5,20571.428571428572,0.42137274169921873,Saturado,4.55,chronos,cambiar_paradero
2025-12-09 19:00:00,Gamarra,metro_l1,Gamarra,9427.806640625,6177.5751953125,11442.8935546875,3.5,20571.428571428572,0.45829615614149305,Saturado,4.55,chronos,cambiar_paradero
2025-12-09 20:00:00,Gamarra,metro_l1,Gamarra,9064.74609375,5807.267578125,11156.98046875,3.5,20571.428571428572,0.44064737955729166,Saturado,4.55,chronos,cambiar_paradero
2025-12-09 21:00:00,Gamarra,metro_l1,Gamarra,4687.8837890625,2675.318115234375,6409.3056640625,3.5,20571.428571428572,0.22788323974609373,Saturado,4.55,chronos,esperar_siguiente
2025-12-09 22:00:00,Gamarra,metro_l1,Gamarra,1073.6295166015625,363.07861328125,2018.88671875,3.5,20571.428571428572,0.052190323723687065,Asientos,3.5,chronos,abordar
2025-12-09 23:00:00,Gamarra,metro_l1,Gamarra,97.686279296875,0.0,348.88623046875,3.5,20571.428571428572,0.004748638576931423,Asientos,3.5,chronos,abordar
2025-12-09 00:00:00,Jorge Chavez,metro_l1,Jorge Chavez,0.0,0.0,2.187744140625,3.5,20571.428571428572,0.0,Asientos,3.5,chronos,abordar
2025-12-09 01:00:00,Jorge Chavez,metro_l1,Jorge Chavez,0.0,0.0,7.86083984375,3.5,20571.428571428572,0.0,Asientos,3.5,chronos,abordar
2025-12-09 02:00:00,Jorge Chavez,metro_l1,Jorge Chavez,0.0,0.0,5.598602294921875,3.5,20571.428571428572,0.0,Asientos,3.5,chronos,abordar
2025-12-09 03:00:00,Jorge Chavez,metro_l1,Jorge Chavez,0.0,0.0,21.904388427734375,3.5,20571.428571428572,0.0,Asientos,3.5,chronos,abordar
2025-12-09 04:00:00,Jorge Chavez,metro_l1,Jorge Chavez,10.07733154296875,0.0,63.34942626953125,3.5,20571.428571428572,0.0004898702833387587,Asientos,3.5,chronos,abordar
2025-12-09 05:00:00,Jorge Chavez,metro_l1,Jorge Chavez,78.41287231445312,18.1837158203125,158.2762451171875,3.5,20571.428571428572,0.003811736848619249,Asientos,3.5,chronos,abordar
2025-12-09 06:00:00,Jorge Chavez,metro_l1,Jorge Chavez,476.32781982421875,343.786865234375,597.306396484375,3.5,20571.428571428572,0.02315482457478841,Asientos,3.5,chronos,abordar
2025-12-09 07:00:00,Jorge Chavez,metro_l1,Jorge Chavez,1037.63623046875,777.040771484375,1210.994140625,3.5,20571.428571428572,0.0504406500922309,Asientos,3.5,chronos,abordar
2025-12-09 08:00:00,Jorge Chavez,metro_l1,Jorge Chavez,886.7808837890625,682.0845947265625,1033.8424072265625,3.5,20571.428571428572,0.043107404073079426,Asientos,3.5,chronos,abordar
2025-12-09 09:00:00,Jorge Chavez,metro_l1,Jorge Chavez,737.776611328125,552.5401611328125,873.3209838867188,3.5,20571.428571428572,0.03586414082845052,Asientos,3.5,chronos,abordar
2025-12-09 10:00:00,Jorge Chavez,metro_l1,Jorge Chavez,662.3555297851562,501.4510498046875,804.6370849609375,3.5,20571.428571428572,0.03219783825344509,Asientos,3.5,chronos,abordar
2025-12-09 11:00:00,Jorge Chavez,metro_l1,Jorge Chavez,591.4783935546875,462.6656494140625,730.1715087890625,3.5,20571.428571428572,0.028752421908908418,Asientos,3.5,chronos,abordar
2025-12-09 12:00:00,Jorge Chavez,metro_l1,Jorge Chavez,566.45849609375,447.57147216796875,700.7657470703125,3.5,20571.428571428572,0.02753617689344618,Asientos,3.5,chronos,abordar
2025-12-09 13:00:00,Jorge Chavez,metro_l1,Jorge Chavez,549.287353515625,427.52984619140625,684.0194091796875,3.5,20571.428571428572,0.026701468573676213,Asientos,3.5,chronos,abordar
2025-12-09 14:00:00,Jorge Chavez,metro_l1,Jorge Chavez,537.9854125976562,412.29144287109375,672.43701171875,3.5,20571.428571428572,0.026152068667941623,Asientos,3.5,chronos,abordar
2025-12-09 15:00:00,Jorge Chavez,metro_l1,Jorge Chavez,566.9928588867188,440.1429748535156,699.3338012695312,3.5,20571.428571428572,0.027562152862548827,Asientos,3.5,chronos,abordar
2025-12-09 16:00:00,Jorge Chavez,metro_l1,Jorge Chavez,679.418212890625,524.76025390625,828.8812255859375,3.5,20571.428571428572,0.03302727423773871,Asientos,3.5,chronos,abordar
2025-12-09 17:00:00,Jorge Chavez,metro_l1,Jorge Chavez,959.2396240234375,734.411376953125,1128.737548828125,3.5,20571.428571428572,0.046629703945583766,Asientos,3.5,chronos,abordar
2025-12-09 18:00:00,Jorge Chavez,metro_l1,Jorge Chavez,1047.28076171875,812.338134765625,1217.929931640625,3.5,20571.428571428572,0.05090948147243923,Asientos,3.5,chronos,abordar
2025-12-09 19:00:00,Jorge Chavez,metro_l1,Jorge Chavez,885.1480102539062,678.4990844726562,1044.084716796875,3.5,20571.428571428572,0.043028028276231554,Asientos,3.5,chronos,abordar
2025-12-09 20:00:00,Jorge Chavez,metro_l1,Jorge Chavez,595.7700805664062,437.6400146484375,735.6032104492188,3.5,20571.428571428572,0.028961045583089193,Asientos,3.5,chronos,abordar
2025-12-09 21:00:00,Jorge Chavez,metro_l1,Jorge Chavez,391.8517761230469,269.64276123046875,511.76739501953125,3.5,20571.428571428572,0.019048350228203666,Asientos,3.5,chronos,abordar
2025-12-09 22:00:00,Jorge Chavez,metro_l1,Jorge Chavez,133.45034790039062,69.56851196289062,222.10525512695312,3.5,20571.428571428572,0.0064871696896023215,Asientos,3.5,chronos,abordar
2025-12-09 23:00:00,Jorge Chavez,metro_l1,Jorge Chavez,6.020263671875,0.0,49.1806640625,3.5,20571.428571428572,0.0002926517062717014,Asientos,3.5,chronos,abordar
2025-12-09 00:00:00,La Cultura,metro_l1,La Cultura,0.0,0.0,0.0,3.5,20571.428571428572,0.0,Asientos,3.5,chronos,abordar
2025-12-09 01:00:00,La Cultura,metro_l1,La Cultura,0.0,0.0,0.0,3.5,20571.428571428572,0.0,Asientos,3.5,chronos,abordar
2025-12-09 02:00:00,La Cultura,metro_l1,La Cultura,0.0,0.0,0.0,3.5,20571.428571428572,0.0,Asientos,3.5,chronos,abordar
2025-12-09 03:00:00,La Cultura,metro_l1,La Cultura,0.0,0.0,0.052490234375,3.5,20571.428571428572,0.0,Asientos,3.5,chronos,abordar
2025-12-09 04:00:00,La Cultura,metro_l1,La Cultura,0.0,0.0,0.0,3.5,20571.428571428572,0.0,Asientos,3.5,chronos,abordar
2025-12-09 05:00:00,La Cultura,metro_l1,La Cultura,117.54931640625,34.320068359375,258.2333984375,3.5,20571.428571428572,0.005714202880859375,Asientos,3.5,chronos,abordar
2025-12-09 06:00:00,La Cultura,metro_l1,La Cultura,973.5975341796875,679.7825927734375,1284.701416015625,3.5,20571.428571428572,0.04732765791151258,Asientos,3.5,chronos,abordar
2025-12-09 07:00:00,La Cultura,metro_l1,La Cultura,1588.4344482421875,1180.38916015625,1995.021240234375,3.5,20571.428571428572,0.07721556345621744,De_pie,3.8500000000000005,chronos,abordar
2025-12-09 08:00:00,La Cultura,metro_l1,La Cultura,1459.884521484375,1086.3271484375,1766.781494140625,3.5,20571.428571428572,0.07096660868326822,De_pie,3.8500000000000005,chronos,abordar
2025-12-09 09:00:00,La Cultura,metro_l1,La Cultura,1369.403076171875,1022.0428466796875,1625.78271484375,3.5,20571.428571428572,0.06656820509168837,De_pie,3.8500000000000005,chronos,abordar
2025-12-09 10:00:00,La Cultura,metro_l1,La Cultura,1512.6407470703125,1135.501708984375,1858.515625,3.5,20571.428571428572,0.07353114742702907,De_pie,3.8500000000000005,chronos,abordar
2025-12-09 11:00:00,La Cultura,metro_l1,La Cultura,1685.2117919921875,1306.2857666015625,2076.335693359375,3.5,20571.428571428572,0.08192001766628688,De_pie,3.8500000000000005,chronos,abordar
2025-12-09 12:00:00,La Cultura,metro_l1,La Cultura,1973.183349609375,1576.8670654296875,2427.7412109375,3.5,20571.428571428572,0.09591863505045573,De_pie,3.8500000000000005,chronos,abordar
2025-12-09 13:00:00,La Cultura,metro_l1,La Cultura,2284.706298828125,1802.3714599609375,2909.465576171875,3.5,20571.428571428572,0.1110621117485894,De_pie,3.8500000000000005,chronos,abordar
2025-12-09 14:00:00,La Cultura,metro_l1,La Cultura,2354.152587890625,1748.988037109375,3081.055908203125,3.5,20571.428571428572,0.11443797302246093,De_pie,3.8500000000000005,chronos,abordar
2025-12-09 15:00:00,La Cultura,metro_l1,La Cultura,2720.345458984375,1921.1474609375,3574.4365234375,3.5,20571.428571428572,0.132239015367296,De_pie,3.8500000000000005,chronos,abordar
2025-12-09 16:00:00,La Cultura,metro_l1,La Cultura,3913.836181640625,2667.271240234375,5027.04541015625,3.5,20571.428571428572,0.19025592549641926,Saturado,4.55,chronos,cambiar_paradero
2025-12-09 17:00:00,La Cultura,metro_l1,La Cultura,6665.00439453125,4567.970703125,7942.50390625,3.5,20571.428571428572,0.32399326917860244,Saturado,4.55,chronos,cambiar_paradero
2025-12-09 18:00:00,La Cultura,metro_l1,La Cultura,7829.73486328125,5351.2880859375,9089.8515625,3.5,20571.428571428572,0.3806121114095052,Saturado,4.55,chronos,cambiar_paradero
2025-12-09 19:00:00,La Cultura,metro_l1,La Cultura,7330.94482421875,4984.162109375,8422.8017578125,3.5,20571.428571428572,0.35636537339952257,Saturado,4.55,chronos,cambiar_paradero
2025-12-09 20:00:00,La Cultura,metro_l1,La Cultura,6041.615234375,4102.7861328125,6937.39501953125,3.5,20571.428571428572,0.2936896294487847,Saturado,4.55,chronos,cambiar_paradero
2025-12-09 21:00:00,La Cultura,metro_l1,La Cultura,4186.35986328125,2804.21240234375,4938.9052734375,3.5,20571.428571428572,0.20350360446506074,Saturado,4.55,chronos,esperar_siguiente
2025-12-09 22:00:00,La Cultura,metro_l1,La Cultura,1533.90185546875,825.120361328125,2054.9443359375,3.5,20571.428571428572,0.0745646735297309,De_pie,3.8500000000000005,chronos,abordar
2025-12-09 23:00:00,La Cultura,metro_l1,La Cultura,43.4677734375,0.0,203.0487060546875,3.5,20571.428571428572,0.0021130167643229167,Asientos,3.5,chronos,abordar
2025-12-09 00:00:00,Los Jardines,metro_l1,Los Jardines,0.0,0.0,26.4180908203125,3.5,20571.428571428572,0.0,Asientos,3.5,chronos,abordar
2025-12-09 01:00:00,Los Jardines,metro_l1,Los Jardines,0.0,0.0,28.62060546875,3.5,20571.428571428572,0.0,Asientos,3.5,chronos,abordar
2025-12-09 02:00:00,Los Jardines,metro_l1,Los Jardines,0.0,0.0,43.7940673828125,3.5,20571.428571428572,0.0,Asientos,3.5,chronos,abordar
2025-12-09 03:00:00,Los Jardines,metro_l1,Los Jardines,0.0,0.0,69.24609375,3.5,20571.428571428572,0.0,Asientos,3.5,chronos,abordar
2025-12-09 04:00:00,Los Jardines,metro_l1,Los Jardines,5.88775634765625,0.0,112.9718017578125,3.5,20571.428571428572,0.0002862103780110677,Asientos,3.5,chronos,abordar
2025-12-09 05:00:00,Los Jardines,metro_l1,Los Jardines,586.58837890625,386.3132629394531,761.4236450195312,3.5,20571.428571428572,0.028514712863498264,Asientos,3.5,chronos,abordar
2025-12-09 06:00:00,Los Jardines,metro_l1,Los Jardines,1334.97607421875,992.810302734375,1551.259521484375,3.5,20571.428571428572,0.06489467027452257,De_pie,3.8500000000000005,chronos,abordar
2025-12-09 07:00:00,Los Jardines,metro_l1,Los Jardines,1399.060791015625,1096.9481201171875,1575.42236328125,3.5,20571.428571428572,0.06800989956325955,De_pie,3.8500000000000005,chronos,abordar
2025-12-09 08:00:00,Los Jardines,metro_l1,Los Jardines,1453.59619140625,1161.3983154296875,1625.574462890625,3.5,20571.428571428572,0.07066092597113714,De_pie,3.8500000000000005,chronos,abordar
2025-12-09 09:00:00,Los Jardines,metro_l1,Los Jardines,1622.12353515625,1295.4161376953125,1831.699951171875,3.5,20571.428571428572,0.07885322740342882,De_pie,3.8500000000000005,chronos,abordar
2025-12-09 10:00:00,Los Jardines,metro_l1,Los Jardines,1179.94140625,933.2029418945312,1387.4512939453125,3.5,20571.428571428572,0.05735826280381944,Asientos,3.5,chronos,abordar
2025-12-09 11:00:00,Los Jardines,metro_l1,Los Jardines,1001.0892944335938,804.0969848632812,1186.3646240234375,3.5,20571.428571428572,0.04866406292385525,Asientos,3.5,chronos,abordar
2025-12-09 12:00:00,Los Jardines,metro_l1,Los Jardines,898.5991821289062,740.7318725585938,1068.3160400390625,3.5,20571.428571428572,0.04368190468682183,Asientos,3.5,chronos,abordar
2025-12-09 13:00:00,Los Jardines,metro_l1,Los Jardines,886.25439453125,745.644287109375,1041.9766845703125,3.5,20571.428571428572,0.043081810845269096,Asientos,3.5,chronos,abordar
2025-12-09 14:00:00,Los Jardines,metro_l1,Los Jardines,879.5941772460938,743.1181640625,1024.6539306640625,3.5,20571.428571428572,0.04275805028279622,Asientos,3.5,chronos,abordar
2025-12-09 15:00:00,Los Jardines,metro_l1,Los Jardines,856.656005859375,721.6350708007812,1003.2666625976562,3.5,20571.428571428572,0.04164300028483073,Asientos,3.5,chronos,abordar
2025-12-09 16:00:00,Los Jardines,metro_l1,Los Jardines,814.4686279296875,671.9683227539062,948.4165649414062,3.5,20571.428571428572,0.039592224968804254,Asientos,3.5,chronos,abordar
2025-12-09 17:00:00,Los Jardines,metro_l1,Los Jardines,923.9619140625,776.8328857421875,1067.357666015625,3.5,20571.428571428572,0.04491481526692708,Asientos,3.5,chronos,abordar
2025-12-09 18:00:00,Los Jardines,metro_l1,Los Jardines,936.0355224609375,781.1233520507812,1089.388916015625,3.5,20571.428571428572,0.04550172678629557,Asientos,3.5,chronos,abordar
2025-12-09 19:00:00,Los Jardines,metro_l1,Los Jardines,799.2651977539062,668.994384765625,934.72509765625,3.5,20571.428571428572,0.03885316933525933,Asientos,3.5,chronos,abordar
2025-12-09 20:00:00,Los Jardines,metro_l1,Los Jardines,610.9921264648438,515.7906494140625,727.7330322265625,3.5,20571.428571428572,0.02970100614759657,Asientos,3.5,chronos,abordar
2025-12-09 21:00:00,Los Jardines,metro_l1,Los Jardines,507.38885498046875,406.3547058105469,627.3689575195312,3.5,20571.428571428572,0.024664736005995006,Asientos,3.5,chronos,abordar
2025-12-09 22:00:00,Los Jardines,metro_l1,Los Jardines,85.017333984375,25.807861328125,167.74749755859375,3.5,20571.428571428572,0.004132787068684896,Asientos,3.5,chronos,abordar
2025-12-09 23:00:00,Los Jardines,metro_l1,Los Jardines,1.48773193359375,0.0,50.6048583984375,3.5,20571.428571428572,7.232030232747395e-05,Asientos,3.5,chronos,abordar
2025-12-09 00:00:00,Los Postes,metro_l1,Los Postes,0.0,0.0,18.58526611328125,3.5,20571.428571428572,0.0,Asientos,3.5,chronos,abordar
2025-12-09 01:00:00,Los Postes,metro_l1,Los Postes,0.0,0.0,22.228515625,3.5,20571.428571428572,0.0,Asientos,3.5,chronos,abordar
2025-12-09 02:00:00,Los Postes,metro_l1,Los Postes,0.0,0.0,34.7041015625,3.5,20571.428571428572,0.0,Asientos,3.5,chronos,abordar
2025-12-09 03:00:00,Los Postes,metro_l1,Los Postes,0.0,0.0,59.56036376953125,3.5,20571.428571428572,0.0,Asientos,3.5,chronos,abordar
2025-12-09 04:00:00,Los Postes,metro_l1,Los Postes,9.2125244140625,0.0,113.7607421875,3.5,20571.428571428572,0.00044783104790581597,Asientos,3.5,chronos,abordar
2025-12-09 05:00:00,Los Postes,metro_l1,Los Postes,580.3106079101562,354.08929443359375,756.6436157226562,3.5,20571.428571428572,0.028209543440077037,Asientos,3.5,chronos,abordar
2025-12-09 06:00:00,Los Postes,metro_l1,Los Postes,1357.3438720703125,952.0435791015625,1584.08935546875,3.5,20571.428571428572,0.06598199378119575,De_pie,3.8500000000000005,chronos,abordar
2025-12-09 07:00:00,Los Postes,metro_l1,Los Postes,1459.12451171875,1070.4793701171875,1644.3232421875,3.5,20571.428571428572,0.0709296637641059,De_pie,3.8500000000000005,chronos,abordar
2025-12-09 08:00:00,Los Postes,metro_l1,Los Postes,1480.1534423828125,1111.767578125,1646.628662109375,3.5,20571.428571428572,0.0719519034491645,De_pie,3.8500000000000005,chronos,abordar
2025-12-09 09:00:00,Los Postes,metro_l1,Los Postes,1431.21240234375,1086.405029296875,1613.77734375,3.5,20571.428571428572,0.06957282511393229,De_pie,3.8500000000000005,chronos,abordar
2025-12-09 10:00:00,Los Postes,metro_l1,Los Postes,998.0460205078125,746.2735595703125,1177.7081298828125,3.5,20571.428571428572,0.04851612599690755,Asientos,3.5,chronos,abordar
2025-12-09 11:00:00,Los Postes,metro_l1,Los Postes,798.5679321289062,615.845947265625,959.6361083984375,3.5,20571.428571428572,0.0388192744784885,Asientos,3.5,chronos,abordar
2025-12-09 12:00:00,Los Postes,metro_l1,Los Postes,682.8352661132812,552.5156860351562,822.6759033203125,3.5,20571.428571428572,0.03319338099161784,Asientos,3.5,chronos,abordar
2025-12-09 13:00:00,Los Postes,metro_l1,Los Postes,655.6945190429688,548.54833984375,776.084716796875,3.5,20571.428571428572,0.03187403912014431,Asientos,3.5,chronos,abordar
2025-12-09 14:00:00,Los Postes,metro_l1,Los Postes,636.145751953125,537.0997924804688,737.4091796875,3.5,20571.428571428572,0.030923751831054686,Asientos,3.5,chronos,abordar
2025-12-09 15:00:00,Los Postes,metro_l1,Los Postes,609.2863159179688,513.1336669921875,703.50732421875,3.5,20571.428571428572,0.029618084801567923,Asientos,3.5,chronos,abordar
2025-12-09 16:00:00,Los Postes,metro_l1,Los Postes,619.083740234375,502.9277648925781,700.580322265625,3.5,20571.428571428572,0.03009434848361545,Asientos,3.5,chronos,abordar
2025-12-09 17:00:00,Los Postes,metro_l1,Los Postes,651.3282470703125,536.2445678710938,739.109130859375,3.5,20571.428571428572,0.03166178978814019,Asientos,3.5,chronos,abordar
2025-12-09 18:00:00,Los Postes,metro_l1,Los Postes,572.82275390625,472.780029296875,655.152099609375,3.5,20571.428571428572,0.027845550537109375,Asientos,3.5,chronos,abordar
2025-12-09 19:00:00,Los Postes,metro_l1,Los Postes,414.5789489746094,341.951416015625,490.6944580078125,3.5,20571.428571428572,0.0201531433529324,Asientos,3.5,chronos,abordar
2025-12-09 20:00:00,Los Postes,metro_l1,Los Postes,279.2207336425781,222.4451904296875,356.37188720703125,3.5,20571.428571428572,0.013573230107625326,Asientos,3.5,chronos,abordar
2025-12-09 21:00:00,Los Postes,metro_l1,Los Postes,198.57229614257812,150.23275756835938,272.89556884765625,3.5,20571.428571428572,0.009652819951375326,Asientos,3.5,chronos,abordar
2025-12-09 22:00:00,Los Postes,metro_l1,Los Postes,26.954620361328125,0.0,71.42242431640625,3.5,20571.428571428572,0.0013102940453423393,Asientos,3.5,chronos,abordar
2025-12-09 23:00:00,Los Postes,metro_l1,Los Postes,0.0,0.0,29.050201416015625,3.5,20571.428571428572,0.0,Asientos,3.5,chronos,abordar
2025-12-09 00:00:00,Maria Auxiliadora,metro_l1,Maria Auxiliadora,0.0,0.0,23.1253662109375,3.5,20571.428571428572,0.0,Asientos,3.5,chronos,abordar
2025-12-09 01:00:00,Maria Auxiliadora,metro_l1,Maria Auxiliadora,0.0,0.0,42.1907958984375,3.5,20571.428571428572,0.0,Asientos,3.5,chronos,abordar
2025-12-09 02:00:00,Maria Auxiliadora,metro_l1,Maria Auxiliadora,0.0,0.0,49.626220703125,3.5,20571.428571428572,0.0,Asientos,3.5,chronos,abordar
2025-12-09 03:00:00,Maria Auxiliadora,metro_l1,Maria Auxiliadora,0.0,0.0,81.453369140625,3.5,20571.428571428572,0.0,Asientos,3.5,chronos,abordar
2025-12-09 04:00:00,Maria Auxiliadora,metro_l1,Maria Auxiliadora,22.1744384765625,0.0,169.24346923828125,3.5,20571.428571428572,0.001077924092610677,Asientos,3.5,chronos,abordar
2025-12-09 05:00:00,Maria Auxiliadora,metro_l1,Maria Auxiliadora,770.2665405273438,448.08062744140625,1037.6241455078125,3.5,20571.428571428572,0.03744351238674588,Asientos,3.5,chronos,abordar
2025-12-09 06:00:00,Maria Auxiliadora,metro_l1,Maria Auxiliadora,1968.9796142578125,1371.7568359375,2332.017822265625,3.5,20571.428571428572,0.09571428680419922,De_pie,3.8500000000000005,chronos,abordar
2025-12-09 07:00:00,Maria Auxiliadora,metro_l1,Maria Auxiliadora,2615.54443359375,1863.514892578125,3003.501953125,3.5,20571.428571428572,0.12714452107747395,De_pie,3.8500000000000005,chronos,abordar
2025-12-09 08:00:00,Maria Auxiliadora,metro_l1,Maria Auxiliadora,2418.24072265625,1756.840576171875,2758.6708984375,3.5,20571.428571428572,0.11755336846245659,De_pie,3.8500000000000005,chronos,abordar
2025-12-09 09:00:00,Maria Auxiliadora,metro_l1,Maria Auxiliadora,1862.974609375,1359.721435546875,2154.709228515625,3.5,20571.428571428572,0.09056126573350694,De_pie,3.8500000000000005,chronos,abordar
2025-12-09 10:00:00,Maria Auxiliadora,metro_l1,Maria Auxiliadora,1308.7281494140625,968.08447265625,1560.219970703125,3.5,20571.428571428572,0.06361872948540581,Asientos,3.5,chronos,abordar
2025-12-09 11:00:00,Maria Auxiliadora,metro_l1,Maria Auxiliadora,1076.3372802734375,824.835205078125,1308.6512451171875,3.5,20571.428571428572,0.05232195112440321,Asientos,3.5,chronos,abordar
2025-12-09 12:00:00,Maria Auxiliadora,metro_l1,Maria Auxiliadora,1005.04931640625,796.9703369140625,1223.4696044921875,3.5,20571.428571428572,0.048856563991970484,Asientos,3.5,chronos,abordar
2025-12-09 13:00:00,Maria Auxiliadora,metro_l1,Maria Auxiliadora,978.615478515625,791.1522216796875,1174.579345703125,3.5,20571.428571428572,0.04757158576117621,Asientos,3.5,chronos,abordar
2025-12-09 14:00:00,Maria Auxiliadora,metro_l1,Maria Auxiliadora,878.5802001953125,723.3880004882812,1029.3734130859375,3.5,20571.428571428572,0.042708759731716575,Asientos,3.5,chronos,abordar
2025-12-09 15:00:00,Maria Auxiliadora,metro_l1,Maria Auxiliadora,792.9625244140625,656.4307861328125,922.6294555664062,3.5,20571.428571428572,0.03854678938123915,Asientos,3.5,chronos,abordar
2025-12-09 16:00:00,Maria Auxiliadora,metro_l1,Maria Auxiliadora,795.0431518554688,642.393310546875,903.189208984375,3.5,20571.428571428572,0.03864793099297417,Asientos,3.5,chronos,abordar
2025-12-09 17:00:00,Maria Auxiliadora,metro_l1,Maria Auxiliadora,879.8463745117188,706.5792846679688,1004.3974609375,3.5,20571.428571428572,0.042770309872097435,Asientos,3.5,chronos,abordar
2025-12-09 18:00:00,Maria Auxiliadora,metro_l1,Maria Auxiliadora,816.1946411132812,659.9229125976562,944.377685546875,3.5,20571.428571428572,0.03967612838745117,Asientos,3.5,chronos,abordar
2025-12-09 19:00:00,Maria Auxiliadora,metro_l1,Maria Auxiliadora,617.0343627929688,483.21923828125,750.41650390625,3.5,20571.428571428572,0.029994725969102645,Asientos,3.5,chronos,abordar
2025-12-09 20:00:00,Maria Auxiliadora,metro_l1,Maria Auxiliadora,390.56671142578125,287.9944763183594,521.9769287109375,3.5,20571.428571428572,0.01898588180541992,Asientos,3.5,chronos,abordar
2025-12-09 21:00:00,Maria Auxiliadora,metro_l1,Maria Auxiliadora,193.3875732421875,118.1055908203125,295.8384094238281,3.5,20571.428571428572,0.009400784810384115,Asientos,3.5,chronos,abordar
2025-12-09 22:00:00,Maria Auxiliadora,metro_l1,Maria Auxiliadora,53.02618408203125,0.0,126.75872802734375,3.5,20571.428571428572,0.0025776617262098524,Asientos,3.5,chronos,abordar
2025-12-09 23:00:00,Maria Auxiliadora,metro_l1,Maria Auxiliadora,0.0,0.0,63.0679931640625,3.5,20571.428571428572,0.0,Asientos,3.5,chronos,abordar
2025-12-09 00:00:00,Miguel Grau,metro_l1,Miguel Grau,0.0,0.0,13.3426513671875,3.5,20571.428571428572,0.0,Asientos,3.5,chronos,abordar
2025-12-09 01:00:00,Miguel Grau,metro_l1,Miguel Grau,0.0,0.0,32.368896484375,3.5,20571.428571428572,0.0,Asientos,3.5,chronos,abordar
2025-12-09 02:00:00,Miguel Grau,metro_l1,Miguel Grau,0.0,0.0,38.42236328125,3.5,20571.428571428572,0.0,Asientos,3.5,chronos,abordar
2025-12-09 03:00:00,Miguel Grau,metro_l1,Miguel Grau,0.0,0.0,26.086181640625,3.5,20571.428571428572,0.0,Asientos,3.5,chronos,abordar
2025-12-09 04:00:00,Miguel Grau,metro_l1,Miguel Grau,13.982421875,0.0,129.2061767578125,3.5,20571.428571428572,0.0006797010633680555,Asientos,3.5,chronos,abordar
2025-12-09 05:00:00,Miguel Grau,metro_l1,Miguel Grau,190.6151123046875,56.02978515625,389.5350341796875,3.5,20571.428571428572,0.009266012403700086,Asientos,3.5,chronos,abordar
2025-12-09 06:00:00,Miguel Grau,metro_l1,Miguel Grau,1152.2947998046875,850.031982421875,1429.8587646484375,3.5,20571.428571428572,0.0560143305460612,Asientos,3.5,chronos,abordar
2025-12-09 07:00:00,Miguel Grau,metro_l1,Miguel Grau,1741.61083984375,1373.491943359375,2044.52197265625,3.5,20571.428571428572,0.08466163804796006,De_pie,3.8500000000000005,chronos,abordar
2025-12-09 08:00:00,Miguel Grau,metro_l1,Miguel Grau,1592.520751953125,1269.3095703125,1857.5540771484375,3.5,20571.428571428572,0.07741420321994358,De_pie,3.8500000000000005,chronos,abordar
2025-12-09 09:00:00,Miguel Grau,metro_l1,Miguel Grau,1289.0947265625,1039.0206298828125,1498.7587890625,3.5,20571.428571428572,0.06266432698567707,Asientos,3.5,chronos,abordar
2025-12-09 10:00:00,Miguel Grau,metro_l1,Miguel Grau,1194.9935302734375,980.4142456054688,1406.744873046875,3.5,20571.428571428572,0.05808996327718099,Asientos,3.5,chronos,abordar
2025-12-09 11:00:00,Miguel Grau,metro_l1,Miguel Grau,1426.5323486328125,1199.7156982421875,1685.4505615234375,3.5,20571.428571428572,0.06934532250298393,De_pie,3.8500000000000005,chronos,abordar
2025-12-09 12:00:00,Miguel Grau,metro_l1,Miguel Grau,1693.312744140625,1417.7589111328125,1997.912353515625,3.5,20571.428571428572,0.08231381395128037,De_pie,3.8500000000000005,chronos,abordar
2025-12-09 13:00:00,Miguel Grau,metro_l1,Miguel Grau,2001.718994140625,1647.604736328125,2390.2197265625,3.5,20571.428571428572,0.09730578443739149,De_pie,3.8500000000000005,chronos,abordar
2025-12-09 14:00:00,Miguel Grau,metro_l1,Miguel Grau,2118.7705078125,1699.760498046875,2569.07666015625,3.5,20571.428571428572,0.10299578857421875,De_pie,3.8500000000000005,chronos,abordar
2025-12-09 15:00:00,Miguel Grau,metro_l1,Miguel Grau,2154.774658203125,1719.2425537109375,2616.37060546875,3.5,20571.428571428572,0.10474599032931857,De_pie,3.8500000000000005,chronos,abordar
2025-12-09 16:00:00,Miguel Grau,metro_l1,Miguel Grau,2335.454345703125,1833.339111328125,2827.458740234375,3.5,20571.428571428572,0.1135290306939019,De_pie,3.8500000000000005,chronos,abordar
2025-12-09 17:00:00,Miguel Grau,metro_l1,Miguel Grau,3227.803955078125,2454.0498046875,3746.41650390625,3.5,20571.428571428572,0.15690713670518663,Saturado,4.55,chronos,cambiar_paradero
2025-12-09 18:00:00,Miguel Grau,metro_l1,Miguel Grau,3733.115234375,2819.553955078125,4221.708984375,3.5,20571.428571428572,0.1814708794487847,Saturado,4.55,chronos,cambiar_paradero
2025-12-09 19:00:00,Miguel Grau,metro_l1,Miguel Grau,3661.64501953125,2786.93359375,4087.69775390625,3.5,20571.428571428572,0.1779966328938802,Saturado,4.55,chronos,cambiar_paradero
2025-12-09 20:00:00,Miguel Grau,metro_l1,Miguel Grau,3360.22802734375,2551.564208984375,3791.7099609375,3.5,20571.428571428572,0.16334441799587673,Saturado,4.55,chronos,esperar_siguiente
2025-12-09 21:00:00,Miguel Grau,metro_l1,Miguel Grau,2442.42578125,1736.896728515625,2891.1220703125,3.5,20571.428571428572,0.1187290310329861,De_pie,3.8500000000000005,chronos,abordar
2025-12-09 22:00:00,Miguel Grau,metro_l1,Miguel Grau,523.0479125976562,212.274658203125,841.9091796875,3.5,20571.428571428572,0.0254259401957194,Asientos,3.5,chronos,abordar
2025-12-09 23:00:00,Miguel Grau,metro_l1,Miguel Grau,30.7655029296875,0.0,140.0372314453125,3.5,20571.428571428572,0.0014955452813042534,Asientos,3.5,chronos,abordar
2025-12-09 00:00:00,Nicolas Arriola,metro_l1,Nicolas Arriola,0.0,0.0,0.0,3.5,20571.428571428572,0.0,Asientos,3.5,chronos,abordar
2025-12-09 01:00:00,Nicolas Arriola,metro_l1,Nicolas Arriola,0.0,0.0,0.0,3.5,20571.428571428572,0.0,Asientos,3.5,chronos,abordar
2025-12-09 02:00:00,Nicolas Arriola,metro_l1,Nicolas Arriola,0.0,0.0,0.0,3.5,20571.428571428572,0.0,Asientos,3.5,chronos,abordar
2025-12-09 03:00:00,Nicolas Arriola,metro_l1,Nicolas Arriola,0.0,0.0,0.0,3.5,20571.428571428572,0.0,Asientos,3.5,chronos,abordar
2025-12-09 04:00:00,Nicolas Arriola,metro_l1,Nicolas Arriola,0.0,0.0,13.2923583984375,3.5,20571.428571428572,0.0,Asientos,3.5,chronos,abordar
2025-12-09 05:00:00,Nicolas Arriola,metro_l1,Nicolas Arriola,65.51629638671875,30.51910400390625,146.3604736328125,3.5,20571.428571428572,0.0031848199632432722,Asientos,3.5,chronos,abordar
2025-12-09 06:00:00,Nicolas Arriola,metro_l1,Nicolas Arriola,593.7779541015625,434.99053955078125,764.2307739257812,3.5,20571.428571428572,0.028864206102159288,Asientos,3.5,chronos,abordar
2025-12-09 07:00:00,Nicolas Arriola,metro_l1,Nicolas Arriola,980.4393310546875,742.89306640625,1203.23291015625,3.5,20571.428571428572,0.047660245259602864,Asientos,3.5,chronos,abordar
2025-12-09 08:00:00,Nicolas Arriola,metro_l1,Nicolas Arriola,831.6415405273438,623.7631225585938,997.021728515625,3.5,20571.428571428572,0.04042701933119032,Asientos,3.5,chronos,abordar
2025-12-09 09:00:00,Nicolas Arriola,metro_l1,Nicolas Arriola,623.58544921875,450.5628662109375,737.424072265625,3.5,20571.428571428572,0.03031318155924479,Asientos,3.5,chronos,abordar
2025-12-09 10:00:00,Nicolas Arriola,metro_l1,Nicolas Arriola,559.9390258789062,396.40557861328125,707.844482421875,3.5,20571.428571428572,0.02721925820244683,Asientos,3.5,chronos,abordar
2025-12-09 11:00:00,Nicolas Arriola,metro_l1,Nicolas Arriola,585.3106689453125,443.56488037109375,748.87109375,3.5,20571.428571428572,0.028452601962619357,Asientos,3.5,chronos,abordar
2025-12-09 12:00:00,Nicolas Arriola,metro_l1,Nicolas Arriola,685.0907592773438,531.6754150390625,858.4544067382812,3.5,20571.428571428572,0.03330302302042643,Asientos,3.5,chronos,abordar
2025-12-09 13:00:00,Nicolas Arriola,metro_l1,Nicolas Arriola,850.3938598632812,650.7496337890625,1106.340087890625,3.5,20571.428571428572,0.041338590410020616,Asientos,3.5,chronos,abordar
2025-12-09 14:00:00,Nicolas Arriola,metro_l1,Nicolas Arriola,932.8273315429688,671.9051513671875,1241.5040283203125,3.5,20571.428571428572,0.045345773061116534,Asientos,3.5,chronos,abordar
2025-12-09 15:00:00,Nicolas Arriola,metro_l1,Nicolas Arriola,1074.49462890625,758.474365234375,1416.3006591796875,3.5,20571.428571428572,0.05223237779405382,Asientos,3.5,chronos,abordar
2025-12-09 16:00:00,Nicolas Arriola,metro_l1,Nicolas Arriola,1409.342041015625,961.6926879882812,1845.962158203125,3.5,20571.428571428572,0.06850968254937066,De_pie,3.8500000000000005,chronos,abordar
2025-12-09 17:00:00,Nicolas Arriola,metro_l1,Nicolas Arriola,2678.46923828125,1847.989990234375,3200.1220703125,3.5,20571.428571428572,0.13020336574978297,De_pie,3.8500000000000005,chronos,abordar
2025-12-09 18:00:00,Nicolas Arriola,metro_l1,Nicolas Arriola,3411.3388671875,2374.31689453125,3949.61669921875,3.5,20571.428571428572,0.16582897271050345,Saturado,4.55,chronos,cambiar_paradero
2025-12-09 19:00:00,Nicolas Arriola,metro_l1,Nicolas Arriola,3350.560546875,2354.1083984375,3832.07275390625,3.5,20571.428571428572,0.16287447102864583,Saturado,4.55,chronos,esperar_siguiente
2025-12-09 20:00:00,Nicolas Arriola,metro_l1,Nicolas Arriola,2684.1533203125,1849.798583984375,3102.04296875,3.5,20571.428571428572,0.13047967529296875,De_pie,3.8500000000000005,chronos,abordar
2025-12-09 21:00:00,Nicolas Arriola,metro_l1,Nicolas Arriola,1447.7198486328125,920.2138061523438,1780.972900390625,3.5,20571.428571428572,0.07037527041965061,De_pie,3.8500000000000005,chronos,abordar
2025-12-09 22:00:00,Nicolas Arriola,metro_l1,Nicolas Arriola,310.8575439453125,92.5924072265625,522.5872802734375,3.5,20571.428571428572,0.01511113060845269,Asientos,3.5,chronos,abordar
2025-12-09 23:00:00,Nicolas Arriola,metro_l1,Nicolas Arriola,30.108154296875,0.0,94.22796630859375,3.5,20571.428571428572,0.001463590833875868,Asientos,3.5,chronos,abordar
2025-12-09 00:00:00,Parque Industrial,metro_l1,Parque Industrial,0.0,0.0,19.98883056640625,3.5,20571.428571428572,0.0,Asientos,3.5,chronos,abordar
2025-12-09 01:00:00,Parque Industrial,metro_l1,Parque Industrial,0.0,0.0,28.61767578125,3.5,20571.428571428572,0.0,Asientos,3.5,chronos,abordar
2025-12-09 02:00:00,Parque Industrial,metro_l1,Parque Industrial,0.0,0.0,39.66650390625,3.5,20571.428571428572,0.0,Asientos,3.5,chronos,abordar
2025-12-09 03:00:00,Parque Industrial,metro_l1,Parque Industrial,0.0,0.0,63.38427734375,3.5,20571.428571428572,0.0,Asientos,3.5,chronos,abordar
2025-12-09 04:00:00,Parque Industrial,metro_l1,Parque Industrial,30.55194091796875,0.0,145.58062744140625,3.5,20571.428571428572,0.0014851637946234808,Asientos,3.5,chronos,abordar
2025-12-09 05:00:00,Parque Industrial,metro_l1,Parque Industrial,535.9564208984375,283.73370361328125,757.8017578125,3.5,20571.428571428572,0.026053437127007376,Asientos,3.5,chronos,abordar
2025-12-09 06:00:00,Parque Industrial,metro_l1,Parque Industrial,1556.005859375,1038.7659912109375,1894.9093017578125,3.5,20571.428571428572,0.07563917371961805,De_pie,3.8500000000000005,chronos,abordar
2025-12-09 07:00:00,Parque Industrial,metro_l1,Parque Industrial,1890.1898193359375,1283.781494140625,2250.48291015625,3.5,20571.428571428572,0.0918842273288303,De_pie,3.8500000000000005,chronos,abordar
2025-12-09 08:00:00,Parque Industrial,metro_l1,Parque Industrial,1520.8028564453125,1033.640625,1823.3248291015625,3.5,20571.428571428572,0.07392791663275824,De_pie,3.8500000000000005,chronos,abordar
2025-12-09 09:00:00,Parque Industrial,metro_l1,Parque Industrial,1023.52294921875,679.6339721679688,1259.4495849609375,3.5,20571.428571428572,0.04975458780924479,Asientos,3.5,chronos,abordar
2025-12-09 10:00:00,Parque Industrial,metro_l1,Parque Industrial,714.0546875,487.0265808105469,895.1402587890625,3.5,20571.428571428572,0.03471099175347222,Asientos,3.5,chronos,abordar
2025-12-09 11:00:00,Parque Industrial,metro_l1,Parque Industrial,576.755615234375,409.7145080566406,742.67431640625,3.5,20571.428571428572,0.02803673129611545,Asientos,3.5,chronos,abordar
2025-12-09 12:00:00,Parque Industrial,metro_l1,Parque Industrial,539.8143310546875,404.9693603515625,687.5081176757812,3.5,20571.428571428572,0.02624097442626953,Asientos,3.5,chronos,abordar
2025-12-09 13:00:00,Parque Industrial,metro_l1,Parque Industrial,522.55322265625,401.3011474609375,655.7412109375,3.5,20571.428571428572,0.025401892768012153,Asientos,3.5,chronos,abordar
2025-12-09 14:00:00,Parque Industrial,metro_l1,Parque Industrial,489.12322998046875,384.1446228027344,602.03466796875,3.5,20571.428571428572,0.023776823679606117,Asientos,3.5,chronos,abordar
2025-12-09 15:00:00,Parque Industrial,metro_l1,Parque Industrial,461.96490478515625,360.2763977050781,568.9766845703125,3.5,20571.428571428572,0.022456627315945093,Asientos,3.5,chronos,abordar
2025-12-09 16:00:00,Parque Industrial,metro_l1,Parque Industrial,498.08953857421875,375.2655334472656,598.7920532226562,3.5,20571.428571428572,0.024212685902913412,Asientos,3.5,chronos,abordar
2025-12-09 17:00:00,Parque Industrial,metro_l1,Parque Industrial,719.7094116210938,545.365234375,850.2171630859375,3.5,20571.428571428572,0.03498587417602539,Asientos,3.5,chronos,abordar
2025-12-09 18:00:00,Parque Industrial,metro_l1,Parque Industrial,646.7266845703125,497.26971435546875,782.757080078125,3.5,20571.428571428572,0.03143810272216797,Asientos,3.5,chronos,abordar
2025-12-09 19:00:00,Parque Industrial,metro_l1,Parque Industrial,437.7543640136719,315.9147033691406,556.5960693359375,3.5,20571.428571428572,0.021279726028442383,Asientos,3.5,chronos,abordar
2025-12-09 20:00:00,Parque Industrial,metro_l1,Parque Industrial,224.77841186523438,142.13327026367188,336.16217041015625,3.5,20571.428571428572,0.010926728354560003,Asientos,3.5,chronos,abordar
2025-12-09 21:00:00,Parque Industrial,metro_l1,Parque Industrial,103.261474609375,30.52740478515625,200.00064086914062,3.5,20571.428571428572,0.005019655015733507,Asientos,3.5,chronos,abordar
2025-12-09 22:00:00,Parque Industrial,metro_l1,Parque Industrial,26.840087890625,0.0,92.35922241210938,3.5,20571.428571428572,0.0013047264946831596,Asientos,3.5,chronos,abordar
2025-12-09 23:00:00,Parque Industrial,metro_l1,Parque Industrial,0.0,0.0,47.0037841796875,3.5,20571.428571428572,0.0,Asientos,3.5,chronos,abordar
2025-12-09 00:00:00,Piramides del Sol,metro_l1,Piramides del Sol,0.0,0.0,13.44586181640625,3.5,20571.428571428572,0.0,Asientos,3.5,chronos,abordar
2025-12-09 01:00:00,Piramides del Sol,metro_l1,Piramides del Sol,0.0,0.0,32.982421875,3.5,20571.428571428572,0.0,Asientos,3.5,chronos,abordar
2025-12-09 02:00:00,Piramides del Sol,metro_l1,Piramides del Sol,0.0,0.0,41.6298828125,3.5,20571.428571428572,0.0,Asientos,3.5,chronos,abordar
2025-12-09 03:00:00,Piramides del Sol,metro_l1,Piramides del Sol,0.0,0.0,59.24945068359375,3.5,20571.428571428572,0.0,Asientos,3.5,chronos,abordar
2025-12-09 04:00:00,Piramides del Sol,metro_l1,Piramides del Sol,18.8966064453125,0.0,130.37646484375,3.5,20571.428571428572,0.0009185850355360243,Asientos,3.5,chronos,abordar
2025-12-09 05:00:00,Piramides del Sol,metro_l1,Piramides del Sol,408.383056640625,234.39218139648438,583.3814697265625,3.5,20571.428571428572,0.019851954142252604,Asientos,3.5,chronos,abordar
2025-12-09 06:00:00,Piramides del Sol,metro_l1,Piramides del Sol,1220.1478271484375,923.37060546875,1428.5989990234375,3.5,20571.428571428572,0.05931274159749349,Asientos,3.5,chronos,abordar
2025-12-09 07:00:00,Piramides del Sol,metro_l1,Piramides del Sol,1830.590087890625,1424.71630859375,2060.04833984375,3.5,20571.428571428572,0.08898701816134982,De_pie,3.8500000000000005,chronos,abordar
2025-12-09 08:00:00,Piramides del Sol,metro_l1,Piramides del Sol,1726.27197265625,1363.072998046875,1942.4449462890625,3.5,20571.428571428572,0.08391599867078993,De_pie,3.8500000000000005,chronos,abordar
2025-12-09 09:00:00,Piramides del Sol,metro_l1,Piramides del Sol,1534.8037109375,1202.49169921875,1752.689453125,3.5,20571.428571428572,0.07460851372612846,De_pie,3.8500000000000005,chronos,abordar
2025-12-09 10:00:00,Piramides del Sol,metro_l1,Piramides del Sol,1201.9757080078125,943.8184814453125,1420.822509765625,3.5,20571.428571428572,0.05842937469482422,Asientos,3.5,chronos,abordar
2025-12-09 11:00:00,Piramides del Sol,metro_l1,Piramides del Sol,1006.0059204101562,802.962158203125,1211.94775390625,3.5,20571.428571428572,0.048903065575493704,Asientos,3.5,chronos,abordar
2025-12-09 12:00:00,Piramides del Sol,metro_l1,Piramides del Sol,920.3675537109375,742.9921875,1119.208740234375,3.5,20571.428571428572,0.044740089416503905,Asientos,3.5,chronos,abordar
2025-12-09 13:00:00,Piramides del Sol,metro_l1,Piramides del Sol,922.552734375,744.1929321289062,1117.6497802734375,3.5,20571.428571428572,0.0448463134765625,Asientos,3.5,chronos,abordar
2025-12-09 14:00:00,Piramides del Sol,metro_l1,Piramides del Sol,935.4154663085938,755.7158203125,1124.0277099609375,3.5,20571.428571428572,0.04547158516777886,Asientos,3.5,chronos,abordar
2025-12-09 15:00:00,Piramides del Sol,metro_l1,Piramides del Sol,938.1370239257812,771.6244506835938,1121.866943359375,3.5,20571.428571428572,0.045603883107503254,Asientos,3.5,chronos,abordar
2025-12-09 16:00:00,Piramides del Sol,metro_l1,Piramides del Sol,984.2373046875,810.3635864257812,1162.107666015625,3.5,20571.428571428572,0.04784486897786458,Asientos,3.5,chronos,abordar
2025-12-09 17:00:00,Piramides del Sol,metro_l1,Piramides del Sol,1245.7095947265625,1018.0455322265625,1447.7840576171875,3.5,20571.428571428572,0.06055532752143012,Asientos,3.5,chronos,abordar
2025-12-09 18:00:00,Piramides del Sol,metro_l1,Piramides del Sol,1335.3541259765625,1104.4793701171875,1550.380126953125,3.5,20571.428571428572,0.06491304779052734,De_pie,3.8500000000000005,chronos,abordar
2025-12-09 19:00:00,Piramides del Sol,metro_l1,Piramides del Sol,1183.6373291015625,984.5963134765625,1384.926025390625,3.5,20571.428571428572,0.05753792572021484,Asientos,3.5,chronos,abordar
2025-12-09 20:00:00,Piramides del Sol,metro_l1,Piramides del Sol,927.636474609375,769.72607421875,1106.0042724609375,3.5,20571.428571428572,0.04509343973795573,Asientos,3.5,chronos,abordar
2025-12-09 21:00:00,Piramides del Sol,metro_l1,Piramides del Sol,688.78466796875,544.7410888671875,855.5921020507812,3.5,20571.428571428572,0.033482588026258676,Asientos,3.5,chronos,abordar
2025-12-09 22:00:00,Piramides del Sol,metro_l1,Piramides del Sol,241.1783447265625,154.82562255859375,369.8116149902344,3.5,20571.428571428572,0.011723947313096788,Asientos,3.5,chronos,abordar
2025-12-09 23:00:00,Piramides del Sol,metro_l1,Piramides del Sol,12.89532470703125,0.0,83.71026611328125,3.5,20571.428571428572,0.0006268560621473524,Asientos,3.5,chronos,abordar
2025-12-09 00:00:00,Presbitero Maestro,metro_l1,Presbitero Maestro,0.0,0.0,8.40386962890625,3.5,20571.428571428572,0.0,Asientos,3.5,chronos,abordar
2025-12-09 01:00:00,Presbitero Maestro,metro_l1,Presbitero Maestro,0.0,0.0,9.07989501953125,3.5,20571.428571428572,0.0,Asientos,3.5,chronos,abordar
2025-12-09 02:00:00,Presbitero Maestro,metro_l1,Presbitero Maestro,0.0,0.0,10.34405517578125,3.5,20571.428571428572,0.0,Asientos,3.5,chronos,abordar
2025-12-09 03:00:00,Presbitero Maestro,metro_l1,Presbitero Maestro,0.0,0.0,24.119293212890625,3.5,20571.428571428572,0.0,Asientos,3.5,chronos,abordar
2025-12-09 04:00:00,Presbitero Maestro,metro_l1,Presbitero Maestro,5.421661376953125,0.0,47.96826171875,3.5,20571.428571428572,0.000263552983601888,Asientos,3.5,chronos,abordar
2025-12-09 05:00:00,Presbitero Maestro,metro_l1,Presbitero Maestro,98.75119018554688,41.123870849609375,166.8851318359375,3.5,20571.428571428572,0.004800405078464084,Asientos,3.5,chronos,abordar
2025-12-09 06:00:00,Presbitero Maestro,metro_l1,Presbitero Maestro,427.09820556640625,310.06689453125,518.504150390625,3.5,20571.428571428572,0.02076171832614475,Asientos,3.5,chronos,abordar
2025-12-09 07:00:00,Presbitero Maestro,metro_l1,Presbitero Maestro,806.655029296875,606.2118530273438,924.33447265625,3.5,20571.428571428572,0.03921239725748698,Asientos,3.5,chronos,abordar
2025-12-09 08:00:00,Presbitero Maestro,metro_l1,Presbitero Maestro,705.9991455078125,542.1082763671875,805.8818359375,3.5,20571.428571428572,0.03431940290662977,Asientos,3.5,chronos,abordar
2025-12-09 09:00:00,Presbitero Maestro,metro_l1,Presbitero Maestro,620.745849609375,468.4013366699219,718.2403564453125,3.5,20571.428571428572,0.030175145467122393,Asientos,3.5,chronos,abordar
2025-12-09 10:00:00,Presbitero Maestro,metro_l1,Presbitero Maestro,493.8397216796875,373.8609313964844,594.1962890625,3.5,20571.428571428572,0.024006097581651474,Asientos,3.5,chronos,abordar
2025-12-09 11:00:00,Presbitero Maestro,metro_l1,Presbitero Maestro,403.117431640625,314.5710144042969,496.2870788574219,3.5,20571.428571428572,0.01959598626030816,Asientos,3.5,chronos,abordar
2025-12-09 12:00:00,Presbitero Maestro,metro_l1,Presbitero Maestro,379.0111999511719,296.8707580566406,471.015625,3.5,20571.428571428572,0.018424155553181967,Asientos,3.5,chronos,abordar
2025-12-09 13:00:00,Presbitero Maestro,metro_l1,Presbitero Maestro,398.98748779296875,307.36798095703125,497.695068359375,3.5,20571.428571428572,0.01939522510104709,Asientos,3.5,chronos,abordar
2025-12-09 14:00:00,Presbitero Maestro,metro_l1,Presbitero Maestro,415.5339050292969,318.201416015625,516.476318359375,3.5,20571.428571428572,0.02019956482781304,Asientos,3.5,chronos,abordar
2025-12-09 15:00:00,Presbitero Maestro,metro_l1,Presbitero Maestro,429.92218017578125,336.6465148925781,529.1986083984375,3.5,20571.428571428572,0.020898994869656032,Asientos,3.5,chronos,abordar
2025-12-09 16:00:00,Presbitero Maestro,metro_l1,Presbitero Maestro,473.8476867675781,368.5193176269531,577.189697265625,3.5,20571.428571428572,0.023034262551201713,Asientos,3.5,chronos,abordar
2025-12-09 17:00:00,Presbitero Maestro,metro_l1,Presbitero Maestro,607.804931640625,472.02044677734375,721.18115234375,3.5,20571.428571428572,0.029546073065863713,Asientos,3.5,chronos,abordar
2025-12-09 18:00:00,Presbitero Maestro,metro_l1,Presbitero Maestro,655.7362060546875,523.1077880859375,770.67626953125,3.5,20571.428571428572,0.03187606557210286,Asientos,3.5,chronos,abordar
2025-12-09 19:00:00,Presbitero Maestro,metro_l1,Presbitero Maestro,588.4530029296875,463.61004638671875,704.9881591796875,3.5,20571.428571428572,0.02860535430908203,Asientos,3.5,chronos,abordar
2025-12-09 20:00:00,Presbitero Maestro,metro_l1,Presbitero Maestro,341.7291259765625,251.30029296875,444.12786865234375,3.5,20571.428571428572,0.016611832512749565,Asientos,3.5,chronos,abordar
2025-12-09 21:00:00,Presbitero Maestro,metro_l1,Presbitero Maestro,169.2896728515625,114.80796813964844,243.3886260986328,3.5,20571.428571428572,0.008229359096950955,Asientos,3.5,chronos,abordar
2025-12-09 22:00:00,Presbitero Maestro,metro_l1,Presbitero Maestro,40.608612060546875,13.4866943359375,89.59901428222656,3.5,20571.428571428572,0.0019740297529432507,Asientos,3.5,chronos,abordar
2025-12-09 23:00:00,Presbitero Maestro,metro_l1,Presbitero Maestro,0.0,0.0,30.10333251953125,3.5,20571.428571428572,0.0,Asientos,3.5,chronos,abordar
2025-12-09 00:00:00,Pumacahua,metro_l1,Pumacahua,0.0,0.0,29.4293212890625,3.5,20571.428571428572,0.0,Asientos,3.5,chronos,abordar
2025-12-09 01:00:00,Pumacahua,metro_l1,Pumacahua,0.0,0.0,47.158599853515625,3.5,20571.428571428572,0.0,Asientos,3.5,chronos,abordar
2025-12-09 02:00:00,Pumacahua,metro_l1,Pumacahua,0.0,0.0,55.961761474609375,3.5,20571.428571428572,0.0,Asientos,3.5,chronos,abordar
2025-12-09 03:00:00,Pumacahua,metro_l1,Pumacahua,0.0,0.0,72.42584228515625,3.5,20571.428571428572,0.0,Asientos,3.5,chronos,abordar
2025-12-09 04:00:00,Pumacahua,metro_l1,Pumacahua,36.52374267578125,0.0,172.54232788085938,3.5,20571.428571428572,0.0017754597134060329,Asientos,3.5,chronos,abordar
2025-12-09 05:00:00,Pumacahua,metro_l1,Pumacahua,747.6317138671875,419.32958984375,1014.7685546875,3.5,20571.428571428572,0.036343208312988276,Asientos,3.5,chronos,abordar
2025-12-09 06:00:00,Pumacahua,metro_l1,Pumacahua,1795.735595703125,1163.431640625,2193.454833984375,3.5,20571.428571428572,0.08729270256890191,De_pie,3.8500000000000005,chronos,abordar
2025-12-09 07:00:00,Pumacahua,metro_l1,Pumacahua,2059.9228515625,1353.6453857421875,2464.907958984375,3.5,20571.428571428572,0.10013513861762152,De_pie,3.8500000000000005,chronos,abordar
2025-12-09 08:00:00,Pumacahua,metro_l1,Pumacahua,1911.49267578125,1278.603271484375,2269.832275390625,3.5,20571.428571428572,0.09291978285047743,De_pie,3.8500000000000005,chronos,abordar
2025-12-09 09:00:00,Pumacahua,metro_l1,Pumacahua,1299.225341796875,876.9112548828125,1569.05322265625,3.5,20571.428571428572,0.06315678744845919,Asientos,3.5,chronos,abordar
2025-12-09 10:00:00,Pumacahua,metro_l1,Pumacahua,795.352783203125,539.924560546875,990.6580810546875,3.5,20571.428571428572,0.03866298251681857,Asientos,3.5,chronos,abordar
2025-12-09 11:00:00,Pumacahua,metro_l1,Pumacahua,626.0628051757812,443.74041748046875,792.7052612304688,3.5,20571.428571428572,0.03043360858493381,Asientos,3.5,chronos,abordar
2025-12-09 12:00:00,Pumacahua,metro_l1,Pumacahua,559.0050048828125,424.16619873046875,700.6693115234375,3.5,20571.428571428572,0.027173854404025605,Asientos,3.5,chronos,abordar
2025-12-09 13:00:00,Pumacahua,metro_l1,Pumacahua,526.273193359375,424.9967956542969,638.7304077148438,3.5,20571.428571428572,0.02558272467719184,Asientos,3.5,chronos,abordar
2025-12-09 14:00:00,Pumacahua,metro_l1,Pumacahua,481.79779052734375,404.50506591796875,562.0521240234375,3.5,20571.428571428572,0.02342072592841254,Asientos,3.5,chronos,abordar
2025-12-09 15:00:00,Pumacahua,metro_l1,Pumacahua,455.3507995605469,377.5345458984375,530.6234130859375,3.5,20571.428571428572,0.022135108311971026,Asientos,3.5,chronos,abordar
2025-12-09 16:00:00,Pumacahua,metro_l1,Pumacahua,475.5987854003906,374.6063232421875,535.2103271484375,3.5,20571.428571428572,0.023119385401407875,Asientos,3.5,chronos,abordar
2025-12-09 17:00:00,Pumacahua,metro_l1,Pumacahua,534.232666015625,423.2152404785156,610.217041015625,3.5,20571.428571428572,0.02596964348687066,Asientos,3.5,chronos,abordar
2025-12-09 18:00:00,Pumacahua,metro_l1,Pumacahua,445.976806640625,351.332763671875,522.3829345703125,3.5,20571.428571428572,0.021679428100585936,Asientos,3.5,chronos,abordar
2025-12-09 19:00:00,Pumacahua,metro_l1,Pumacahua,271.7975769042969,198.8282470703125,345.3644104003906,3.5,20571.428571428572,0.013212382210625541,Asientos,3.5,chronos,abordar
2025-12-09 20:00:00,Pumacahua,metro_l1,Pumacahua,136.6119384765625,84.74374389648438,218.11276245117188,3.5,20571.428571428572,0.006640858120388455,Asientos,3.5,chronos,abordar
2025-12-09 21:00:00,Pumacahua,metro_l1,Pumacahua,79.64468383789062,26.50299072265625,149.97268676757812,3.5,20571.428571428572,0.0038716165754530164,Asientos,3.5,chronos,abordar
2025-12-09 22:00:00,Pumacahua,metro_l1,Pumacahua,28.26373291015625,0.0,74.07122802734375,3.5,20571.428571428572,0.0013739314609103731,Asientos,3.5,chronos,abordar
2025-12-09 23:00:00,Pumacahua,metro_l1,Pumacahua,0.0,0.0,43.020751953125,3.5,20571.428571428572,0.0,Asientos,3.5,chronos,abordar
2025-12-09 00:00:00,San Borja Sur,metro_l1,San Borja Sur,0.0,0.0,0.0,3.5,20571.428571428572,0.0,Asientos,3.5,chronos,abordar
2025-12-09 01:00:00,San Borja Sur,metro_l1,San Borja Sur,0.0,0.0,0.0,3.5,20571.428571428572,0.0,Asientos,3.5,chronos,abordar
2025-12-09 02:00:00,San Borja Sur,metro_l1,San Borja Sur,0.0,0.0,0.0,3.5,20571.428571428572,0.0,Asientos,3.5,chronos,abordar
2025-12-09 03:00:00,San Borja Sur,metro_l1,San Borja Sur,0.0,0.0,0.0,3.5,20571.428571428572,0.0,Asientos,3.5,chronos,abordar
2025-12-09 04:00:00,San Borja Sur,metro_l1,San Borja Sur,0.0,0.0,0.0,3.5,20571.428571428572,0.0,Asientos,3.5,chronos,abordar
2025-12-09 05:00:00,San Borja Sur,metro_l1,San Borja Sur,18.495330810546875,2.21563720703125,55.9423828125,3.5,20571.428571428572,0.0008990785810682508,Asientos,3.5,chronos,abordar
2025-12-09 06:00:00,San Borja Sur,metro_l1,San Borja Sur,152.6044921875,91.04904174804688,233.12368774414062,3.5,20571.428571428572,0.00741827392578125,Asientos,3.5,chronos,abordar
2025-12-09 07:00:00,San Borja Sur,metro_l1,San Borja Sur,414.8741149902344,302.6177673339844,531.1278686523438,3.5,20571.428571428572,0.02016749170091417,Asientos,3.5,chronos,abordar
2025-12-09 08:00:00,San Borja Sur,metro_l1,San Borja Sur,392.61944580078125,285.5695495605469,476.2985534667969,3.5,20571.428571428572,0.019085667504204644,Asientos,3.5,chronos,abordar
2025-12-09 09:00:00,San Borja Sur,metro_l1,San Borja Sur,348.0484924316406,246.2276153564453,410.2894287109375,3.5,20571.428571428572,0.016919023937649196,Asientos,3.5,chronos,abordar
2025-12-09 10:00:00,San Borja Sur,metro_l1,San Borja Sur,346.47088623046875,246.77597045898438,431.65283203125,3.5,20571.428571428572,0.016842334747314454,Asientos,3.5,chronos,abordar
2025-12-09 11:00:00,San Borja Sur,metro_l1,San Borja Sur,334.45184326171875,248.28030395507812,422.40582275390625,3.5,20571.428571428572,0.016258075714111326,Asientos,3.5,chronos,abordar
2025-12-09 12:00:00,San Borja Sur,metro_l1,San Borja Sur,357.44189453125,273.2789306640625,445.5169372558594,3.5,20571.428571428572,0.017375647650824652,Asientos,3.5,chronos,abordar
2025-12-09 13:00:00,San Borja Sur,metro_l1,San Borja Sur,418.4500427246094,314.7302551269531,547.8326416015625,3.5,20571.428571428572,0.020341321521335175,Asientos,3.5,chronos,abordar
2025-12-09 14:00:00,San Borja Sur,metro_l1,San Borja Sur,450.7794494628906,317.1341552734375,611.130859375,3.5,20571.428571428572,0.02191288990444607,Asientos,3.5,chronos,abordar
2025-12-09 15:00:00,San Borja Sur,metro_l1,San Borja Sur,554.8129272460938,375.82562255859375,748.8759155273438,3.5,20571.428571428572,0.026970072852240668,Asientos,3.5,chronos,abordar
2025-12-09 16:00:00,San Borja Sur,metro_l1,San Borja Sur,961.615966796875,627.2242431640625,1255.9569091796875,3.5,20571.428571428572,0.04674522060818142,Asientos,3.5,chronos,abordar
2025-12-09 17:00:00,San Borja Sur,metro_l1,San Borja Sur,1880.234130859375,1260.4697265625,2267.7412109375,3.5,20571.428571428572,0.09140027025010851,De_pie,3.8500000000000005,chronos,abordar
2025-12-09 18:00:00,San Borja Sur,metro_l1,San Borja Sur,2132.49072265625,1440.0146484375,2524.63330078125,3.5,20571.428571428572,0.10366274346245659,De_pie,3.8500000000000005,chronos,abordar
2025-12-09 19:00:00,San Borja Sur,metro_l1,San Borja Sur,1953.153564453125,1304.29931640625,2301.611572265625,3.5,20571.428571428572,0.09494496493869357,De_pie,3.8500000000000005,chronos,abordar
2025-12-09 20:00:00,San Borja Sur,metro_l1,San Borja Sur,1354.29443359375,869.566162109375,1625.36669921875,3.5,20571.428571428572,0.06583375718858507,De_pie,3.8500000000000005,chronos,abordar
2025-12-09 21:00:00,San Borja Sur,metro_l1,San Borja Sur,741.1373901367188,463.7881774902344,928.368896484375,3.5,20571.428571428572,0.03602751202053494,Asientos,3.5,chronos,abordar
2025-12-09 22:00:00,San Borja Sur,metro_l1,San Borja Sur,336.66217041015625,190.35992431640625,458.9656677246094,3.5,20571.428571428572,0.01636552217271593,Asientos,3.5,chronos,abordar
2025-12-09 23:00:00,San Borja Sur,metro_l1,San Borja Sur,26.800537109375,0.0,72.98916625976562,3.5,20571.428571428572,0.0013028038872612846,Asientos,3.5,chronos,abordar
2025-12-09 00:00:00,San Carlos,metro_l1,San Carlos,0.0,0.0,16.74822998046875,3.5,20571.428571428572,0.0,Asientos,3.5,chronos,abordar
2025-12-09 01:00:00,San Carlos,metro_l1,San Carlos,0.0,0.0,25.52392578125,3.5,20571.428571428572,0.0,Asientos,3.5,chronos,abordar
2025-12-09 02:00:00,San Carlos,metro_l1,San Carlos,0.0,0.0,35.3553466796875,3.5,20571.428571428572,0.0,Asientos,3.5,chronos,abordar
2025-12-09 03:00:00,San Carlos,metro_l1,San Carlos,0.0,0.0,64.0888671875,3.5,20571.428571428572,0.0,Asientos,3.5,chronos,abordar
2025-12-09 04:00:00,San Carlos,metro_l1,San Carlos,30.5662841796875,0.0,153.51763916015625,3.5,20571.428571428572,0.0014858610365125868,Asientos,3.5,chronos,abordar
2025-12-09 05:00:00,San Carlos,metro_l1,San Carlos,873.6159057617188,582.0974731445312,1085.681884765625,3.5,20571.428571428572,0.04246743986341688,Asientos,3.5,chronos,abordar
2025-12-09 06:00:00,San Carlos,metro_l1,San Carlos,1784.788818359375,1304.57666015625,2049.290283203125,3.5,20571.428571428572,0.08676056755913628,De_pie,3.8500000000000005,chronos,abordar
2025-12-09 07:00:00,San Carlos,metro_l1,San Carlos,2072.5048828125,1563.5107421875,2300.69384765625,3.5,20571.428571428572,0.10074676513671875,De_pie,3.8500000000000005,chronos,abordar
2025-12-09 08:00:00,San Carlos,metro_l1,San Carlos,1919.2288818359375,1470.31103515625,2122.008544921875,3.5,20571.428571428572,0.09329584842258029,De_pie,3.8500000000000005,chronos,abordar
2025-12-09 09:00:00,San Carlos,metro_l1,San Carlos,1763.20654296875,1371.312744140625,1963.0804443359375,3.5,20571.428571428572,0.08571142917209201,De_pie,3.8500000000000005,chronos,abordar
2025-12-09 10:00:00,San Carlos,metro_l1,San Carlos,1248.4248046875,962.7322998046875,1448.3486328125,3.5,20571.428571428572,0.060687316894531246,Asientos,3.5,chronos,abordar
2025-12-09 11:00:00,San Carlos,metro_l1,San Carlos,1050.3643798828125,836.0921630859375,1239.9736328125,3.5,20571.428571428572,0.05105937957763672,Asientos,3.5,chronos,abordar
2025-12-09 12:00:00,San Carlos,metro_l1,San Carlos,958.1401977539062,783.388427734375,1133.0286865234375,3.5,20571.428571428572,0.04657625961303711,Asientos,3.5,chronos,abordar
2025-12-09 13:00:00,San Carlos,metro_l1,San Carlos,966.9425659179688,802.047607421875,1136.39453125,3.5,20571.428571428572,0.047004152509901254,Asientos,3.5,chronos,abordar
2025-12-09 14:00:00,San Carlos,metro_l1,San Carlos,952.0369873046875,786.1240234375,1110.187744140625,3.5,20571.428571428572,0.04627957577175564,Asientos,3.5,chronos,abordar
2025-12-09 15:00:00,San Carlos,metro_l1,San Carlos,903.8968505859375,738.9548950195312,1056.94384765625,3.5,20571.428571428572,0.0439394302368164,Asientos,3.5,chronos,abordar
2025-12-09 16:00:00,San Carlos,metro_l1,San Carlos,831.472900390625,659.1947631835938,967.8402099609375,3.5,20571.428571428572,0.040418821546766494,Asientos,3.5,chronos,abordar
2025-12-09 17:00:00,San Carlos,metro_l1,San Carlos,953.7431640625,778.5520629882812,1096.5830078125,3.5,20571.428571428572,0.04636251491970486,Asientos,3.5,chronos,abordar
2025-12-09 18:00:00,San Carlos,metro_l1,San Carlos,849.740478515625,694.6062622070312,978.6976318359375,3.5,20571.428571428572,0.04130682881673177,Asientos,3.5,chronos,abordar
2025-12-09 19:00:00,San Carlos,metro_l1,San Carlos,674.0062255859375,556.490966796875,793.143310546875,3.5,20571.428571428572,0.03276419152153863,Asientos,3.5,chronos,abordar
2025-12-09 20:00:00,San Carlos,metro_l1,San Carlos,514.3240966796875,416.0275573730469,635.5919799804688,3.5,20571.428571428572,0.02500186581081814,Asientos,3.5,chronos,abordar
2025-12-09 21:00:00,San Carlos,metro_l1,San Carlos,377.1770324707031,290.81976318359375,492.479736328125,3.5,20571.428571428572,0.01833499463399251,Asientos,3.5,chronos,abordar
2025-12-09 22:00:00,San Carlos,metro_l1,San Carlos,31.09051513671875,0.0,106.33856201171875,3.5,20571.428571428572,0.0015113444858127168,Asientos,3.5,chronos,abordar
2025-12-09 23:00:00,San Carlos,metro_l1,San Carlos,0.0,0.0,38.2830810546875,3.5,20571.428571428572,0.0,Asientos,3.5,chronos,abordar
2025-12-09 00:00:00,San Juan,metro_l1,San Juan,0.0,0.0,15.66619873046875,3.5,20571.428571428572,0.0,Asientos,3.5,chronos,abordar
2025-12-09 01:00:00,San Juan,metro_l1,San Juan,0.0,0.0,19.13995361328125,3.5,20571.428571428572,0.0,Asientos,3.5,chronos,abordar
2025-12-09 02:00:00,San Juan,metro_l1,San Juan,0.0,0.0,24.15899658203125,3.5,20571.428571428572,0.0,Asientos,3.5,chronos,abordar
2025-12-09 03:00:00,San Juan,metro_l1,San Juan,0.0,0.0,62.84521484375,3.5,20571.428571428572,0.0,Asientos,3.5,chronos,abordar
2025-12-09 04:00:00,San Juan,metro_l1,San Juan,6.76873779296875,0.0,124.54852294921875,3.5,20571.428571428572,0.0003290358649359809,Asientos,3.5,chronos,abordar
2025-12-09 05:00:00,San Juan,metro_l1,San Juan,448.44635009765625,223.99981689453125,654.366455078125,3.5,20571.428571428572,0.0217994753519694,Asientos,3.5,chronos,abordar
2025-12-09 06:00:00,San Juan,metro_l1,San Juan,1598.3511962890625,1123.08447265625,1876.8995361328125,3.5,20571.428571428572,0.07769762759738498,De_pie,3.8500000000000005,chronos,abordar
2025-12-09 07:00:00,San Juan,metro_l1,San Juan,1965.49462890625,1440.798828125,2231.4853515625,3.5,20571.428571428572,0.09554487779405381,De_pie,3.8500000000000005,chronos,abordar
2025-12-09 08:00:00,San Juan,metro_l1,San Juan,1941.5076904296875,1452.7646484375,2183.37939453125,3.5,20571.428571428572,0.09437884606255424,De_pie,3.8500000000000005,chronos,abordar
2025-12-09 09:00:00,San Juan,metro_l1,San Juan,1775.9866943359375,1333.593505859375,2021.4427490234375,3.5,20571.428571428572,0.08633268653021918,De_pie,3.8500000000000005,chronos,abordar
2025-12-09 10:00:00,San Juan,metro_l1,San Juan,1345.1212158203125,1016.4306640625,1589.4522705078125,3.5,20571.428571428572,0.06538783688015408,De_pie,3.8500000000000005,chronos,abordar
2025-12-09 11:00:00,San Juan,metro_l1,San Juan,1079.15966796875,836.0771484375,1307.749755859375,3.5,20571.428571428572,0.05245915052625868,Asientos,3.5,chronos,abordar
2025-12-09 12:00:00,San Juan,metro_l1,San Juan,953.6168823242188,765.5321655273438,1158.213623046875,3.5,20571.428571428572,0.04635637622409396,Asientos,3.5,chronos,abordar
2025-12-09 13:00:00,San Juan,metro_l1,San Juan,958.02587890625,776.7700805664062,1155.412109375,3.5,20571.428571428572,0.0465707024468316,Asientos,3.5,chronos,abordar
2025-12-09 14:00:00,San Juan,metro_l1,San Juan,955.5274658203125,781.3483276367188,1132.619873046875,3.5,20571.428571428572,0.046449251810709635,Asientos,3.5,chronos,abordar
2025-12-09 15:00:00,San Juan,metro_l1,San Juan,914.8948974609375,751.5944213867188,1079.190185546875,3.5,20571.428571428572,0.04447405751546224,Asientos,3.5,chronos,abordar
2025-12-09 16:00:00,San Juan,metro_l1,San Juan,902.9481201171875,725.775146484375,1045.7333984375,3.5,20571.428571428572,0.0438933113945855,Asientos,3.5,chronos,abordar
2025-12-09 17:00:00,San Juan,metro_l1,San Juan,966.1033935546875,764.9490356445312,1123.4090576171875,3.5,20571.428571428572,0.04696335940890842,Asientos,3.5,chronos,abordar
2025-12-09 18:00:00,San Juan,metro_l1,San Juan,905.807373046875,727.2699584960938,1067.643798828125,3.5,20571.428571428572,0.04403230285644531,Asientos,3.5,chronos,abordar
2025-12-09 19:00:00,San Juan,metro_l1,San Juan,682.9697875976562,533.0078125,834.47607421875,3.5,20571.428571428572,0.033199920230441625,Asientos,3.5,chronos,abordar
2025-12-09 20:00:00,San Juan,metro_l1,San Juan,426.42083740234375,314.35797119140625,565.207763671875,3.5,20571.428571428572,0.020728790707058374,Asientos,3.5,chronos,abordar
2025-12-09 21:00:00,San Juan,metro_l1,San Juan,232.88845825195312,150.9136962890625,347.2914123535156,3.5,20571.428571428572,0.011320966720581055,Asientos,3.5,chronos,abordar
2025-12-09 22:00:00,San Juan,metro_l1,San Juan,46.552490234375,0.0,116.4697265625,3.5,20571.428571428572,0.002262968275282118,Asientos,3.5,chronos,abordar
2025-12-09 23:00:00,San Juan,metro_l1,San Juan,0.0,0.0,41.93121337890625,3.5,20571.428571428572,0.0,Asientos,3.5,chronos,abordar
2025-12-09 00:00:00,San Martin,metro_l1,San Martin,0.0,0.0,30.3629150390625,3.5,20571.428571428572,0.0,Asientos,3.5,chronos,abordar
2025-12-09 01:00:00,San Martin,metro_l1,San Martin,0.0,0.0,33.9066162109375,3.5,20571.428571428572,0.0,Asientos,3.5,chronos,abordar
2025-12-09 02:00:00,San Martin,metro_l1,San Martin,0.0,0.0,46.80084228515625,3.5,20571.428571428572,0.0,Asientos,3.5,chronos,abordar
2025-12-09 03:00:00,San Martin,metro_l1,San Martin,0.0,0.0,68.12628173828125,3.5,20571.428571428572,0.0,Asientos,3.5,chronos,abordar
2025-12-09 04:00:00,San Martin,metro_l1,San Martin,27.77459716796875,0.0,154.39239501953125,3.5,20571.428571428572,0.0013501540289984808,Asientos,3.5,chronos,abordar
2025-12-09 05:00:00,San Martin,metro_l1,San Martin,778.7642211914062,487.9856872558594,1003.3800659179688,3.5,20571.428571428572,0.037856594085693356,Asientos,3.5,chronos,abordar
2025-12-09 06:00:00,San Martin,metro_l1,San Martin,1836.379150390625,1311.7200927734375,2127.552978515625,3.5,20571.428571428572,0.08926843092176649,De_pie,3.8500000000000005,chronos,abordar
2025-12-09 07:00:00,San Martin,metro_l1,San Martin,2115.6640625,1570.980712890625,2367.4375,3.5,20571.428571428572,0.10284478081597222,De_pie,3.8500000000000005,chronos,abordar
2025-12-09 08:00:00,San Martin,metro_l1,San Martin,2017.306640625,1529.922119140625,2240.688232421875,3.5,20571.428571428572,0.09806351725260416,De_pie,3.8500000000000005,chronos,abordar
2025-12-09 09:00:00,San Martin,metro_l1,San Martin,1733.51708984375,1328.73193359375,1941.7080078125,3.5,20571.428571428572,0.08426819186740452,De_pie,3.8500000000000005,chronos,abordar
2025-12-09 10:00:00,San Martin,metro_l1,San Martin,1189.8402099609375,909.1041259765625,1384.5611572265625,3.5,20571.428571428572,0.057839454650878905,Asientos,3.5,chronos,abordar
2025-12-09 11:00:00,San Martin,metro_l1,San Martin,1058.0623779296875,839.73681640625,1253.9874267578125,3.5,20571.428571428572,0.05143358781602647,Asientos,3.5,chronos,abordar
2025-12-09 12:00:00,San Martin,metro_l1,San Martin,960.4786987304688,792.43359375,1134.2708740234375,3.5,20571.428571428572,0.046689936743842225,Asientos,3.5,chronos,abordar
2025-12-09 13:00:00,San Martin,metro_l1,San Martin,912.516845703125,772.249755859375,1060.4549560546875,3.5,20571.428571428572,0.04435845777723524,Asientos,3.5,chronos,abordar
2025-12-09 14:00:00,San Martin,metro_l1,San Martin,894.8302001953125,760.3250732421875,1026.299072265625,3.5,20571.428571428572,0.043498690287272136,Asientos,3.5,chronos,abordar
2025-12-09 15:00:00,San Martin,metro_l1,San Martin,864.8815307617188,728.4635620117188,990.7060546875,3.5,20571.428571428572,0.042042852189805774,Asientos,3.5,chronos,abordar
2025-12-09 16:00:00,San Martin,metro_l1,San Martin,805.5498046875,658.6092529296875,910.1537475585938,3.5,20571.428571428572,0.039158671061197914,Asientos,3.5,chronos,abordar
2025-12-09 17:00:00,San Martin,metro_l1,San Martin,864.3662109375,717.3145141601562,978.452880859375,3.5,20571.428571428572,0.04201780192057292,Asientos,3.5,chronos,abordar
2025-12-09 18:00:00,San Martin,metro_l1,San Martin,762.4888305664062,635.912109375,868.139892578125,3.5,20571.428571428572,0.03706542926364475,Asientos,3.5,chronos,abordar
2025-12-09 19:00:00,San Martin,metro_l1,San Martin,564.3719482421875,474.9300537109375,650.6719360351562,3.5,20571.428571428572,0.027434747483995225,Asientos,3.5,chronos,abordar
2025-12-09 20:00:00,San Martin,metro_l1,San Martin,424.0282897949219,356.1469421386719,520.7266235351562,3.5,20571.428571428572,0.020612486309475368,Asientos,3.5,chronos,abordar
2025-12-09 21:00:00,San Martin,metro_l1,San Martin,347.4572448730469,265.9902038574219,452.53363037109375,3.5,20571.428571428572,0.016890282736884223,Asientos,3.5,chronos,abordar
2025-12-09 22:00:00,San Martin,metro_l1,San Martin,18.62420654296875,0.0,83.1474609375,3.5,20571.428571428572,0.0009053433736165364,Asientos,3.5,chronos,abordar
2025-12-09 23:00:00,San Martin,metro_l1,San Martin,0.0,0.0,32.68731689453125,3.5,20571.428571428572,0.0,Asientos,3.5,chronos,abordar
2025-12-09 00:00:00,Santa Rosa,metro_l1,Santa Rosa,0.0,0.0,32.20916748046875,3.5,20571.428571428572,0.0,Asientos,3.5,chronos,abordar
2025-12-09 01:00:00,Santa Rosa,metro_l1,Santa Rosa,0.0,0.0,41.62762451171875,3.5,20571.428571428572,0.0,Asientos,3.5,chronos,abordar
2025-12-09 02:00:00,Santa Rosa,metro_l1,Santa Rosa,0.0,0.0,43.08050537109375,3.5,20571.428571428572,0.0,Asientos,3.5,chronos,abordar
2025-12-09 03:00:00,Santa Rosa,metro_l1,Santa Rosa,0.0,0.0,72.92987060546875,3.5,20571.428571428572,0.0,Asientos,3.5,chronos,abordar
2025-12-09 04:00:00,Santa Rosa,metro_l1,Santa Rosa,22.5069580078125,0.0,140.82937622070312,3.5,20571.428571428572,0.0010940882364908853,Asientos,3.5,chronos,abordar
2025-12-09 05:00:00,Santa Rosa,metro_l1,Santa Rosa,795.9788818359375,527.8131713867188,993.3347778320312,3.5,20571.428571428572,0.03869341786702474,Asientos,3.5,chronos,abordar
2025-12-09 06:00:00,Santa Rosa,metro_l1,Santa Rosa,1627.639892578125,1183.88720703125,1871.7467041015625,3.5,20571.428571428572,0.07912138366699219,De_pie,3.8500000000000005,chronos,abordar
2025-12-09 07:00:00,Santa Rosa,metro_l1,Santa Rosa,1728.701904296875,1302.710205078125,1926.6431884765625,3.5,20571.428571428572,0.08403412034776475,De_pie,3.8500000000000005,chronos,abordar
2025-12-09 08:00:00,Santa Rosa,metro_l1,Santa Rosa,1721.6170654296875,1321.754150390625,1900.7083740234375,3.5,20571.428571428572,0.08368971845838759,De_pie,3.8500000000000005,chronos,abordar
2025-12-09 09:00:00,Santa Rosa,metro_l1,Santa Rosa,1628.107666015625,1264.421142578125,1819.367431640625,3.5,20571.428571428572,0.07914412265353732,De_pie,3.8500000000000005,chronos,abordar
2025-12-09 10:00:00,Santa Rosa,metro_l1,Santa Rosa,1135.528564453125,872.7105712890625,1323.65869140625,3.5,20571.428571428572,0.05519930521647135,Asientos,3.5,chronos,abordar
2025-12-09 11:00:00,Santa Rosa,metro_l1,Santa Rosa,933.8284301757812,737.1759033203125,1103.256591796875,3.5,20571.428571428572,0.04539443757798937,Asientos,3.5,chronos,abordar
2025-12-09 12:00:00,Santa Rosa,metro_l1,Santa Rosa,817.9654541015625,671.2429809570312,964.5379638671875,3.5,20571.428571428572,0.03976220957438151,Asientos,3.5,chronos,abordar
2025-12-09 13:00:00,Santa Rosa,metro_l1,Santa Rosa,818.6263427734375,691.475830078125,952.572998046875,3.5,20571.428571428572,0.0397943361070421,Asientos,3.5,chronos,abordar
2025-12-09 14:00:00,Santa Rosa,metro_l1,Santa Rosa,816.400390625,692.6351928710938,933.643310546875,3.5,20571.428571428572,0.03968613009982639,Asientos,3.5,chronos,abordar
2025-12-09 15:00:00,Santa Rosa,metro_l1,Santa Rosa,790.7431030273438,661.21826171875,906.0916748046875,3.5,20571.428571428572,0.038438900841606984,Asientos,3.5,chronos,abordar
2025-12-09 16:00:00,Santa Rosa,metro_l1,Santa Rosa,736.9325561523438,592.272216796875,838.8228149414062,3.5,20571.428571428572,0.03582311036851671,Asientos,3.5,chronos,abordar
2025-12-09 17:00:00,Santa Rosa,metro_l1,Santa Rosa,816.2899169921875,671.43798828125,928.16162109375,3.5,20571.428571428572,0.03968075985378689,Asientos,3.5,chronos,abordar
2025-12-09 18:00:00,Santa Rosa,metro_l1,Santa Rosa,754.4149169921875,614.8025512695312,868.1405029296875,3.5,20571.428571428572,0.03667294735378689,Asientos,3.5,chronos,abordar
2025-12-09 19:00:00,Santa Rosa,metro_l1,Santa Rosa,579.9810180664062,463.60205078125,692.76513671875,3.5,20571.428571428572,0.028193521711561413,Asientos,3.5,chronos,abordar
2025-12-09 20:00:00,Santa Rosa,metro_l1,Santa Rosa,374.8005676269531,285.9654541015625,478.40655517578125,3.5,20571.428571428572,0.01821947203742133,Asientos,3.5,chronos,abordar
2025-12-09 21:00:00,Santa Rosa,metro_l1,Santa Rosa,218.04788208007812,159.22048950195312,300.9508056640625,3.5,20571.428571428572,0.010599549823337131,Asientos,3.5,chronos,abordar
2025-12-09 22:00:00,Santa Rosa,metro_l1,Santa Rosa,24.2933349609375,0.0,72.10894775390625,3.5,20571.428571428572,0.0011809260050455728,Asientos,3.5,chronos,abordar
2025-12-09 23:00:00,Santa Rosa,metro_l1,Santa Rosa,0.0,0.0,47.3563232421875,3.5,20571.428571428572,0.0,Asientos,3.5,chronos,abordar
2025-12-09 00:00:00,Villa El Salvador,metro_l1,Villa El Salvador,0.0,0.0,62.197265625,3.5,20571.428571428572,0.0,Asientos,3.5,chronos,abordar
2025-12-09 01:00:00,Villa El Salvador,metro_l1,Villa El Salvador,0.0,0.0,92.3121337890625,3.5,20571.428571428572,0.0,Asientos,3.5,chronos,abordar
2025-12-09 02:00:00,Villa El Salvador,metro_l1,Villa El Salvador,0.0,0.0,118.334228515625,3.5,20571.428571428572,0.0,Asientos,3.5,chronos,abordar
2025-12-09 03:00:00,Villa El Salvador,metro_l1,Villa El Salvador,0.0,0.0,180.20947265625,3.5,20571.428571428572,0.0,Asientos,3.5,chronos,abordar
2025-12-09 04:00:00,Villa El Salvador,metro_l1,Villa El Salvador,65.097900390625,0.0,398.751953125,3.5,20571.428571428572,0.0031644812689887152,Asientos,3.5,chronos,abordar
2025-12-09 05:00:00,Villa El Salvador,metro_l1,Villa El Salvador,2022.749267578125,1240.576171875,2616.09912109375,3.5,20571.428571428572,0.09832808939615885,De_pie,3.8500000000000005,chronos,abordar
2025-12-09 06:00:00,Villa El Salvador,metro_l1,Villa El Salvador,4597.41552734375,3212.867431640625,5381.6162109375,3.5,20571.428571428572,0.2234854770236545,Saturado,4.55,chronos,cambiar_paradero
2025-12-09 07:00:00,Villa El Salvador,metro_l1,Villa El Salvador,5262.443359375,3790.0927734375,5969.591796875,3.5,20571.428571428572,0.25581321885850694,Saturado,4.55,chronos,cambiar_paradero
2025-12-09 08:00:00,Villa El Salvador,metro_l1,Villa El Salvador,4788.138671875,3502.162109375,5412.09619140625,3.5,20571.428571428572,0.2327567409939236,Saturado,4.55,chronos,cambiar_paradero
2025-12-09 09:00:00,Villa El Salvador,metro_l1,Villa El Salvador,3934.363525390625,2893.74853515625,4503.08837890625,3.5,20571.428571428572,0.19125378248426647,Saturado,4.55,chronos,esperar_siguiente
2025-12-09 10:00:00,Villa El Salvador,metro_l1,Villa El Salvador,2787.06396484375,2052.603759765625,3308.8388671875,3.5,20571.428571428572,0.1354822760687934,De_pie,3.8500000000000005,chronos,abordar
2025-12-09 11:00:00,Villa El Salvador,metro_l1,Villa El Salvador,2348.84814453125,1793.0914306640625,2851.150146484375,3.5,20571.428571428572,0.11418011813693575,De_pie,3.8500000000000005,chronos,abordar
2025-12-09 12:00:00,Villa El Salvador,metro_l1,Villa El Salvador,2121.72412109375,1690.2938232421875,2567.861328125,3.5,20571.428571428572,0.10313936699761284,De_pie,3.8500000000000005,chronos,abordar
2025-12-09 13:00:00,Villa El Salvador,metro_l1,Villa El Salvador,2094.27197265625,1712.1943359375,2499.33740234375,3.5,20571.428571428572,0.10180488755967881,De_pie,3.8500000000000005,chronos,abordar
2025-12-09 14:00:00,Villa El Salvador,metro_l1,Villa El Salvador,2034.573974609375,1680.6357421875,2382.25341796875,3.5,20571.428571428572,0.09890290154351128,De_pie,3.8500000000000005,chronos,abordar
2025-12-09 15:00:00,Villa El Salvador,metro_l1,Villa El Salvador,1883.52783203125,1557.989013671875,2188.16015625,3.5,20571.428571428572,0.09156038072374131,De_pie,3.8500000000000005,chronos,abordar
2025-12-09 16:00:00,Villa El Salvador,metro_l1,Villa El Salvador,1842.1978759765625,1479.25390625,2092.29833984375,3.5,20571.428571428572,0.08955128563774956,De_pie,3.8500000000000005,chronos,abordar
2025-12-09 17:00:00,Villa El Salvador,metro_l1,Villa El Salvador,2042.3311767578125,1656.8837890625,2326.310302734375,3.5,20571.428571428572,0.09927998775906033,De_pie,3.8500000000000005,chronos,abordar
2025-12-09 18:00:00,Villa El Salvador,metro_l1,Villa El Salvador,1804.30712890625,1463.6986083984375,2072.849853515625,3.5,20571.428571428572,0.0877093743218316,De_pie,3.8500000000000005,chronos,abordar
2025-12-09 19:00:00,Villa El Salvador,metro_l1,Villa El Salvador,1360.223876953125,1076.3095703125,1627.0914306640625,3.5,20571.428571428572,0.06612199401855469,De_pie,3.8500000000000005,chronos,abordar
2025-12-09 20:00:00,Villa El Salvador,metro_l1,Villa El Salvador,918.4020385742188,689.2413330078125,1197.47900390625,3.5,20571.428571428572,0.0446445435418023,Asientos,3.5,chronos,abordar
2025-12-09 21:00:00,Villa El Salvador,metro_l1,Villa El Salvador,495.8350830078125,327.0794677734375,718.5852661132812,3.5,20571.428571428572,0.024103094312879773,Asientos,3.5,chronos,abordar
2025-12-09 22:00:00,Villa El Salvador,metro_l1,Villa El Salvador,68.933349609375,0.0,194.6064453125,3.5,20571.428571428572,0.0033509267171223955,Asientos,3.5,chronos,abordar
2025-12-09 23:00:00,Villa El Salvador,metro_l1,Villa El Salvador,0.0,0.0,113.1834716796875,3.5,20571.428571428572,0.0,Asientos,3.5,chronos,abordar
2025-12-09 00:00:00,Villa Maria,metro_l1,Villa Maria,0.0,0.0,28.8272705078125,3.5,20571.428571428572,0.0,Asientos,3.5,chronos,abordar
2025-12-09 01:00:00,Villa Maria,metro_l1,Villa Maria,0.0,0.0,49.97381591796875,3.5,20571.428571428572,0.0,Asientos,3.5,chronos,abordar
2025-12-09 02:00:00,Villa Maria,metro_l1,Villa Maria,0.0,0.0,53.23394775390625,3.5,20571.428571428572,0.0,Asientos,3.5,chronos,abordar
2025-12-09 03:00:00,Villa Maria,metro_l1,Villa Maria,0.0,0.0,87.58807373046875,3.5,20571.428571428572,0.0,Asientos,3.5,chronos,abordar
2025-12-09 04:00:00,Villa Maria,metro_l1,Villa Maria,32.9002685546875,0.0,200.3739013671875,3.5,20571.428571428572,0.001599318610297309,Asientos,3.5,chronos,abordar
2025-12-09 05:00:00,Villa Maria,metro_l1,Villa Maria,1089.4332275390625,701.8818359375,1370.498291015625,3.5,20571.428571428572,0.05295855967203776,Asientos,3.5,chronos,abordar
2025-12-09 06:00:00,Villa Maria,metro_l1,Villa Maria,2125.005126953125,1511.5435791015625,2470.783935546875,3.5,20571.428571428572,0.10329886033799912,De_pie,3.8500000000000005,chronos,abordar
2025-12-09 07:00:00,Villa Maria,metro_l1,Villa Maria,2522.0986328125,1845.20947265625,2834.05078125,3.5,20571.428571428572,0.12260201687282986,De_pie,3.8500000000000005,chronos,abordar
2025-12-09 08:00:00,Villa Maria,metro_l1,Villa Maria,2373.65625,1774.7564697265625,2646.736328125,3.5,20571.428571428572,0.11538606770833333,De_pie,3.8500000000000005,chronos,abordar
2025-12-09 09:00:00,Villa Maria,metro_l1,Villa Maria,1976.241455078125,1488.7998046875,2229.847412109375,3.5,20571.428571428572,0.09606729295518662,De_pie,3.8500000000000005,chronos,abordar
2025-12-09 10:00:00,Villa Maria,metro_l1,Villa Maria,1436.614990234375,1087.200439453125,1677.5343017578125,3.5,20571.428571428572,0.06983545091417101,De_pie,3.8500000000000005,chronos,abordar
2025-12-09 11:00:00,Villa Maria,metro_l1,Villa Maria,1242.833251953125,973.10888671875,1481.526123046875,3.5,20571.428571428572,0.060415505303276905,Asientos,3.5,chronos,abordar
2025-12-09 12:00:00,Villa Maria,metro_l1,Villa Maria,1162.869873046875,942.5260620117188,1384.526611328125,3.5,20571.428571428572,0.05652839660644531,Asientos,3.5,chronos,abordar
2025-12-09 13:00:00,Villa Maria,metro_l1,Villa Maria,1103.0439453125,915.868408203125,1299.838623046875,3.5,20571.428571428572,0.053620191786024306,Asientos,3.5,chronos,abordar
2025-12-09 14:00:00,Villa Maria,metro_l1,Villa Maria,999.1967163085938,833.8313598632812,1158.9178466796875,3.5,20571.428571428572,0.048572062598334416,Asientos,3.5,chronos,abordar
2025-12-09 15:00:00,Villa Maria,metro_l1,Villa Maria,932.3821411132812,768.8046875,1082.596923828125,3.5,20571.428571428572,0.04532413185967339,Asientos,3.5,chronos,abordar
2025-12-09 16:00:00,Villa Maria,metro_l1,Villa Maria,936.2628173828125,745.8887329101562,1071.4442138671875,3.5,20571.428571428572,0.04551277584499783,Asientos,3.5,chronos,abordar
2025-12-09 17:00:00,Villa Maria,metro_l1,Villa Maria,1117.057861328125,908.2015380859375,1262.373291015625,3.5,20571.428571428572,0.05430142381456163,Asientos,3.5,chronos,abordar
2025-12-09 18:00:00,Villa Maria,metro_l1,Villa Maria,894.7464599609375,736.4960327148438,1012.9713745117188,3.5,20571.428571428572,0.04349461958143446,Asientos,3.5,chronos,abordar
2025-12-09 19:00:00,Villa Maria,metro_l1,Villa Maria,610.1549072265625,501.3379211425781,715.3099365234375,3.5,20571.428571428572,0.02966030799018012,Asientos,3.5,chronos,abordar
2025-12-09 20:00:00,Villa Maria,metro_l1,Villa Maria,407.9090576171875,321.8937683105469,519.66845703125,3.5,20571.428571428572,0.019828912523057726,Asientos,3.5,chronos,abordar
2025-12-09 21:00:00,Villa Maria,metro_l1,Villa Maria,231.80987548828125,168.3748779296875,328.5455017089844,3.5,20571.428571428572,0.011268535614013671,Asientos,3.5,chronos,abordar
2025-12-09 22:00:00,Villa Maria,metro_l1,Villa Maria,53.2177734375,2.70538330078125,116.173828125,3.5,20571.428571428572,0.00258697509765625,Asientos,3.5,chronos,abordar
2025-12-09 23:00:00,Villa Maria,metro_l1,Villa Maria,0.0,0.0,44.0185546875,3.5,20571.428571428572,0.0,Asientos,3.5,chronos,abordar
