Fecha_Hora,Estacion,Validaciones_pron,Val_q10,Val_q90,Cap_Total,Ocupacion_pron,Hora_n,Validaciones,oc_level,ETA_pron,recomendacion
2026-08-31 00:00:00,(02000) Portal Norte - Unicervantes,0.0,0.0,87.522705,210.0,0.0,0,1.2105263157894737,Bajo,,Normal
2026-08-31 01:00:00,(02000) Portal Norte - Unicervantes,0.0,0.0,154.97607,210.0,0.0,1,,Bajo,,Normal
2026-08-31 02:00:00,(02000) Portal Norte - Unicervantes,0.0,0.0,168.61646,210.0,0.0,2,,Bajo,,Normal
2026-08-31 03:00:00,(02000) Portal Norte - Unicervantes,51.651367,0.0,334.60388,210.0,0.24595889449119568,3,,Bajo,,Normal
2026-08-31 04:00:00,(02000) Portal Norte - Unicervantes,688.32056,213.47705,1189.4127,210.0,3.277716875076294,4,461.88709677419354,Medio,0.8281428571428572,CRITICO: refuerzo inmediato
2026-08-31 05:00:00,(02000) Portal Norte - Unicervantes,4395.738,3039.8242,5351.1797,210.0,20.932085037231445,5,3349.2903225806454,Alto,0.33738095238095245,CRITICO: refuerzo inmediato
2026-08-31 06:00:00,(02000) Portal Norte - Unicervantes,8829.234,6401.688,10237.697,210.0,42.04397201538086,6,6609.774193548387,Alto,0.27052380952380956,CRITICO: refuerzo inmediato
2026-08-31 07:00:00,(02000) Portal Norte - Unicervantes,9239.844,6850.253,10457.632,210.0,43.9992561340332,7,6885.629032258064,Alto,0.24080952380952383,CRITICO: refuerzo inmediato
2026-08-31 08:00:00,(02000) Portal Norte - Unicervantes,5816.677,4220.2715,6768.98,210.0,27.698461532592773,8,4760.9838709677415,Alto,0.2336904761904762,CRITICO: refuerzo inmediato
2026-08-31 09:00:00,(02000) Portal Norte - Unicervantes,4284.124,3142.747,4969.2,210.0,20.400590896606445,9,3626.4032258064517,Alto,0.27764285714285714,CRITICO: refuerzo inmediato
2026-08-31 10:00:00,(02000) Portal Norte - Unicervantes,3248.2563,2421.0154,3832.986,210.0,15.467886924743652,10,2958.6129032258063,Alto,0.3268571428571429,CRITICO: refuerzo inmediato
2026-08-31 11:00:00,(02000) Portal Norte - Unicervantes,2869.8027,2256.788,3443.6895,210.0,13.665727615356445,11,2799.1290322580644,Alto,0.3392380952380953,CRITICO: refuerzo inmediato
2026-08-31 12:00:00,(02000) Portal Norte - Unicervantes,2943.767,2398.9348,3557.2334,210.0,14.017938613891602,12,2755.0806451612902,Alto,0.3370714285714286,CRITICO: refuerzo inmediato
2026-08-31 13:00:00,(02000) Portal Norte - Unicervantes,2846.8315,2384.3843,3449.3706,210.0,13.556340217590332,13,2806.3870967741937,Alto,0.3410952380952381,CRITICO: refuerzo inmediato
2026-08-31 14:00:00,(02000) Portal Norte - Unicervantes,2755.1619,2328.5366,3295.4983,210.0,13.119818687438965,14,2570.7096774193546,Alto,0.34078571428571425,CRITICO: refuerzo inmediato
2026-08-31 15:00:00,(02000) Portal Norte - Unicervantes,3265.3633,2649.3394,3985.1812,210.0,15.549348831176758,15,2817.2096774193546,Alto,0.316952380952381,CRITICO: refuerzo inmediato
2026-08-31 16:00:00,(02000) Portal Norte - Unicervantes,4841.002,3743.586,5744.199,210.0,23.052391052246094,16,3806.516129032258,Alto,0.2754761904761905,CRITICO: refuerzo inmediato
2026-08-31 17:00:00,(02000) Portal Norte - Unicervantes,5046.992,3955.683,5959.079,210.0,24.033296585083008,17,3984.4193548387098,Alto,0.25628571428571434,CRITICO: refuerzo inmediato
2026-08-31 18:00:00,(02000) Portal Norte - Unicervantes,3475.9116,2638.8818,4272.8013,210.0,16.551959991455078,18,3110.983870967742,Alto,0.25845238095238093,CRITICO: refuerzo inmediato
2026-08-31 19:00:00,(02000) Portal Norte - Unicervantes,1969.3483,1456.7179,2605.5122,210.0,9.377848625183105,19,2146.7903225806454,Alto,0.2816666666666667,CRITICO: refuerzo inmediato
2026-08-31 20:00:00,(02000) Portal Norte - Unicervantes,684.4009,349.87488,1148.5742,210.0,3.25905179977417,20,748.6935483870968,Medio,0.2975238095238096,CRITICO: refuerzo inmediato
2026-08-31 21:00:00,(02000) Portal Norte - Unicervantes,169.11621,0.0,540.6758,210.0,0.8053153157234192,21,347.73015873015873,Bajo,0.3661904761904762,ALTO: considerar refuerzo
2026-08-31 22:00:00,(02000) Portal Norte - Unicervantes,24.194092,0.0,339.11035,210.0,0.11520995944738388,22,96.66129032258064,Bajo,0.5252380952380952,Normal
2026-08-31 23:00:00,(02000) Portal Norte - Unicervantes,0.0,0.0,288.10986,210.0,0.0,23,4.806451612903226,Bajo,1.0154761904761904,Normal
2026-08-31 00:00:00,(02001) Centro Comercial Santa Fe,0.0,0.0,0.32244873,152.0,0.0,0,,Bajo,,Normal
2026-08-31 01:00:00,(02001) Centro Comercial Santa Fe,0.0,0.0,5.652649,152.0,0.0,1,,Bajo,,Normal
2026-08-31 02:00:00,(02001) Centro Comercial Santa Fe,0.0,0.0,13.005615,152.0,0.0,2,,Bajo,,Normal
2026-08-31 03:00:00,(02001) Centro Comercial Santa Fe,0.0,0.0,26.434723,152.0,0.0,3,,Bajo,,Normal
2026-08-31 04:00:00,(02001) Centro Comercial Santa Fe,42.39467,0.0,94.89546,152.0,0.2789123058319092,4,20.774193548387096,Bajo,8.514761904761905,Normal
2026-08-31 05:00:00,(02001) Centro Comercial Santa Fe,367.22467,224.26752,478.94415,152.0,2.415951728820801,5,253.17741935483872,Medio,1.5842619047619049,CRITICO: refuerzo inmediato
2026-08-31 06:00:00,(02001) Centro Comercial Santa Fe,1112.3677,796.27466,1296.5709,152.0,7.31820821762085,6,780.8548387096774,Alto,1.1795952380952381,CRITICO: refuerzo inmediato
2026-08-31 07:00:00,(02001) Centro Comercial Santa Fe,1250.4447,932.9425,1409.2593,152.0,8.22661018371582,7,865.7741935483871,Alto,1.0226666666666666,CRITICO: refuerzo inmediato
2026-08-31 08:00:00,(02001) Centro Comercial Santa Fe,671.602,490.43378,776.29816,152.0,4.418434143066406,8,504.51612903225805,Medio,0.8318095238095239,CRITICO: refuerzo inmediato
2026-08-31 09:00:00,(02001) Centro Comercial Santa Fe,457.01526,326.13098,526.2413,152.0,3.0066792964935303,9,357.2741935483871,Medio,0.9281904761904762,CRITICO: refuerzo inmediato
2026-08-31 10:00:00,(02001) Centro Comercial Santa Fe,344.8951,242.44821,410.45584,152.0,2.2690467834472656,10,298.03225806451616,Medio,1.0541666666666667,CRITICO: refuerzo inmediato
2026-08-31 11:00:00,(02001) Centro Comercial Santa Fe,316.1704,239.17336,388.02997,152.0,2.080068588256836,11,291.14516129032256,Medio,1.0672619047619047,CRITICO: refuerzo inmediato
2026-08-31 12:00:00,(02001) Centro Comercial Santa Fe,330.44452,261.68216,408.5432,152.0,2.1739771366119385,12,296.7741935483871,Medio,1.058095238095238,CRITICO: refuerzo inmediato
2026-08-31 13:00:00,(02001) Centro Comercial Santa Fe,333.56976,265.07272,418.53473,152.0,2.194537878036499,13,321.2258064516129,Medio,1.0714523809523813,CRITICO: refuerzo inmediato
2026-08-31 14:00:00,(02001) Centro Comercial Santa Fe,345.37012,276.76303,429.01013,152.0,2.27217173576355,14,301.5238095238095,Medio,1.0762093023255814,CRITICO: refuerzo inmediato
2026-08-31 15:00:00,(02001) Centro Comercial Santa Fe,436.06555,343.74216,542.2491,152.0,2.868852376937866,15,365.968253968254,Medio,1.021720930232558,CRITICO: refuerzo inmediato
2026-08-31 16:00:00,(02001) Centro Comercial Santa Fe,625.3262,479.1272,749.6192,152.0,4.113987922668457,16,473.968253968254,Medio,0.9043023255813954,CRITICO: refuerzo inmediato
2026-08-31 17:00:00,(02001) Centro Comercial Santa Fe,632.13525,492.049,757.34717,152.0,4.15878438949585,17,512.984126984127,Medio,0.8556976744186048,CRITICO: refuerzo inmediato
2026-08-31 18:00:00,(02001) Centro Comercial Santa Fe,466.0346,366.52274,567.22925,152.0,3.0660171508789062,18,416.26984126984127,Medio,0.8122093023255814,CRITICO: refuerzo inmediato
2026-08-31 19:00:00,(02001) Centro Comercial Santa Fe,308.43063,246.55469,391.91794,152.0,2.029148817062378,19,325.6507936507937,Medio,0.8881860465116279,CRITICO: refuerzo inmediato
2026-08-31 20:00:00,(02001) Centro Comercial Santa Fe,194.17657,140.82123,274.21628,152.0,1.277477502822876,20,238.1904761904762,Medio,1.1005116279069769,CRITICO: refuerzo inmediato
2026-08-31 21:00:00,(02001) Centro Comercial Santa Fe,111.488235,64.47766,185.22252,152.0,0.7334752082824707,21,171.40322580645162,Bajo,1.0661904761904761,ALTO: considerar refuerzo
2026-08-31 22:00:00,(02001) Centro Comercial Santa Fe,16.897491,0.0,65.36415,152.0,0.11116770654916763,22,44.833333333333336,Bajo,1.60875,Normal
2026-08-31 23:00:00,(02001) Centro Comercial Santa Fe,0.0,0.0,28.439178,152.0,0.0,23,1.6428571428571428,Bajo,3.004,Normal
2026-08-31 00:00:00,(02101) Toberin,0.0,0.0,0.0,552.0,0.0,0,,Bajo,,Normal
2026-08-31 01:00:00,(02101) Toberin,0.0,0.0,0.9254761,552.0,0.0,1,,Bajo,,Normal
2026-08-31 02:00:00,(02101) Toberin,0.0,0.0,52.94684,552.0,0.0,2,,Bajo,,Normal
2026-08-31 03:00:00,(02101) Toberin,0.0,0.0,96.18536,552.0,0.0,3,,Bajo,,Normal
2026-08-31 04:00:00,(02101) Toberin,135.844,0.0,289.13257,552.0,0.24609419703483582,4,54.03225806451613,Bajo,3.711666666666667,Normal
2026-08-31 05:00:00,(02101) Toberin,946.0789,527.4869,1298.4535,552.0,1.7139110565185547,5,616.0,Medio,0.561,CRITICO: refuerzo inmediato
2026-08-31 06:00:00,(02101) Toberin,3554.9941,2530.5203,4164.195,552.0,6.440207004547119,6,2500.016129032258,Alto,0.4150714285714286,CRITICO: refuerzo inmediato
2026-08-31 07:00:00,(02101) Toberin,4303.67,3166.9841,4885.3887,552.0,7.79650354385376,7,2979.064516129032,Alto,0.3630714285714286,CRITICO: refuerzo inmediato
2026-08-31 08:00:00,(02101) Toberin,2337.7825,1704.6619,2703.6096,552.0,4.235113143920898,8,1709.3548387096773,Medio,0.30983333333333335,CRITICO: refuerzo inmediato
2026-08-31 09:00:00,(02101) Toberin,1498.7415,1057.3716,1718.8098,552.0,2.715111255645752,9,1154.3548387096773,Medio,0.36954761904761907,CRITICO: refuerzo inmediato
2026-08-31 10:00:00,(02101) Toberin,1091.3606,769.65546,1285.0702,552.0,1.977102518081665,10,954.1612903225806,Medio,0.42926190476190484,CRITICO: refuerzo inmediato
2026-08-31 11:00:00,(02101) Toberin,916.1067,700.99304,1111.893,552.0,1.6596136093139648,11,873.983870967742,Medio,0.45492857142857146,CRITICO: refuerzo inmediato
2026-08-31 12:00:00,(02101) Toberin,956.32574,772.32605,1185.3179,552.0,1.7324742078781128,12,840.8548387096774,Medio,0.4447142857142858,CRITICO: refuerzo inmediato
2026-08-31 13:00:00,(02101) Toberin,958.99414,760.0397,1223.2524,552.0,1.7373082637786865,13,852.2096774193549,Medio,0.4473333333333333,CRITICO: refuerzo inmediato
2026-08-31 14:00:00,(02101) Toberin,997.13074,784.7704,1273.3013,552.0,1.806396245956421,14,827.258064516129,Medio,0.4460238095238096,CRITICO: refuerzo inmediato
2026-08-31 15:00:00,(02101) Toberin,1288.5946,978.91626,1666.3066,552.0,2.3344104290008545,15,977.483870967742,Medio,0.40621428571428575,CRITICO: refuerzo inmediato
2026-08-31 16:00:00,(02101) Toberin,2260.1353,1686.9414,2738.922,552.0,4.094448089599609,16,1479.1774193548388,Medio,0.3653571428571429,CRITICO: refuerzo inmediato
2026-08-31 17:00:00,(02101) Toberin,2357.018,1755.1184,2843.968,552.0,4.269960403442383,17,1662.8709677419354,Medio,0.3357619047619048,CRITICO: refuerzo inmediato
2026-08-31 18:00:00,(02101) Toberin,1412.6594,1044.0427,1815.6428,552.0,2.5591657161712646,18,1106.1451612903227,Medio,0.33916666666666667,CRITICO: refuerzo inmediato
2026-08-31 19:00:00,(02101) Toberin,685.4164,494.26956,956.0357,552.0,1.2416963577270508,19,615.6935483870968,Medio,0.37792857142857145,CRITICO: refuerzo inmediato
2026-08-31 20:00:00,(02101) Toberin,230.63287,111.85663,439.44272,552.0,0.41781318187713623,20,226.61290322580646,Bajo,0.43404761904761907,Normal
2026-08-31 21:00:00,(02101) Toberin,64.28943,0.0,241.14014,552.0,0.11646635830402374,21,98.7741935483871,Bajo,0.5457142857142857,Normal
2026-08-31 22:00:00,(02101) Toberin,1.8587036,0.0,143.07788,552.0,0.003367216791957617,22,34.47540983606557,Bajo,0.8292682926829268,Normal
2026-08-31 23:00:00,(02101) Toberin,0.0,0.0,112.962036,552.0,0.0,23,1.8333333333333333,Bajo,1.6278947368421053,Normal
2026-08-31 00:00:00,(02102) Calle 161,0.0,0.0,0.0,96.0,0.0,0,,Bajo,,Normal
2026-08-31 01:00:00,(02102) Calle 161,0.0,0.0,0.0,96.0,0.0,1,,Bajo,,Normal
2026-08-31 02:00:00,(02102) Calle 161,0.0,0.0,5.096199,96.0,0.0,2,,Bajo,,Normal
2026-08-31 03:00:00,(02102) Calle 161,0.0,0.0,9.530479,96.0,0.0,3,,Bajo,,Normal
2026-08-31 04:00:00,(02102) Calle 161,9.757431,0.0,29.244415,96.0,0.10163990408182144,4,5.810344827586207,Bajo,10.07825,Normal
2026-08-31 05:00:00,(02102) Calle 161,94.3932,48.991516,137.55554,96.0,0.9832625389099121,5,69.74193548387096,Bajo,1.483095238095238,CRITICO: refuerzo inmediato
2026-08-31 06:00:00,(02102) Calle 161,398.36185,290.8404,469.1184,96.0,4.14960241317749,6,281.6290322580645,Medio,1.1570952380952382,CRITICO: refuerzo inmediato
2026-08-31 07:00:00,(02102) Calle 161,514.0592,384.55423,586.92194,96.0,5.354783535003662,7,348.7741935483871,Alto,1.2554285714285716,CRITICO: refuerzo inmediato
2026-08-31 08:00:00,(02102) Calle 161,309.82822,231.64398,362.50464,96.0,3.22737717628479,8,223.48387096774192,Medio,1.0599285714285716,CRITICO: refuerzo inmediato
2026-08-31 09:00:00,(02102) Calle 161,226.58163,165.6537,264.82953,96.0,2.3602254390716553,9,168.24193548387098,Medio,1.2725952380952381,CRITICO: refuerzo inmediato
2026-08-31 10:00:00,(02102) Calle 161,184.90576,135.1673,223.73549,96.0,1.9261016845703125,10,157.83870967741936,Medio,1.431309523809524,CRITICO: refuerzo inmediato
2026-08-31 11:00:00,(02102) Calle 161,163.031,125.01057,201.78345,96.0,1.6982396841049194,11,146.43548387096774,Medio,1.435761904761905,CRITICO: refuerzo inmediato
2026-08-31 12:00:00,(02102) Calle 161,150.63037,121.06435,190.97423,96.0,1.5690664052963257,12,140.25806451612902,Medio,1.4611666666666667,CRITICO: refuerzo inmediato
2026-08-31 13:00:00,(02102) Calle 161,136.39401,109.24504,175.34131,96.0,1.4207710027694702,13,126.11290322580645,Medio,1.4362857142857144,CRITICO: refuerzo inmediato
2026-08-31 14:00:00,(02102) Calle 161,159.60828,127.98472,202.85303,96.0,1.6625862121582031,14,138.3709677419355,Medio,1.435761904761905,CRITICO: refuerzo inmediato
2026-08-31 15:00:00,(02102) Calle 161,230.43951,178.28302,293.01483,96.0,2.400411605834961,15,179.53225806451613,Medio,1.318952380952381,CRITICO: refuerzo inmediato
2026-08-31 16:00:00,(02102) Calle 161,423.25525,319.89685,502.987,96.0,4.408908843994141,16,289.7096774193548,Medio,1.1751666666666667,CRITICO: refuerzo inmediato
2026-08-31 17:00:00,(02102) Calle 161,469.78366,350.4372,555.37915,96.0,4.893579959869385,17,342.19354838709677,Alto,1.2637857142857143,CRITICO: refuerzo inmediato
2026-08-31 18:00:00,(02102) Calle 161,273.43787,206.62575,338.72406,96.0,2.848311185836792,18,212.01612903225808,Medio,1.0782619047619049,CRITICO: refuerzo inmediato
2026-08-31 19:00:00,(02102) Calle 161,115.85881,83.85561,155.28842,96.0,1.2068625688552856,19,105.06451612903226,Bajo,1.091190476190476,CRITICO: refuerzo inmediato
2026-08-31 20:00:00,(02102) Calle 161,40.775894,18.3014,70.576805,96.0,0.42474889755249023,20,32.41935483870968,Bajo,1.4521428571428572,Normal
2026-08-31 21:00:00,(02102) Calle 161,9.86219,0.0,34.934853,96.0,0.1027311459183693,21,15.35483870967742,Bajo,1.7778571428571428,Normal
2026-08-31 22:00:00,(02102) Calle 161,1.192009,0.0,19.7033,96.0,0.012416760437190533,22,4.90566037735849,Bajo,2.4361111111111113,Normal
2026-08-31 23:00:00,(02102) Calle 161,0.0,0.0,12.083031,96.0,0.0,23,1.6666666666666667,Bajo,5.0280000000000005,Normal
2026-08-31 00:00:00,(02103) Mazurén,0.0,0.0,0.0,248.0,0.0,0,,Bajo,,Normal
2026-08-31 01:00:00,(02103) Mazurén,0.0,0.0,6.425293,248.0,0.0,1,,Bajo,,Normal
2026-08-31 02:00:00,(02103) Mazurén,0.0,0.0,24.30719,248.0,0.0,2,,Bajo,,Normal
2026-08-31 03:00:00,(02103) Mazurén,0.0,0.0,35.585022,248.0,0.0,3,,Bajo,,Normal
2026-08-31 04:00:00,(02103) Mazurén,44.785492,0.0,113.34184,248.0,0.18058666586875916,4,14.15,Bajo,11.048780487804878,Normal
2026-08-31 05:00:00,(02103) Mazurén,440.25552,230.35594,612.2833,248.0,1.7752238512039185,5,281.2741935483871,Medio,1.184857142857143,CRITICO: refuerzo inmediato
2026-08-31 06:00:00,(02103) Mazurén,1686.308,1171.727,1992.0018,248.0,6.799628734588623,6,1140.8709677419354,Alto,0.7444047619047619,CRITICO: refuerzo inmediato
2026-08-31 07:00:00,(02103) Mazurén,2054.65,1482.8292,2349.866,248.0,8.284878730773926,7,1412.532258064516,Alto,0.6332857142857143,CRITICO: refuerzo inmediato
2026-08-31 08:00:00,(02103) Mazurén,1185.4769,846.15735,1378.0032,248.0,4.780148983001709,8,825.1612903225806,Alto,0.6676428571428572,CRITICO: refuerzo inmediato
2026-08-31 09:00:00,(02103) Mazurén,704.7557,478.5219,823.1216,248.0,2.841756820678711,9,536.3225806451613,Medio,0.6031666666666667,CRITICO: refuerzo inmediato
2026-08-31 10:00:00,(02103) Mazurén,492.64633,337.3313,583.8646,248.0,1.9864771366119385,10,431.38709677419354,Medio,0.6615714285714286,CRITICO: refuerzo inmediato
2026-08-31 11:00:00,(02103) Mazurén,411.23947,307.94412,507.4281,248.0,1.6582236289978027,11,383.4516129032258,Medio,0.6707380952380952,CRITICO: refuerzo inmediato
2026-08-31 12:00:00,(02103) Mazurén,384.99393,307.68756,489.23557,248.0,1.5523948669433594,12,358.16129032258067,Medio,0.6772857142857143,CRITICO: refuerzo inmediato
2026-08-31 13:00:00,(02103) Mazurén,349.8522,278.01096,456.6911,248.0,1.4106943607330322,13,346.7741935483871,Medio,0.6618333333333334,CRITICO: refuerzo inmediato
2026-08-31 14:00:00,(02103) Mazurén,421.7126,334.37997,539.9829,248.0,1.7004539966583252,14,348.3225806451613,Medio,0.6738809523809525,CRITICO: refuerzo inmediato
2026-08-31 15:00:00,(02103) Mazurén,652.59265,498.51056,826.4139,248.0,2.6314220428466797,15,505.69354838709677,Medio,0.6691666666666668,CRITICO: refuerzo inmediato
2026-08-31 16:00:00,(02103) Mazurén,929.2195,686.66077,1134.8789,248.0,3.7468526363372803,16,646.1612903225806,Medio,0.6029047619047619,CRITICO: refuerzo inmediato
2026-08-31 17:00:00,(02103) Mazurén,818.2688,594.8705,1016.744,248.0,3.299470901489258,17,622.9516129032259,Medio,0.5801190476190476,CRITICO: refuerzo inmediato
2026-08-31 18:00:00,(02103) Mazurén,508.9052,370.99646,661.6593,248.0,2.052037239074707,18,438.0967741935484,Medio,0.591904761904762,CRITICO: refuerzo inmediato
2026-08-31 19:00:00,(02103) Mazurén,242.50961,169.8147,348.004,248.0,0.9778613448143005,19,262.1290322580645,Bajo,0.5738095238095238,CRITICO: refuerzo inmediato
2026-08-31 20:00:00,(02103) Mazurén,92.850525,45.541138,179.51282,248.0,0.37439727783203125,20,123.96774193548387,Bajo,0.6980952380952381,Normal
2026-08-31 21:00:00,(02103) Mazurén,33.30533,0.0,109.06804,248.0,0.13429567217826843,21,56.12903225806452,Bajo,0.9145238095238096,Normal
2026-08-31 22:00:00,(02103) Mazurén,0.9255066,0.0,60.299164,248.0,0.0037318815011531115,22,12.783333333333333,Bajo,1.4134146341463416,Normal
2026-08-31 23:00:00,(02103) Mazurén,0.0,0.0,50.0618,248.0,0.0,23,1.2,Bajo,3.5952941176470588,Normal
2026-08-31 00:00:00,(02104) Calle 146,0.0,0.0,2.7176971,248.0,0.0,0,,Bajo,,Normal
2026-08-31 01:00:00,(02104) Calle 146,0.0,0.0,1.1240387,248.0,0.0,1,,Bajo,,Normal
2026-08-31 02:00:00,(02104) Calle 146,0.0,0.0,13.90892,248.0,0.0,2,,Bajo,,Normal
2026-08-31 03:00:00,(02104) Calle 146,0.0,0.0,26.161346,248.0,0.0,3,,Bajo,,Normal
2026-08-31 04:00:00,(02104) Calle 146,20.345184,0.0,58.245346,248.0,0.08203703165054321,4,7.85,Bajo,9.450731707317074,Normal
2026-08-31 05:00:00,(02104) Calle 146,205.9182,109.486145,287.39484,248.0,0.8303152918815613,5,132.88709677419354,Bajo,0.8647619047619047,ALTO: considerar refuerzo
2026-08-31 06:00:00,(02104) Calle 146,826.9618,594.27747,961.1251,248.0,3.3345234394073486,6,576.3064516129032,Medio,0.5835238095238097,CRITICO: refuerzo inmediato
2026-08-31 07:00:00,(02104) Calle 146,1043.5583,776.5239,1175.4689,248.0,4.207896709442139,7,727.758064516129,Medio,0.475357142857143,CRITICO: refuerzo inmediato
2026-08-31 08:00:00,(02104) Calle 146,672.0317,502.44366,762.203,248.0,2.7098052501678467,8,494.0806451612903,Medio,0.47980952380952385,CRITICO: refuerzo inmediato
2026-08-31 09:00:00,(02104) Calle 146,426.4331,302.96045,490.41412,248.0,1.7194883823394775,9,334.3709677419355,Medio,0.5447619047619048,CRITICO: refuerzo inmediato
2026-08-31 10:00:00,(02104) Calle 146,309.22742,221.28503,364.79028,248.0,1.2468847036361694,10,268.51612903225805,Medio,0.5911190476190477,CRITICO: refuerzo inmediato
2026-08-31 11:00:00,(02104) Calle 146,246.92332,188.32468,303.7737,248.0,0.9956585764884949,11,241.7741935483871,Bajo,0.5428571428571429,CRITICO: refuerzo inmediato
2026-08-31 12:00:00,(02104) Calle 146,239.64731,193.41002,302.65045,248.0,0.9663197994232178,12,229.80645161290323,Bajo,0.545,CRITICO: refuerzo inmediato
2026-08-31 13:00:00,(02104) Calle 146,237.72603,190.03467,304.89172,248.0,0.9585726857185364,13,235.61290322580646,Bajo,0.5445238095238095,CRITICO: refuerzo inmediato
2026-08-31 14:00:00,(02104) Calle 146,267.92545,214.0357,338.36786,248.0,1.080344557762146,14,239.75806451612902,Bajo,0.5347619047619048,CRITICO: refuerzo inmediato
2026-08-31 15:00:00,(02104) Calle 146,369.63507,285.26575,464.8463,248.0,1.4904639720916748,15,306.03225806451616,Medio,0.5908571428571429,CRITICO: refuerzo inmediato
2026-08-31 16:00:00,(02104) Calle 146,554.3033,418.11932,668.8564,248.0,2.235093832015991,16,403.38709677419354,Medio,0.5337619047619048,CRITICO: refuerzo inmediato
2026-08-31 17:00:00,(02104) Calle 146,570.97754,426.7919,686.7014,248.0,2.3023288249969482,17,455.241935483871,Medio,0.5091428571428572,CRITICO: refuerzo inmediato
2026-08-31 18:00:00,(02104) Calle 146,373.66824,279.35205,469.57803,248.0,1.5067267417907715,18,327.9193548387097,Medio,0.5122857142857143,CRITICO: refuerzo inmediato
2026-08-31 19:00:00,(02104) Calle 146,200.34116,142.56868,269.40744,248.0,0.8078272342681885,19,209.69354838709677,Bajo,0.5095238095238095,ALTO: considerar refuerzo
2026-08-31 20:00:00,(02104) Calle 146,83.10515,43.556213,144.03952,248.0,0.3351013958454132,20,107.11290322580645,Bajo,0.6535714285714286,Normal
2026-08-31 21:00:00,(02104) Calle 146,28.516174,0.0,79.63895,248.0,0.11498457193374634,21,50.83870967741935,Bajo,0.7738095238095238,Normal
2026-08-31 22:00:00,(02104) Calle 146,5.6969757,0.0,43.80983,248.0,0.022971676662564278,22,18.766666666666666,Bajo,1.2897560975609756,Normal
2026-08-31 23:00:00,(02104) Calle 146,0.0,0.0,29.456604,248.0,0.0,23,1.3,Bajo,2.6535714285714285,Normal
2026-08-31 00:00:00,(02105) Calle 142,0.0,0.0,0.39224243,180.0,0.0,0,3.0,Bajo,,Normal
2026-08-31 01:00:00,(02105) Calle 142,0.0,0.0,0.0,180.0,0.0,1,,Bajo,,Normal
2026-08-31 02:00:00,(02105) Calle 142,0.0,0.0,15.345306,180.0,0.0,2,,Bajo,,Normal
2026-08-31 03:00:00,(02105) Calle 142,0.0,0.0,33.94284,180.0,0.0,3,,Bajo,,Normal
2026-08-31 04:00:00,(02105) Calle 142,49.624664,0.0,105.10657,180.0,0.27569258213043213,4,23.258064516129032,Bajo,4.178809523809524,Normal
2026-08-31 05:00:00,(02105) Calle 142,369.2463,221.47879,491.2995,180.0,2.051368474960327,5,244.80645161290323,Medio,0.8195,CRITICO: refuerzo inmediato
2026-08-31 06:00:00,(02105) Calle 142,1219.713,886.0348,1414.9326,180.0,6.776183605194092,6,840.3709677419355,Alto,0.6444285714285715,CRITICO: refuerzo inmediato
2026-08-31 07:00:00,(02105) Calle 142,1486.5096,1116.4852,1672.9177,180.0,8.258386611938477,7,1008.2741935483871,Alto,0.5651904761904761,CRITICO: refuerzo inmediato
2026-08-31 08:00:00,(02105) Calle 142,964.5117,731.15515,1095.8076,180.0,5.3583984375,8,704.516129032258,Alto,0.5822142857142857,CRITICO: refuerzo inmediato
2026-08-31 09:00:00,(02105) Calle 142,649.8313,479.4909,742.28143,180.0,3.6101739406585693,9,485.7258064516129,Medio,0.587452380952381,CRITICO: refuerzo inmediato
2026-08-31 10:00:00,(02105) Calle 142,470.82544,351.29538,550.47626,180.0,2.615696907043457,10,390.0806451612903,Medio,0.6537142857142858,CRITICO: refuerzo inmediato
2026-08-31 11:00:00,(02105) Calle 142,398.3905,315.8375,482.36517,180.0,2.21328067779541,11,361.8709677419355,Medio,0.664452380952381,CRITICO: refuerzo inmediato
2026-08-31 12:00:00,(02105) Calle 142,400.32098,333.13153,498.16553,180.0,2.2240054607391357,12,368.11290322580646,Medio,0.6691666666666668,CRITICO: refuerzo inmediato
2026-08-31 13:00:00,(02105) Calle 142,387.64532,323.12778,484.89722,180.0,2.153585195541382,13,352.741935483871,Medio,0.6500476190476192,CRITICO: refuerzo inmediato
2026-08-31 14:00:00,(02105) Calle 142,445.4507,370.3229,547.8686,180.0,2.4747262001037598,14,375.11290322580646,Medio,0.6626190476190477,CRITICO: refuerzo inmediato
2026-08-31 15:00:00,(02105) Calle 142,617.0657,493.45923,763.28986,180.0,3.428142547607422,15,483.85483870967744,Medio,0.6290952380952382,CRITICO: refuerzo inmediato
2026-08-31 16:00:00,(02105) Calle 142,1006.5509,776.68243,1185.8364,180.0,5.591949462890625,16,698.5,Alto,0.6670238095238097,CRITICO: refuerzo inmediato
2026-08-31 17:00:00,(02105) Calle 142,921.64856,705.95593,1092.8522,180.0,5.120269775390625,17,670.0967741935484,Alto,0.6082142857142857,CRITICO: refuerzo inmediato
2026-08-31 18:00:00,(02105) Calle 142,544.2729,411.91772,682.7135,180.0,3.023738384246826,18,461.46774193548384,Medio,0.5298333333333334,CRITICO: refuerzo inmediato
2026-08-31 19:00:00,(02105) Calle 142,285.2946,208.29837,381.6432,180.0,1.5849698781967163,19,259.01612903225805,Medio,0.5892857142857143,CRITICO: refuerzo inmediato
2026-08-31 20:00:00,(02105) Calle 142,110.71089,61.28076,193.43979,180.0,0.6150605082511902,20,125.53225806451613,Bajo,0.6611904761904762,Normal
2026-08-31 21:00:00,(02105) Calle 142,39.362305,0.0,109.316956,180.0,0.21867947280406952,21,69.2741935483871,Bajo,0.7780952380952381,Normal
2026-08-31 22:00:00,(02105) Calle 142,6.8116455,0.0,58.423584,180.0,0.03784247487783432,22,15.76271186440678,Bajo,1.0329268292682927,Normal
2026-08-31 23:00:00,(02105) Calle 142,0.0,0.0,41.067596,180.0,0.0,23,1.5714285714285714,Bajo,2.032857142857143,Normal
2026-08-31 00:00:00,(02200) Alcalá – Colegio S. Tomás Dominicos,0.0,0.0,4.767395,392.0,0.0,0,,Bajo,,Normal
2026-08-31 01:00:00,(02200) Alcalá – Colegio S. Tomás Dominicos,0.0,0.0,9.171265,392.0,0.0,1,,Bajo,,Normal
2026-08-31 02:00:00,(02200) Alcalá – Colegio S. Tomás Dominicos,0.0,0.0,37.15851,392.0,0.0,2,,Bajo,,Normal
2026-08-31 03:00:00,(02200) Alcalá – Colegio S. Tomás Dominicos,0.0,0.0,60.395325,392.0,0.0,3,,Bajo,,Normal
2026-08-31 04:00:00,(02200) Alcalá – Colegio S. Tomás Dominicos,55.80829,0.0,169.5346,392.0,0.14236807823181152,4,18.57377049180328,Bajo,9.131428571428572,Normal
2026-08-31 05:00:00,(02200) Alcalá – Colegio S. Tomás Dominicos,545.8679,309.45572,780.6669,392.0,1.3925201892852783,5,359.48387096774195,Medio,0.778904761904762,CRITICO: refuerzo inmediato
2026-08-31 06:00:00,(02200) Alcalá – Colegio S. Tomás Dominicos,1948.5214,1444.0298,2301.4817,392.0,4.970717906951904,6,1304.6451612903227,Alto,0.5815952380952382,CRITICO: refuerzo inmediato
2026-08-31 07:00:00,(02200) Alcalá – Colegio S. Tomás Dominicos,2511.9329,1905.9231,2884.5486,392.0,6.407991886138916,7,1644.6290322580646,Alto,0.49678571428571433,CRITICO: refuerzo inmediato
2026-08-31 08:00:00,(02200) Alcalá – Colegio S. Tomás Dominicos,1628.3619,1241.2153,1918.5763,392.0,4.153984546661377,8,1120.6451612903227,Medio,0.4271666666666667,CRITICO: refuerzo inmediato
2026-08-31 09:00:00,(02200) Alcalá – Colegio S. Tomás Dominicos,1119.9702,834.8644,1336.071,392.0,2.8570668697357178,9,772.0483870967741,Medio,0.49971428571428583,CRITICO: refuerzo inmediato
2026-08-31 10:00:00,(02200) Alcalá – Colegio S. Tomás Dominicos,851.1471,639.9026,1042.394,392.0,2.1712934970855713,10,657.9677419354839,Medio,0.6157380952380953,CRITICO: refuerzo inmediato
2026-08-31 11:00:00,(02200) Alcalá – Colegio S. Tomás Dominicos,783.0305,612.5386,972.6344,392.0,1.9975268840789795,11,656.3225806451613,Medio,0.639047619047619,CRITICO: refuerzo inmediato
2026-08-31 12:00:00,(02200) Alcalá – Colegio S. Tomás Dominicos,830.5867,668.35736,1049.5798,392.0,2.1188435554504395,12,670.5806451612904,Medio,0.6285714285714286,CRITICO: refuerzo inmediato
2026-08-31 13:00:00,(02200) Alcalá – Colegio S. Tomás Dominicos,843.90295,684.3899,1062.6455,392.0,2.152813673019409,13,737.7741935483871,Medio,0.6476904761904763,CRITICO: refuerzo inmediato
2026-08-31 14:00:00,(02200) Alcalá – Colegio S. Tomás Dominicos,995.1798,810.4947,1232.2559,392.0,2.538723945617676,14,752.1290322580645,Medio,0.6406190476190478,CRITICO: refuerzo inmediato
2026-08-31 15:00:00,(02200) Alcalá – Colegio S. Tomás Dominicos,1499.7858,1181.3136,1851.2335,392.0,3.825984001159668,15,1036.4354838709678,Medio,0.5670238095238095,CRITICO: refuerzo inmediato
2026-08-31 16:00:00,(02200) Alcalá – Colegio S. Tomás Dominicos,2530.218,1929.9104,2973.2485,392.0,6.4546380043029785,16,1604.1935483870968,Alto,0.5738571428571428,CRITICO: refuerzo inmediato
2026-08-31 17:00:00,(02200) Alcalá – Colegio S. Tomás Dominicos,2662.8037,2024.1405,3110.601,392.0,6.7928667068481445,17,1771.8064516129032,Alto,0.5435238095238095,CRITICO: refuerzo inmediato
2026-08-31 18:00:00,(02200) Alcalá – Colegio S. Tomás Dominicos,1727.0142,1320.139,2093.1216,392.0,4.405648231506348,18,1278.5806451612902,Medio,0.4682857142857143,CRITICO: refuerzo inmediato
2026-08-31 19:00:00,(02200) Alcalá – Colegio S. Tomás Dominicos,939.39294,698.7082,1198.436,392.0,2.3964104652404785,19,769.0483870967741,Medio,0.5107142857142858,CRITICO: refuerzo inmediato
2026-08-31 20:00:00,(02200) Alcalá – Colegio S. Tomás Dominicos,403.70737,239.26791,609.54944,392.0,1.0298657417297363,20,311.7258064516129,Bajo,0.5859523809523809,CRITICO: refuerzo inmediato
2026-08-31 21:00:00,(02200) Alcalá – Colegio S. Tomás Dominicos,124.34735,0.0,284.56787,392.0,0.31721264123916626,21,151.67741935483872,Bajo,0.7885714285714285,Normal
2026-08-31 22:00:00,(02200) Alcalá – Colegio S. Tomás Dominicos,40.594666,0.0,154.2211,392.0,0.10355781763792038,22,47.29032258064516,Bajo,1.1492857142857142,Normal
2026-08-31 23:00:00,(02200) Alcalá – Colegio S. Tomás Dominicos,0.0,0.0,96.93652,392.0,0.0,23,3.347826086956522,Bajo,2.576774193548387,Normal
2026-08-31 00:00:00,(02201) Prado,0.0,0.0,0.0,248.0,0.0,0,,Bajo,,Normal
2026-08-31 01:00:00,(02201) Prado,0.0,0.0,0.0,248.0,0.0,1,,Bajo,,Normal
2026-08-31 02:00:00,(02201) Prado,0.0,0.0,8.728607,248.0,0.0,2,,Bajo,,Normal
2026-08-31 03:00:00,(02201) Prado,0.0,0.0,24.394012,248.0,0.0,3,,Bajo,,Normal
2026-08-31 04:00:00,(02201) Prado,27.501648,0.0,76.03111,248.0,0.11089374125003815,4,20.967741935483872,Bajo,3.9557142857142855,Normal
2026-08-31 05:00:00,(02201) Prado,267.68872,161.6101,367.77667,248.0,1.079390048980713,5,188.75806451612902,Bajo,0.6380952380952382,CRITICO: refuerzo inmediato
2026-08-31 06:00:00,(02201) Prado,801.83325,593.6045,955.1682,248.0,3.233198642730713,6,552.6451612903226,Medio,0.49552380952380964,CRITICO: refuerzo inmediato
2026-08-31 07:00:00,(02201) Prado,961.7909,725.41095,1118.5001,248.0,3.8781890869140625,7,660.3870967741935,Medio,0.451,CRITICO: refuerzo inmediato
2026-08-31 08:00:00,(02201) Prado,638.91125,479.98352,767.23914,248.0,2.5762550830841064,8,458.61290322580646,Medio,0.45728571428571435,CRITICO: refuerzo inmediato
2026-08-31 09:00:00,(02201) Prado,461.92252,343.10272,559.25244,248.0,1.8625907897949219,9,344.03225806451616,Medio,0.5476428571428572,CRITICO: refuerzo inmediato
2026-08-31 10:00:00,(02201) Prado,347.02246,257.6688,433.7738,248.0,1.3992841243743896,10,302.83870967741933,Medio,0.6018571428571429,CRITICO: refuerzo inmediato
2026-08-31 11:00:00,(02201) Prado,330.23923,250.98877,415.46457,248.0,1.331609845161438,11,308.1290322580645,Medio,0.6086666666666667,CRITICO: refuerzo inmediato
2026-08-31 12:00:00,(02201) Prado,369.07578,289.56955,467.1989,248.0,1.4882087707519531,12,349.241935483871,Medio,0.6097142857142858,CRITICO: refuerzo inmediato
2026-08-31 13:00:00,(02201) Prado,366.76846,290.23804,460.9582,248.0,1.4789050817489624,13,373.7096774193548,Medio,0.6044761904761905,CRITICO: refuerzo inmediato
2026-08-31 14:00:00,(02201) Prado,402.3675,323.5527,496.3584,248.0,1.622449517250061,14,375.33870967741933,Medio,0.598452380952381,CRITICO: refuerzo inmediato
2026-08-31 15:00:00,(02201) Prado,562.3918,437.65894,703.73663,248.0,2.2677087783813477,15,464.01612903225805,Medio,0.5811666666666667,CRITICO: refuerzo inmediato
2026-08-31 16:00:00,(02201) Prado,1055.3845,800.7306,1246.0851,248.0,4.255582809448242,16,767.516129032258,Medio,0.5295714285714286,CRITICO: refuerzo inmediato
2026-08-31 17:00:00,(02201) Prado,1288.5098,964.7352,1507.6211,248.0,5.195603847503662,17,951.6612903225806,Alto,0.5757142857142857,CRITICO: refuerzo inmediato
2026-08-31 18:00:00,(02201) Prado,812.46387,614.72736,986.5958,248.0,3.276063919067383,18,657.0645161290323,Medio,0.48950000000000005,CRITICO: refuerzo inmediato
2026-08-31 19:00:00,(02201) Prado,369.3858,264.30576,483.4392,248.0,1.4894589185714722,19,348.0806451612903,Medio,0.5481666666666667,CRITICO: refuerzo inmediato
2026-08-31 20:00:00,(02201) Prado,144.42563,73.50729,225.34879,248.0,0.5823614001274109,20,117.7258064516129,Bajo,0.6316666666666667,Normal
2026-08-31 21:00:00,(02201) Prado,41.906708,0.0,106.28177,248.0,0.16897866129875183,21,67.79032258064517,Bajo,0.8173809523809523,Normal
2026-08-31 22:00:00,(02201) Prado,16.01239,0.0,61.749588,248.0,0.06456609070301056,22,23.918032786885245,Bajo,1.0292682926829269,Normal
2026-08-31 23:00:00,(02201) Prado,0.0,0.0,28.52124,248.0,0.0,23,1.868421052631579,Bajo,1.9033333333333333,Normal
2026-08-31 00:00:00,(02202) Calle 127,0.0,0.0,0.0,200.0,0.0,0,,Bajo,,Normal
2026-08-31 01:00:00,(02202) Calle 127,0.0,0.0,3.5090942,200.0,0.0,1,,Bajo,,Normal
2026-08-31 02:00:00,(02202) Calle 127,0.0,0.0,17.0625,200.0,0.0,2,,Bajo,,Normal
2026-08-31 03:00:00,(02202) Calle 127,0.0,0.0,23.796387,200.0,0.0,3,,Bajo,,Normal
2026-08-31 04:00:00,(02202) Calle 127,9.70343,0.0,72.57861,200.0,0.04851715266704559,4,19.322580645161292,Bajo,4.336666666666666,Normal
2026-08-31 05:00:00,(02202) Calle 127,193.14792,98.85498,320.59088,200.0,0.9657396078109741,5,155.19354838709677,Bajo,0.8214285714285714,CRITICO: refuerzo inmediato
2026-08-31 06:00:00,(02202) Calle 127,706.86676,524.72626,891.0433,200.0,3.5343337059020996,6,519.8225806451613,Medio,0.5680714285714286,CRITICO: refuerzo inmediato
2026-08-31 07:00:00,(02202) Calle 127,931.6138,722.8054,1134.7168,200.0,4.658068656921387,7,686.5,Alto,0.6048095238095238,CRITICO: refuerzo inmediato
2026-08-31 08:00:00,(02202) Calle 127,820.6216,640.1195,995.8275,200.0,4.103107929229736,8,604.3225806451613,Medio,0.5010238095238095,CRITICO: refuerzo inmediato
2026-08-31 09:00:00,(02202) Calle 127,721.61707,562.3814,881.1118,200.0,3.6080853939056396,9,569.741935483871,Medio,0.5879761904761905,CRITICO: refuerzo inmediato
2026-08-31 10:00:00,(02202) Calle 127,713.479,563.9805,880.35266,200.0,3.567394971847534,10,624.5,Medio,0.6746666666666667,CRITICO: refuerzo inmediato
2026-08-31 11:00:00,(02202) Calle 127,770.0507,613.7983,940.31995,200.0,3.8502535820007324,11,709.483870967742,Medio,0.6903809523809524,CRITICO: refuerzo inmediato
2026-08-31 12:00:00,(02202) Calle 127,829.3076,655.4623,1018.4522,200.0,4.146538257598877,12,760.0,Medio,0.6898571428571428,CRITICO: refuerzo inmediato
2026-08-31 13:00:00,(02202) Calle 127,894.65356,709.9729,1086.7979,200.0,4.473268032073975,13,866.2741935483871,Medio,0.6919523809523811,CRITICO: refuerzo inmediato
2026-08-31 14:00:00,(02202) Calle 127,1054.3462,837.75696,1269.0161,200.0,5.271730899810791,14,923.5,Alto,0.8097142857142858,CRITICO: refuerzo inmediato
2026-08-31 15:00:00,(02202) Calle 127,1508.8782,1168.6384,1832.1794,200.0,7.544390678405762,15,1141.3387096774193,Alto,0.7933095238095238,CRITICO: refuerzo inmediato
2026-08-31 16:00:00,(02202) Calle 127,2490.2642,1853.1333,2938.3367,200.0,12.45132064819336,16,1759.5645161290322,Alto,0.692404761904762,CRITICO: refuerzo inmediato
2026-08-31 17:00:00,(02202) Calle 127,2823.5945,2077.7112,3324.1362,200.0,14.117972373962402,17,1991.3709677419354,Alto,0.633904761904762,CRITICO: refuerzo inmediato
2026-08-31 18:00:00,(02202) Calle 127,1855.5463,1364.6372,2271.2651,200.0,9.277730941772461,18,1383.8709677419354,Alto,0.6518571428571429,CRITICO: refuerzo inmediato
2026-08-31 19:00:00,(02202) Calle 127,983.1566,709.9577,1269.6174,200.0,4.915782928466797,19,881.7741935483871,Alto,0.7345000000000002,CRITICO: refuerzo inmediato
2026-08-31 20:00:00,(02202) Calle 127,453.35675,289.77475,648.0243,200.0,2.2667837142944336,20,349.35483870967744,Medio,0.7404047619047619,CRITICO: refuerzo inmediato
2026-08-31 21:00:00,(02202) Calle 127,178.29648,64.6947,307.9622,200.0,0.891482412815094,21,192.88709677419354,Bajo,0.7835714285714287,ALTO: considerar refuerzo
2026-08-31 22:00:00,(02202) Calle 127,72.372925,0.0,149.35446,200.0,0.3618646264076233,22,55.806451612903224,Bajo,1.0659523809523808,Normal
2026-08-31 23:00:00,(02202) Calle 127,16.878357,0.0,56.673645,200.0,0.08439178764820099,23,3.217391304347826,Bajo,2.159032258064516,Normal
2026-08-31 00:00:00,(02204) Pepe Sierra Universidad UTEL,0.0,0.0,0.0,200.0,0.0,0,1.3333333333333333,Bajo,,Normal
2026-08-31 01:00:00,(02204) Pepe Sierra Universidad UTEL,0.0,0.0,0.0,200.0,0.0,1,,Bajo,,Normal
2026-08-31 02:00:00,(02204) Pepe Sierra Universidad UTEL,0.0,0.0,12.73996,200.0,0.0,2,,Bajo,,Normal
2026-08-31 03:00:00,(02204) Pepe Sierra Universidad UTEL,0.0,0.0,8.725098,200.0,0.0,3,,Bajo,,Normal
2026-08-31 04:00:00,(02204) Pepe Sierra Universidad UTEL,0.0,0.0,32.559784,200.0,0.0,4,4.327586206896552,Bajo,7.89325,Normal
2026-08-31 05:00:00,(02204) Pepe Sierra Universidad UTEL,141.10638,66.41489,247.25371,200.0,0.705531895160675,5,95.24193548387096,Bajo,0.8090476190476191,ALTO: considerar refuerzo
2026-08-31 06:00:00,(02204) Pepe Sierra Universidad UTEL,476.75244,334.80716,640.0626,200.0,2.3837621212005615,6,343.11290322580646,Medio,0.5968809523809524,CRITICO: refuerzo inmediato
2026-08-31 07:00:00,(02204) Pepe Sierra Universidad UTEL,608.11456,442.76508,789.5407,200.0,3.0405728816986084,7,411.14516129032256,Medio,0.5534047619047618,CRITICO: refuerzo inmediato
2026-08-31 08:00:00,(02204) Pepe Sierra Universidad UTEL,524.97253,386.84537,673.2638,200.0,2.6248626708984375,8,355.01612903225805,Medio,0.5811666666666667,CRITICO: refuerzo inmediato
2026-08-31 09:00:00,(02204) Pepe Sierra Universidad UTEL,427.06198,311.61163,553.0357,200.0,2.135309934616089,9,321.2903225806452,Medio,0.6812142857142858,CRITICO: refuerzo inmediato
2026-08-31 10:00:00,(02204) Pepe Sierra Universidad UTEL,416.4685,307.12424,541.9534,200.0,2.0823426246643066,10,356.19354838709677,Medio,0.7511428571428572,CRITICO: refuerzo inmediato
2026-08-31 11:00:00,(02204) Pepe Sierra Universidad UTEL,465.14508,347.78018,593.0073,200.0,2.3257253170013428,11,408.8225806451613,Medio,0.7710476190476192,CRITICO: refuerzo inmediato
2026-08-31 12:00:00,(02204) Pepe Sierra Universidad UTEL,509.3708,376.90335,658.6771,200.0,2.546854019165039,12,442.0806451612903,Medio,0.7692142857142857,CRITICO: refuerzo inmediato
2026-08-31 13:00:00,(02204) Pepe Sierra Universidad UTEL,529.5354,390.85287,677.58466,200.0,2.647676944732666,13,470.66129032258067,Medio,0.7652857142857143,CRITICO: refuerzo inmediato
2026-08-31 14:00:00,(02204) Pepe Sierra Universidad UTEL,659.6671,496.10455,838.7043,200.0,3.298335552215576,14,551.5322580645161,Medio,0.7658095238095238,CRITICO: refuerzo inmediato
2026-08-31 15:00:00,(02204) Pepe Sierra Universidad UTEL,1094.05,804.6843,1398.8406,200.0,5.470250129699707,15,794.0806451612904,Alto,0.8610952380952381,CRITICO: refuerzo inmediato
2026-08-31 16:00:00,(02204) Pepe Sierra Universidad UTEL,2118.5667,1500.2675,2582.327,200.0,10.592833518981934,16,1389.2903225806451,Alto,0.7827857142857142,CRITICO: refuerzo inmediato
2026-08-31 17:00:00,(02204) Pepe Sierra Universidad UTEL,2646.826,1848.9387,3212.4014,200.0,13.234129905700684,17,1761.0645161290322,Alto,0.693952380952381,CRITICO: refuerzo inmediato
2026-08-31 18:00:00,(02204) Pepe Sierra Universidad UTEL,1605.3954,1094.787,2073.8193,200.0,8.026976585388184,18,1091.0645161290322,Alto,0.6877619047619047,CRITICO: refuerzo inmediato
2026-08-31 19:00:00,(02204) Pepe Sierra Universidad UTEL,661.9054,413.0803,961.9772,200.0,3.3095269203186035,19,556.5322580645161,Medio,0.6563333333333334,CRITICO: refuerzo inmediato
2026-08-31 20:00:00,(02204) Pepe Sierra Universidad UTEL,244.38235,110.23422,426.01837,200.0,1.2219117879867554,20,175.38709677419354,Medio,0.8153095238095238,CRITICO: refuerzo inmediato
2026-08-31 21:00:00,(02204) Pepe Sierra Universidad UTEL,53.341217,0.0,169.06071,200.0,0.26670607924461365,21,86.5,Bajo,1.0152380952380953,Normal
2026-08-31 22:00:00,(02204) Pepe Sierra Universidad UTEL,27.692627,0.0,96.47595,200.0,0.13846313953399658,22,37.67741935483871,Bajo,1.2107142857142859,Normal
2026-08-31 23:00:00,(02204) Pepe Sierra Universidad UTEL,2.7888184,0.0,39.108185,200.0,0.013944092206656933,23,5.521739130434782,Bajo,2.0216129032258063,Normal
2026-08-31 00:00:00,(02205) Calle 106 - Explora Maletas,0.0,0.0,0.0,248.0,0.0,0,1.0,Bajo,,Normal
2026-08-31 01:00:00,(02205) Calle 106 - Explora Maletas,0.0,0.0,0.0,248.0,0.0,1,,Bajo,,Normal
2026-08-31 02:00:00,(02205) Calle 106 - Explora Maletas,0.0,0.0,7.345337,248.0,0.0,2,,Bajo,,Normal
2026-08-31 03:00:00,(02205) Calle 106 - Explora Maletas,0.0,0.0,4.116394,248.0,0.0,3,,Bajo,,Normal
2026-08-31 04:00:00,(02205) Calle 106 - Explora Maletas,0.0,0.0,5.538574,248.0,0.0,4,2.0384615384615383,Bajo,10.913428571428572,Normal
2026-08-31 05:00:00,(02205) Calle 106 - Explora Maletas,72.92169,38.26007,133.19246,248.0,0.2940390706062317,5,54.25806451612903,Bajo,1.4921428571428572,Normal
2026-08-31 06:00:00,(02205) Calle 106 - Explora Maletas,261.93793,191.95189,360.9134,248.0,1.0562013387680054,6,202.80645161290323,Bajo,0.9869047619047618,CRITICO: refuerzo inmediato
2026-08-31 07:00:00,(02205) Calle 106 - Explora Maletas,403.04095,304.40625,527.3016,248.0,1.6251651048660278,7,278.0967741935484,Medio,0.9923571428571429,CRITICO: refuerzo inmediato
2026-08-31 08:00:00,(02205) Calle 106 - Explora Maletas,428.55884,330.04663,544.7993,248.0,1.7280598878860474,8,316.83870967741933,Medio,1.0104285714285715,CRITICO: refuerzo inmediato
2026-08-31 09:00:00,(02205) Calle 106 - Explora Maletas,448.29337,346.40567,564.5157,248.0,1.8076345920562744,9,358.69354838709677,Medio,1.1900952380952383,CRITICO: refuerzo inmediato
2026-08-31 10:00:00,(02205) Calle 106 - Explora Maletas,486.42862,376.31613,609.13367,248.0,1.9614057540893555,10,401.0967741935484,Medio,1.2010952380952382,CRITICO: refuerzo inmediato
2026-08-31 11:00:00,(02205) Calle 106 - Explora Maletas,531.892,413.3472,660.46436,248.0,2.144726037979126,11,448.01612903225805,Medio,1.2626428571428574,CRITICO: refuerzo inmediato
2026-08-31 12:00:00,(02205) Calle 106 - Explora Maletas,553.7911,418.69748,702.7051,248.0,2.2330286502838135,12,513.3548387096774,Medio,1.271809523809524,CRITICO: refuerzo inmediato
2026-08-31 13:00:00,(02205) Calle 106 - Explora Maletas,538.2362,402.26697,676.9303,248.0,2.1703073978424072,13,490.03225806451616,Medio,1.2414285714285715,CRITICO: refuerzo inmediato
2026-08-31 14:00:00,(02205) Calle 106 - Explora Maletas,624.77167,466.58755,786.5779,248.0,2.519240617752075,14,541.4677419354839,Medio,1.2437857142857145,CRITICO: refuerzo inmediato
2026-08-31 15:00:00,(02205) Calle 106 - Explora Maletas,1056.806,771.5539,1333.7354,248.0,4.261314868927002,15,758.983870967742,Medio,1.2060714285714285,CRITICO: refuerzo inmediato
2026-08-31 16:00:00,(02205) Calle 106 - Explora Maletas,2000.3842,1404.5155,2417.4016,248.0,8.066064834594727,16,1298.8225806451612,Alto,1.2746190476190478,CRITICO: refuerzo inmediato
2026-08-31 17:00:00,(02205) Calle 106 - Explora Maletas,2362.1409,1647.2242,2855.8584,248.0,9.524761199951172,17,1550.758064516129,Alto,1.1198571428571429,CRITICO: refuerzo inmediato
2026-08-31 18:00:00,(02205) Calle 106 - Explora Maletas,1400.023,946.9269,1809.2882,248.0,5.645253658294678,18,950.0,Alto,1.1653571428571428,CRITICO: refuerzo inmediato
2026-08-31 19:00:00,(02205) Calle 106 - Explora Maletas,535.6885,334.18744,786.7185,248.0,2.1600341796875,19,463.14516129032256,Medio,1.089,CRITICO: refuerzo inmediato
2026-08-31 20:00:00,(02205) Calle 106 - Explora Maletas,183.6479,84.8067,327.27307,248.0,0.7405157685279846,20,119.83870967741936,Bajo,1.2433333333333334,ALTO: considerar refuerzo
2026-08-31 21:00:00,(02205) Calle 106 - Explora Maletas,48.54593,0.0,139.3315,248.0,0.19574971497058868,21,57.064516129032256,Bajo,1.4485714285714286,Normal
2026-08-31 22:00:00,(02205) Calle 106 - Explora Maletas,25.919403,0.0,75.493866,248.0,0.10451371967792511,22,15.086206896551724,Bajo,2.1274358974358973,Normal
2026-08-31 23:00:00,(02205) Calle 106 - Explora Maletas,4.651184,0.0,29.911377,248.0,0.01875477470457554,23,1.6666666666666667,Bajo,4.731111111111111,Normal
2026-08-31 00:00:00,(02300) Calle 100 - Marketmedios,0.0,0.0,0.0,392.0,0.0,0,2.0,Bajo,,Normal
2026-08-31 01:00:00,(02300) Calle 100 - Marketmedios,0.0,0.0,0.0,392.0,0.0,1,,Bajo,,Normal
2026-08-31 02:00:00,(02300) Calle 100 - Marketmedios,0.0,0.0,0.0,392.0,0.0,2,,Bajo,,Normal
2026-08-31 03:00:00,(02300) Calle 100 - Marketmedios,0.0,0.0,0.0,392.0,0.0,3,,Bajo,,Normal
2026-08-31 04:00:00,(02300) Calle 100 - Marketmedios,0.0,0.0,31.282227,392.0,0.0,4,22.258064516129032,Bajo,3.8442857142857143,Normal
2026-08-31 05:00:00,(02300) Calle 100 - Marketmedios,188.33826,108.76245,342.38055,392.0,0.4804547429084778,5,214.74193548387098,Bajo,0.5988095238095238,Normal
2026-08-31 06:00:00,(02300) Calle 100 - Marketmedios,607.2182,456.08258,835.5702,392.0,1.5490260124206543,6,532.8225806451613,Medio,0.49028571428571427,CRITICO: refuerzo inmediato
2026-08-31 07:00:00,(02300) Calle 100 - Marketmedios,947.99634,738.2594,1230.2136,392.0,2.418358087539673,7,709.5645161290323,Medio,0.4258571428571429,CRITICO: refuerzo inmediato
2026-08-31 08:00:00,(02300) Calle 100 - Marketmedios,1163.4185,910.7407,1442.2992,392.0,2.9679043292999268,8,916.6451612903226,Medio,0.4276904761904762,CRITICO: refuerzo inmediato
2026-08-31 09:00:00,(02300) Calle 100 - Marketmedios,1437.9524,1118.0369,1765.2253,392.0,3.668245792388916,9,1169.6612903225807,Medio,0.5547142857142857,CRITICO: refuerzo inmediato
2026-08-31 10:00:00,(02300) Calle 100 - Marketmedios,1675.1407,1294.2819,2067.4207,392.0,4.273318290710449,10,1382.6774193548388,Medio,0.7689523809523809,CRITICO: refuerzo inmediato
2026-08-31 11:00:00,(02300) Calle 100 - Marketmedios,1829.8373,1412.3248,2253.4785,392.0,4.667952060699463,11,1609.758064516129,Alto,0.9480714285714287,CRITICO: refuerzo inmediato
2026-08-31 12:00:00,(02300) Calle 100 - Marketmedios,1904.9066,1445.8672,2392.8486,392.0,4.859455585479736,12,1737.0967741935483,Alto,0.9270238095238096,CRITICO: refuerzo inmediato
2026-08-31 13:00:00,(02300) Calle 100 - Marketmedios,1846.1272,1399.3276,2313.813,392.0,4.709507942199707,13,1811.6129032258063,Alto,0.9195952380952382,CRITICO: refuerzo inmediato
2026-08-31 14:00:00,(02300) Calle 100 - Marketmedios,1997.5259,1531.999,2504.5186,392.0,5.095729351043701,14,1811.0,Alto,0.9319761904761905,CRITICO: refuerzo inmediato
2026-08-31 15:00:00,(02300) Calle 100 - Marketmedios,3071.602,2311.108,3852.102,392.0,7.835719585418701,15,2316.8548387096776,Alto,0.7694761904761905,CRITICO: refuerzo inmediato
2026-08-31 16:00:00,(02300) Calle 100 - Marketmedios,5780.277,4189.485,6936.3657,392.0,14.745604515075684,16,4097.548387096775,Alto,0.6295714285714286,CRITICO: refuerzo inmediato
2026-08-31 17:00:00,(02300) Calle 100 - Marketmedios,7377.168,5280.5317,8802.217,392.0,18.819305419921875,17,5101.0,Alto,0.5326904761904763,CRITICO: refuerzo inmediato
2026-08-31 18:00:00,(02300) Calle 100 - Marketmedios,4886.278,3461.1836,6103.468,392.0,12.464994430541992,18,3626.9193548387098,Alto,0.5456904761904762,CRITICO: refuerzo inmediato
2026-08-31 19:00:00,(02300) Calle 100 - Marketmedios,2269.1152,1538.915,3085.52,392.0,5.788559436798096,19,1931.1612903225807,Alto,0.6298809523809524,CRITICO: refuerzo inmediato
2026-08-31 20:00:00,(02300) Calle 100 - Marketmedios,777.681,447.98993,1257.1854,392.0,1.9838801622390747,20,633.241935483871,Medio,0.7304523809523811,CRITICO: refuerzo inmediato
2026-08-31 21:00:00,(02300) Calle 100 - Marketmedios,262.7531,68.90234,544.97766,392.0,0.6702885627746582,21,323.9193548387097,Bajo,0.8923809523809525,Normal
2026-08-31 22:00:00,(02300) Calle 100 - Marketmedios,139.23145,0.0,285.7215,392.0,0.3551822602748871,22,135.29032258064515,Bajo,1.1623809523809523,Normal
2026-08-31 23:00:00,(02300) Calle 100 - Marketmedios,20.965698,0.0,49.785645,392.0,0.05348392575979233,23,6.340909090909091,Bajo,1.8968749999999999,Normal
2026-08-31 00:00:00,(02302) Virrey - Cendiatra,0.0,0.0,0.0,352.0,0.0,0,,Bajo,,Normal
2026-08-31 01:00:00,(02302) Virrey - Cendiatra,0.0,0.0,13.226624,352.0,0.0,1,,Bajo,,Normal
2026-08-31 02:00:00,(02302) Virrey - Cendiatra,0.0,0.0,17.25467,352.0,0.0,2,,Bajo,,Normal
2026-08-31 03:00:00,(02302) Virrey - Cendiatra,0.0,0.0,15.902863,352.0,0.0,3,,Bajo,,Normal
2026-08-31 04:00:00,(02302) Virrey - Cendiatra,0.0,0.0,34.243195,352.0,0.0,4,2.2972972972972974,Bajo,15.217391304347826,Normal
2026-08-31 05:00:00,(02302) Virrey - Cendiatra,32.10956,0.0,104.49147,352.0,0.09122033417224884,5,34.95918367346939,Bajo,1.3444827586206896,Normal
2026-08-31 06:00:00,(02302) Virrey - Cendiatra,123.81569,63.555115,223.25781,352.0,0.35174912214279175,6,108.6938775510204,Bajo,0.7989655172413792,Normal
2026-08-31 07:00:00,(02302) Virrey - Cendiatra,187.6965,114.52434,302.56183,352.0,0.5332286953926086,7,146.3673469387755,Bajo,0.6631034482758621,Normal
2026-08-31 08:00:00,(02302) Virrey - Cendiatra,242.92368,154.80803,349.8937,352.0,0.6901240944862366,8,186.73469387755102,Bajo,0.6427586206896552,Normal
2026-08-31 09:00:00,(02302) Virrey - Cendiatra,311.41156,210.70724,425.68158,352.0,0.8846919536590576,9,235.24489795918367,Bajo,0.7865517241379311,ALTO: considerar refuerzo
2026-08-31 10:00:00,(02302) Virrey - Cendiatra,384.85,267.27612,519.62335,352.0,1.093323826789856,10,303.51020408163265,Bajo,0.9134482758620689,CRITICO: refuerzo inmediato
2026-08-31 11:00:00,(02302) Virrey - Cendiatra,465.6019,324.81738,623.20105,352.0,1.32273268699646,11,390.85714285714283,Medio,1.084448275862069,CRITICO: refuerzo inmediato
2026-08-31 12:00:00,(02302) Virrey - Cendiatra,520.0371,346.9073,717.52734,352.0,1.4773781299591064,12,446.51020408163265,Medio,1.0313448275862072,CRITICO: refuerzo inmediato
2026-08-31 13:00:00,(02302) Virrey - Cendiatra,526.49854,341.25635,733.9024,352.0,1.495734453201294,13,490.3265306122449,Medio,1.027551724137931,CRITICO: refuerzo inmediato
2026-08-31 14:00:00,(02302) Virrey - Cendiatra,652.0762,442.6061,912.3016,352.0,1.8524891138076782,14,542.8571428571429,Medio,1.0237586206896554,CRITICO: refuerzo inmediato
2026-08-31 15:00:00,(02302) Virrey - Cendiatra,1206.1458,837.07837,1623.6735,352.0,3.4265503883361816,15,833.795918367347,Medio,0.9232413793103449,CRITICO: refuerzo inmediato
2026-08-31 16:00:00,(02302) Virrey - Cendiatra,2454.0947,1662.3959,3091.895,352.0,6.971859931945801,16,1564.1632653061224,Alto,0.9530344827586208,CRITICO: refuerzo inmediato
2026-08-31 17:00:00,(02302) Virrey - Cendiatra,3345.894,2258.395,4166.303,352.0,9.505380630493164,17,2134.938775510204,Alto,0.8360344827586209,CRITICO: refuerzo inmediato
2026-08-31 18:00:00,(02302) Virrey - Cendiatra,2297.4856,1527.1704,3021.9355,352.0,6.526947498321533,18,1499.8367346938776,Alto,0.8257241379310345,CRITICO: refuerzo inmediato
2026-08-31 19:00:00,(02302) Virrey - Cendiatra,947.6961,567.6746,1440.0795,352.0,2.6923184394836426,19,703.0408163265306,Medio,0.7677241379310346,CRITICO: refuerzo inmediato
2026-08-31 20:00:00,(02302) Virrey - Cendiatra,258.74432,104.38034,547.5466,352.0,0.7350690960884094,20,206.87755102040816,Bajo,0.9058620689655172,ALTO: considerar refuerzo
2026-08-31 21:00:00,(02302) Virrey - Cendiatra,53.63089,0.0,227.0562,352.0,0.1523604840040207,21,97.14285714285714,Bajo,1.1327586206896552,Normal
2026-08-31 22:00:00,(02302) Virrey - Cendiatra,29.536102,0.0,127.99802,352.0,0.08390938490629196,22,33.340425531914896,Bajo,1.5975862068965516,Normal
2026-08-31 23:00:00,(02302) Virrey - Cendiatra,0.0,0.0,43.912567,352.0,0.0,23,2.4583333333333335,Bajo,2.7525,Normal
2026-08-31 00:00:00,(02303) Calle 85 - GATO DUMAS,0.0,0.0,0.0,320.0,0.0,0,,Bajo,,Normal
2026-08-31 01:00:00,(02303) Calle 85 - GATO DUMAS,0.0,0.0,0.0,320.0,0.0,1,,Bajo,,Normal
2026-08-31 02:00:00,(02303) Calle 85 - GATO DUMAS,0.0,0.0,7.1187744,320.0,0.0,2,,Bajo,,Normal
2026-08-31 03:00:00,(02303) Calle 85 - GATO DUMAS,0.0,0.0,5.0440674,320.0,0.0,3,,Bajo,,Normal
2026-08-31 04:00:00,(02303) Calle 85 - GATO DUMAS,0.0,0.0,15.374908,320.0,0.0,4,8.065573770491802,Bajo,18.6,Normal
2026-08-31 05:00:00,(02303) Calle 85 - GATO DUMAS,33.62552,4.494934,94.04962,320.0,0.10507974773645401,5,51.24193548387097,Bajo,1.5266666666666668,Normal
2026-08-31 06:00:00,(02303) Calle 85 - GATO DUMAS,131.97672,84.42374,215.79008,320.0,0.41242724657058716,6,129.0483870967742,Bajo,0.8076190476190477,Normal
2026-08-31 07:00:00,(02303) Calle 85 - GATO DUMAS,199.54445,138.52386,296.06683,320.0,0.6235764026641846,7,154.20967741935485,Bajo,0.5973809523809523,Normal
2026-08-31 08:00:00,(02303) Calle 85 - GATO DUMAS,250.88484,181.4075,341.85034,320.0,0.7840151190757751,8,200.96774193548387,Bajo,0.6095238095238096,ALTO: considerar refuerzo
2026-08-31 09:00:00,(02303) Calle 85 - GATO DUMAS,339.4543,249.19417,442.34528,320.0,1.060794711112976,9,267.5967741935484,Bajo,0.6799999999999999,CRITICO: refuerzo inmediato
2026-08-31 10:00:00,(02303) Calle 85 - GATO DUMAS,440.16086,323.78467,566.4682,320.0,1.3755027055740356,10,354.4516129032258,Medio,0.8661190476190477,CRITICO: refuerzo inmediato
2026-08-31 11:00:00,(02303) Calle 85 - GATO DUMAS,520.4613,387.14273,662.5475,320.0,1.6264415979385376,11,430.6774193548387,Medio,0.9166666666666667,CRITICO: refuerzo inmediato
2026-08-31 12:00:00,(02303) Calle 85 - GATO DUMAS,562.81433,416.52344,729.5204,320.0,1.7587947845458984,12,505.9193548387097,Medio,0.8957142857142857,CRITICO: refuerzo inmediato
2026-08-31 13:00:00,(02303) Calle 85 - GATO DUMAS,562.1931,416.1446,723.5139,320.0,1.756853461265564,13,530.8709677419355,Medio,0.8949285714285715,CRITICO: refuerzo inmediato
2026-08-31 14:00:00,(02303) Calle 85 - GATO DUMAS,666.4321,499.05292,856.44653,320.0,2.0826003551483154,14,591.9032258064516,Medio,0.8855000000000002,CRITICO: refuerzo inmediato
2026-08-31 15:00:00,(02303) Calle 85 - GATO DUMAS,1080.3799,796.3344,1373.9092,320.0,3.3761870861053467,15,792.6290322580645,Medio,0.8705714285714287,CRITICO: refuerzo inmediato
2026-08-31 16:00:00,(02303) Calle 85 - GATO DUMAS,2052.6746,1469.1938,2486.9817,320.0,6.414608001708984,16,1373.774193548387,Alto,0.8694523809523811,CRITICO: refuerzo inmediato
2026-08-31 17:00:00,(02303) Calle 85 - GATO DUMAS,2703.497,1910.1433,3254.1277,320.0,8.4484281539917,17,1816.6129032258063,Alto,0.7998095238095239,CRITICO: refuerzo inmediato
2026-08-31 18:00:00,(02303) Calle 85 - GATO DUMAS,1802.6453,1260.7966,2275.7502,320.0,5.633266448974609,18,1252.6129032258063,Alto,0.7982619047619048,CRITICO: refuerzo inmediato
2026-08-31 19:00:00,(02303) Calle 85 - GATO DUMAS,828.3021,553.5502,1147.9438,320.0,2.588444232940674,19,686.6290322580645,Medio,0.7398809523809525,CRITICO: refuerzo inmediato
2026-08-31 20:00:00,(02303) Calle 85 - GATO DUMAS,370.7674,229.45613,570.7899,320.0,1.158648133277893,20,316.85483870967744,Bajo,0.8852380952380953,CRITICO: refuerzo inmediato
2026-08-31 21:00:00,(02303) Calle 85 - GATO DUMAS,150.1162,67.927,279.3053,320.0,0.4691131114959717,21,181.75806451612902,Bajo,1.1571428571428573,Normal
2026-08-31 22:00:00,(02303) Calle 85 - GATO DUMAS,60.705627,4.395813,130.68802,320.0,0.18970508873462677,22,74.33898305084746,Bajo,1.7555,Normal
2026-08-31 23:00:00,(02303) Calle 85 - GATO DUMAS,2.7643738,0.0,23.864197,320.0,0.00863866787403822,23,5.9393939393939394,Bajo,4.19904761904762,Normal
2026-08-31 00:00:00,(02304) Heroes - Gel hada,0.0,0.0,0.0,264.0,0.0,0,1.375,Bajo,,Normal
2026-08-31 01:00:00,(02304) Heroes - Gel hada,0.0,0.0,6.476166,264.0,0.0,1,,Bajo,,Normal
2026-08-31 02:00:00,(02304) Heroes - Gel hada,0.0,0.0,13.682465,264.0,0.0,2,,Bajo,,Normal
2026-08-31 03:00:00,(02304) Heroes - Gel hada,0.0,0.0,16.683533,264.0,0.0,3,2.473684210526316,Bajo,,Normal
2026-08-31 04:00:00,(02304) Heroes - Gel hada,0.0,0.0,49.31897,264.0,0.0,4,28.193548387096776,Bajo,4.346666666666667,Normal
2026-08-31 05:00:00,(02304) Heroes - Gel hada,62.32794,19.14978,166.50604,264.0,0.23609068989753723,5,91.53225806451613,Bajo,0.8323809523809524,Normal
2026-08-31 06:00:00,(02304) Heroes - Gel hada,202.66995,135.52417,329.7625,264.0,0.7676892280578613,6,178.5,Bajo,0.5323809523809524,ALTO: considerar refuerzo
2026-08-31 07:00:00,(02304) Heroes - Gel hada,293.2995,215.6767,432.6159,264.0,1.110982894897461,7,204.7258064516129,Bajo,0.46,CRITICO: refuerzo inmediato
2026-08-31 08:00:00,(02304) Heroes - Gel hada,367.82385,279.34454,490.6121,264.0,1.3932721614837646,8,208.3709677419355,Medio,0.5020714285714286,CRITICO: refuerzo inmediato
2026-08-31 09:00:00,(02304) Heroes - Gel hada,501.47366,384.77667,649.7396,264.0,1.8995214700698853,9,269.48387096774195,Medio,0.6120714285714287,CRITICO: refuerzo inmediato
2026-08-31 10:00:00,(02304) Heroes - Gel hada,652.2683,494.08627,846.50195,264.0,2.4707133769989014,10,385.4032258064516,Medio,0.7066190476190477,CRITICO: refuerzo inmediato
2026-08-31 11:00:00,(02304) Heroes - Gel hada,804.31067,607.6171,1036.6558,264.0,3.046631336212158,11,486.2741935483871,Medio,0.7461666666666668,CRITICO: refuerzo inmediato
2026-08-31 12:00:00,(02304) Heroes - Gel hada,969.8821,731.9864,1255.4897,264.0,3.673795700073242,12,632.9516129032259,Medio,0.7278333333333333,CRITICO: refuerzo inmediato
2026-08-31 13:00:00,(02304) Heroes - Gel hada,1078.0874,816.5525,1385.6019,264.0,4.083664417266846,13,745.0967741935484,Medio,0.7178809523809525,CRITICO: refuerzo inmediato
2026-08-31 14:00:00,(02304) Heroes - Gel hada,1219.4573,935.78613,1566.7913,264.0,4.619156360626221,14,761.016129032258,Alto,0.854904761904762,CRITICO: refuerzo inmediato
2026-08-31 15:00:00,(02304) Heroes - Gel hada,1619.6206,1227.0656,2078.953,264.0,6.1349263191223145,15,924.9516129032259,Alto,0.7722619047619048,CRITICO: refuerzo inmediato
2026-08-31 16:00:00,(02304) Heroes - Gel hada,2739.013,2002.6106,3362.744,264.0,10.375048637390137,16,1488.7096774193549,Alto,0.6914761904761905,CRITICO: refuerzo inmediato
2026-08-31 17:00:00,(02304) Heroes - Gel hada,3707.033,2650.973,4482.1475,264.0,14.041791915893555,17,2073.8387096774195,Alto,0.5862380952380953,CRITICO: refuerzo inmediato
2026-08-31 18:00:00,(02304) Heroes - Gel hada,2756.1296,1973.0663,3434.928,264.0,10.439885139465332,18,1566.6774193548388,Alto,0.5933571428571428,CRITICO: refuerzo inmediato
2026-08-31 19:00:00,(02304) Heroes - Gel hada,1638.1184,1151.4644,2138.8477,264.0,6.204994201660156,19,1084.0,Alto,0.6654761904761904,CRITICO: refuerzo inmediato
2026-08-31 20:00:00,(02304) Heroes - Gel hada,940.3899,645.97314,1285.6829,264.0,3.5620830059051514,20,566.1129032258065,Medio,0.701904761904762,CRITICO: refuerzo inmediato
2026-08-31 21:00:00,(02304) Heroes - Gel hada,520.58075,337.07916,771.5475,264.0,1.971896767616272,21,362.9193548387097,Medio,0.8493571428571429,CRITICO: refuerzo inmediato
2026-08-31 22:00:00,(02304) Heroes - Gel hada,250.76178,133.50348,424.01242,264.0,0.9498552083969116,22,189.17741935483872,Bajo,1.0226190476190478,CRITICO: refuerzo inmediato
2026-08-31 23:00:00,(02304) Heroes - Gel hada,39.271545,0.0,117.702515,264.0,0.14875584840774536,23,30.672727272727272,Bajo,7.797567567567567,Normal
2026-08-31 00:00:00,(02502) Terminal,0.0,0.0,3.531372,152.0,0.0,0,1.0,Bajo,,Normal
2026-08-31 01:00:00,(02502) Terminal,0.0,0.0,9.905457,152.0,0.0,1,,Bajo,,Normal
2026-08-31 02:00:00,(02502) Terminal,0.0,0.0,31.018341,152.0,0.0,2,,Bajo,,Normal
2026-08-31 03:00:00,(02502) Terminal,0.0,0.0,62.163727,152.0,0.0,3,,Bajo,,Normal
2026-08-31 04:00:00,(02502) Terminal,117.14456,2.2587585,232.54932,152.0,0.7706878781318665,4,54.38709677419355,Bajo,8.451904761904762,ALTO: considerar refuerzo
2026-08-31 05:00:00,(02502) Terminal,786.4339,477.03,1027.7993,152.0,5.173907279968262,5,576.2903225806451,Alto,1.9496904761904763,CRITICO: refuerzo inmediato
2026-08-31 06:00:00,(02502) Terminal,2050.983,1406.3605,2438.1663,152.0,13.493309020996094,6,1468.258064516129,Alto,1.147404761904762,CRITICO: refuerzo inmediato
2026-08-31 07:00:00,(02502) Terminal,2165.878,1524.9292,2513.263,152.0,14.249197006225586,7,1489.2096774193549,Alto,1.0266904761904763,CRITICO: refuerzo inmediato
2026-08-31 08:00:00,(02502) Terminal,1245.7773,842.086,1496.8389,152.0,8.195903778076172,8,900.3870967741935,Alto,0.9839761904761906,CRITICO: refuerzo inmediato
2026-08-31 09:00:00,(02502) Terminal,814.2551,535.21704,981.6507,152.0,5.3569416999816895,9,621.0322580645161,Alto,1.0950952380952381,CRITICO: refuerzo inmediato
2026-08-31 10:00:00,(02502) Terminal,562.943,365.26443,701.8473,152.0,3.7035722732543945,10,476.0967741935484,Medio,1.053904761904762,CRITICO: refuerzo inmediato
2026-08-31 11:00:00,(02502) Terminal,461.9876,325.03955,596.0223,152.0,3.0393922328948975,11,434.53225806451616,Medio,1.069357142857143,CRITICO: refuerzo inmediato
2026-08-31 12:00:00,(02502) Terminal,474.85794,364.28775,616.91095,152.0,3.124065399169922,12,425.258064516129,Medio,1.0635952380952383,CRITICO: refuerzo inmediato
2026-08-31 13:00:00,(02502) Terminal,455.47195,355.24146,601.5944,152.0,2.996526002883911,13,443.0806451612903,Medio,1.0711904761904762,CRITICO: refuerzo inmediato
2026-08-31 14:00:00,(02502) Terminal,462.98474,362.39685,607.96606,152.0,3.045952320098877,14,420.2096774193548,Medio,1.0677857142857143,CRITICO: refuerzo inmediato
2026-08-31 15:00:00,(02502) Terminal,607.2094,456.45578,803.9332,152.0,3.9947986602783203,15,482.0806451612903,Medio,0.9960238095238096,CRITICO: refuerzo inmediato
2026-08-31 16:00:00,(02502) Terminal,1106.7561,817.7721,1356.51,152.0,7.281290054321289,16,783.6451612903226,Alto,1.04,CRITICO: refuerzo inmediato
2026-08-31 17:00:00,(02502) Terminal,1190.1643,887.4551,1446.7599,152.0,7.830028533935547,17,840.7903225806451,Alto,0.9880000000000001,CRITICO: refuerzo inmediato
2026-08-31 18:00:00,(02502) Terminal,678.5896,492.97595,890.6553,152.0,4.464405059814453,18,637.4193548387096,Medio,0.7948809523809525,CRITICO: refuerzo inmediato
2026-08-31 19:00:00,(02502) Terminal,312.29407,220.79404,455.11182,152.0,2.0545661449432373,19,302.03225806451616,Medio,0.8543333333333334,CRITICO: refuerzo inmediato
2026-08-31 20:00:00,(02502) Terminal,96.53812,43.88739,204.50842,152.0,0.6351191997528076,20,130.96774193548387,Bajo,0.9914285714285714,Normal
2026-08-31 21:00:00,(02502) Terminal,39.97296,0.0,135.83356,152.0,0.26298001408576965,21,66.62903225806451,Bajo,1.0804761904761906,Normal
2026-08-31 22:00:00,(02502) Terminal,5.2745667,0.0,80.7009,152.0,0.03470109775662422,22,13.037735849056604,Bajo,1.381142857142857,Normal
2026-08-31 23:00:00,(02502) Terminal,0.0,0.0,55.997406,152.0,0.0,23,1.2,Bajo,2.9375,Normal
2026-08-31 00:00:00,(03000) Portal Suba,0.0,0.0,49.381958,304.0,0.0,0,1.7027027027027026,Bajo,,Normal
2026-08-31 01:00:00,(03000) Portal Suba,0.0,0.0,187.87402,304.0,0.0,1,,Bajo,,Normal
2026-08-31 02:00:00,(03000) Portal Suba,0.0,0.0,154.68433,304.0,0.0,2,,Bajo,,Normal
2026-08-31 03:00:00,(03000) Portal Suba,201.47253,0.0,483.84326,304.0,0.6627386212348938,3,1.0,Bajo,10.0,Normal
2026-08-31 04:00:00,(03000) Portal Suba,1355.4404,639.59033,2043.715,304.0,4.458685398101807,4,1167.3225806451612,Medio,0.6366904761904763,CRITICO: refuerzo inmediato
2026-08-31 05:00:00,(03000) Portal Suba,5912.159,4010.4731,7209.9946,304.0,19.447891235351562,5,4801.209677419355,Alto,0.3423333333333334,CRITICO: refuerzo inmediato
2026-08-31 06:00:00,(03000) Portal Suba,10352.181,7102.681,12247.323,304.0,34.053226470947266,6,8049.629032258064,Alto,0.2866190476190476,CRITICO: refuerzo inmediato
2026-08-31 07:00:00,(03000) Portal Suba,9210.945,6386.222,10693.743,304.0,30.299161911010742,7,7326.306451612903,Alto,0.2627857142857143,CRITICO: refuerzo inmediato
2026-08-31 08:00:00,(03000) Portal Suba,5227.1455,3414.351,6256.6025,304.0,17.194557189941406,8,4374.387096774193,Alto,0.2634047619047619,CRITICO: refuerzo inmediato
2026-08-31 09:00:00,(03000) Portal Suba,3401.019,2218.032,4029.4277,304.0,11.187562942504883,9,2941.7096774193546,Alto,0.31602380952380954,CRITICO: refuerzo inmediato
2026-08-31 10:00:00,(03000) Portal Suba,2484.1838,1663.1084,2977.7012,304.0,8.17165756225586,10,2406.1612903225805,Alto,0.34728571428571436,CRITICO: refuerzo inmediato
2026-08-31 11:00:00,(03000) Portal Suba,2178.7593,1627.936,2643.2688,304.0,7.166971206665039,11,2169.016129032258,Alto,0.35440476190476194,CRITICO: refuerzo inmediato
2026-08-31 12:00:00,(03000) Portal Suba,2011.7568,1597.2941,2427.3281,304.0,6.617620944976807,12,1982.725806451613,Alto,0.3547142857142857,CRITICO: refuerzo inmediato
2026-08-31 13:00:00,(03000) Portal Suba,1648.5504,1371.814,2021.6123,304.0,5.422863006591797,13,1738.0967741935483,Alto,0.35440476190476194,CRITICO: refuerzo inmediato
2026-08-31 14:00:00,(03000) Portal Suba,1319.0908,1113.5073,1626.6575,304.0,4.339114665985107,14,1398.8548387096773,Medio,0.29883333333333334,CRITICO: refuerzo inmediato
2026-08-31 15:00:00,(03000) Portal Suba,1429.1747,1135.5894,1821.7777,304.0,4.701232433319092,15,1351.4354838709678,Alto,0.3417142857142858,CRITICO: refuerzo inmediato
2026-08-31 16:00:00,(03000) Portal Suba,1831.4338,1337.9385,2361.3525,304.0,6.024453639984131,16,1631.016129032258,Alto,0.3051904761904762,CRITICO: refuerzo inmediato
2026-08-31 17:00:00,(03000) Portal Suba,1705.2395,1278.6135,2251.2068,304.0,5.609340667724609,17,1493.5967741935483,Alto,0.2869285714285714,CRITICO: refuerzo inmediato
2026-08-31 18:00:00,(03000) Portal Suba,1069.7012,705.14246,1554.856,304.0,3.51875376701355,18,1130.225806451613,Medio,0.24304761904761904,CRITICO: refuerzo inmediato
2026-08-31 19:00:00,(03000) Portal Suba,541.42346,359.94238,922.79156,304.0,1.7809982299804688,19,844.741935483871,Medio,0.2537857142857143,CRITICO: refuerzo inmediato
2026-08-31 20:00:00,(03000) Portal Suba,202.02148,70.56677,462.2113,304.0,0.6645443439483643,20,281.0967741935484,Bajo,0.2573809523809524,Normal
2026-08-31 21:00:00,(03000) Portal Suba,50.771606,0.0,251.35779,304.0,0.16701185703277588,21,141.80645161290323,Bajo,0.310952380952381,Normal
2026-08-31 22:00:00,(03000) Portal Suba,0.0,0.0,183.92786,304.0,0.0,22,54.61290322580645,Bajo,0.4254761904761905,Normal
2026-08-31 23:00:00,(03000) Portal Suba,0.0,0.0,209.1095,304.0,0.0,23,11.114754098360656,Bajo,0.7182926829268294,Normal
2026-08-31 00:00:00,(03001) LA CAMPIÑA,0.0,0.0,0.0,352.0,0.0,0,,Bajo,,Normal
2026-08-31 01:00:00,(03001) LA CAMPIÑA,0.0,0.0,17.998672,352.0,0.0,1,,Bajo,,Normal
2026-08-31 02:00:00,(03001) LA CAMPIÑA,0.0,0.0,30.69632,352.0,0.0,2,,Bajo,,Normal
2026-08-31 03:00:00,(03001) LA CAMPIÑA,0.0,0.0,38.949005,352.0,0.0,3,,Bajo,,Normal
2026-08-31 04:00:00,(03001) LA CAMPIÑA,90.684555,0.0,177.3985,352.0,0.25762656331062317,4,64.09677419354838,Bajo,2.857142857142857,Normal
2026-08-31 05:00:00,(03001) LA CAMPIÑA,623.74023,364.92676,825.03015,352.0,1.771989345550537,5,476.4193548387097,Medio,0.7495714285714286,CRITICO: refuerzo inmediato
2026-08-31 06:00:00,(03001) LA CAMPIÑA,1702.2222,1123.718,2055.591,352.0,4.835858345031738,6,1258.1451612903227,Alto,0.65,CRITICO: refuerzo inmediato
2026-08-31 07:00:00,(03001) LA CAMPIÑA,1737.1198,1174.975,2052.1526,352.0,4.934999465942383,7,1280.0483870967741,Alto,0.6026428571428571,CRITICO: refuerzo inmediato
2026-08-31 08:00:00,(03001) LA CAMPIÑA,875.0227,546.3547,1083.1165,352.0,2.4858598709106445,8,676.9354838709677,Medio,0.5075714285714286,CRITICO: refuerzo inmediato
2026-08-31 09:00:00,(03001) LA CAMPIÑA,512.48334,312.43008,628.2954,352.0,1.455918550491333,9,437.98387096774195,Medio,0.6146904761904762,CRITICO: refuerzo inmediato
2026-08-31 10:00:00,(03001) LA CAMPIÑA,325.45422,194.09244,400.93268,352.0,0.9245858788490295,10,314.8225806451613,Bajo,0.6302380952380953,CRITICO: refuerzo inmediato
2026-08-31 11:00:00,(03001) LA CAMPIÑA,252.41296,168.9029,317.5507,352.0,0.7170822620391846,11,265.35483870967744,Bajo,0.6395238095238095,ALTO: considerar refuerzo
2026-08-31 12:00:00,(03001) LA CAMPIÑA,238.28175,173.50746,299.49136,352.0,0.6769368052482605,12,249.29032258064515,Bajo,0.6311904761904762,Normal
2026-08-31 13:00:00,(03001) LA CAMPIÑA,202.23128,146.95583,267.98706,352.0,0.5745206475257874,13,224.53225806451613,Bajo,0.6404761904761904,Normal
2026-08-31 14:00:00,(03001) LA CAMPIÑA,155.88074,110.265045,214.34518,352.0,0.4428429901599884,14,176.74193548387098,Bajo,0.6426190476190475,Normal
2026-08-31 15:00:00,(03001) LA CAMPIÑA,179.12393,116.73653,257.28067,352.0,0.5088748335838318,15,162.6451612903226,Bajo,0.6004761904761905,Normal
2026-08-31 16:00:00,(03001) LA CAMPIÑA,235.22404,140.12558,332.43085,352.0,0.6682501435279846,16,197.83870967741936,Bajo,0.5528571428571428,Normal
2026-08-31 17:00:00,(03001) LA CAMPIÑA,217.35698,130.16383,323.33047,352.0,0.6174914240837097,17,194.01612903225808,Bajo,0.5021428571428571,Normal
2026-08-31 18:00:00,(03001) LA CAMPIÑA,115.60062,52.628418,206.04597,352.0,0.3284108340740204,18,139.93548387096774,Bajo,0.4904761904761904,Normal
2026-08-31 19:00:00,(03001) LA CAMPIÑA,56.891556,17.687088,127.66365,352.0,0.1616237312555313,19,87.2741935483871,Bajo,0.5373809523809524,Normal
2026-08-31 20:00:00,(03001) LA CAMPIÑA,25.119644,0.0,81.229614,352.0,0.07136262208223343,20,47.516129032258064,Bajo,0.6845238095238095,Normal
2026-08-31 21:00:00,(03001) LA CAMPIÑA,9.086746,0.0,60.810654,352.0,0.025814620777964592,21,27.774193548387096,Bajo,0.8847619047619046,Normal
2026-08-31 22:00:00,(03001) LA CAMPIÑA,0.0,0.0,38.190765,352.0,0.0,22,8.016666666666667,Bajo,1.3245,Normal
2026-08-31 23:00:00,(03001) LA CAMPIÑA,0.0,0.0,38.05049,352.0,0.0,23,1.4285714285714286,Bajo,2.751333333333333,Normal
2026-08-31 00:00:00,(03002) SUBA - TV- 91,0.0,0.0,8.812561,264.0,0.0,0,1.3333333333333333,Bajo,,Normal
2026-08-31 01:00:00,(03002) SUBA - TV- 91,0.0,0.0,29.73935,264.0,0.0,1,,Bajo,,Normal
2026-08-31 02:00:00,(03002) SUBA - TV- 91,0.0,0.0,39.16635,264.0,0.0,2,,Bajo,,Normal
2026-08-31 03:00:00,(03002) SUBA - TV- 91,7.98053,0.0,56.426117,264.0,0.03022927977144718,3,,Bajo,,Normal
2026-08-31 04:00:00,(03002) SUBA - TV- 91,140.29086,40.321228,231.26843,264.0,0.5314047932624817,4,106.14516129032258,Bajo,2.9447619047619047,Normal
2026-08-31 05:00:00,(03002) SUBA - TV- 91,857.5206,565.567,1064.4044,264.0,3.2481842041015625,5,647.7096774193549,Medio,0.741452380952381,CRITICO: refuerzo inmediato
2026-08-31 06:00:00,(03002) SUBA - TV- 91,2176.7244,1536.1318,2529.3496,264.0,8.24516773223877,6,1578.5967741935483,Alto,0.6574285714285714,CRITICO: refuerzo inmediato
2026-08-31 07:00:00,(03002) SUBA - TV- 91,2139.7864,1561.8446,2428.4731,264.0,8.10525131225586,7,1556.6612903225807,Alto,0.6026428571428571,CRITICO: refuerzo inmediato
2026-08-31 08:00:00,(03002) SUBA - TV- 91,1213.8469,863.624,1404.2957,264.0,4.597905158996582,8,958.4032258064516,Alto,0.6063571428571428,CRITICO: refuerzo inmediato
2026-08-31 09:00:00,(03002) SUBA - TV- 91,821.9286,581.8393,939.52515,264.0,3.113365888595581,9,690.3064516129032,Medio,0.6029047619047619,CRITICO: refuerzo inmediato
2026-08-31 10:00:00,(03002) SUBA - TV- 91,644.0772,461.8048,747.98486,264.0,2.4396862983703613,10,608.7903225806451,Medio,0.6990238095238096,CRITICO: refuerzo inmediato
2026-08-31 11:00:00,(03002) SUBA - TV- 91,585.3629,451.66708,693.14343,264.0,2.2172837257385254,11,563.3225806451613,Medio,0.7021666666666667,CRITICO: refuerzo inmediato
2026-08-31 12:00:00,(03002) SUBA - TV- 91,543.9412,442.87485,644.2897,264.0,2.0603833198547363,12,538.1290322580645,Medio,0.7034761904761905,CRITICO: refuerzo inmediato
2026-08-31 13:00:00,(03002) SUBA - TV- 91,467.7285,391.61316,565.3623,264.0,1.7716988325119019,13,473.19354838709677,Medio,0.6930000000000001,CRITICO: refuerzo inmediato
2026-08-31 14:00:00,(03002) SUBA - TV- 91,416.66904,353.77234,501.80643,264.0,1.5782917737960815,14,414.16129032258067,Medio,0.7076666666666667,CRITICO: refuerzo inmediato
2026-08-31 15:00:00,(03002) SUBA - TV- 91,493.70557,397.01105,605.73413,264.0,1.8700968027114868,15,421.46774193548384,Medio,0.6689047619047619,CRITICO: refuerzo inmediato
2026-08-31 16:00:00,(03002) SUBA - TV- 91,614.158,461.4531,753.0464,264.0,2.3263561725616455,16,488.0483870967742,Medio,0.6044761904761905,CRITICO: refuerzo inmediato
2026-08-31 17:00:00,(03002) SUBA - TV- 91,570.3449,431.18057,712.05426,264.0,2.1603972911834717,17,475.4516129032258,Medio,0.5515714285714286,CRITICO: refuerzo inmediato
2026-08-31 18:00:00,(03002) SUBA - TV- 91,368.62378,271.9984,485.87244,264.0,1.3963022232055664,18,357.66129032258067,Medio,0.5376904761904763,CRITICO: refuerzo inmediato
2026-08-31 19:00:00,(03002) SUBA - TV- 91,204.32843,148.98947,305.38974,264.0,0.7739713191986084,19,261.3709677419355,Bajo,0.5316666666666667,ALTO: considerar refuerzo
2026-08-31 20:00:00,(03002) SUBA - TV- 91,89.61313,45.911713,179.49197,264.0,0.3394436836242676,20,152.3548387096774,Bajo,0.6942857142857143,Normal
2026-08-31 21:00:00,(03002) SUBA - TV- 91,33.3757,0.0,109.59094,264.0,0.12642312049865723,21,78.61290322580645,Bajo,0.8852380952380953,Normal
2026-08-31 22:00:00,(03002) SUBA - TV- 91,1.9605713,0.0,63.65738,264.0,0.007426406256854534,22,19.532258064516128,Bajo,1.352142857142857,Normal
2026-08-31 23:00:00,(03002) SUBA - TV- 91,0.0,0.0,54.009766,264.0,0.0,23,2.2857142857142856,Bajo,3.5668,Normal
2026-08-31 00:00:00,(03003) 21 ANGELES,0.0,0.0,2.182953,144.0,0.0,0,,Bajo,,Normal
2026-08-31 01:00:00,(03003) 21 ANGELES,0.0,0.0,5.0665894,144.0,0.0,1,,Bajo,,Normal
2026-08-31 02:00:00,(03003) 21 ANGELES,0.0,0.0,8.922699,144.0,0.0,2,,Bajo,,Normal
2026-08-31 03:00:00,(03003) 21 ANGELES,1.4924469,0.0,13.655373,144.0,0.010364214889705181,3,,Bajo,,Normal
2026-08-31 04:00:00,(03003) 21 ANGELES,24.048492,2.0454102,45.423546,144.0,0.16700342297554016,4,18.258064516129032,Bajo,6.08,Normal
2026-08-31 05:00:00,(03003) 21 ANGELES,177.79573,112.43393,224.95593,144.0,1.2346925735473633,5,128.79032258064515,Medio,1.2152380952380955,CRITICO: refuerzo inmediato
2026-08-31 06:00:00,(03003) 21 ANGELES,429.56354,294.40506,506.9926,144.0,2.9830801486968994,6,322.758064516129,Medio,0.8642857142857143,CRITICO: refuerzo inmediato
2026-08-31 07:00:00,(03003) 21 ANGELES,437.38397,308.59772,503.4999,144.0,3.037388801574707,7,324.56451612903226,Medio,0.7726190476190476,CRITICO: refuerzo inmediato
2026-08-31 08:00:00,(03003) 21 ANGELES,268.01205,185.0154,314.31125,144.0,1.8611948490142822,8,211.01612903225808,Medio,0.7453809523809525,CRITICO: refuerzo inmediato
2026-08-31 09:00:00,(03003) 21 ANGELES,161.73102,108.11278,190.66612,144.0,1.1231321096420288,9,139.24193548387098,Bajo,0.7623809523809525,CRITICO: refuerzo inmediato
2026-08-31 10:00:00,(03003) 21 ANGELES,107.094444,71.92687,127.82614,144.0,0.7437114119529724,10,104.35483870967742,Bajo,0.8364285714285715,ALTO: considerar refuerzo
2026-08-31 11:00:00,(03003) 21 ANGELES,88.28085,64.81517,109.40196,144.0,0.6130614876747131,11,94.69354838709677,Bajo,0.8426190476190476,Normal
2026-08-31 12:00:00,(03003) 21 ANGELES,85.98926,68.2065,108.018295,144.0,0.5971476435661316,12,89.7741935483871,Bajo,0.8426190476190476,Normal
2026-08-31 13:00:00,(03003) 21 ANGELES,75.848816,61.64798,98.11717,144.0,0.5267279148101807,13,83.20967741935483,Bajo,0.8404761904761904,Normal
2026-08-31 14:00:00,(03003) 21 ANGELES,72.52181,58.505615,94.14036,144.0,0.5036237239837646,14,73.06451612903226,Bajo,0.8438095238095238,Normal
2026-08-31 15:00:00,(03003) 21 ANGELES,101.204956,75.68701,132.92834,144.0,0.7028121948242188,15,88.33870967741936,Bajo,0.8095238095238095,ALTO: considerar refuerzo
2026-08-31 16:00:00,(03003) 21 ANGELES,160.26286,115.6904,199.68777,144.0,1.1129364967346191,16,118.2258064516129,Bajo,0.769047619047619,CRITICO: refuerzo inmediato
2026-08-31 17:00:00,(03003) 21 ANGELES,151.80751,109.893745,191.3603,144.0,1.0542187690734863,17,118.54838709677419,Bajo,0.6771428571428572,CRITICO: refuerzo inmediato
2026-08-31 18:00:00,(03003) 21 ANGELES,77.308235,50.56205,108.50769,144.0,0.5368627309799194,18,68.87096774193549,Bajo,0.6654761904761904,Normal
2026-08-31 19:00:00,(03003) 21 ANGELES,31.07233,17.053436,52.422752,144.0,0.2157800793647766,19,35.03225806451613,Bajo,0.7271428571428572,Normal
2026-08-31 20:00:00,(03003) 21 ANGELES,11.1063,2.446457,27.6888,144.0,0.07712708413600922,20,17.887096774193548,Bajo,0.8911904761904762,Normal
2026-08-31 21:00:00,(03003) 21 ANGELES,5.1082764,0.0,19.261604,144.0,0.03547414019703865,21,7.370967741935484,Bajo,0.9923809523809524,Normal
2026-08-31 22:00:00,(03003) 21 ANGELES,0.0,0.0,10.599236,144.0,0.0,22,2.6818181818181817,Bajo,1.3353333333333335,Normal
2026-08-31 23:00:00,(03003) 21 ANGELES,0.0,0.0,11.053841,144.0,0.0,23,1.2222222222222223,Bajo,6.636,Normal
2026-08-31 00:00:00,(03004) GRATAMIRA,0.0,0.0,0.8197613,144.0,0.0,0,1.0,Bajo,,Normal
2026-08-31 01:00:00,(03004) GRATAMIRA,0.0,0.0,0.800066,144.0,0.0,1,,Bajo,,Normal
2026-08-31 02:00:00,(03004) GRATAMIRA,0.0,0.0,1.6766052,144.0,0.0,2,,Bajo,,Normal
2026-08-31 03:00:00,(03004) GRATAMIRA,0.0,0.0,2.3484612,144.0,0.0,3,,Bajo,,Normal
2026-08-31 04:00:00,(03004) GRATAMIRA,1.2097435,0.0,5.822769,144.0,0.008400996215641499,4,1.4333333333333333,Bajo,5.370588235294117,Normal
2026-08-31 05:00:00,(03004) GRATAMIRA,11.963638,4.306366,20.851156,144.0,0.08308082073926926,5,9.933333333333334,Bajo,1.4614634146341463,Normal
2026-08-31 06:00:00,(03004) GRATAMIRA,46.64618,31.759638,59.128445,144.0,0.32393181324005127,6,33.903225806451616,Bajo,1.2211904761904762,Normal
2026-08-31 07:00:00,(03004) GRATAMIRA,58.157146,41.865803,71.42845,144.0,0.40386906266212463,7,42.774193548387096,Bajo,1.1757142857142857,Normal
2026-08-31 08:00:00,(03004) GRATAMIRA,48.62607,35.28633,60.601406,144.0,0.33768102526664734,8,41.516129032258064,Bajo,1.1783333333333332,Normal
2026-08-31 09:00:00,(03004) GRATAMIRA,33.71121,22.52567,44.682064,144.0,0.23410561680793762,9,30.43548387096774,Bajo,1.282857142857143,Normal
2026-08-31 10:00:00,(03004) GRATAMIRA,27.201925,17.88898,38.097927,144.0,0.18890225887298584,10,31.983870967741936,Bajo,1.3502380952380952,Normal
2026-08-31 11:00:00,(03004) GRATAMIRA,28.805294,19.41069,40.660553,144.0,0.20003676414489746,11,32.08064516129032,Bajo,1.359047619047619,Normal
2026-08-31 12:00:00,(03004) GRATAMIRA,31.204279,21.282993,44.213074,144.0,0.2166963815689087,12,36.82258064516129,Bajo,1.3564285714285713,Normal
2026-08-31 13:00:00,(03004) GRATAMIRA,28.66845,19.201988,40.81878,144.0,0.19908645749092102,13,36.725806451612904,Bajo,1.3564285714285713,Normal
2026-08-31 14:00:00,(03004) GRATAMIRA,28.786018,19.990719,40.61799,144.0,0.19990290701389313,14,36.435483870967744,Bajo,1.3516666666666668,Normal
2026-08-31 15:00:00,(03004) GRATAMIRA,44.98786,32.408188,61.098305,144.0,0.3124157190322876,15,44.58064516129032,Bajo,1.2816666666666667,Normal
2026-08-31 16:00:00,(03004) GRATAMIRA,91.574844,64.72963,112.40364,144.0,0.635936439037323,16,74.90322580645162,Bajo,1.2564285714285715,Normal
2026-08-31 17:00:00,(03004) GRATAMIRA,85.481285,59.726414,105.986115,144.0,0.5936200618743896,17,75.12903225806451,Bajo,1.2397619047619048,Normal
2026-08-31 18:00:00,(03004) GRATAMIRA,44.883553,31.054789,60.042915,144.0,0.3116913437843323,18,44.03225806451613,Bajo,1.1988095238095238,Normal
2026-08-31 19:00:00,(03004) GRATAMIRA,25.413137,17.212713,35.236145,144.0,0.17648011445999146,19,29.306451612903224,Bajo,1.2228571428571429,Normal
2026-08-31 20:00:00,(03004) GRATAMIRA,14.095881,7.7150517,22.648914,144.0,0.09788806736469269,20,15.548387096774194,Bajo,1.489047619047619,Normal
2026-08-31 21:00:00,(03004) GRATAMIRA,6.6479855,0.97374725,13.2986,144.0,0.046166565269231796,21,8.451612903225806,Bajo,1.700952380952381,Normal
2026-08-31 22:00:00,(03004) GRATAMIRA,1.9637012,0.0,5.9360237,144.0,0.013636814430356026,22,2.8653846153846154,Bajo,1.8975,Normal
2026-08-31 23:00:00,(03004) GRATAMIRA,0.0,0.0,2.1597633,144.0,0.0,23,1.0,Bajo,3.33,Normal
2026-08-31 00:00:00,(03005) SUBA - AV. BOYACA,0.0,0.0,0.0,144.0,0.0,0,1.0,Bajo,,Normal
2026-08-31 01:00:00,(03005) SUBA - AV. BOYACA,0.0,0.0,0.0,144.0,0.0,1,,Bajo,,Normal
2026-08-31 02:00:00,(03005) SUBA - AV. BOYACA,0.0,0.0,5.8919067,144.0,0.0,2,,Bajo,,Normal
2026-08-31 03:00:00,(03005) SUBA - AV. BOYACA,0.0,0.0,11.877182,144.0,0.0,3,,Bajo,,Normal
2026-08-31 04:00:00,(03005) SUBA - AV. BOYACA,22.914413,0.0,60.972153,144.0,0.159127876162529,4,13.564516129032258,Bajo,5.448571428571428,Normal
2026-08-31 05:00:00,(03005) SUBA - AV. BOYACA,247.89017,157.06326,329.95636,144.0,1.7214595079421997,5,197.8548387096774,Medio,1.2516428571428573,CRITICO: refuerzo inmediato
2026-08-31 06:00:00,(03005) SUBA - AV. BOYACA,635.0344,464.30844,759.24524,144.0,4.409961223602295,6,479.33870967741933,Medio,0.9562142857142857,CRITICO: refuerzo inmediato
2026-08-31 07:00:00,(03005) SUBA - AV. BOYACA,696.4166,521.2215,817.9509,144.0,4.836226463317871,7,520.0967741935484,Alto,1.0056428571428573,CRITICO: refuerzo inmediato
2026-08-31 08:00:00,(03005) SUBA - AV. BOYACA,415.49237,299.62317,517.65625,144.0,2.8853635787963867,8,327.758064516129,Medio,0.8443809523809525,CRITICO: refuerzo inmediato
2026-08-31 09:00:00,(03005) SUBA - AV. BOYACA,269.3368,187.5203,345.42926,144.0,1.8703943490982056,9,228.82258064516128,Medio,0.9826666666666668,CRITICO: refuerzo inmediato
2026-08-31 10:00:00,(03005) SUBA - AV. BOYACA,192.02554,128.89857,259.22586,144.0,1.3335107564926147,10,189.93548387096774,Medio,1.2073809523809527,CRITICO: refuerzo inmediato
2026-08-31 11:00:00,(03005) SUBA - AV. BOYACA,185.18352,129.42078,250.49069,144.0,1.285996675491333,11,196.1451612903226,Medio,1.1864285714285714,CRITICO: refuerzo inmediato
2026-08-31 12:00:00,(03005) SUBA - AV. BOYACA,205.37035,151.24445,277.57452,144.0,1.4261829853057861,12,206.96774193548387,Medio,1.1835476190476193,CRITICO: refuerzo inmediato
2026-08-31 13:00:00,(03005) SUBA - AV. BOYACA,215.46996,166.00363,286.7002,144.0,1.4963191747665405,13,230.82258064516128,Medio,1.1817142857142857,CRITICO: refuerzo inmediato
2026-08-31 14:00:00,(03005) SUBA - AV. BOYACA,277.81134,218.3767,356.15048,144.0,1.9292454719543457,14,259.83870967741933,Medio,1.2270238095238097,CRITICO: refuerzo inmediato
2026-08-31 15:00:00,(03005) SUBA - AV. BOYACA,480.42706,370.6718,599.67444,144.0,3.336298942565918,15,382.0806451612903,Medio,1.0916190476190477,CRITICO: refuerzo inmediato
2026-08-31 16:00:00,(03005) SUBA - AV. BOYACA,857.5552,643.6349,1011.19653,144.0,5.955244064331055,16,634.4516129032259,Alto,1.1591666666666667,CRITICO: refuerzo inmediato
2026-08-31 17:00:00,(03005) SUBA - AV. BOYACA,950.0985,715.3733,1109.609,144.0,6.597906112670898,17,699.4032258064516,Alto,1.043404761904762,CRITICO: refuerzo inmediato
2026-08-31 18:00:00,(03005) SUBA - AV. BOYACA,588.7732,444.71,714.5033,144.0,4.08870267868042,18,499.258064516129,Medio,0.8634999999999999,CRITICO: refuerzo inmediato
2026-08-31 19:00:00,(03005) SUBA - AV. BOYACA,321.60236,239.4159,407.5255,144.0,2.2333498001098633,19,284.85483870967744,Medio,0.9960238095238096,CRITICO: refuerzo inmediato
2026-08-31 20:00:00,(03005) SUBA - AV. BOYACA,139.19267,82.00905,205.5506,144.0,0.9666157960891724,20,133.19354838709677,Bajo,1.1047619047619048,CRITICO: refuerzo inmediato
2026-08-31 21:00:00,(03005) SUBA - AV. BOYACA,41.667618,0.0,90.36418,144.0,0.2893584668636322,21,44.725806451612904,Bajo,1.3066666666666666,Normal
2026-08-31 22:00:00,(03005) SUBA - AV. BOYACA,10.782074,0.0,42.380157,144.0,0.07487551122903824,22,10.935483870967742,Bajo,2.0354761904761904,Normal
2026-08-31 23:00:00,(03005) SUBA - AV. BOYACA,0.0,0.0,23.89354,144.0,0.0,23,1.7096774193548387,Bajo,13.61608695652174,Normal
2026-08-31 00:00:00,(03006) NIZA - CALLE 127,0.0,0.0,0.3675232,200.0,0.0,0,1.0,Bajo,,Normal
2026-08-31 01:00:00,(03006) NIZA - CALLE 127,0.0,0.0,1.3720093,200.0,0.0,1,,Bajo,,Normal
2026-08-31 02:00:00,(03006) NIZA - CALLE 127,0.0,0.0,14.483856,200.0,0.0,2,,Bajo,,Normal
2026-08-31 03:00:00,(03006) NIZA - CALLE 127,0.0,0.0,19.532166,200.0,0.0,3,,Bajo,,Normal
2026-08-31 04:00:00,(03006) NIZA - CALLE 127,4.9935913,0.0,54.90753,200.0,0.02496795728802681,4,15.366666666666667,Bajo,5.1705,Normal
2026-08-31 05:00:00,(03006) NIZA - CALLE 127,195.3804,111.75223,291.83002,200.0,0.9769020080566406,5,151.59677419354838,Bajo,0.7985714285714286,CRITICO: refuerzo inmediato
2026-08-31 06:00:00,(03006) NIZA - CALLE 127,512.77606,380.835,639.9154,200.0,2.563880205154419,6,372.6774193548387,Medio,0.7139523809523809,CRITICO: refuerzo inmediato
2026-08-31 07:00:00,(03006) NIZA - CALLE 127,579.4668,445.72137,705.6858,200.0,2.897334098815918,7,418.14516129032256,Medio,0.6453333333333334,CRITICO: refuerzo inmediato
2026-08-31 08:00:00,(03006) NIZA - CALLE 127,488.94156,374.91586,595.5694,200.0,2.4447078704833984,8,355.7903225806452,Medio,0.6450714285714286,CRITICO: refuerzo inmediato
2026-08-31 09:00:00,(03006) NIZA - CALLE 127,396.85275,304.61353,488.95117,200.0,1.9842637777328491,9,315.7096774193548,Medio,0.7610952380952382,CRITICO: refuerzo inmediato
2026-08-31 10:00:00,(03006) NIZA - CALLE 127,350.9589,271.79205,442.5235,200.0,1.7547944784164429,10,327.30645161290323,Medio,0.8284047619047619,CRITICO: refuerzo inmediato
2026-08-31 11:00:00,(03006) NIZA - CALLE 127,360.11984,279.43216,452.47714,200.0,1.800599217414856,11,347.2096774193548,Medio,0.8346904761904763,CRITICO: refuerzo inmediato
2026-08-31 12:00:00,(03006) NIZA - CALLE 127,403.3974,319.84714,509.51428,200.0,2.0169870853424072,12,421.85483870967744,Medio,0.8187142857142858,CRITICO: refuerzo inmediato
2026-08-31 13:00:00,(03006) NIZA - CALLE 127,451.03467,365.8237,562.8033,200.0,2.255173444747925,13,458.5,Medio,0.8318095238095239,CRITICO: refuerzo inmediato
2026-08-31 14:00:00,(03006) NIZA - CALLE 127,560.18256,458.53662,686.81116,200.0,2.800912857055664,14,514.483870967742,Medio,0.8318095238095239,CRITICO: refuerzo inmediato
2026-08-31 15:00:00,(03006) NIZA - CALLE 127,810.2987,649.296,986.6082,200.0,4.0514936447143555,15,656.4032258064516,Medio,0.8236904761904764,CRITICO: refuerzo inmediato
2026-08-31 16:00:00,(03006) NIZA - CALLE 127,1317.1788,1021.6324,1554.4327,200.0,6.5858941078186035,16,1006.8548387096774,Alto,0.9112380952380953,CRITICO: refuerzo inmediato
2026-08-31 17:00:00,(03006) NIZA - CALLE 127,1728.3822,1311.4089,2016.3724,200.0,8.641910552978516,17,1289.983870967742,Alto,0.8205476190476191,CRITICO: refuerzo inmediato
2026-08-31 18:00:00,(03006) NIZA - CALLE 127,1340.1621,1033.52,1592.4446,200.0,6.700810432434082,18,1075.9193548387098,Alto,0.801047619047619,CRITICO: refuerzo inmediato
2026-08-31 19:00:00,(03006) NIZA - CALLE 127,796.6334,606.375,988.99005,200.0,3.9831671714782715,19,710.2096774193549,Medio,0.7480000000000001,CRITICO: refuerzo inmediato
2026-08-31 20:00:00,(03006) NIZA - CALLE 127,398.79272,287.73038,533.05225,200.0,1.993963599205017,20,354.741935483871,Medio,0.9522857142857143,CRITICO: refuerzo inmediato
2026-08-31 21:00:00,(03006) NIZA - CALLE 127,146.6836,83.79016,230.97101,200.0,0.7334179878234863,21,151.19354838709677,Bajo,1.0914285714285714,ALTO: considerar refuerzo
2026-08-31 22:00:00,(03006) NIZA - CALLE 127,51.719055,9.148132,101.276276,200.0,0.2585952877998352,22,55.516129032258064,Bajo,1.4483333333333333,Normal
2026-08-31 23:00:00,(03006) NIZA - CALLE 127,7.9847107,0.0,32.106323,200.0,0.03992355242371559,23,5.96,Bajo,3.8311111111111114,Normal
2026-08-31 00:00:00,(03007) HUMEDAL CORDOBA,0.0,0.0,1.9140892,156.0,0.0,0,,Bajo,,Normal
2026-08-31 01:00:00,(03007) HUMEDAL CORDOBA,0.0,0.0,1.5935783,156.0,0.0,1,,Bajo,,Normal
2026-08-31 02:00:00,(03007) HUMEDAL CORDOBA,0.0,0.0,3.0640793,156.0,0.0,2,,Bajo,,Normal
2026-08-31 03:00:00,(03007) HUMEDAL CORDOBA,0.0,0.0,3.3443794,156.0,0.0,3,,Bajo,,Normal
2026-08-31 04:00:00,(03007) HUMEDAL CORDOBA,5.448143,0.0,14.820583,156.0,0.034923993051052094,4,3.4285714285714284,Bajo,5.453125,Normal
2026-08-31 05:00:00,(03007) HUMEDAL CORDOBA,50.304817,28.786644,70.401436,156.0,0.32246679067611694,5,38.016129032258064,Bajo,1.4514285714285715,Normal
2026-08-31 06:00:00,(03007) HUMEDAL CORDOBA,148.45844,108.604614,175.94356,156.0,0.9516566395759583,6,101.25806451612904,Bajo,1.2433333333333334,CRITICO: refuerzo inmediato
2026-08-31 07:00:00,(03007) HUMEDAL CORDOBA,189.66788,142.47203,219.49936,156.0,1.2158197164535522,7,136.32258064516128,Medio,1.2856904761904762,CRITICO: refuerzo inmediato
2026-08-31 08:00:00,(03007) HUMEDAL CORDOBA,147.47098,110.809814,174.14981,156.0,0.9453268051147461,8,110.33870967741936,Bajo,1.1538095238095236,CRITICO: refuerzo inmediato
2026-08-31 09:00:00,(03007) HUMEDAL CORDOBA,96.83792,70.14107,118.78247,156.0,0.6207559108734131,9,78.48387096774194,Bajo,1.283095238095238,Normal
2026-08-31 10:00:00,(03007) HUMEDAL CORDOBA,72.56534,53.834595,91.401855,156.0,0.4651624262332916,10,68.30645161290323,Bajo,1.3645238095238095,Normal
2026-08-31 11:00:00,(03007) HUMEDAL CORDOBA,67.383415,51.898407,87.0441,156.0,0.43194496631622314,11,64.41935483870968,Bajo,1.3697619047619047,Normal
2026-08-31 12:00:00,(03007) HUMEDAL CORDOBA,66.94573,52.69505,88.836716,156.0,0.42913931608200073,12,68.6774193548387,Bajo,1.3480952380952382,Normal
2026-08-31 13:00:00,(03007) HUMEDAL CORDOBA,67.7461,55.145744,88.26853,156.0,0.43426987528800964,13,71.90322580645162,Bajo,1.3497619047619047,Normal
2026-08-31 14:00:00,(03007) HUMEDAL CORDOBA,90.01902,73.85632,113.11946,156.0,0.5770450234413147,14,87.03225806451613,Bajo,1.3430952380952381,Normal
2026-08-31 15:00:00,(03007) HUMEDAL CORDOBA,162.97649,131.52127,196.25655,156.0,1.044721007347107,15,134.6451612903226,Bajo,1.3240476190476191,CRITICO: refuerzo inmediato
2026-08-31 16:00:00,(03007) HUMEDAL CORDOBA,245.8963,189.48616,285.86206,156.0,1.5762583017349243,16,189.70967741935485,Medio,1.3731666666666666,CRITICO: refuerzo inmediato
2026-08-31 17:00:00,(03007) HUMEDAL CORDOBA,217.78642,167.53027,254.9267,156.0,1.3960667848587036,17,174.79032258064515,Medio,1.3514285714285716,CRITICO: refuerzo inmediato
2026-08-31 18:00:00,(03007) HUMEDAL CORDOBA,135.4503,102.56473,165.35489,156.0,0.8682711720466614,18,119.16129032258064,Bajo,1.163095238095238,ALTO: considerar refuerzo
2026-08-31 19:00:00,(03007) HUMEDAL CORDOBA,71.05563,51.98059,91.474495,156.0,0.4554848372936249,19,68.08064516129032,Bajo,1.2202380952380953,Normal
2026-08-31 20:00:00,(03007) HUMEDAL CORDOBA,29.684788,17.137413,46.33557,156.0,0.19028709828853607,20,29.322580645161292,Bajo,1.5076190476190476,Normal
2026-08-31 21:00:00,(03007) HUMEDAL CORDOBA,10.13932,0.0,22.66994,156.0,0.0649956464767456,21,13.983870967741936,Bajo,1.6942857142857142,Normal
2026-08-31 22:00:00,(03007) HUMEDAL CORDOBA,3.6522484,0.0,11.501793,156.0,0.02341184951364994,22,3.588235294117647,Bajo,1.7370588235294118,Normal
2026-08-31 23:00:00,(03007) HUMEDAL CORDOBA,0.083358765,0.0,7.102909,156.0,0.0005343510420061648,23,1.0,Bajo,2.73,Normal
2026-08-31 00:00:00,(03009) Av. Suba- Calle 116,0.0,0.0,0.0,200.0,0.0,0,1.25,Bajo,,Normal
2026-08-31 01:00:00,(03009) Av. Suba- Calle 116,0.0,0.0,0.0,200.0,0.0,1,,Bajo,,Normal
2026-08-31 02:00:00,(03009) Av. Suba- Calle 116,0.0,0.0,3.7797394,200.0,0.0,2,,Bajo,,Normal
2026-08-31 03:00:00,(03009) Av. Suba- Calle 116,0.0,0.0,6.8075714,200.0,0.0,3,,Bajo,,Normal
2026-08-31 04:00:00,(03009) Av. Suba- Calle 116,0.41973877,0.0,25.505997,200.0,0.002098693745210767,4,5.933333333333334,Bajo,4.597317073170732,Normal
2026-08-31 05:00:00,(03009) Av. Suba- Calle 116,85.41057,47.35434,136.91263,200.0,0.4270528554916382,5,61.83870967741935,Bajo,0.8876190476190476,Normal
2026-08-31 06:00:00,(03009) Av. Suba- Calle 116,267.26733,195.5691,345.0634,200.0,1.336336612701416,6,197.69354838709677,Medio,0.799595238095238,CRITICO: refuerzo inmediato
2026-08-31 07:00:00,(03009) Av. Suba- Calle 116,348.1205,263.437,436.09735,200.0,1.7406026124954224,7,263.0,Medio,0.7100238095238095,CRITICO: refuerzo inmediato
2026-08-31 08:00:00,(03009) Av. Suba- Calle 116,329.13153,253.77316,405.8015,200.0,1.6456576585769653,8,242.59677419354838,Medio,0.7307142857142858,CRITICO: refuerzo inmediato
2026-08-31 09:00:00,(03009) Av. Suba- Calle 116,298.3526,228.6398,367.62433,200.0,1.4917629957199097,9,239.43548387096774,Medio,0.897547619047619,CRITICO: refuerzo inmediato
2026-08-31 10:00:00,(03009) Av. Suba- Calle 116,288.4158,220.16577,360.63208,200.0,1.4420790672302246,10,254.2741935483871,Medio,1.0345238095238096,CRITICO: refuerzo inmediato
2026-08-31 11:00:00,(03009) Av. Suba- Calle 116,290.95966,222.63715,362.28925,200.0,1.4547982215881348,11,274.14516129032256,Medio,1.0675238095238095,CRITICO: refuerzo inmediato
2026-08-31 12:00:00,(03009) Av. Suba- Calle 116,314.35886,239.05724,395.47052,200.0,1.5717942714691162,12,294.5483870967742,Medio,1.0505,CRITICO: refuerzo inmediato
2026-08-31 13:00:00,(03009) Av. Suba- Calle 116,352.0249,267.3946,435.93823,200.0,1.7601245641708374,13,349.38709677419354,Medio,1.0554761904761905,CRITICO: refuerzo inmediato
2026-08-31 14:00:00,(03009) Av. Suba- Calle 116,435.09683,331.24847,532.97595,200.0,2.1754841804504395,14,381.80645161290323,Medio,1.0565238095238096,CRITICO: refuerzo inmediato
2026-08-31 15:00:00,(03009) Av. Suba- Calle 116,661.04956,491.93066,817.47455,200.0,3.3052477836608887,15,497.93548387096774,Medio,0.9881666666666669,CRITICO: refuerzo inmediato
2026-08-31 16:00:00,(03009) Av. Suba- Calle 116,1176.8123,850.4099,1406.3384,200.0,5.884061336517334,16,822.241935483871,Alto,1.0752857142857144,CRITICO: refuerzo inmediato
2026-08-31 17:00:00,(03009) Av. Suba- Calle 116,1467.2495,1046.1282,1745.2661,200.0,7.336247444152832,17,1036.967741935484,Alto,0.9660238095238096,CRITICO: refuerzo inmediato
2026-08-31 18:00:00,(03009) Av. Suba- Calle 116,909.65155,640.858,1137.854,200.0,4.548257827758789,18,689.6129032258065,Alto,0.9437380952380952,CRITICO: refuerzo inmediato
2026-08-31 19:00:00,(03009) Av. Suba- Calle 116,405.18964,273.59482,549.2,200.0,2.0259482860565186,19,375.2258064516129,Medio,0.8786904761904762,CRITICO: refuerzo inmediato
2026-08-31 20:00:00,(03009) Av. Suba- Calle 116,183.00148,109.00775,269.20822,200.0,0.9150074124336243,20,148.4516129032258,Bajo,1.0552380952380953,CRITICO: refuerzo inmediato
2026-08-31 21:00:00,(03009) Av. Suba- Calle 116,61.634415,13.478577,114.52269,200.0,0.3081720769405365,21,69.29032258064517,Bajo,1.6678571428571427,Normal
2026-08-31 22:00:00,(03009) Av. Suba- Calle 116,30.856293,0.0,60.99533,200.0,0.15428146719932556,22,30.629032258064516,Bajo,1.951904761904762,Normal
2026-08-31 23:00:00,(03009) Av. Suba- Calle 116,9.474976,0.0,22.616165,200.0,0.04737487807869911,23,2.48,Bajo,6.804285714285714,Normal
2026-08-31 00:00:00,(03010) PUENTE LARGO,0.0,0.0,0.0,200.0,0.0,0,1.8333333333333333,Bajo,,Normal
2026-08-31 01:00:00,(03010) PUENTE LARGO,0.0,0.0,0.0,200.0,0.0,1,,Bajo,,Normal
2026-08-31 02:00:00,(03010) PUENTE LARGO,0.0,0.0,4.011673,200.0,0.0,2,,Bajo,,Normal
2026-08-31 03:00:00,(03010) PUENTE LARGO,0.0,0.0,4.285843,200.0,0.0,3,,Bajo,,Normal
2026-08-31 04:00:00,(03010) PUENTE LARGO,0.0,0.0,14.916641,200.0,0.0,4,5.285714285714286,Bajo,4.915135135135135,Normal
2026-08-31 05:00:00,(03010) PUENTE LARGO,93.55605,50.706177,146.4607,200.0,0.4677802622318268,5,65.2258064516129,Bajo,1.1495238095238096,Normal
2026-08-31 06:00:00,(03010) PUENTE LARGO,283.41656,206.61653,362.28497,200.0,1.4170827865600586,6,211.8548387096774,Medio,0.8915238095238096,CRITICO: refuerzo inmediato
2026-08-31 07:00:00,(03010) PUENTE LARGO,344.04437,258.52945,428.89117,200.0,1.7202218770980835,7,243.3709677419355,Medio,0.7933095238095238,CRITICO: refuerzo inmediato
2026-08-31 08:00:00,(03010) PUENTE LARGO,308.90277,235.32053,382.24515,200.0,1.5445138216018677,8,223.40322580645162,Medio,0.7825714285714286,CRITICO: refuerzo inmediato
2026-08-31 09:00:00,(03010) PUENTE LARGO,252.02736,190.10406,313.81357,200.0,1.2601368427276611,9,195.70967741935485,Medio,0.9156190476190478,CRITICO: refuerzo inmediato
2026-08-31 10:00:00,(03010) PUENTE LARGO,228.15677,170.8469,289.55515,200.0,1.1407837867736816,10,195.75806451612902,Bajo,0.9185714285714285,CRITICO: refuerzo inmediato
2026-08-31 11:00:00,(03010) PUENTE LARGO,231.39874,174.94766,293.51917,200.0,1.1569937467575073,11,212.2258064516129,Bajo,0.9402380952380953,CRITICO: refuerzo inmediato
2026-08-31 12:00:00,(03010) PUENTE LARGO,241.15817,187.7231,308.71753,200.0,1.2057908773422241,12,237.41935483870967,Bajo,0.9173809523809524,CRITICO: refuerzo inmediato
2026-08-31 13:00:00,(03010) PUENTE LARGO,249.33269,198.33917,314.3651,200.0,1.2466634511947632,13,244.74193548387098,Medio,0.9996904761904764,CRITICO: refuerzo inmediato
2026-08-31 14:00:00,(03010) PUENTE LARGO,314.33435,252.22842,390.09235,200.0,1.571671724319458,14,281.9032258064516,Medio,1.0413333333333334,CRITICO: refuerzo inmediato
2026-08-31 15:00:00,(03010) PUENTE LARGO,502.28802,392.95068,619.74243,200.0,2.5114400386810303,15,390.8225806451613,Medio,0.9865952380952383,CRITICO: refuerzo inmediato
2026-08-31 16:00:00,(03010) PUENTE LARGO,891.92834,672.2152,1063.5808,200.0,4.459641933441162,16,623.0,Medio,0.9061904761904763,CRITICO: refuerzo inmediato
2026-08-31 17:00:00,(03010) PUENTE LARGO,1239.0975,901.5248,1463.9055,200.0,6.1954874992370605,17,901.3225806451613,Alto,0.9694285714285715,CRITICO: refuerzo inmediato
2026-08-31 18:00:00,(03010) PUENTE LARGO,764.7085,556.27716,944.9429,200.0,3.823542594909668,18,548.1612903225806,Medio,0.8035238095238096,CRITICO: refuerzo inmediato
2026-08-31 19:00:00,(03010) PUENTE LARGO,330.65442,230.13469,441.2334,200.0,1.6532721519470215,19,288.4032258064516,Medio,0.9072380952380954,CRITICO: refuerzo inmediato
2026-08-31 20:00:00,(03010) PUENTE LARGO,165.23935,101.85465,236.26822,200.0,0.8261967301368713,20,130.20967741935485,Bajo,1.0380952380952382,ALTO: considerar refuerzo
2026-08-31 21:00:00,(03010) PUENTE LARGO,62.67932,17.207947,109.59599,200.0,0.3133966028690338,21,67.64516129032258,Bajo,1.333095238095238,Normal
2026-08-31 22:00:00,(03010) PUENTE LARGO,25.563797,0.0,53.17874,200.0,0.1278189867734909,22,25.193548387096776,Bajo,2.0404761904761903,Normal
2026-08-31 23:00:00,(03010) PUENTE LARGO,3.8599548,0.0,16.204453,200.0,0.01929977349936962,23,2.358974358974359,Bajo,8.192307692307692,Normal
2026-08-31 00:00:00,(03011) SUBA - CALLE 100,0.0,0.0,0.0,304.0,0.0,0,1.0,Bajo,,Normal
2026-08-31 01:00:00,(03011) SUBA - CALLE 100,0.0,0.0,0.0,304.0,0.0,1,,Bajo,,Normal
2026-08-31 02:00:00,(03011) SUBA - CALLE 100,0.0,0.0,0.0,304.0,0.0,2,,Bajo,,Normal
2026-08-31 03:00:00,(03011) SUBA - CALLE 100,0.0,0.0,0.0,304.0,0.0,3,,Bajo,,Normal
2026-08-31 04:00:00,(03011) SUBA - CALLE 100,0.0,0.0,7.517624,304.0,0.0,4,4.927272727272728,Bajo,,Normal
2026-08-31 05:00:00,(03011) SUBA - CALLE 100,43.98297,22.962524,78.13896,304.0,0.14468082785606384,5,40.983870967741936,Bajo,,Normal
2026-08-31 06:00:00,(03011) SUBA - CALLE 100,157.94397,114.26071,216.96086,304.0,0.5195525288581848,6,127.51612903225806,Bajo,,Normal
2026-08-31 07:00:00,(03011) SUBA - CALLE 100,211.6733,155.99207,276.7445,304.0,0.6962937116622925,7,155.25806451612902,Bajo,,Normal
2026-08-31 08:00:00,(03011) SUBA - CALLE 100,210.89075,159.34473,267.13477,304.0,0.6937195658683777,8,148.5,Bajo,,Normal
2026-08-31 09:00:00,(03011) SUBA - CALLE 100,220.79182,165.0181,276.7634,304.0,0.726288914680481,9,181.40322580645162,Bajo,,ALTO: considerar refuerzo
2026-08-31 10:00:00,(03011) SUBA - CALLE 100,246.74338,182.36362,312.02164,304.0,0.8116558194160461,10,211.82258064516128,Bajo,,ALTO: considerar refuerzo
2026-08-31 11:00:00,(03011) SUBA - CALLE 100,264.12405,196.50917,332.1751,304.0,0.8688291311264038,11,248.30645161290323,Bajo,,ALTO: considerar refuerzo
2026-08-31 12:00:00,(03011) SUBA - CALLE 100,294.3008,224.36595,372.7759,304.0,0.9680947661399841,12,293.51612903225805,Bajo,,CRITICO: refuerzo inmediato
2026-08-31 13:00:00,(03011) SUBA - CALLE 100,316.81836,243.52144,395.1953,304.0,1.0421656370162964,13,320.64516129032256,Bajo,,CRITICO: refuerzo inmediato
2026-08-31 14:00:00,(03011) SUBA - CALLE 100,369.16864,289.06918,457.29712,304.0,1.2143704891204834,14,350.19354838709677,Medio,,CRITICO: refuerzo inmediato
2026-08-31 15:00:00,(03011) SUBA - CALLE 100,491.81027,377.11517,618.31116,304.0,1.6177968978881836,15,414.7258064516129,Medio,,CRITICO: refuerzo inmediato
2026-08-31 16:00:00,(03011) SUBA - CALLE 100,940.0206,700.1103,1132.4917,304.0,3.0921730995178223,16,712.3387096774194,Medio,,CRITICO: refuerzo inmediato
2026-08-31 17:00:00,(03011) SUBA - CALLE 100,1352.8936,974.9921,1617.3804,304.0,4.450307846069336,17,969.9677419354839,Medio,,CRITICO: refuerzo inmediato
2026-08-31 18:00:00,(03011) SUBA - CALLE 100,952.2213,684.1571,1182.8427,304.0,3.1323070526123047,18,737.8709677419355,Medio,,CRITICO: refuerzo inmediato
2026-08-31 19:00:00,(03011) SUBA - CALLE 100,424.06186,289.31696,579.4102,304.0,1.3949403762817383,19,356.06451612903226,Medio,,CRITICO: refuerzo inmediato
2026-08-31 20:00:00,(03011) SUBA - CALLE 100,203.48592,133.64017,297.35553,304.0,0.6693615913391113,20,182.51612903225808,Bajo,,Normal
2026-08-31 21:00:00,(03011) SUBA - CALLE 100,85.35976,43.214066,147.35452,304.0,0.2807886600494385,21,94.7258064516129,Bajo,,Normal
2026-08-31 22:00:00,(03011) SUBA - CALLE 100,35.602432,7.246689,71.168365,304.0,0.11711326241493225,22,40.903225806451616,Bajo,,Normal
2026-08-31 23:00:00,(03011) SUBA - CALLE 100,0.77067566,0.0,9.107849,304.0,0.0025351173244416714,23,3.3181818181818183,Bajo,,Normal
2026-08-31 00:00:00,(03012) SUBA - CALLE 95,0.0,0.0,1.2800598,144.0,0.0,0,,Bajo,,Normal
2026-08-31 01:00:00,(03012) SUBA - CALLE 95,0.0,0.0,0.0,144.0,0.0,1,,Bajo,,Normal
2026-08-31 02:00:00,(03012) SUBA - CALLE 95,0.0,0.0,0.7969055,144.0,0.0,2,,Bajo,,Normal
2026-08-31 03:00:00,(03012) SUBA - CALLE 95,0.0,0.0,3.4118958,144.0,0.0,3,,Bajo,,Normal
2026-08-31 04:00:00,(03012) SUBA - CALLE 95,0.0,0.0,17.728241,144.0,0.0,4,3.206896551724138,Bajo,6.937368421052632,Normal
2026-08-31 05:00:00,(03012) SUBA - CALLE 95,43.377808,19.823532,89.65576,144.0,0.30123478174209595,5,40.564516129032256,Bajo,1.0526190476190476,Normal
2026-08-31 06:00:00,(03012) SUBA - CALLE 95,148.70656,90.40889,231.13092,144.0,1.0326844453811646,6,137.0483870967742,Bajo,0.8302380952380952,CRITICO: refuerzo inmediato
2026-08-31 07:00:00,(03012) SUBA - CALLE 95,250.50754,167.38956,352.60547,144.0,1.739635705947876,7,245.59677419354838,Medio,0.8396666666666668,CRITICO: refuerzo inmediato
2026-08-31 08:00:00,(03012) SUBA - CALLE 95,246.1044,172.40878,336.5697,144.0,1.7090582847595215,8,223.61290322580646,Medio,0.8276190476190477,CRITICO: refuerzo inmediato
2026-08-31 09:00:00,(03012) SUBA - CALLE 95,252.44269,174.23172,334.99466,144.0,1.7530741691589355,9,276.9193548387097,Medio,0.9143095238095238,CRITICO: refuerzo inmediato
2026-08-31 10:00:00,(03012) SUBA - CALLE 95,275.57828,191.88736,365.26904,144.0,1.9137380123138428,10,267.6774193548387,Medio,0.9907857142857144,CRITICO: refuerzo inmediato
2026-08-31 11:00:00,(03012) SUBA - CALLE 95,290.69397,210.06625,380.51556,144.0,2.0187082290649414,11,344.0,Medio,0.9601428571428571,CRITICO: refuerzo inmediato
2026-08-31 12:00:00,(03012) SUBA - CALLE 95,301.15625,219.63876,396.08795,144.0,2.091362953186035,12,334.2903225806452,Medio,0.9653809523809525,CRITICO: refuerzo inmediato
2026-08-31 13:00:00,(03012) SUBA - CALLE 95,303.1849,214.8465,400.29828,144.0,2.1054506301879883,13,360.741935483871,Medio,0.9763809523809525,CRITICO: refuerzo inmediato
2026-08-31 14:00:00,(03012) SUBA - CALLE 95,338.49268,240.25163,461.578,144.0,2.3506436347961426,14,436.69354838709677,Medio,0.9687857142857145,CRITICO: refuerzo inmediato
2026-08-31 15:00:00,(03012) SUBA - CALLE 95,423.97815,293.44086,602.0404,144.0,2.9442927837371826,15,383.2741935483871,Medio,1.0041428571428572,CRITICO: refuerzo inmediato
2026-08-31 16:00:00,(03012) SUBA - CALLE 95,896.735,597.09814,1181.3076,144.0,6.227326393127441,16,746.1935483870968,Alto,1.1183095238095238,CRITICO: refuerzo inmediato
2026-08-31 17:00:00,(03012) SUBA - CALLE 95,1338.6853,843.6544,1722.6907,144.0,9.296425819396973,17,976.5483870967741,Alto,1.025452380952381,CRITICO: refuerzo inmediato
2026-08-31 18:00:00,(03012) SUBA - CALLE 95,842.5919,488.53638,1172.6322,144.0,5.851332664489746,18,740.8387096774194,Alto,1.0000714285714287,CRITICO: refuerzo inmediato
2026-08-31 19:00:00,(03012) SUBA - CALLE 95,511.86798,285.9268,744.9164,144.0,3.5546388626098633,19,432.4032258064516,Medio,0.9478333333333333,CRITICO: refuerzo inmediato
2026-08-31 20:00:00,(03012) SUBA - CALLE 95,377.18106,203.59894,547.62994,144.0,2.6193130016326904,20,401.06451612903226,Medio,1.152904761904762,CRITICO: refuerzo inmediato
2026-08-31 21:00:00,(03012) SUBA - CALLE 95,148.4527,42.34247,267.5945,144.0,1.030921459197998,21,156.2741935483871,Bajo,1.3357142857142859,CRITICO: refuerzo inmediato
2026-08-31 22:00:00,(03012) SUBA - CALLE 95,15.4028015,0.0,75.57092,144.0,0.10696390271186829,22,37.95,Bajo,1.9634146341463414,Normal
2026-08-31 23:00:00,(03012) SUBA - CALLE 95,0.0,0.0,16.098694,144.0,0.0,23,2.625,Bajo,6.526428571428572,Normal
2026-08-31 00:00:00,(03013) RIO NEGRO,0.0,0.0,0.0,144.0,0.0,0,,Bajo,,Normal
2026-08-31 01:00:00,(03013) RIO NEGRO,0.0,0.0,0.0,144.0,0.0,1,,Bajo,,Normal
2026-08-31 02:00:00,(03013) RIO NEGRO,0.0,0.0,2.4414062,144.0,0.0,2,,Bajo,,Normal
2026-08-31 03:00:00,(03013) RIO NEGRO,0.0,0.0,3.8209229,144.0,0.0,3,,Bajo,,Normal
2026-08-31 04:00:00,(03013) RIO NEGRO,0.0,0.0,11.848709,144.0,0.0,4,3.875,Bajo,5.424615384615385,Normal
2026-08-31 05:00:00,(03013) RIO NEGRO,52.171738,27.365509,86.33888,144.0,0.3623037338256836,5,39.79032258064516,Bajo,1.1109523809523811,Normal
2026-08-31 06:00:00,(03013) RIO NEGRO,163.46834,117.261154,215.32866,144.0,1.1351968050003052,6,131.01612903225808,Bajo,0.8785714285714286,CRITICO: refuerzo inmediato
2026-08-31 07:00:00,(03013) RIO NEGRO,202.03265,150.87929,257.21536,144.0,1.40300452709198,7,154.08064516129033,Medio,0.8703095238095241,CRITICO: refuerzo inmediato
2026-08-31 08:00:00,(03013) RIO NEGRO,197.20724,151.05515,245.53073,144.0,1.3694947957992554,8,157.06451612903226,Medio,0.8729285714285714,CRITICO: refuerzo inmediato
2026-08-31 09:00:00,(03013) RIO NEGRO,182.91113,138.54053,227.8948,144.0,1.2702162265777588,9,156.80645161290323,Medio,1.140857142857143,CRITICO: refuerzo inmediato
2026-08-31 10:00:00,(03013) RIO NEGRO,167.19801,126.161224,211.23868,144.0,1.1610972881317139,10,154.82258064516128,Bajo,1.3261904761904761,CRITICO: refuerzo inmediato
2026-08-31 11:00:00,(03013) RIO NEGRO,167.22717,126.19859,210.08325,144.0,1.1612998247146606,11,167.38709677419354,Bajo,1.3214285714285714,CRITICO: refuerzo inmediato
2026-08-31 12:00:00,(03013) RIO NEGRO,182.59961,137.88094,232.34753,144.0,1.2680528163909912,12,189.9516129032258,Medio,1.4192619047619048,CRITICO: refuerzo inmediato
2026-08-31 13:00:00,(03013) RIO NEGRO,179.56535,135.26651,226.19635,144.0,1.2469816207885742,13,191.1451612903226,Medio,1.4355000000000002,CRITICO: refuerzo inmediato
2026-08-31 14:00:00,(03013) RIO NEGRO,196.60901,152.52727,247.89502,144.0,1.3653403520584106,14,187.74193548387098,Medio,1.4485952380952383,CRITICO: refuerzo inmediato
2026-08-31 15:00:00,(03013) RIO NEGRO,295.72418,220.31563,385.71265,144.0,2.053640127182007,15,230.17741935483872,Medio,1.2689285714285714,CRITICO: refuerzo inmediato
2026-08-31 16:00:00,(03013) RIO NEGRO,651.1035,465.39212,794.5712,144.0,4.521552085876465,16,450.93548387096774,Medio,1.1115238095238096,CRITICO: refuerzo inmediato
2026-08-31 17:00:00,(03013) RIO NEGRO,863.7654,605.7428,1044.4811,144.0,5.99837064743042,17,620.0645161290323,Alto,1.1235714285714284,CRITICO: refuerzo inmediato
2026-08-31 18:00:00,(03013) RIO NEGRO,502.02335,345.37256,648.4236,144.0,3.4862732887268066,18,365.8709677419355,Medio,0.9200714285714288,CRITICO: refuerzo inmediato
2026-08-31 19:00:00,(03013) RIO NEGRO,210.06097,134.12953,300.89005,144.0,1.4587568044662476,19,191.8709677419355,Medio,1.0169761904761905,CRITICO: refuerzo inmediato
2026-08-31 20:00:00,(03013) RIO NEGRO,96.23483,52.398422,152.50127,144.0,0.6682974696159363,20,73.62903225806451,Bajo,1.231904761904762,Normal
2026-08-31 21:00:00,(03013) RIO NEGRO,33.676376,4.3637238,69.10895,144.0,0.2338637262582779,21,37.41935483870968,Bajo,1.6911904761904761,Normal
2026-08-31 22:00:00,(03013) RIO NEGRO,13.87056,0.0,32.422325,144.0,0.09632333368062973,22,13.672413793103448,Bajo,1.9115384615384614,Normal
2026-08-31 23:00:00,(03013) RIO NEGRO,3.145462,0.0,10.620621,144.0,0.02184348553419113,23,1.608695652173913,Bajo,2.9325,Normal
2026-08-31 00:00:00,(03014) SAN MARTIN,0.0,0.0,0.0,192.0,0.0,0,,Bajo,,Normal
2026-08-31 01:00:00,(03014) SAN MARTIN,0.0,0.0,0.0,192.0,0.0,1,,Bajo,,Normal
2026-08-31 02:00:00,(03014) SAN MARTIN,0.0,0.0,0.0,192.0,0.0,2,,Bajo,,Normal
2026-08-31 03:00:00,(03014) SAN MARTIN,0.0,0.0,1.8059196,192.0,0.0,3,,Bajo,,Normal
2026-08-31 04:00:00,(03014) SAN MARTIN,1.1406059,0.0,7.517128,192.0,0.005940655712038279,4,2.382978723404255,Bajo,7.651818181818181,Normal
2026-08-31 05:00:00,(03014) SAN MARTIN,17.396717,8.443775,29.056585,192.0,0.0906079038977623,5,15.163934426229508,Bajo,1.141951219512195,Normal
2026-08-31 06:00:00,(03014) SAN MARTIN,48.167797,32.825527,65.24667,192.0,0.25087395310401917,6,34.66129032258065,Bajo,0.9290476190476191,Normal
2026-08-31 07:00:00,(03014) SAN MARTIN,61.267117,43.197136,80.34363,192.0,0.3190995752811432,7,49.38709677419355,Bajo,0.8426190476190476,Normal
2026-08-31 08:00:00,(03014) SAN MARTIN,51.395157,36.36399,67.547455,192.0,0.26768311858177185,8,37.53225806451613,Bajo,0.8638095238095238,Normal
2026-08-31 09:00:00,(03014) SAN MARTIN,41.005222,28.041992,54.924187,192.0,0.21356886625289917,9,35.225806451612904,Bajo,0.9790476190476189,Normal
2026-08-31 10:00:00,(03014) SAN MARTIN,37.62176,25.120018,51.731365,192.0,0.19594667851924896,10,37.24193548387097,Bajo,1.0583333333333333,Normal
2026-08-31 11:00:00,(03014) SAN MARTIN,39.016396,26.107887,52.968803,192.0,0.20321039855480194,11,41.70967741935484,Bajo,1.0614285714285714,Normal
2026-08-31 12:00:00,(03014) SAN MARTIN,43.549362,29.706926,59.132362,192.0,0.22681958973407745,12,45.67741935483871,Bajo,1.062142857142857,Normal
2026-08-31 13:00:00,(03014) SAN MARTIN,46.64695,31.816236,61.799965,192.0,0.2429528683423996,13,47.725806451612904,Bajo,1.0630952380952383,Normal
2026-08-31 14:00:00,(03014) SAN MARTIN,59.367996,42.305996,77.0506,192.0,0.30920830368995667,14,53.17741935483871,Bajo,1.083095238095238,Normal
2026-08-31 15:00:00,(03014) SAN MARTIN,88.975174,62.392693,117.68921,192.0,0.4634123742580414,15,67.70967741935483,Bajo,1.0966666666666667,Normal
2026-08-31 16:00:00,(03014) SAN MARTIN,189.49475,132.00635,233.8243,192.0,0.9869518280029297,16,133.8548387096774,Bajo,1.0295238095238095,CRITICO: refuerzo inmediato
2026-08-31 17:00:00,(03014) SAN MARTIN,253.92657,174.92389,309.9438,192.0,1.322534203529358,17,178.61290322580646,Medio,0.9810952380952382,CRITICO: refuerzo inmediato
2026-08-31 18:00:00,(03014) SAN MARTIN,149.89914,100.666336,195.77054,192.0,0.7807247042655945,18,110.1774193548387,Bajo,0.8895238095238095,ALTO: considerar refuerzo
2026-08-31 19:00:00,(03014) SAN MARTIN,58.702496,35.298306,87.420135,192.0,0.30574217438697815,19,48.67741935483871,Bajo,1.0050000000000001,Normal
2026-08-31 20:00:00,(03014) SAN MARTIN,23.394442,10.533272,40.83656,192.0,0.12184605002403259,20,21.693548387096776,Bajo,1.2004761904761905,Normal
2026-08-31 21:00:00,(03014) SAN MARTIN,7.079014,0.0,18.922861,192.0,0.03686986491084099,21,10.672131147540984,Bajo,1.6219512195121952,Normal
2026-08-31 22:00:00,(03014) SAN MARTIN,3.486023,0.0,10.386171,192.0,0.018156370148062706,22,4.769230769230769,Bajo,1.9325714285714286,Normal
2026-08-31 23:00:00,(03014) SAN MARTIN,0.0,0.0,1.9103775,192.0,0.0,23,1.6,Bajo,6.268,Normal
2026-08-31 00:00:00,(04000) Cabecera Calle 80,0.0,0.0,61.764893,165.0,0.0,0,1.125,Bajo,,Normal
2026-08-31 01:00:00,(04000) Cabecera Calle 80,0.0,0.0,130.83972,165.0,0.0,1,,Bajo,,Normal
2026-08-31 02:00:00,(04000) Cabecera Calle 80,0.0,0.0,152.42749,165.0,0.0,2,,Bajo,,Normal
2026-08-31 03:00:00,(04000) Cabecera Calle 80,63.482056,0.0,313.77393,165.0,0.3847397267818451,3,1.0,Bajo,60.0,Normal
2026-08-31 04:00:00,(04000) Cabecera Calle 80,678.6782,191.45837,1153.7542,165.0,4.113201141357422,4,525.6451612903226,Medio,0.756904761904762,CRITICO: refuerzo inmediato
2026-08-31 05:00:00,(04000) Cabecera Calle 80,3964.0688,2649.4639,4865.8486,165.0,24.024660110473633,5,2852.5967741935483,Alto,0.39092857142857146,CRITICO: refuerzo inmediato
2026-08-31 06:00:00,(04000) Cabecera Calle 80,8129.2812,5693.8047,9499.689,165.0,49.26837158203125,6,5901.048387096775,Alto,0.3181904761904762,CRITICO: refuerzo inmediato
2026-08-31 07:00:00,(04000) Cabecera Calle 80,8243.559,5899.7236,9404.901,165.0,49.960960388183594,7,6125.274193548387,Alto,0.29497619047619045,CRITICO: refuerzo inmediato
2026-08-31 08:00:00,(04000) Cabecera Calle 80,4987.816,3449.1362,5829.6143,165.0,30.22918701171875,8,3961.0806451612902,Alto,0.30364285714285716,CRITICO: refuerzo inmediato
2026-08-31 09:00:00,(04000) Cabecera Calle 80,3607.2178,2520.4846,4172.163,165.0,21.86192512512207,9,2987.435483870968,Alto,0.34790476190476194,CRITICO: refuerzo inmediato
2026-08-31 10:00:00,(04000) Cabecera Calle 80,2711.108,1918.1128,3191.8967,165.0,16.430957794189453,10,2446.1612903225805,Alto,0.38133333333333336,CRITICO: refuerzo inmediato
2026-08-31 11:00:00,(04000) Cabecera Calle 80,2208.9985,1683.2551,2654.0022,165.0,13.387869834899902,11,2176.532258064516,Alto,0.3940238095238095,CRITICO: refuerzo inmediato
2026-08-31 12:00:00,(04000) Cabecera Calle 80,2043.8601,1662.2389,2446.887,165.0,12.387030601501465,12,2006.7903225806451,Alto,0.38845238095238094,CRITICO: refuerzo inmediato
2026-08-31 13:00:00,(04000) Cabecera Calle 80,1891.0032,1597.6212,2282.2622,165.0,11.460625648498535,13,1912.8225806451612,Alto,0.39,CRITICO: refuerzo inmediato
2026-08-31 14:00:00,(04000) Cabecera Calle 80,1662.494,1422.6158,1989.5934,165.0,10.075721740722656,14,1759.1451612903227,Alto,0.3893809523809524,CRITICO: refuerzo inmediato
2026-08-31 15:00:00,(04000) Cabecera Calle 80,1793.6852,1472.9307,2187.2769,165.0,10.870819091796875,15,1694.3870967741937,Alto,0.38319047619047625,CRITICO: refuerzo inmediato
2026-08-31 16:00:00,(04000) Cabecera Calle 80,2283.398,1739.4873,2794.4292,165.0,13.838775634765625,16,1964.967741935484,Alto,0.33738095238095245,CRITICO: refuerzo inmediato
2026-08-31 17:00:00,(04000) Cabecera Calle 80,2494.0713,1923.8302,3074.8047,165.0,15.115583419799805,17,2124.3548387096776,Alto,0.3154047619047619,CRITICO: refuerzo inmediato
2026-08-31 18:00:00,(04000) Cabecera Calle 80,1809.3759,1336.3922,2320.1665,165.0,10.965914726257324,18,1737.032258064516,Alto,0.31849999999999995,CRITICO: refuerzo inmediato
2026-08-31 19:00:00,(04000) Cabecera Calle 80,948.797,694.25146,1365.0604,165.0,5.750284671783447,19,1254.8387096774193,Alto,0.320047619047619,CRITICO: refuerzo inmediato
2026-08-31 20:00:00,(04000) Cabecera Calle 80,330.79187,154.54114,649.1791,165.0,2.0047991275787354,20,537.3870967741935,Medio,0.29778571428571426,CRITICO: refuerzo inmediato
2026-08-31 21:00:00,(04000) Cabecera Calle 80,105.04553,0.0,375.96106,165.0,0.6366395950317383,21,266.5967741935484,Bajo,0.3242857142857143,Normal
2026-08-31 22:00:00,(04000) Cabecera Calle 80,2.267456,0.0,243.45374,165.0,0.013742158189415932,22,83.61290322580645,Bajo,0.42500000000000004,Normal
2026-08-31 23:00:00,(04000) Cabecera Calle 80,0.0,0.0,236.32837,165.0,0.0,23,3.2708333333333335,Bajo,0.5996875,Normal
2026-08-31 00:00:00,(04001) Quirigua,0.0,0.0,0.0,152.0,0.0,0,,Bajo,,Normal
2026-08-31 01:00:00,(04001) Quirigua,0.0,0.0,5.943817,152.0,0.0,1,,Bajo,,Normal
2026-08-31 02:00:00,(04001) Quirigua,0.0,0.0,12.515541,152.0,0.0,2,,Bajo,,Normal
2026-08-31 03:00:00,(04001) Quirigua,0.0,0.0,15.694336,152.0,0.0,3,1.0,Bajo,,Normal
2026-08-31 04:00:00,(04001) Quirigua,30.331718,0.0,61.277504,152.0,0.1995507776737213,4,22.93548387096774,Bajo,5.535,Normal
2026-08-31 05:00:00,(04001) Quirigua,200.35764,114.448425,272.0581,152.0,1.318142294883728,5,152.0,Medio,1.9064047619047622,CRITICO: refuerzo inmediato
2026-08-31 06:00:00,(04001) Quirigua,640.2832,435.38852,768.7255,152.0,4.2123894691467285,6,478.93548387096774,Medio,1.4802857142857144,CRITICO: refuerzo inmediato
2026-08-31 07:00:00,(04001) Quirigua,712.2523,499.22464,832.77386,152.0,4.68587064743042,7,543.3064516129032,Alto,1.6333571428571427,CRITICO: refuerzo inmediato
2026-08-31 08:00:00,(04001) Quirigua,352.96988,234.03543,431.9587,152.0,2.3221702575683594,8,279.7258064516129,Medio,1.4766190476190477,CRITICO: refuerzo inmediato
2026-08-31 09:00:00,(04001) Quirigua,210.12405,135.75159,255.73373,152.0,1.3823951482772827,9,190.09677419354838,Medio,1.6177857142857144,CRITICO: refuerzo inmediato
2026-08-31 10:00:00,(04001) Quirigua,155.76656,102.87081,189.8241,152.0,1.0247799158096313,10,154.74193548387098,Bajo,1.5440476190476193,CRITICO: refuerzo inmediato
2026-08-31 11:00:00,(04001) Quirigua,140.35031,103.274666,173.36382,152.0,0.9233573079109192,11,147.8548387096774,Bajo,1.6711904761904761,CRITICO: refuerzo inmediato
2026-08-31 12:00:00,(04001) Quirigua,141.39331,110.334045,173.29785,152.0,0.9302191734313965,12,142.83870967741936,Bajo,1.6154761904761907,CRITICO: refuerzo inmediato
2026-08-31 13:00:00,(04001) Quirigua,132.28941,103.367294,166.15062,152.0,0.8703250885009766,13,134.74193548387098,Bajo,1.6526190476190474,ALTO: considerar refuerzo
2026-08-31 14:00:00,(04001) Quirigua,117.15388,92.61802,147.94946,152.0,0.7707492113113403,14,125.06451612903226,Bajo,1.66,ALTO: considerar refuerzo
2026-08-31 15:00:00,(04001) Quirigua,124.9252,97.09885,159.75632,152.0,0.8218763470649719,15,119.51612903225806,Bajo,1.5690476190476192,ALTO: considerar refuerzo
2026-08-31 16:00:00,(04001) Quirigua,152.82867,112.52122,193.96262,152.0,1.0054517984390259,16,136.16129032258064,Bajo,1.3288095238095239,CRITICO: refuerzo inmediato
2026-08-31 17:00:00,(04001) Quirigua,158.38054,115.34346,205.3858,152.0,1.0419772863388062,17,139.6290322580645,Bajo,1.318095238095238,CRITICO: refuerzo inmediato
2026-08-31 18:00:00,(04001) Quirigua,111.80244,80.52144,153.66473,152.0,0.735542356967926,18,119.90322580645162,Bajo,1.2852380952380953,ALTO: considerar refuerzo
2026-08-31 19:00:00,(04001) Quirigua,57.523155,41.04135,90.07814,152.0,0.37844181060791016,19,83.79032258064517,Bajo,1.2497619047619049,Normal
2026-08-31 20:00:00,(04001) Quirigua,24.583046,11.782845,51.49105,152.0,0.1617305725812912,20,43.58064516129032,Bajo,1.5595238095238095,Normal
2026-08-31 21:00:00,(04001) Quirigua,10.665329,0.0,35.51499,152.0,0.07016663998365402,21,26.451612903225808,Bajo,1.9283333333333332,Normal
2026-08-31 22:00:00,(04001) Quirigua,0.3382187,0.0,20.173584,152.0,0.002225122880190611,22,7.7894736842105265,Bajo,2.7125641025641025,Normal
2026-08-31 23:00:00,(04001) Quirigua,0.0,0.0,16.027954,152.0,0.0,23,1.4444444444444444,Bajo,4.648333333333333,Normal
2026-08-31 00:00:00,(04002) Carrera 90,0.0,0.0,0.980423,304.0,0.0,0,,Bajo,,Normal
2026-08-31 01:00:00,(04002) Carrera 90,0.0,0.0,7.478607,304.0,0.0,1,,Bajo,,Normal
2026-08-31 02:00:00,(04002) Carrera 90,0.0,0.0,14.767838,304.0,0.0,2,,Bajo,,Normal
2026-08-31 03:00:00,(04002) Carrera 90,0.0,0.0,17.79831,304.0,0.0,3,,Bajo,,Normal
2026-08-31 04:00:00,(04002) Carrera 90,46.307495,6.92128,79.511444,304.0,0.1523272842168808,4,34.064516129032256,Bajo,3.6435714285714287,Normal
2026-08-31 05:00:00,(04002) Carrera 90,331.77966,217.10268,412.06375,304.0,1.0913804769515991,5,241.8709677419355,Bajo,1.0995238095238096,CRITICO: refuerzo inmediato
2026-08-31 06:00:00,(04002) Carrera 90,894.7294,641.4195,1029.5026,304.0,2.9431886672973633,6,653.3387096774194,Medio,0.9080238095238096,CRITICO: refuerzo inmediato
2026-08-31 07:00:00,(04002) Carrera 90,978.50354,725.067,1095.6061,304.0,3.218761682510376,7,740.6129032258065,Medio,0.8027380952380953,CRITICO: refuerzo inmediato
2026-08-31 08:00:00,(04002) Carrera 90,593.0382,435.56787,671.03,304.0,1.950783610343933,8,481.69354838709677,Medio,0.8339047619047619,CRITICO: refuerzo inmediato
2026-08-31 09:00:00,(04002) Carrera 90,431.15356,317.1157,482.2773,304.0,1.4182683229446411,9,375.7096774193548,Medio,0.8642857142857143,CRITICO: refuerzo inmediato
2026-08-31 10:00:00,(04002) Carrera 90,352.80222,264.79608,401.92505,304.0,1.1605335474014282,10,335.56451612903226,Bajo,0.8614285714285714,CRITICO: refuerzo inmediato
2026-08-31 11:00:00,(04002) Carrera 90,315.23358,251.22626,367.02994,304.0,1.0369526147842407,11,308.06451612903226,Bajo,0.8542857142857143,CRITICO: refuerzo inmediato
2026-08-31 12:00:00,(04002) Carrera 90,304.04587,250.03003,356.56287,304.0,1.0001509189605713,12,298.241935483871,Bajo,0.8623809523809524,CRITICO: refuerzo inmediato
2026-08-31 13:00:00,(04002) Carrera 90,281.666,232.18936,336.10812,304.0,0.9265328645706177,13,271.30645161290323,Bajo,0.86,CRITICO: refuerzo inmediato
2026-08-31 14:00:00,(04002) Carrera 90,244.51054,202.79227,292.96176,304.0,0.8043109774589539,14,235.7741935483871,Bajo,0.8607142857142857,ALTO: considerar refuerzo
2026-08-31 15:00:00,(04002) Carrera 90,245.68059,198.23048,299.08792,304.0,0.8081598281860352,15,212.25806451612902,Bajo,0.8414285714285715,ALTO: considerar refuerzo
2026-08-31 16:00:00,(04002) Carrera 90,284.2345,215.53156,348.51566,304.0,0.9349818825721741,16,232.59677419354838,Bajo,0.8257142857142857,CRITICO: refuerzo inmediato
2026-08-31 17:00:00,(04002) Carrera 90,278.76105,209.27992,347.62903,304.0,0.9169771075248718,17,230.82258064516128,Bajo,0.7569047619047619,CRITICO: refuerzo inmediato
2026-08-31 18:00:00,(04002) Carrera 90,192.14697,141.9399,250.10042,304.0,0.6320624351501465,18,179.9516129032258,Bajo,0.74,Normal
2026-08-31 19:00:00,(04002) Carrera 90,97.6466,72.06456,143.38979,304.0,0.32120591402053833,19,118.24193548387096,Bajo,0.7588095238095238,Normal
2026-08-31 20:00:00,(04002) Carrera 90,37.34778,18.216064,75.44267,304.0,0.12285453081130981,20,60.0,Bajo,0.8759523809523809,Normal
2026-08-31 21:00:00,(04002) Carrera 90,12.698883,0.0,44.90622,304.0,0.041772641241550446,21,30.29032258064516,Bajo,1.0607142857142857,Normal
2026-08-31 22:00:00,(04002) Carrera 90,1.6678772,0.0,29.969437,304.0,0.005486438050866127,22,9.982456140350877,Bajo,1.3916216216216217,Normal
2026-08-31 23:00:00,(04002) Carrera 90,0.0,0.0,25.510147,304.0,0.0,23,1.0,Bajo,2.4066666666666667,Normal
2026-08-31 00:00:00,(04003) Avenida Ciudad de Cali,0.0,0.0,1.9540405,304.0,0.0,0,,Bajo,,Normal
2026-08-31 01:00:00,(04003) Avenida Ciudad de Cali,0.0,0.0,15.005554,304.0,0.0,1,,Bajo,,Normal
2026-08-31 02:00:00,(04003) Avenida Ciudad de Cali,0.0,0.0,19.81186,304.0,0.0,2,,Bajo,,Normal
2026-08-31 03:00:00,(04003) Avenida Ciudad de Cali,10.890289,0.0,47.322678,304.0,0.03582331910729408,3,,Bajo,,Normal
2026-08-31 04:00:00,(04003) Avenida Ciudad de Cali,120.65959,37.704376,199.28595,304.0,0.3969065546989441,4,100.41935483870968,Bajo,3.822380952380952,Normal
2026-08-31 05:00:00,(04003) Avenida Ciudad de Cali,692.2058,455.36908,853.97107,304.0,2.2769927978515625,5,534.3225806451613,Medio,1.1117857142857144,CRITICO: refuerzo inmediato
2026-08-31 06:00:00,(04003) Avenida Ciudad de Cali,1423.6238,977.01636,1676.3882,304.0,4.6829729080200195,6,1074.967741935484,Alto,1.0003809523809524,CRITICO: refuerzo inmediato
2026-08-31 07:00:00,(04003) Avenida Ciudad de Cali,1463.069,1021.3535,1684.1989,304.0,4.812726974487305,7,1131.741935483871,Alto,0.8700714285714286,CRITICO: refuerzo inmediato
2026-08-31 08:00:00,(04003) Avenida Ciudad de Cali,864.7899,579.54517,1020.9206,304.0,2.8447036743164062,8,703.1612903225806,Medio,0.7862380952380953,CRITICO: refuerzo inmediato
2026-08-31 09:00:00,(04003) Avenida Ciudad de Cali,558.60345,371.9506,655.48645,304.0,1.837511420249939,9,473.14516129032256,Medio,0.8820952380952382,CRITICO: refuerzo inmediato
2026-08-31 10:00:00,(04003) Avenida Ciudad de Cali,409.80643,277.67215,485.58426,304.0,1.3480474948883057,10,382.83870967741933,Medio,0.9360476190476192,CRITICO: refuerzo inmediato
2026-08-31 11:00:00,(04003) Avenida Ciudad de Cali,345.08347,255.52278,417.97516,304.0,1.1351429224014282,11,335.3709677419355,Bajo,0.8626190476190475,CRITICO: refuerzo inmediato
2026-08-31 12:00:00,(04003) Avenida Ciudad de Cali,319.86005,253.38866,386.75256,304.0,1.052171230316162,12,319.2903225806452,Bajo,0.8533333333333334,CRITICO: refuerzo inmediato
2026-08-31 13:00:00,(04003) Avenida Ciudad de Cali,269.81958,221.61682,332.93835,304.0,0.8875644207000732,13,289.4032258064516,Bajo,0.8602380952380952,ALTO: considerar refuerzo
2026-08-31 14:00:00,(04003) Avenida Ciudad de Cali,214.48721,176.92842,268.12247,304.0,0.7055500149726868,14,237.2741935483871,Bajo,0.8550000000000001,ALTO: considerar refuerzo
2026-08-31 15:00:00,(04003) Avenida Ciudad de Cali,241.02945,184.93262,311.49396,304.0,0.7928600311279297,15,231.48387096774192,Bajo,0.8354761904761904,ALTO: considerar refuerzo
2026-08-31 16:00:00,(04003) Avenida Ciudad de Cali,346.65308,247.4159,439.98093,304.0,1.1403061151504517,16,276.9516129032258,Bajo,0.7642857142857143,CRITICO: refuerzo inmediato
2026-08-31 17:00:00,(04003) Avenida Ciudad de Cali,357.77124,261.6077,459.7212,304.0,1.1768790483474731,17,303.1774193548387,Bajo,0.6992857142857143,CRITICO: refuerzo inmediato
2026-08-31 18:00:00,(04003) Avenida Ciudad de Cali,221.6435,149.5625,304.30878,304.0,0.7290904521942139,18,200.38709677419354,Bajo,0.704047619047619,ALTO: considerar refuerzo
2026-08-31 19:00:00,(04003) Avenida Ciudad de Cali,93.38661,59.26471,155.30424,304.0,0.3071928024291992,19,124.53225806451613,Bajo,0.7183333333333333,Normal
2026-08-31 20:00:00,(04003) Avenida Ciudad de Cali,33.748047,11.712799,81.42444,304.0,0.11101331561803818,20,70.93548387096774,Bajo,0.8433333333333334,Normal
2026-08-31 21:00:00,(04003) Avenida Ciudad de Cali,15.767029,0.0,57.546295,304.0,0.05186522752046585,21,36.774193548387096,Bajo,1.033809523809524,Normal
2026-08-31 22:00:00,(04003) Avenida Ciudad de Cali,0.0,0.0,33.40538,304.0,0.0,22,11.677966101694915,Bajo,1.3705128205128205,Normal
2026-08-31 23:00:00,(04003) Avenida Ciudad de Cali,0.0,0.0,30.59848,304.0,0.0,23,1.48,Bajo,2.2600000000000002,Normal
2026-08-31 00:00:00,(04004) La Granja,0.0,0.0,0.8649597,0.0,,0,,Bajo,,Normal
2026-08-31 01:00:00,(04004) La Granja,0.0,0.0,1.6080322,0.0,,1,,Bajo,,Normal
2026-08-31 02:00:00,(04004) La Granja,0.0,0.0,4.108673,0.0,,2,,Bajo,,Normal
2026-08-31 03:00:00,(04004) La Granja,0.9800415,0.0,16.1987,0.0,,3,,Bajo,,Normal
2026-08-31 04:00:00,(04004) La Granja,34.257668,6.241989,58.810493,0.0,,4,28.096774193548388,Bajo,2.7640476190476186,Normal
2026-08-31 05:00:00,(04004) La Granja,240.63815,164.35448,290.52502,0.0,,5,170.16129032258064,Bajo,0.7033333333333334,Normal
2026-08-31 06:00:00,(04004) La Granja,541.3892,393.8963,618.68054,0.0,,6,407.83870967741933,Bajo,0.5016666666666667,Normal
2026-08-31 07:00:00,(04004) La Granja,635.34875,470.8082,707.1979,0.0,,7,484.3225806451613,Bajo,0.44214285714285717,Normal
2026-08-31 08:00:00,(04004) La Granja,404.2332,297.53665,454.43628,0.0,,8,326.4032258064516,Bajo,0.4590476190476191,Normal
2026-08-31 09:00:00,(04004) La Granja,291.40204,213.3852,326.72455,0.0,,9,259.6290322580645,Bajo,0.5116666666666666,Normal
2026-08-31 10:00:00,(04004) La Granja,215.90251,158.99734,248.33127,0.0,,10,206.96774193548387,Bajo,0.5402380952380952,Normal
2026-08-31 11:00:00,(04004) La Granja,169.5042,133.00587,200.9585,0.0,,11,171.11290322580646,Bajo,0.5642857142857143,Normal
2026-08-31 12:00:00,(04004) La Granja,171.98206,140.2533,206.95667,0.0,,12,167.33870967741936,Bajo,0.5547619047619048,Normal
2026-08-31 13:00:00,(04004) La Granja,171.28738,139.9511,210.01822,0.0,,13,174.40322580645162,Bajo,0.5528571428571428,Normal
2026-08-31 14:00:00,(04004) La Granja,151.30226,122.527855,185.6927,0.0,,14,157.0,Bajo,0.5530952380952381,Normal
2026-08-31 15:00:00,(04004) La Granja,160.60141,125.716965,200.67387,0.0,,15,154.08064516129033,Bajo,0.5419047619047619,Normal
2026-08-31 16:00:00,(04004) La Granja,224.69257,169.70413,275.27264,0.0,,16,180.24193548387098,Bajo,0.4919047619047619,Normal
2026-08-31 17:00:00,(04004) La Granja,284.96686,217.39499,339.00836,0.0,,17,229.96774193548387,Bajo,0.46238095238095234,Normal
2026-08-31 18:00:00,(04004) La Granja,174.85344,130.82701,220.28067,0.0,,18,159.61290322580646,Bajo,0.45666666666666667,Normal
2026-08-31 19:00:00,(04004) La Granja,96.70242,71.199905,132.05289,0.0,,19,109.93548387096774,Bajo,0.4766666666666667,Normal
2026-08-31 20:00:00,(04004) La Granja,42.18022,23.482231,72.9266,0.0,,20,61.32258064516129,Bajo,0.5538095238095239,Normal
2026-08-31 21:00:00,(04004) La Granja,14.863876,0.4281006,39.75264,0.0,,21,28.70967741935484,Bajo,0.6742857142857143,Normal
2026-08-31 22:00:00,(04004) La Granja,2.2410126,0.0,21.188263,0.0,,22,10.85,Bajo,0.9375,Normal
2026-08-31 23:00:00,(04004) La Granja,0.0,0.0,13.540741,0.0,,23,1.2307692307692308,Bajo,1.5311111111111113,Normal
2026-08-31 00:00:00,(04100) Carrera 77,0.0,0.0,0.0,392.0,0.0,0,,Bajo,,Normal
2026-08-31 01:00:00,(04100) Carrera 77,0.0,0.0,6.375168,392.0,0.0,1,,Bajo,,Normal
2026-08-31 02:00:00,(04100) Carrera 77,0.0,0.0,12.432983,392.0,0.0,2,,Bajo,,Normal
2026-08-31 03:00:00,(04100) Carrera 77,1.0166168,0.0,23.679138,392.0,0.002593410201370716,3,,Bajo,,Normal
2026-08-31 04:00:00,(04100) Carrera 77,58.18953,12.936325,100.81122,392.0,0.14844267070293427,4,52.225806451612904,Bajo,,Normal
2026-08-31 05:00:00,(04100) Carrera 77,393.66168,265.959,480.5395,392.0,1.0042389631271362,5,305.741935483871,Bajo,,CRITICO: refuerzo inmediato
2026-08-31 06:00:00,(04100) Carrera 77,841.62256,597.4376,978.0603,392.0,2.146996259689331,6,631.5967741935484,Medio,,CRITICO: refuerzo inmediato
2026-08-31 07:00:00,(04100) Carrera 77,902.31384,653.8445,1021.7218,392.0,2.301820993423462,7,682.9677419354839,Medio,,CRITICO: refuerzo inmediato
2026-08-31 08:00:00,(04100) Carrera 77,500.82834,350.8313,582.7738,392.0,1.2776232957839966,8,409.16129032258067,Medio,,CRITICO: refuerzo inmediato
2026-08-31 09:00:00,(04100) Carrera 77,354.94604,250.56065,407.26657,392.0,0.9054746031761169,9,313.7258064516129,Bajo,,CRITICO: refuerzo inmediato
2026-08-31 10:00:00,(04100) Carrera 77,270.65823,191.55783,317.8916,392.0,0.6904546618461609,10,258.69354838709677,Bajo,,Normal
2026-08-31 11:00:00,(04100) Carrera 77,227.06387,173.6733,272.7127,392.0,0.5792445540428162,11,233.25806451612902,Bajo,,Normal
2026-08-31 12:00:00,(04100) Carrera 77,234.03616,187.83669,280.89664,392.0,0.5970310568809509,12,230.96774193548387,Bajo,,Normal
2026-08-31 13:00:00,(04100) Carrera 77,242.03505,196.23752,295.01114,392.0,0.6174363493919373,13,230.83870967741936,Bajo,,Normal
2026-08-31 14:00:00,(04100) Carrera 77,216.83998,175.69543,265.38666,392.0,0.5531632304191589,14,218.88709677419354,Bajo,,Normal
2026-08-31 15:00:00,(04100) Carrera 77,209.50677,166.05742,260.5229,392.0,0.5344560742378235,15,193.46774193548387,Bajo,,Normal
2026-08-31 16:00:00,(04100) Carrera 77,275.29587,207.84654,338.44226,392.0,0.7022853493690491,16,236.29032258064515,Bajo,,ALTO: considerar refuerzo
2026-08-31 17:00:00,(04100) Carrera 77,318.21094,245.3626,385.4334,392.0,0.8117625713348389,17,277.4516129032258,Bajo,,ALTO: considerar refuerzo
2026-08-31 18:00:00,(04100) Carrera 77,202.02258,150.51288,255.95273,392.0,0.5153637528419495,18,189.06451612903226,Bajo,,Normal
2026-08-31 19:00:00,(04100) Carrera 77,106.74463,79.69621,150.13718,392.0,0.27230772376060486,19,131.6290322580645,Bajo,,Normal
2026-08-31 20:00:00,(04100) Carrera 77,48.851288,25.895538,86.68197,392.0,0.12462063133716583,20,81.29032258064517,Bajo,,Normal
2026-08-31 21:00:00,(04100) Carrera 77,20.46077,1.5764923,51.32396,392.0,0.05219583958387375,21,40.016129032258064,Bajo,,Normal
2026-08-31 22:00:00,(04100) Carrera 77,1.8452606,0.0,24.581436,392.0,0.004707297310233116,22,10.573770491803279,Bajo,,Normal
2026-08-31 23:00:00,(04100) Carrera 77,0.0,0.0,19.59288,392.0,0.0,23,1.5217391304347827,Bajo,,Normal
2026-08-31 00:00:00,(04101) Minuto de Dios,0.0,0.0,0.0,296.0,0.0,0,,Bajo,,Normal
2026-08-31 01:00:00,(04101) Minuto de Dios,0.0,0.0,0.0,296.0,0.0,1,,Bajo,,Normal
2026-08-31 02:00:00,(04101) Minuto de Dios,0.0,0.0,1.4968872,296.0,0.0,2,,Bajo,,Normal
2026-08-31 03:00:00,(04101) Minuto de Dios,0.0,0.0,5.061981,296.0,0.0,3,,Bajo,,Normal
2026-08-31 04:00:00,(04101) Minuto de Dios,36.37906,2.5924072,67.40805,296.0,0.12290222942829132,4,30.951612903225808,Bajo,4.859523809523809,Normal
2026-08-31 05:00:00,(04101) Minuto de Dios,236.03523,160.94495,299.13397,296.0,0.7974163293838501,5,175.48387096774192,Bajo,0.922142857142857,ALTO: considerar refuerzo
2026-08-31 06:00:00,(04101) Minuto de Dios,538.2762,403.9071,633.6151,296.0,1.8185006380081177,6,408.51612903225805,Medio,0.7592619047619049,CRITICO: refuerzo inmediato
2026-08-31 07:00:00,(04101) Minuto de Dios,661.9309,507.21613,762.2272,296.0,2.236253023147583,7,481.9193548387097,Medio,0.7100238095238095,CRITICO: refuerzo inmediato
2026-08-31 08:00:00,(04101) Minuto de Dios,428.98206,329.94452,514.44556,296.0,1.4492636919021606,8,322.66129032258067,Medio,0.7828333333333334,CRITICO: refuerzo inmediato
2026-08-31 09:00:00,(04101) Minuto de Dios,339.85962,264.31256,407.7667,296.0,1.1481744050979614,9,250.09677419354838,Bajo,0.7992857142857143,CRITICO: refuerzo inmediato
2026-08-31 10:00:00,(04101) Minuto de Dios,310.3193,235.26418,382.44757,296.0,1.0483760833740234,10,238.98387096774192,Bajo,0.8247619047619048,CRITICO: refuerzo inmediato
2026-08-31 11:00:00,(04101) Minuto de Dios,332.62488,253.90408,411.90613,296.0,1.1237326860427856,11,252.88709677419354,Bajo,0.8235714285714285,CRITICO: refuerzo inmediato
2026-08-31 12:00:00,(04101) Minuto de Dios,405.5659,311.1339,498.74323,296.0,1.3701549768447876,12,276.01612903225805,Medio,0.9224285714285715,CRITICO: refuerzo inmediato
2026-08-31 13:00:00,(04101) Minuto de Dios,412.245,311.2749,508.9826,296.0,1.3927196264266968,13,288.5,Medio,0.909595238095238,CRITICO: refuerzo inmediato
2026-08-31 14:00:00,(04101) Minuto de Dios,331.5065,242.98216,424.68317,296.0,1.1199543476104736,14,276.61290322580646,Bajo,0.8259523809523809,CRITICO: refuerzo inmediato
2026-08-31 15:00:00,(04101) Minuto de Dios,324.60803,241.46179,419.79602,296.0,1.0966488122940063,15,255.74193548387098,Bajo,0.7933333333333333,CRITICO: refuerzo inmediato
2026-08-31 16:00:00,(04101) Minuto de Dios,501.25696,379.1582,616.65234,296.0,1.6934356689453125,16,372.16129032258067,Medio,0.8111190476190476,CRITICO: refuerzo inmediato
2026-08-31 17:00:00,(04101) Minuto de Dios,667.5189,500.09283,793.5597,296.0,2.255131483078003,17,482.4032258064516,Medio,0.7605714285714286,CRITICO: refuerzo inmediato
2026-08-31 18:00:00,(04101) Minuto de Dios,383.2397,288.6712,485.16156,296.0,1.2947286367416382,18,334.53225806451616,Medio,0.7398809523809525,CRITICO: refuerzo inmediato
2026-08-31 19:00:00,(04101) Minuto de Dios,269.75598,209.46278,341.5395,296.0,0.9113377928733826,19,220.8548387096774,Bajo,0.7016666666666667,CRITICO: refuerzo inmediato
2026-08-31 20:00:00,(04101) Minuto de Dios,236.14948,175.2962,313.37225,296.0,0.7978022694587708,20,168.48387096774192,Bajo,0.8023809523809524,ALTO: considerar refuerzo
2026-08-31 21:00:00,(04101) Minuto de Dios,232.52066,158.45894,315.93845,296.0,0.7855427861213684,21,133.88709677419354,Bajo,0.9254761904761905,ALTO: considerar refuerzo
2026-08-31 22:00:00,(04101) Minuto de Dios,97.57447,44.868423,166.96202,296.0,0.32964348793029785,22,60.564516129032256,Bajo,1.213809523809524,Normal
2026-08-31 23:00:00,(04101) Minuto de Dios,0.04736328,0.0,37.410645,296.0,0.00016001108451746404,23,2.5161290322580645,Bajo,1.7242857142857144,Normal
2026-08-31 00:00:00,(04102) Avenida Boyaca,0.0,0.0,8.210815,304.0,0.0,0,1.0,Bajo,,Normal
2026-08-31 01:00:00,(04102) Avenida Boyaca,0.0,0.0,6.1685486,304.0,0.0,1,,Bajo,,Normal
2026-08-31 02:00:00,(04102) Avenida Boyaca,0.0,0.0,13.940002,304.0,0.0,2,,Bajo,,Normal
2026-08-31 03:00:00,(04102) Avenida Boyaca,0.0,0.0,18.121552,304.0,0.0,3,,Bajo,,Normal
2026-08-31 04:00:00,(04102) Avenida Boyaca,9.840759,0.0,43.14319,304.0,0.0323709174990654,4,13.387096774193548,Bajo,5.467619047619047,Normal
2026-08-31 05:00:00,(04102) Avenida Boyaca,201.35727,136.99841,268.69492,304.0,0.6623594164848328,5,147.29032258064515,Bajo,1.2107142857142859,Normal
2026-08-31 06:00:00,(04102) Avenida Boyaca,567.07086,445.14194,666.8594,304.0,1.865364670753479,6,412.2903225806452,Medio,0.8674285714285714,CRITICO: refuerzo inmediato
2026-08-31 07:00:00,(04102) Avenida Boyaca,697.25964,558.01526,799.7657,304.0,2.2936172485351562,7,500.0806451612903,Medio,0.7370000000000001,CRITICO: refuerzo inmediato
2026-08-31 08:00:00,(04102) Avenida Boyaca,448.6859,355.30826,540.1578,304.0,1.475940465927124,8,353.9193548387097,Medio,0.7579523809523809,CRITICO: refuerzo inmediato
2026-08-31 09:00:00,(04102) Avenida Boyaca,354.53937,280.98212,429.0066,304.0,1.1662479639053345,9,300.3709677419355,Bajo,0.7385714285714285,CRITICO: refuerzo inmediato
2026-08-31 10:00:00,(04102) Avenida Boyaca,312.6066,245.9615,387.86676,304.0,1.0283111333847046,10,294.19354838709677,Bajo,0.8252380952380953,CRITICO: refuerzo inmediato
2026-08-31 11:00:00,(04102) Avenida Boyaca,326.97156,261.01215,401.38358,304.0,1.0755643844604492,11,318.14516129032256,Bajo,0.8483333333333334,CRITICO: refuerzo inmediato
2026-08-31 12:00:00,(04102) Avenida Boyaca,369.77695,298.30914,450.5235,304.0,1.2163715362548828,12,369.30645161290323,Medio,0.9208571428571429,CRITICO: refuerzo inmediato
2026-08-31 13:00:00,(04102) Avenida Boyaca,396.9555,325.01318,481.159,304.0,1.3057746887207031,13,405.4032258064516,Medio,0.9208571428571429,CRITICO: refuerzo inmediato
2026-08-31 14:00:00,(04102) Avenida Boyaca,432.49973,357.87897,516.16565,304.0,1.4226964712142944,14,445.8709677419355,Medio,0.9242619047619048,CRITICO: refuerzo inmediato
2026-08-31 15:00:00,(04102) Avenida Boyaca,523.8585,433.3907,627.41675,304.0,1.7232187986373901,15,516.2096774193549,Medio,0.9284523809523811,CRITICO: refuerzo inmediato
2026-08-31 16:00:00,(04102) Avenida Boyaca,776.673,626.9263,905.764,304.0,2.5548453330993652,16,697.0645161290323,Medio,0.8522380952380954,CRITICO: refuerzo inmediato
2026-08-31 17:00:00,(04102) Avenida Boyaca,990.84894,797.07544,1130.5577,304.0,3.259371519088745,17,880.2258064516129,Medio,0.7830952380952381,CRITICO: refuerzo inmediato
2026-08-31 18:00:00,(04102) Avenida Boyaca,783.7125,649.508,900.3241,304.0,2.5780017375946045,18,770.6290322580645,Medio,0.772357142857143,CRITICO: refuerzo inmediato
2026-08-31 19:00:00,(04102) Avenida Boyaca,612.6699,519.1483,706.14526,304.0,2.0153615474700928,19,636.8225806451613,Medio,0.7925238095238095,CRITICO: refuerzo inmediato
2026-08-31 20:00:00,(04102) Avenida Boyaca,447.84,367.79227,533.4979,304.0,1.4731578826904297,20,499.01612903225805,Medio,0.9617142857142857,CRITICO: refuerzo inmediato
2026-08-31 21:00:00,(04102) Avenida Boyaca,226.12184,175.38612,297.95374,304.0,0.7438218593597412,21,283.98387096774195,Bajo,1.0464285714285715,ALTO: considerar refuerzo
2026-08-31 22:00:00,(04102) Avenida Boyaca,43.77118,20.518158,90.89261,304.0,0.1439841389656067,22,89.66129032258064,Bajo,1.6233333333333335,Normal
2026-08-31 23:00:00,(04102) Avenida Boyaca,0.0,0.0,23.450317,304.0,0.0,23,5.609756097560975,Bajo,4.783793103448276,Normal
2026-08-31 00:00:00,(04103) Las Ferias,0.0,0.0,0.615921,152.0,0.0,0,1.0,Bajo,,Normal
2026-08-31 01:00:00,(04103) Las Ferias,0.0,0.0,0.0,152.0,0.0,1,,Bajo,,Normal
2026-08-31 02:00:00,(04103) Las Ferias,0.0,0.0,4.276741,152.0,0.0,2,,Bajo,,Normal
2026-08-31 03:00:00,(04103) Las Ferias,0.0,0.0,6.797989,152.0,0.0,3,,Bajo,,Normal
2026-08-31 04:00:00,(04103) Las Ferias,5.3089523,0.0,18.775993,152.0,0.03492731973528862,4,5.8,Bajo,6.2965,Normal
2026-08-31 05:00:00,(04103) Las Ferias,74.092896,46.11588,100.5092,152.0,0.48745325207710266,5,53.145161290322584,Bajo,1.7723809523809524,Normal
2026-08-31 06:00:00,(04103) Las Ferias,205.21257,154.70886,242.5683,152.0,1.3500827550888062,6,157.9516129032258,Medio,1.5077857142857145,CRITICO: refuerzo inmediato
2026-08-31 07:00:00,(04103) Las Ferias,278.2008,211.42813,319.8229,152.0,1.8302685022354126,7,201.91935483870967,Medio,1.364,CRITICO: refuerzo inmediato
2026-08-31 08:00:00,(04103) Las Ferias,202.89142,156.92896,237.2023,152.0,1.3348119258880615,8,160.6451612903226,Medio,1.4053809523809524,CRITICO: refuerzo inmediato
2026-08-31 09:00:00,(04103) Las Ferias,148.64275,113.55176,175.72038,152.0,0.9779127836227417,9,123.0,Bajo,1.4738095238095237,CRITICO: refuerzo inmediato
2026-08-31 10:00:00,(04103) Las Ferias,123.1989,94.705315,149.62473,152.0,0.8105190396308899,10,116.25806451612904,Bajo,1.5847619047619048,ALTO: considerar refuerzo
2026-08-31 11:00:00,(04103) Las Ferias,117.946594,92.988396,144.69206,152.0,0.7759644389152527,11,113.03225806451613,Bajo,1.6564285714285714,ALTO: considerar refuerzo
2026-08-31 12:00:00,(04103) Las Ferias,126.85327,102.044304,156.97931,152.0,0.8345609903335571,12,128.70967741935485,Bajo,1.6157142857142857,ALTO: considerar refuerzo
2026-08-31 13:00:00,(04103) Las Ferias,126.21641,101.534096,154.7582,152.0,0.830371081829071,13,126.53225806451613,Bajo,1.635,ALTO: considerar refuerzo
2026-08-31 14:00:00,(04103) Las Ferias,138.26068,111.86049,167.96748,152.0,0.9096097350120544,14,136.6290322580645,Bajo,1.6547619047619047,CRITICO: refuerzo inmediato
2026-08-31 15:00:00,(04103) Las Ferias,175.30537,139.1628,215.11441,152.0,1.153324842453003,15,148.17741935483872,Bajo,1.568095238095238,CRITICO: refuerzo inmediato
2026-08-31 16:00:00,(04103) Las Ferias,297.92502,230.54831,349.85403,152.0,1.9600330591201782,16,222.32258064516128,Medio,1.486309523809524,CRITICO: refuerzo inmediato
2026-08-31 17:00:00,(04103) Las Ferias,364.45868,273.46936,423.85913,152.0,2.397754430770874,17,279.46774193548384,Medio,1.4242380952380953,CRITICO: refuerzo inmediato
2026-08-31 18:00:00,(04103) Las Ferias,198.95288,151.26126,242.89932,152.0,1.3089004755020142,18,163.6451612903226,Medio,1.3642619047619047,CRITICO: refuerzo inmediato
2026-08-31 19:00:00,(04103) Las Ferias,94.94542,69.60782,121.06846,152.0,0.624640941619873,19,91.51612903225806,Bajo,1.3,Normal
2026-08-31 20:00:00,(04103) Las Ferias,43.282394,23.608192,64.437035,152.0,0.28475260734558105,20,40.903225806451616,Bajo,1.5690476190476192,Normal
2026-08-31 21:00:00,(04103) Las Ferias,13.667641,0.0,29.165459,152.0,0.08991868793964386,21,16.741935483870968,Bajo,1.9226190476190477,Normal
2026-08-31 22:00:00,(04103) Las Ferias,4.936203,0.0,15.3995285,152.0,0.03247502073645592,22,5.166666666666667,Bajo,2.603783783783784,Normal
2026-08-31 23:00:00,(04103) Las Ferias,0.0,0.0,7.523575,152.0,0.0,23,1.1111111111111112,Bajo,5.265,Normal
2026-08-31 00:00:00,(04104) Avenida 68,0.0,0.0,0.54577637,296.0,0.0,0,1.2142857142857142,Bajo,,Normal
2026-08-31 01:00:00,(04104) Avenida 68,0.0,0.0,0.0,296.0,0.0,1,,Bajo,,Normal
2026-08-31 02:00:00,(04104) Avenida 68,0.0,0.0,9.893677,296.0,0.0,2,,Bajo,,Normal
2026-08-31 03:00:00,(04104) Avenida 68,0.0,0.0,19.869995,296.0,0.0,3,,Bajo,,Normal
2026-08-31 04:00:00,(04104) Avenida 68,21.598175,0.0,63.8824,296.0,0.0729668065905571,4,23.983870967741936,Bajo,3.9154761904761903,Normal
2026-08-31 05:00:00,(04104) Avenida 68,155.0339,92.618576,229.80707,296.0,0.5237631797790527,5,119.87096774193549,Bajo,0.7495238095238095,Normal
2026-08-31 06:00:00,(04104) Avenida 68,426.809,324.23615,525.314,296.0,1.4419223070144653,6,327.43548387096774,Medio,0.5691190476190476,CRITICO: refuerzo inmediato
2026-08-31 07:00:00,(04104) Avenida 68,486.97348,379.43246,586.41504,296.0,1.6451807022094727,7,368.30645161290323,Medio,0.4811190476190477,CRITICO: refuerzo inmediato
2026-08-31 08:00:00,(04104) Avenida 68,388.50912,305.9068,471.5932,296.0,1.3125308752059937,8,294.4193548387097,Medio,0.5062619047619048,CRITICO: refuerzo inmediato
2026-08-31 09:00:00,(04104) Avenida 68,337.72507,268.14908,408.94748,296.0,1.140963077545166,9,279.1290322580645,Bajo,0.5078571428571428,CRITICO: refuerzo inmediato
2026-08-31 10:00:00,(04104) Avenida 68,338.38815,267.9419,417.40662,296.0,1.1432032585144043,10,308.61290322580646,Bajo,0.5588095238095238,CRITICO: refuerzo inmediato
2026-08-31 11:00:00,(04104) Avenida 68,368.4206,291.23004,450.79794,296.0,1.244664192199707,11,341.2903225806452,Medio,0.6285714285714286,CRITICO: refuerzo inmediato
2026-08-31 12:00:00,(04104) Avenida 68,433.31738,346.77808,528.6723,296.0,1.4639101028442383,12,422.69354838709677,Medio,0.6123333333333334,CRITICO: refuerzo inmediato
2026-08-31 13:00:00,(04104) Avenida 68,500.84113,400.54782,603.91113,296.0,1.6920307874679565,13,469.06451612903226,Medio,0.6029047619047619,CRITICO: refuerzo inmediato
2026-08-31 14:00:00,(04104) Avenida 68,578.00415,465.61096,692.2584,296.0,1.9527167081832886,14,539.0967741935484,Medio,0.6000238095238095,CRITICO: refuerzo inmediato
2026-08-31 15:00:00,(04104) Avenida 68,692.58264,552.9706,836.7349,296.0,2.339806318283081,15,546.758064516129,Medio,0.6228095238095239,CRITICO: refuerzo inmediato
2026-08-31 16:00:00,(04104) Avenida 68,1115.1534,869.4382,1311.758,296.0,3.7674102783203125,16,826.4193548387096,Medio,0.5795952380952382,CRITICO: refuerzo inmediato
2026-08-31 17:00:00,(04104) Avenida 68,1489.8704,1116.9932,1743.4841,296.0,5.033345699310303,17,1132.2096774193549,Alto,0.6091428571428572,CRITICO: refuerzo inmediato
2026-08-31 18:00:00,(04104) Avenida 68,984.83936,747.7454,1190.4465,296.0,3.327159881591797,18,785.016129032258,Medio,0.5086190476190477,CRITICO: refuerzo inmediato
2026-08-31 19:00:00,(04104) Avenida 68,478.65353,358.6605,611.2246,296.0,1.6170727014541626,19,452.69354838709677,Medio,0.5586428571428572,CRITICO: refuerzo inmediato
2026-08-31 20:00:00,(04104) Avenida 68,276.8478,197.77417,365.4261,296.0,0.9352966547012329,20,250.59677419354838,Bajo,0.5964285714285714,CRITICO: refuerzo inmediato
2026-08-31 21:00:00,(04104) Avenida 68,134.03787,78.36809,196.93143,296.0,0.45283064246177673,21,147.75806451612902,Bajo,0.7014285714285714,Normal
2026-08-31 22:00:00,(04104) Avenida 68,53.447754,19.262878,91.52992,296.0,0.18056674301624298,22,56.774193548387096,Bajo,1.0585714285714285,Normal
2026-08-31 23:00:00,(04104) Avenida 68,5.5055237,0.0,18.495117,296.0,0.018599743023514748,23,2.883720930232558,Bajo,4.043928571428571,Normal
2026-08-31 00:00:00,(04105) Carrera 53,0.0,0.0,0.0,152.0,0.0,0,,Bajo,,Normal
2026-08-31 01:00:00,(04105) Carrera 53,0.0,0.0,0.0,152.0,0.0,1,,Bajo,,Normal
2026-08-31 02:00:00,(04105) Carrera 53,0.0,0.0,6.263603,152.0,0.0,2,,Bajo,,Normal
2026-08-31 03:00:00,(04105) Carrera 53,0.0,0.0,6.3228607,152.0,0.0,3,,Bajo,,Normal
2026-08-31 04:00:00,(04105) Carrera 53,4.540909,0.0,20.78582,152.0,0.029874399304389954,4,3.9166666666666665,Bajo,7.83575,Normal
2026-08-31 05:00:00,(04105) Carrera 53,74.40614,44.15954,106.49339,152.0,0.4895141124725342,5,57.41935483870968,Bajo,2.093095238095238,Normal
2026-08-31 06:00:00,(04105) Carrera 53,243.12393,183.45212,290.90018,152.0,1.5994995832443237,6,195.80645161290323,Medio,1.7351190476190477,CRITICO: refuerzo inmediato
2026-08-31 07:00:00,(04105) Carrera 53,284.43903,220.55353,331.97272,152.0,1.8713093996047974,7,216.20967741935485,Medio,1.4588095238095242,CRITICO: refuerzo inmediato
2026-08-31 08:00:00,(04105) Carrera 53,195.16222,152.72832,234.63712,152.0,1.2839618921279907,8,164.5,Medio,1.477142857142857,CRITICO: refuerzo inmediato
2026-08-31 09:00:00,(04105) Carrera 53,164.09917,128.56651,196.3085,152.0,1.0795997381210327,9,143.70967741935485,Bajo,1.4678571428571427,CRITICO: refuerzo inmediato
2026-08-31 10:00:00,(04105) Carrera 53,147.9123,114.661705,181.89462,152.0,0.9731071591377258,10,146.09677419354838,Bajo,1.570952380952381,CRITICO: refuerzo inmediato
2026-08-31 11:00:00,(04105) Carrera 53,147.34015,114.418205,181.95883,152.0,0.9693430662155151,11,146.24193548387098,Bajo,1.6254761904761903,CRITICO: refuerzo inmediato
2026-08-31 12:00:00,(04105) Carrera 53,160.70279,126.17054,198.81383,152.0,1.0572551488876343,12,160.1451612903226,Bajo,1.5807142857142857,CRITICO: refuerzo inmediato
2026-08-31 13:00:00,(04105) Carrera 53,169.16162,131.82733,208.34996,152.0,1.1129053831100464,13,159.4516129032258,Bajo,1.620952380952381,CRITICO: refuerzo inmediato
2026-08-31 14:00:00,(04105) Carrera 53,179.00237,141.26436,219.6504,152.0,1.1776471138000488,14,180.38709677419354,Bajo,1.5842857142857145,CRITICO: refuerzo inmediato
2026-08-31 15:00:00,(04105) Carrera 53,199.0293,157.49577,245.52246,152.0,1.3094033002853394,15,161.17741935483872,Medio,1.7872380952380957,CRITICO: refuerzo inmediato
2026-08-31 16:00:00,(04105) Carrera 53,330.1385,256.38242,391.20935,152.0,2.171963691711426,16,254.20967741935485,Medio,1.662309523809524,CRITICO: refuerzo inmediato
2026-08-31 17:00:00,(04105) Carrera 53,439.34048,328.9074,515.48096,152.0,2.8903980255126953,17,338.6774193548387,Medio,1.5805952380952382,CRITICO: refuerzo inmediato
2026-08-31 18:00:00,(04105) Carrera 53,267.11716,203.55939,325.62506,152.0,1.7573497295379639,18,214.7741935483871,Medio,1.544714285714286,CRITICO: refuerzo inmediato
2026-08-31 19:00:00,(04105) Carrera 53,115.913574,86.03645,151.85637,152.0,0.7625892758369446,19,115.2258064516129,Bajo,1.4404761904761905,ALTO: considerar refuerzo
2026-08-31 20:00:00,(04105) Carrera 53,63.132225,39.54052,90.9828,152.0,0.41534358263015747,20,57.274193548387096,Bajo,1.6573809523809524,Normal
2026-08-31 21:00:00,(04105) Carrera 53,31.612686,10.940292,54.220547,152.0,0.20797820389270782,21,37.403225806451616,Bajo,1.946190476190476,Normal
2026-08-31 22:00:00,(04105) Carrera 53,13.378899,0.0,28.586327,152.0,0.08801907300949097,22,17.24590163934426,Bajo,3.0997560975609755,Normal
2026-08-31 23:00:00,(04105) Carrera 53,1.2295532,0.0,9.586403,152.0,0.008089166134595871,23,1.25,Bajo,5.648000000000001,Normal
2026-08-31 00:00:00,(04106) Carrera 47,0.0,0.0,0.0,304.0,0.0,0,,Bajo,,Normal
2026-08-31 01:00:00,(04106) Carrera 47,0.0,0.0,0.0,304.0,0.0,1,,Bajo,,Normal
2026-08-31 02:00:00,(04106) Carrera 47,0.0,0.0,3.4140701,304.0,0.0,2,,Bajo,,Normal
2026-08-31 03:00:00,(04106) Carrera 47,0.0,0.0,6.910797,304.0,0.0,3,,Bajo,,Normal
2026-08-31 04:00:00,(04106) Carrera 47,15.66349,2.309288,31.836452,304.0,0.05152463912963867,4,7.016949152542373,Bajo,4.476,Normal
2026-08-31 05:00:00,(04106) Carrera 47,89.05933,55.529755,121.97964,304.0,0.2929583489894867,5,73.19354838709677,Bajo,0.7754761904761904,Normal
2026-08-31 06:00:00,(04106) Carrera 47,238.47867,172.77097,287.78787,304.0,0.7844693064689636,6,172.91935483870967,Bajo,0.5214285714285714,ALTO: considerar refuerzo
2026-08-31 07:00:00,(04106) Carrera 47,261.21576,195.33589,308.3747,304.0,0.8592623472213745,7,192.3548387096774,Bajo,0.46619047619047616,ALTO: considerar refuerzo
2026-08-31 08:00:00,(04106) Carrera 47,169.53485,125.82091,208.61577,304.0,0.5576804280281067,8,140.41935483870967,Bajo,0.4911904761904762,Normal
2026-08-31 09:00:00,(04106) Carrera 47,132.35527,97.48438,163.22244,304.0,0.43537917733192444,9,111.59677419354838,Bajo,0.5669047619047619,Normal
2026-08-31 10:00:00,(04106) Carrera 47,105.80394,77.57169,135.77432,304.0,0.34803926944732666,10,103.66129032258064,Bajo,0.6119047619047618,Normal
2026-08-31 11:00:00,(04106) Carrera 47,99.52129,74.17917,128.27057,304.0,0.327372670173645,11,108.79032258064517,Bajo,0.6388095238095238,Normal
2026-08-31 12:00:00,(04106) Carrera 47,106.269264,80.83579,137.3294,304.0,0.3495699465274811,12,118.14516129032258,Bajo,0.6109523809523809,Normal
2026-08-31 13:00:00,(04106) Carrera 47,112.48796,85.74415,143.7721,304.0,0.37002620100975037,13,111.7258064516129,Bajo,0.5978571428571429,Normal
2026-08-31 14:00:00,(04106) Carrera 47,130.63237,102.88279,164.61572,304.0,0.4297117292881012,14,123.88709677419355,Bajo,0.6076190476190476,Normal
2026-08-31 15:00:00,(04106) Carrera 47,167.21367,128.13011,217.78436,304.0,0.5500449538230896,15,131.03225806451613,Bajo,0.63,Normal
2026-08-31 16:00:00,(04106) Carrera 47,360.15414,262.0416,429.99857,304.0,1.1847175359725952,16,254.41935483870967,Bajo,0.5821428571428571,CRITICO: refuerzo inmediato
2026-08-31 17:00:00,(04106) Carrera 47,326.2183,239.26892,393.25473,304.0,1.0730865001678467,17,245.11290322580646,Bajo,0.5247619047619048,CRITICO: refuerzo inmediato
2026-08-31 18:00:00,(04106) Carrera 47,183.80438,135.30115,233.2193,304.0,0.6046196818351746,18,154.8709677419355,Bajo,0.4978571428571429,Normal
2026-08-31 19:00:00,(04106) Carrera 47,112.23726,82.09853,145.37521,304.0,0.36920151114463806,19,93.93548387096774,Bajo,0.549047619047619,Normal
2026-08-31 20:00:00,(04106) Carrera 47,56.197823,33.838028,83.815414,304.0,0.18486125767230988,20,54.12903225806452,Bajo,0.6445238095238095,Normal
2026-08-31 21:00:00,(04106) Carrera 47,25.01651,6.962265,46.051704,304.0,0.0822911486029625,21,27.741935483870968,Bajo,0.7397619047619047,Normal
2026-08-31 22:00:00,(04106) Carrera 47,6.1214676,0.0,18.525558,304.0,0.020136406645178795,22,9.089285714285714,Bajo,1.0412820512820513,Normal
2026-08-31 23:00:00,(04106) Carrera 47,0.0,0.0,8.012733,304.0,0.0,23,2.0714285714285716,Bajo,1.8025,Normal
2026-08-31 00:00:00,(04107) Escuela Militar,0.0,0.0,0.0,272.0,0.0,0,,Bajo,,Normal
2026-08-31 01:00:00,(04107) Escuela Militar,0.0,0.0,0.0,272.0,0.0,1,,Bajo,,Normal
2026-08-31 02:00:00,(04107) Escuela Militar,0.0,0.0,1.6667709,272.0,0.0,2,,Bajo,,Normal
2026-08-31 03:00:00,(04107) Escuela Militar,0.0,0.0,1.6765862,272.0,0.0,3,,Bajo,,Normal
2026-08-31 04:00:00,(04107) Escuela Militar,0.50893784,0.0,5.500557,272.0,0.0018710950389504433,4,3.2280701754385963,Bajo,2.89875,Normal
2026-08-31 05:00:00,(04107) Escuela Militar,12.071173,6.214697,21.228186,272.0,0.04437931254506111,5,9.629032258064516,Bajo,0.814047619047619,Normal
2026-08-31 06:00:00,(04107) Escuela Militar,36.60177,25.33121,50.21301,272.0,0.1345653235912323,6,27.838709677419356,Bajo,0.6188095238095238,Normal
2026-08-31 07:00:00,(04107) Escuela Militar,42.979385,30.42136,57.572956,272.0,0.15801244974136353,7,35.935483870967744,Bajo,0.5388095238095237,Normal
2026-08-31 08:00:00,(04107) Escuela Militar,35.914528,25.979763,47.996246,272.0,0.13203871250152588,8,27.725806451612904,Bajo,0.5347619047619048,Normal
2026-08-31 09:00:00,(04107) Escuela Militar,32.430138,22.969334,43.68756,272.0,0.11922844499349594,9,29.387096774193548,Bajo,0.5911904761904763,Normal
2026-08-31 10:00:00,(04107) Escuela Militar,32.492096,22.203789,44.89491,272.0,0.1194562315940857,10,31.112903225806452,Bajo,0.6121428571428572,Normal
2026-08-31 11:00:00,(04107) Escuela Militar,34.387096,23.237011,47.212257,272.0,0.12642315030097961,11,37.12903225806452,Bajo,0.621904761904762,Normal
2026-08-31 12:00:00,(04107) Escuela Militar,43.679195,30.172031,58.671875,272.0,0.16058528423309326,12,47.67741935483871,Bajo,0.6226190476190476,Normal
2026-08-31 13:00:00,(04107) Escuela Militar,58.33921,40.446686,74.670654,272.0,0.2144823968410492,13,58.87096774193548,Bajo,0.6157142857142858,Normal
2026-08-31 14:00:00,(04107) Escuela Militar,64.42704,45.050465,82.54381,272.0,0.2368641197681427,14,64.12903225806451,Bajo,0.6261904761904762,Normal
2026-08-31 15:00:00,(04107) Escuela Militar,73.550476,51.70581,95.96318,272.0,0.27040615677833557,15,65.12903225806451,Bajo,0.6164285714285714,Normal
2026-08-31 16:00:00,(04107) Escuela Militar,128.22696,90.57367,162.38786,272.0,0.47142264246940613,16,103.19354838709677,Bajo,0.6011904761904762,Normal
2026-08-31 17:00:00,(04107) Escuela Militar,202.99086,137.72179,252.14676,272.0,0.7462899088859558,17,151.5483870967742,Bajo,0.529047619047619,ALTO: considerar refuerzo
2026-08-31 18:00:00,(04107) Escuela Militar,127.0661,83.878555,169.606,272.0,0.46715477108955383,18,95.6774193548387,Bajo,0.5221428571428571,Normal
2026-08-31 19:00:00,(04107) Escuela Militar,51.901363,30.72398,80.72599,272.0,0.1908138394355774,19,46.41935483870968,Bajo,0.5733333333333334,Normal
2026-08-31 20:00:00,(04107) Escuela Militar,26.985123,14.967066,45.487007,272.0,0.09921000897884369,20,27.951612903225808,Bajo,0.6311904761904762,Normal
2026-08-31 21:00:00,(04107) Escuela Militar,11.362944,4.0952034,23.285461,272.0,0.041775528341531754,21,14.67741935483871,Bajo,0.7014285714285714,Normal
2026-08-31 22:00:00,(04107) Escuela Militar,4.440502,0.0,10.896774,272.0,0.01632537506520748,22,4.886792452830188,Bajo,0.8562162162162162,Normal
2026-08-31 23:00:00,(04107) Escuela Militar,0.24891663,0.0,1.944252,272.0,0.0009151346748694777,23,1.4,Bajo,1.4100000000000001,Normal
2026-08-31 00:00:00,(04108) Polo –  FINCOMERCIO,0.0,0.0,0.0,360.0,0.0,0,1.0,Bajo,,Normal
2026-08-31 01:00:00,(04108) Polo –  FINCOMERCIO,0.0,0.0,2.3277588,360.0,0.0,1,,Bajo,,Normal
2026-08-31 02:00:00,(04108) Polo –  FINCOMERCIO,0.0,0.0,16.26326,360.0,0.0,2,,Bajo,,Normal
2026-08-31 03:00:00,(04108) Polo –  FINCOMERCIO,0.0,0.0,12.151901,360.0,0.0,3,,Bajo,,Normal
2026-08-31 04:00:00,(04108) Polo –  FINCOMERCIO,0.0,0.0,28.493011,360.0,0.0,4,9.62295081967213,Bajo,2.4521951219512195,Normal
2026-08-31 05:00:00,(04108) Polo –  FINCOMERCIO,61.659317,29.927185,117.52947,360.0,0.17127588391304016,5,47.725806451612904,Bajo,0.5938095238095238,Normal
2026-08-31 06:00:00,(04108) Polo –  FINCOMERCIO,183.15512,127.06084,261.95496,360.0,0.5087642073631287,6,137.90322580645162,Bajo,0.445952380952381,Normal
2026-08-31 07:00:00,(04108) Polo –  FINCOMERCIO,241.9048,173.21556,326.53784,360.0,0.671957790851593,7,163.70967741935485,Bajo,0.38857142857142857,Normal
2026-08-31 08:00:00,(04108) Polo –  FINCOMERCIO,239.49936,180.07523,309.59326,360.0,0.6652759909629822,8,170.1451612903226,Bajo,0.39952380952380956,Normal
2026-08-31 09:00:00,(04108) Polo –  FINCOMERCIO,234.39342,175.47876,296.09442,360.0,0.6510928273200989,9,181.6290322580645,Bajo,0.444047619047619,Normal
2026-08-31 10:00:00,(04108) Polo –  FINCOMERCIO,239.89417,176.25742,307.50732,360.0,0.6663726568222046,10,200.91935483870967,Bajo,0.5076190476190476,Normal
2026-08-31 11:00:00,(04108) Polo –  FINCOMERCIO,252.82648,184.079,326.77667,360.0,0.7022957801818848,11,225.93548387096774,Bajo,0.5347619047619048,ALTO: considerar refuerzo
2026-08-31 12:00:00,(04108) Polo –  FINCOMERCIO,286.2282,209.27954,376.21893,360.0,0.7950783371925354,12,268.258064516129,Bajo,0.5202380952380953,ALTO: considerar refuerzo
2026-08-31 13:00:00,(04108) Polo –  FINCOMERCIO,313.89255,226.19258,408.7714,360.0,0.8719237446784973,13,279.93548387096774,Bajo,0.5119047619047619,ALTO: considerar refuerzo
2026-08-31 14:00:00,(04108) Polo –  FINCOMERCIO,399.38748,298.38208,523.36084,360.0,1.1094096899032593,14,334.11290322580646,Bajo,0.5164285714285715,CRITICO: refuerzo inmediato
2026-08-31 15:00:00,(04108) Polo –  FINCOMERCIO,580.4897,422.59283,778.7803,360.0,1.612471342086792,15,388.1774193548387,Medio,0.5321904761904762,CRITICO: refuerzo inmediato
2026-08-31 16:00:00,(04108) Polo –  FINCOMERCIO,1226.9894,861.3595,1545.1631,360.0,3.408303737640381,16,740.4677419354839,Medio,0.477452380952381,CRITICO: refuerzo inmediato
2026-08-31 17:00:00,(04108) Polo –  FINCOMERCIO,1871.3385,1275.4731,2315.9468,360.0,5.19816255569458,17,1133.3225806451612,Alto,0.5286666666666667,CRITICO: refuerzo inmediato
2026-08-31 18:00:00,(04108) Polo –  FINCOMERCIO,1138.1926,755.1285,1510.1237,360.0,3.1616461277008057,18,676.7258064516129,Medio,0.4326666666666667,CRITICO: refuerzo inmediato
2026-08-31 19:00:00,(04108) Polo –  FINCOMERCIO,402.08948,228.62556,636.64233,360.0,1.116915225982666,19,301.14516129032256,Bajo,0.4438095238095238,CRITICO: refuerzo inmediato
2026-08-31 20:00:00,(04108) Polo –  FINCOMERCIO,173.4649,82.34851,313.3098,360.0,0.48184695839881897,20,128.79032258064515,Bajo,0.5392857142857143,Normal
2026-08-31 21:00:00,(04108) Polo –  FINCOMERCIO,55.992035,0.0,148.39624,360.0,0.15553343296051025,21,89.96774193548387,Bajo,0.6376190476190475,Normal
2026-08-31 22:00:00,(04108) Polo –  FINCOMERCIO,28.543427,0.0,83.025314,360.0,0.07928729802370071,22,36.714285714285715,Bajo,0.7223684210526315,Normal
2026-08-31 23:00:00,(04108) Polo –  FINCOMERCIO,0.0,0.0,19.59494,360.0,0.0,23,2.5714285714285716,Bajo,1.268,Normal
2026-08-31 00:00:00,(05000) Portal Américas,0.0,0.0,80.42554,342.0,0.0,0,1.4444444444444444,Bajo,,Normal
2026-08-31 01:00:00,(05000) Portal Américas,0.0,0.0,237.38281,342.0,0.0,1,,Bajo,,Normal
2026-08-31 02:00:00,(05000) Portal Américas,0.0,0.0,295.00415,342.0,0.0,2,,Bajo,,Normal
2026-08-31 03:00:00,(05000) Portal Américas,388.0819,0.0,1144.3716,342.0,1.1347423791885376,3,268.5,Bajo,14.952380952380953,CRITICO: refuerzo inmediato
2026-08-31 04:00:00,(05000) Portal Américas,3876.3596,2218.522,5444.3647,342.0,11.33438491821289,4,4532.322580645161,Alto,0.39990476190476193,CRITICO: refuerzo inmediato
2026-08-31 05:00:00,(05000) Portal Américas,7939.212,5137.9316,10294.431,342.0,23.214069366455078,5,8970.612903225807,Alto,0.29559523809523813,CRITICO: refuerzo inmediato
2026-08-31 06:00:00,(05000) Portal Américas,8910.134,5883.073,11395.393,342.0,26.053022384643555,6,10559.483870967742,Alto,0.2473095238095238,CRITICO: refuerzo inmediato
2026-08-31 07:00:00,(05000) Portal Américas,5886.8545,3710.517,7740.9316,342.0,17.213024139404297,7,7153.129032258064,Alto,0.24545238095238098,CRITICO: refuerzo inmediato
2026-08-31 08:00:00,(05000) Portal Américas,4080.3057,2475.7095,5474.2246,342.0,11.930718421936035,8,4735.5161290322585,Alto,0.25659523809523815,CRITICO: refuerzo inmediato
2026-08-31 09:00:00,(05000) Portal Américas,2852.6155,1565.8337,3973.623,342.0,8.340980529785156,9,3443.1451612903224,Alto,0.2965238095238095,CRITICO: refuerzo inmediato
2026-08-31 10:00:00,(05000) Portal Américas,2370.9014,1324.324,3344.4011,342.0,6.932460308074951,10,2871.4193548387098,Alto,0.3017857142857143,CRITICO: refuerzo inmediato
2026-08-31 11:00:00,(05000) Portal Américas,2260.3787,1414.3799,3107.8154,342.0,6.609294414520264,11,2611.435483870968,Alto,0.3051904761904762,CRITICO: refuerzo inmediato
2026-08-31 12:00:00,(05000) Portal Américas,2017.9186,1332.7576,2784.6187,342.0,5.900346755981445,12,2453.032258064516,Alto,0.3017857142857143,CRITICO: refuerzo inmediato
2026-08-31 13:00:00,(05000) Portal Américas,1462.6782,930.95435,2090.8042,342.0,4.27683687210083,13,1909.467741935484,Medio,0.2558809523809524,CRITICO: refuerzo inmediato
2026-08-31 14:00:00,(05000) Portal Américas,1114.6277,682.9658,1660.1261,342.0,3.2591452598571777,14,1445.0483870967741,Medio,0.25352380952380954,CRITICO: refuerzo inmediato
2026-08-31 15:00:00,(05000) Portal Américas,1199.5682,715.97473,1755.1133,342.0,3.507509469985962,15,1414.9516129032259,Medio,0.2540476190476191,CRITICO: refuerzo inmediato
2026-08-31 16:00:00,(05000) Portal Américas,1389.1284,927.84485,2106.5024,342.0,4.061779022216797,16,1518.4516129032259,Medio,0.22811904761904764,CRITICO: refuerzo inmediato
2026-08-31 17:00:00,(05000) Portal Américas,1018.80835,610.4867,1669.3169,342.0,2.9789717197418213,17,1202.774193548387,Medio,0.21004761904761904,CRITICO: refuerzo inmediato
2026-08-31 18:00:00,(05000) Portal Américas,612.8119,323.71252,1263.2542,342.0,1.791847586631775,18,792.9516129032259,Medio,0.20350000000000001,CRITICO: refuerzo inmediato
2026-08-31 19:00:00,(05000) Portal Américas,396.89465,162.83301,884.6327,342.0,1.1605106592178345,19,576.2903225806451,Bajo,0.18880952380952382,CRITICO: refuerzo inmediato
2026-08-31 20:00:00,(05000) Portal Américas,293.5818,55.322266,764.8865,342.0,0.8584262728691101,20,416.56451612903226,Bajo,0.20952380952380953,ALTO: considerar refuerzo
2026-08-31 21:00:00,(05000) Portal Américas,52.426758,0.0,405.0265,342.0,0.1532946079969406,21,181.3548387096774,Bajo,0.26976190476190476,Normal
2026-08-31 22:00:00,(05000) Portal Américas,0.0,0.0,241.16284,342.0,0.0,22,50.016129032258064,Bajo,0.38761904761904764,Normal
2026-08-31 23:00:00,(05000) Portal Américas,0.0,0.0,138.39844,342.0,0.0,23,6.467741935483871,Bajo,0.6664285714285714,Normal
2026-08-31 00:00:00,(05002) Tintal,0.0,0.0,9.699036,304.0,0.0,0,1.0,Bajo,,Normal
2026-08-31 01:00:00,(05002) Tintal,0.0,0.0,48.656006,304.0,0.0,1,,Bajo,,Normal
2026-08-31 02:00:00,(05002) Tintal,0.0,0.0,31.806274,304.0,0.0,2,,Bajo,,Normal
2026-08-31 03:00:00,(05002) Tintal,59.18286,0.0,221.11237,304.0,0.19468046724796295,3,10.11864406779661,Bajo,,Normal
2026-08-31 04:00:00,(05002) Tintal,493.32898,185.8624,889.8587,304.0,1.6227927207946777,4,723.5,Medio,2.5263333333333335,CRITICO: refuerzo inmediato
2026-08-31 05:00:00,(05002) Tintal,1802.1586,1102.1857,2461.5908,304.0,5.928153038024902,5,2272.8870967741937,Alto,1.1687619047619047,CRITICO: refuerzo inmediato
2026-08-31 06:00:00,(05002) Tintal,2622.8823,1647.0352,3409.24,304.0,8.627902030944824,6,3273.048387096774,Alto,0.8474761904761905,CRITICO: refuerzo inmediato
2026-08-31 07:00:00,(05002) Tintal,1746.8652,1044.6824,2274.5044,304.0,5.746267318725586,7,2324.935483870968,Alto,0.8248809523809524,CRITICO: refuerzo inmediato
2026-08-31 08:00:00,(05002) Tintal,1175.6694,632.1362,1558.5789,304.0,3.8673336505889893,8,1504.2459016393443,Medio,0.7702619047619048,CRITICO: refuerzo inmediato
2026-08-31 09:00:00,(05002) Tintal,834.17285,391.6649,1141.3638,304.0,2.7439897060394287,9,1041.0,Medio,0.8590476190476193,CRITICO: refuerzo inmediato
2026-08-31 10:00:00,(05002) Tintal,655.8221,317.62833,928.28784,304.0,2.1573095321655273,10,807.2258064516129,Medio,0.9116904761904764,CRITICO: refuerzo inmediato
2026-08-31 11:00:00,(05002) Tintal,613.3879,367.46902,853.0289,304.0,2.017723321914673,11,731.258064516129,Medio,0.900952380952381,CRITICO: refuerzo inmediato
2026-08-31 12:00:00,(05002) Tintal,538.4698,347.58325,745.2243,304.0,1.7712821960449219,12,658.0322580645161,Medio,0.8875952380952382,CRITICO: refuerzo inmediato
2026-08-31 13:00:00,(05002) Tintal,405.33466,262.7137,579.97144,304.0,1.333337664604187,13,556.2258064516129,Medio,0.8985952380952382,CRITICO: refuerzo inmediato
2026-08-31 14:00:00,(05002) Tintal,298.62677,196.22253,442.30695,304.0,0.9823248982429504,14,416.2096774193548,Bajo,0.8007142857142858,CRITICO: refuerzo inmediato
2026-08-31 15:00:00,(05002) Tintal,255.35895,162.54114,393.845,304.0,0.8399965167045593,15,350.85483870967744,Bajo,0.8138095238095238,ALTO: considerar refuerzo
2026-08-31 16:00:00,(05002) Tintal,280.47864,173.9133,448.95093,304.0,0.9226270914077759,16,350.53225806451616,Bajo,0.7014285714285714,CRITICO: refuerzo inmediato
2026-08-31 17:00:00,(05002) Tintal,226.38309,141.50165,382.64294,304.0,0.744681179523468,17,310.33870967741933,Bajo,0.6369047619047619,ALTO: considerar refuerzo
2026-08-31 18:00:00,(05002) Tintal,142.20892,78.41559,289.87836,304.0,0.4677925109863281,18,207.19354838709677,Bajo,0.585,Normal
2026-08-31 19:00:00,(05002) Tintal,94.086914,47.206726,199.84348,304.0,0.3094964325428009,19,133.6290322580645,Bajo,0.6130952380952381,Normal
2026-08-31 20:00:00,(05002) Tintal,55.388794,9.1657715,155.51129,304.0,0.18219998478889465,20,85.04838709677419,Bajo,0.7207142857142858,Normal
2026-08-31 21:00:00,(05002) Tintal,0.9041748,0.0,79.35901,304.0,0.002974259201437235,21,41.403225806451616,Bajo,1.0197619047619046,Normal
2026-08-31 22:00:00,(05002) Tintal,0.0,0.0,33.677673,304.0,0.0,22,10.048387096774194,Bajo,1.3766666666666667,Normal
2026-08-31 23:00:00,(05002) Tintal,0.0,0.0,32.0318,304.0,0.0,23,2.3333333333333335,Bajo,3.5305882352941174,Normal
2026-08-31 00:00:00,(05005) Transversal 86,0.0,0.0,10.268738,240.0,0.0,0,,Bajo,,Normal
2026-08-31 01:00:00,(05005) Transversal 86,3.2716522,0.0,32.53778,240.0,0.013631884008646011,1,,Bajo,,Normal
2026-08-31 02:00:00,(05005) Transversal 86,6.119049,0.0,35.264496,240.0,0.025496037676930428,2,,Bajo,,Normal
2026-08-31 03:00:00,(05005) Transversal 86,4.6929016,0.0,40.705948,240.0,0.019553756341338158,3,2.142857142857143,Bajo,,Normal
2026-08-31 04:00:00,(05005) Transversal 86,101.18745,9.560028,197.83029,240.0,0.4216143488883972,4,73.09677419354838,Bajo,2.2726190476190475,Normal
2026-08-31 05:00:00,(05005) Transversal 86,733.2225,471.20483,950.9159,240.0,3.05509352684021,5,545.8064516129032,Medio,0.9787380952380953,CRITICO: refuerzo inmediato
2026-08-31 06:00:00,(05005) Transversal 86,1778.7555,1164.5016,2170.2517,240.0,7.4114813804626465,6,1249.6935483870968,Alto,0.8357142857142859,CRITICO: refuerzo inmediato
2026-08-31 07:00:00,(05005) Transversal 86,1376.9264,890.8789,1689.047,240.0,5.7371931076049805,7,991.3709677419355,Alto,0.8527380952380953,CRITICO: refuerzo inmediato
2026-08-31 08:00:00,(05005) Transversal 86,706.21497,411.31958,918.61743,240.0,2.9425623416900635,8,541.9032258064516,Medio,0.8548571428571429,CRITICO: refuerzo inmediato
2026-08-31 09:00:00,(05005) Transversal 86,468.55582,279.6196,595.9359,240.0,1.9523159265518188,9,377.2096774193548,Medio,0.9962857142857143,CRITICO: refuerzo inmediato
2026-08-31 10:00:00,(05005) Transversal 86,314.6921,188.1989,406.27335,240.0,1.3112170696258545,10,298.3709677419355,Medio,1.0161904761904763,CRITICO: refuerzo inmediato
2026-08-31 11:00:00,(05005) Transversal 86,260.56757,172.50064,340.64294,240.0,1.0856982469558716,11,268.241935483871,Bajo,0.9185714285714285,CRITICO: refuerzo inmediato
2026-08-31 12:00:00,(05005) Transversal 86,215.56706,148.03752,280.62772,240.0,0.8981961011886597,12,222.0483870967742,Bajo,0.9242857142857143,ALTO: considerar refuerzo
2026-08-31 13:00:00,(05005) Transversal 86,172.85718,116.701546,239.55818,240.0,0.7202382683753967,13,186.0483870967742,Bajo,0.9152380952380952,ALTO: considerar refuerzo
2026-08-31 14:00:00,(05005) Transversal 86,133.62842,87.25725,193.7454,240.0,0.5567850470542908,14,146.3709677419355,Bajo,0.8933333333333332,Normal
2026-08-31 15:00:00,(05005) Transversal 86,122.21603,70.74603,194.57175,240.0,0.5092334151268005,15,125.61290322580645,Bajo,0.8761904761904761,Normal
2026-08-31 16:00:00,(05005) Transversal 86,137.36072,61.95578,225.87323,240.0,0.5723363161087036,16,127.40322580645162,Bajo,0.7871428571428571,Normal
2026-08-31 17:00:00,(05005) Transversal 86,122.97518,61.754715,216.31075,240.0,0.5123965740203857,17,122.79032258064517,Bajo,0.7430952380952381,Normal
2026-08-31 18:00:00,(05005) Transversal 86,50.760086,8.476669,126.79737,240.0,0.2115003615617752,18,78.38709677419355,Bajo,0.7121428571428572,Normal
2026-08-31 19:00:00,(05005) Transversal 86,34.125168,9.198502,91.54971,240.0,0.1421882063150406,19,39.725806451612904,Bajo,0.724047619047619,Normal
2026-08-31 20:00:00,(05005) Transversal 86,13.24118,0.0,65.91495,240.0,0.05517158657312393,20,24.596774193548388,Bajo,0.829047619047619,Normal
2026-08-31 21:00:00,(05005) Transversal 86,0.0,0.0,45.40451,240.0,0.0,21,11.338709677419354,Bajo,1.139047619047619,Normal
2026-08-31 22:00:00,(05005) Transversal 86,0.0,0.0,26.252548,240.0,0.0,22,3.2962962962962963,Bajo,1.671891891891892,Normal
2026-08-31 23:00:00,(05005) Transversal 86,0.0,0.0,30.94925,240.0,0.0,23,1.2857142857142858,Bajo,3.7700000000000005,Normal
2026-08-31 00:00:00,(05100) Banderas P. Central,0.0,0.0,38.368652,608.0,0.0,0,1.0,Bajo,,Normal
2026-08-31 01:00:00,(05100) Banderas P. Central,0.0,0.0,100.44592,608.0,0.0,1,,Bajo,,Normal
2026-08-31 02:00:00,(05100) Banderas P. Central,0.0,0.0,91.795166,608.0,0.0,2,,Bajo,,Normal
2026-08-31 03:00:00,(05100) Banderas P. Central,111.88452,0.0,269.68262,608.0,0.18402059376239777,3,12.306451612903226,Bajo,60.0,Normal
2026-08-31 04:00:00,(05100) Banderas P. Central,690.08093,299.8833,1085.9314,608.0,1.135001540184021,4,580.0,Bajo,0.4502380952380952,CRITICO: refuerzo inmediato
2026-08-31 05:00:00,(05100) Banderas P. Central,3465.8113,2370.5469,4249.8213,608.0,5.700347423553467,5,2524.3548387096776,Alto,0.3494523809523809,CRITICO: refuerzo inmediato
2026-08-31 06:00:00,(05100) Banderas P. Central,6591.0293,4518.043,7809.907,608.0,10.840508460998535,6,4605.4838709677415,Alto,0.27826190476190477,CRITICO: refuerzo inmediato
2026-08-31 07:00:00,(05100) Banderas P. Central,5617.075,3876.2307,6592.5684,608.0,9.23861026763916,7,3957.016129032258,Alto,0.27671428571428575,CRITICO: refuerzo inmediato
2026-08-31 08:00:00,(05100) Banderas P. Central,3789.828,2559.4854,4527.529,608.0,6.233269691467285,8,2855.0806451612902,Alto,0.3061190476190476,CRITICO: refuerzo inmediato
2026-08-31 09:00:00,(05100) Banderas P. Central,2658.0027,1805.023,3174.5234,608.0,4.371715068817139,9,2040.4032258064517,Medio,0.30040476190476195,CRITICO: refuerzo inmediato
2026-08-31 10:00:00,(05100) Banderas P. Central,1918.831,1343.8722,2321.3428,608.0,3.1559722423553467,10,1635.0645161290322,Medio,0.3213571428571429,CRITICO: refuerzo inmediato
2026-08-31 11:00:00,(05100) Banderas P. Central,1557.9888,1168.6249,1923.4124,608.0,2.562481641769409,11,1427.758064516129,Medio,0.3273809523809524,CRITICO: refuerzo inmediato
2026-08-31 12:00:00,(05100) Banderas P. Central,1424.1716,1128.0049,1749.3301,608.0,2.3423874378204346,12,1361.274193548387,Medio,0.3260714285714286,CRITICO: refuerzo inmediato
2026-08-31 13:00:00,(05100) Banderas P. Central,1265.7822,1037.7147,1557.8752,608.0,2.081878662109375,13,1247.0483870967741,Medio,0.3286904761904762,CRITICO: refuerzo inmediato
2026-08-31 14:00:00,(05100) Banderas P. Central,1019.36414,856.197,1248.1421,608.0,1.6765857934951782,14,1015.9032258064516,Medio,0.3271190476190477,CRITICO: refuerzo inmediato
2026-08-31 15:00:00,(05100) Banderas P. Central,951.0136,768.85565,1203.5856,608.0,1.5641671419143677,15,881.5322580645161,Medio,0.312452380952381,CRITICO: refuerzo inmediato
2026-08-31 16:00:00,(05100) Banderas P. Central,1156.068,850.0148,1479.1516,608.0,1.9014276266098022,16,938.6129032258065,Medio,0.2744761904761905,CRITICO: refuerzo inmediato
2026-08-31 17:00:00,(05100) Banderas P. Central,1174.2554,876.78845,1533.5747,608.0,1.9313410520553589,17,959.2258064516129,Medio,0.2540476190476191,CRITICO: refuerzo inmediato
2026-08-31 18:00:00,(05100) Banderas P. Central,787.0005,540.7041,1124.237,608.0,1.2944086790084839,18,744.6935483870968,Medio,0.2469761904761905,CRITICO: refuerzo inmediato
2026-08-31 19:00:00,(05100) Banderas P. Central,400.44977,270.30188,675.2553,608.0,0.6586344838142395,19,539.3709677419355,Bajo,0.22857142857142856,Normal
2026-08-31 20:00:00,(05100) Banderas P. Central,142.90558,67.252075,367.60754,608.0,0.23504206538200378,20,223.9516129032258,Bajo,0.25976190476190475,Normal
2026-08-31 21:00:00,(05100) Banderas P. Central,54.253418,0.0,234.88934,608.0,0.08923259377479553,21,114.01612903225806,Bajo,0.3271428571428571,Normal
2026-08-31 22:00:00,(05100) Banderas P. Central,4.371582,0.0,161.63715,608.0,0.007190102245658636,22,39.564516129032256,Bajo,0.4297619047619048,Normal
2026-08-31 23:00:00,(05100) Banderas P. Central,0.0,0.0,150.4945,608.0,0.0,23,3.69811320754717,Bajo,0.7727777777777778,Normal
2026-08-31 00:00:00,(05101) Mandalay - Cr.73,0.0,0.0,3.051834,240.0,0.0,0,,Bajo,,Normal
2026-08-31 01:00:00,(05101) Mandalay - Cr.73,0.0,0.0,4.0727234,240.0,0.0,1,,Bajo,,Normal
2026-08-31 02:00:00,(05101) Mandalay - Cr.73,0.15137482,0.0,8.132481,240.0,0.0006307283765636384,2,,Bajo,,Normal
2026-08-31 03:00:00,(05101) Mandalay - Cr.73,0.0,0.0,9.775108,240.0,0.0,3,1.0,Bajo,,Normal
2026-08-31 04:00:00,(05101) Mandalay - Cr.73,12.394192,0.0,29.963879,240.0,0.051642466336488724,4,6.689655172413793,Bajo,3.5964102564102562,Normal
2026-08-31 05:00:00,(05101) Mandalay - Cr.73,119.248344,67.84552,158.93387,240.0,0.4968681037425995,5,80.5,Bajo,1.4119047619047618,Normal
2026-08-31 06:00:00,(05101) Mandalay - Cr.73,355.83133,239.50272,424.02713,240.0,1.4826304912567139,6,253.2258064516129,Medio,1.1382380952380953,CRITICO: refuerzo inmediato
2026-08-31 07:00:00,(05101) Mandalay - Cr.73,369.3145,256.78894,429.7728,240.0,1.5388104915618896,7,256.96774193548384,Medio,1.1010476190476193,CRITICO: refuerzo inmediato
2026-08-31 08:00:00,(05101) Mandalay - Cr.73,230.26701,155.51733,273.37903,240.0,0.9594458937644958,8,169.3709677419355,Bajo,1.0876190476190477,CRITICO: refuerzo inmediato
2026-08-31 09:00:00,(05101) Mandalay - Cr.73,147.46762,96.52034,176.23389,240.0,0.6144484281539917,9,114.87096774193549,Bajo,1.1997619047619048,Normal
2026-08-31 10:00:00,(05101) Mandalay - Cr.73,103.18672,67.98628,125.27167,240.0,0.4299446642398834,10,88.75806451612904,Bajo,1.2771428571428571,Normal
2026-08-31 11:00:00,(05101) Mandalay - Cr.73,79.338615,55.612244,100.29411,240.0,0.330577552318573,11,76.41935483870968,Bajo,1.3242857142857143,Normal
2026-08-31 12:00:00,(05101) Mandalay - Cr.73,70.53945,53.080925,89.840576,240.0,0.2939143776893616,12,67.38709677419355,Bajo,1.31,Normal
2026-08-31 13:00:00,(05101) Mandalay - Cr.73,63.95494,48.4301,83.9711,240.0,0.26647892594337463,13,66.03225806451613,Bajo,1.302142857142857,Normal
2026-08-31 14:00:00,(05101) Mandalay - Cr.73,57.12708,43.12233,76.04046,240.0,0.23802949488162994,14,59.79032258064516,Bajo,1.2773809523809523,Normal
2026-08-31 15:00:00,(05101) Mandalay - Cr.73,66.96415,47.91187,90.31706,240.0,0.27901729941368103,15,56.403225806451616,Bajo,1.2671428571428571,Normal
2026-08-31 16:00:00,(05101) Mandalay - Cr.73,88.85097,59.71072,117.31067,240.0,0.3702123761177063,16,66.56451612903226,Bajo,1.149047619047619,Normal
2026-08-31 17:00:00,(05101) Mandalay - Cr.73,99.44358,67.72101,131.58908,240.0,0.4143482446670532,17,81.16129032258064,Bajo,1.0699999999999998,Normal
2026-08-31 18:00:00,(05101) Mandalay - Cr.73,62.7425,41.11476,89.683464,240.0,0.2614270746707916,18,58.20967741935484,Bajo,1.0547619047619048,Normal
2026-08-31 19:00:00,(05101) Mandalay - Cr.73,26.116352,14.476494,45.551735,240.0,0.10881813615560532,19,29.629032258064516,Bajo,1.092142857142857,Normal
2026-08-31 20:00:00,(05101) Mandalay - Cr.73,10.152733,2.3945236,27.24221,240.0,0.04230305179953575,20,16.951612903225808,Bajo,1.1773809523809524,Normal
2026-08-31 21:00:00,(05101) Mandalay - Cr.73,6.5054398,0.0,22.217537,240.0,0.027105998247861862,21,9.32258064516129,Bajo,1.3952380952380952,Normal
2026-08-31 22:00:00,(05101) Mandalay - Cr.73,1.1139641,0.0,14.0353775,240.0,0.00464151706546545,22,3.5576923076923075,Bajo,1.523030303030303,Normal
2026-08-31 23:00:00,(05101) Mandalay - Cr.73,0.0,0.0,12.03923,240.0,0.0,23,1.5,Bajo,2.5799999999999996,Normal
2026-08-31 00:00:00,(05102) Av. Américas - Av. Boyacá,0.0,0.0,7.0862274,272.0,0.0,0,,Bajo,,Normal
2026-08-31 01:00:00,(05102) Av. Américas - Av. Boyacá,0.0,0.0,6.7247925,272.0,0.0,1,,Bajo,,Normal
2026-08-31 02:00:00,(05102) Av. Américas - Av. Boyacá,0.0,0.0,14.683823,272.0,0.0,2,,Bajo,,Normal
2026-08-31 03:00:00,(05102) Av. Américas - Av. Boyacá,0.0,0.0,22.647995,272.0,0.0,3,1.0,Bajo,,Normal
2026-08-31 04:00:00,(05102) Av. Américas - Av. Boyacá,31.581604,0.0,70.2264,272.0,0.11610883474349976,4,24.79032258064516,Bajo,2.539047619047619,Normal
2026-08-31 05:00:00,(05102) Av. Américas - Av. Boyacá,303.45532,202.71608,379.68713,272.0,1.1156445741653442,5,199.4516129032258,Bajo,0.8033333333333333,CRITICO: refuerzo inmediato
2026-08-31 06:00:00,(05102) Av. Américas - Av. Boyacá,753.7905,542.29395,873.4641,272.0,2.7712886333465576,6,519.2258064516129,Medio,0.6458571428571429,CRITICO: refuerzo inmediato
2026-08-31 07:00:00,(05102) Av. Américas - Av. Boyacá,729.72864,544.82996,826.20654,272.0,2.682825803756714,7,511.64516129032256,Medio,0.6112857142857143,CRITICO: refuerzo inmediato
2026-08-31 08:00:00,(05102) Av. Américas - Av. Boyacá,522.8307,386.1217,599.8399,272.0,1.9221715927124023,8,396.6290322580645,Medio,0.7189285714285715,CRITICO: refuerzo inmediato
2026-08-31 09:00:00,(05102) Av. Américas - Av. Boyacá,381.7284,277.8569,443.53137,272.0,1.40341317653656,9,299.3709677419355,Medio,0.8113809523809524,CRITICO: refuerzo inmediato
2026-08-31 10:00:00,(05102) Av. Américas - Av. Boyacá,303.93228,225.0229,360.89618,272.0,1.1173981428146362,10,260.35483870967744,Bajo,0.7519047619047619,CRITICO: refuerzo inmediato
2026-08-31 11:00:00,(05102) Av. Américas - Av. Boyacá,279.36777,215.49646,339.11984,272.0,1.0270873308181763,11,253.25806451612902,Bajo,0.7552380952380953,CRITICO: refuerzo inmediato
2026-08-31 12:00:00,(05102) Av. Américas - Av. Boyacá,284.2411,226.19621,344.21912,272.0,1.0450040102005005,12,256.8888888888889,Bajo,0.7478571428571429,CRITICO: refuerzo inmediato
2026-08-31 13:00:00,(05102) Av. Américas - Av. Boyacá,275.79272,222.05768,335.88104,272.0,1.0139437913894653,13,252.29032258064515,Bajo,0.7288095238095238,CRITICO: refuerzo inmediato
2026-08-31 14:00:00,(05102) Av. Américas - Av. Boyacá,253.67136,206.91884,306.69427,272.0,0.9326152801513672,14,233.11290322580646,Bajo,0.7452380952380953,CRITICO: refuerzo inmediato
2026-08-31 15:00:00,(05102) Av. Américas - Av. Boyacá,270.63525,215.09961,330.66583,272.0,0.9949825406074524,15,224.16129032258064,Bajo,0.7223809523809523,CRITICO: refuerzo inmediato
2026-08-31 16:00:00,(05102) Av. Américas - Av. Boyacá,343.8916,260.71375,417.5341,272.0,1.2643073797225952,16,263.741935483871,Medio,0.7032142857142858,CRITICO: refuerzo inmediato
2026-08-31 17:00:00,(05102) Av. Américas - Av. Boyacá,397.98914,306.1299,475.62332,272.0,1.4631953239440918,17,320.93548387096774,Medio,0.6573809523809524,CRITICO: refuerzo inmediato
2026-08-31 18:00:00,(05102) Av. Américas - Av. Boyacá,283.2653,219.10098,347.35657,272.0,1.0414165258407593,18,253.32258064516128,Bajo,0.5638095238095238,CRITICO: refuerzo inmediato
2026-08-31 19:00:00,(05102) Av. Américas - Av. Boyacá,171.10597,129.46802,223.09358,272.0,0.6290660500526428,19,181.56451612903226,Bajo,0.61,Normal
2026-08-31 20:00:00,(05102) Av. Américas - Av. Boyacá,82.94527,53.572662,132.36044,272.0,0.30494582653045654,20,108.48387096774194,Bajo,0.7071428571428572,Normal
2026-08-31 21:00:00,(05102) Av. Américas - Av. Boyacá,33.18811,8.962158,72.57858,272.0,0.12201511114835739,21,53.435483870967744,Bajo,0.939047619047619,Normal
2026-08-31 22:00:00,(05102) Av. Américas - Av. Boyacá,7.3729095,0.0,35.89319,272.0,0.027106285095214844,22,13.688524590163935,Bajo,1.1790243902439024,Normal
2026-08-31 23:00:00,(05102) Av. Américas - Av. Boyacá,0.0,0.0,24.867523,272.0,0.0,23,2.1724137931034484,Bajo,2.084736842105263,Normal
2026-08-31 00:00:00,(05103) Marsella,0.0,0.0,1.3904266,320.0,0.0,0,,Bajo,,Normal
2026-08-31 01:00:00,(05103) Marsella,0.0,0.0,0.23738098,320.0,0.0,1,,Bajo,,Normal
2026-08-31 02:00:00,(05103) Marsella,0.0,0.0,10.361221,320.0,0.0,2,,Bajo,,Normal
2026-08-31 03:00:00,(05103) Marsella,0.0,0.0,25.078705,320.0,0.0,3,1.0,Bajo,,Normal
2026-08-31 04:00:00,(05103) Marsella,41.94162,0.0,86.84198,320.0,0.13106755912303925,4,32.274193548387096,Bajo,3.0104761904761905,Normal
2026-08-31 05:00:00,(05103) Marsella,356.2223,239.89423,445.47437,320.0,1.1131947040557861,5,243.8709677419355,Bajo,1.206190476190476,CRITICO: refuerzo inmediato
2026-08-31 06:00:00,(05103) Marsella,868.5785,624.1453,1009.12317,320.0,2.7143077850341797,6,633.3225806451613,Medio,1.0062380952380954,CRITICO: refuerzo inmediato
2026-08-31 07:00:00,(05103) Marsella,814.76514,605.14136,926.49365,320.0,2.5461411476135254,7,595.6612903225806,Medio,0.9491428571428573,CRITICO: refuerzo inmediato
2026-08-31 08:00:00,(05103) Marsella,589.74963,433.8604,679.0795,320.0,1.8429676294326782,8,458.19354838709677,Medio,1.0230000000000001,CRITICO: refuerzo inmediato
2026-08-31 09:00:00,(05103) Marsella,441.30957,322.77872,511.96906,320.0,1.3790924549102783,9,360.1774193548387,Medio,1.1335238095238096,CRITICO: refuerzo inmediato
2026-08-31 10:00:00,(05103) Marsella,339.5511,252.49937,403.74292,320.0,1.0610971450805664,10,301.53225806451616,Bajo,1.0776190476190475,CRITICO: refuerzo inmediato
2026-08-31 11:00:00,(05103) Marsella,287.72992,222.31873,350.8625,320.0,0.8991559743881226,11,281.4032258064516,Bajo,1.1076190476190475,ALTO: considerar refuerzo
2026-08-31 12:00:00,(05103) Marsella,281.88748,225.92001,345.19244,320.0,0.8808983564376831,12,268.14516129032256,Bajo,1.1264285714285716,ALTO: considerar refuerzo
2026-08-31 13:00:00,(05103) Marsella,289.39197,234.76723,358.25916,320.0,0.9043499231338501,13,257.0,Bajo,1.0821428571428573,CRITICO: refuerzo inmediato
2026-08-31 14:00:00,(05103) Marsella,298.20685,242.1831,366.3054,320.0,0.9318963885307312,14,264.5806451612903,Bajo,1.1066666666666667,CRITICO: refuerzo inmediato
2026-08-31 15:00:00,(05103) Marsella,345.12494,270.0004,427.7599,320.0,1.0785154104232788,15,252.5,Bajo,1.0971428571428572,CRITICO: refuerzo inmediato
2026-08-31 16:00:00,(05103) Marsella,465.81564,352.14645,564.7662,320.0,1.4556739330291748,16,304.3709677419355,Medio,1.059404761904762,CRITICO: refuerzo inmediato
2026-08-31 17:00:00,(05103) Marsella,536.51447,412.55844,638.89557,320.0,1.6766077280044556,17,358.85483870967744,Medio,1.0285,CRITICO: refuerzo inmediato
2026-08-31 18:00:00,(05103) Marsella,370.88428,280.48218,458.3449,320.0,1.1590133905410767,18,260.1774193548387,Bajo,0.8633333333333333,CRITICO: refuerzo inmediato
2026-08-31 19:00:00,(05103) Marsella,176.4194,122.57384,244.23576,320.0,0.551310658454895,19,158.08064516129033,Bajo,0.9023809523809524,Normal
2026-08-31 20:00:00,(05103) Marsella,69.23093,33.520004,124.88434,320.0,0.2163466513156891,20,82.0,Bajo,1.0478571428571428,Normal
2026-08-31 21:00:00,(05103) Marsella,16.866608,0.0,57.094284,320.0,0.05270814895629883,21,24.725806451612904,Bajo,1.3976190476190478,Normal
2026-08-31 22:00:00,(05103) Marsella,0.09011841,0.0,28.87532,320.0,0.00028162001399323344,22,10.774193548387096,Bajo,1.7273809523809522,Normal
2026-08-31 23:00:00,(05103) Marsella,0.0,0.0,23.913345,320.0,0.0,23,1.3846153846153846,Bajo,2.51,Normal
2026-08-31 00:00:00,(05105) Pradera – Plaza Central,0.0,0.0,17.727875,200.0,0.0,0,1.0,Bajo,,Normal
2026-08-31 01:00:00,(05105) Pradera – Plaza Central,0.0,0.0,15.247955,200.0,0.0,1,,Bajo,,Normal
2026-08-31 02:00:00,(05105) Pradera – Plaza Central,0.0,0.0,30.554596,200.0,0.0,2,,Bajo,,Normal
2026-08-31 03:00:00,(05105) Pradera – Plaza Central,0.0,0.0,35.752136,200.0,0.0,3,1.6153846153846154,Bajo,,Normal
2026-08-31 04:00:00,(05105) Pradera – Plaza Central,18.868805,0.0,81.44919,200.0,0.09434402734041214,4,21.887096774193548,Bajo,3.5938095238095236,Normal
2026-08-31 05:00:00,(05105) Pradera – Plaza Central,240.17719,151.07834,348.62744,200.0,1.2008858919143677,5,159.51612903225808,Bajo,1.220952380952381,CRITICO: refuerzo inmediato
2026-08-31 06:00:00,(05105) Pradera – Plaza Central,571.63354,441.38507,703.88727,200.0,2.8581676483154297,6,407.51612903225805,Medio,1.0489285714285714,CRITICO: refuerzo inmediato
2026-08-31 07:00:00,(05105) Pradera – Plaza Central,742.4701,597.11255,883.5957,200.0,3.712350368499756,7,539.8870967741935,Medio,0.9564761904761905,CRITICO: refuerzo inmediato
2026-08-31 08:00:00,(05105) Pradera – Plaza Central,799.6594,654.3365,941.4448,200.0,3.9982972145080566,8,643.6290322580645,Medio,0.9968095238095239,CRITICO: refuerzo inmediato
2026-08-31 09:00:00,(05105) Pradera – Plaza Central,812.36755,665.47504,956.35333,200.0,4.061837673187256,9,689.0322580645161,Medio,1.0981666666666667,CRITICO: refuerzo inmediato
2026-08-31 10:00:00,(05105) Pradera – Plaza Central,814.1349,669.8164,962.66797,200.0,4.070674419403076,10,716.016129032258,Medio,1.074857142857143,CRITICO: refuerzo inmediato
2026-08-31 11:00:00,(05105) Pradera – Plaza Central,824.3972,677.913,976.5443,200.0,4.121985912322998,11,754.4193548387096,Medio,1.0811428571428572,CRITICO: refuerzo inmediato
2026-08-31 12:00:00,(05105) Pradera – Plaza Central,830.61914,685.6137,993.45135,200.0,4.153095722198486,12,767.3387096774194,Medio,1.0620238095238095,CRITICO: refuerzo inmediato
2026-08-31 13:00:00,(05105) Pradera – Plaza Central,817.01514,682.8172,967.46075,200.0,4.085075855255127,13,752.3225806451613,Medio,1.0578333333333334,CRITICO: refuerzo inmediato
2026-08-31 14:00:00,(05105) Pradera – Plaza Central,889.2909,751.8711,1046.9331,200.0,4.4464545249938965,14,813.8387096774194,Medio,1.0738095238095238,CRITICO: refuerzo inmediato
2026-08-31 15:00:00,(05105) Pradera – Plaza Central,1085.4528,893.6727,1301.5437,200.0,5.4272637367248535,15,821.983870967742,Alto,1.232214285714286,CRITICO: refuerzo inmediato
2026-08-31 16:00:00,(05105) Pradera – Plaza Central,1719.6108,1347.6298,2013.9045,200.0,8.598053932189941,16,1199.032258064516,Alto,1.1730952380952382,CRITICO: refuerzo inmediato
2026-08-31 17:00:00,(05105) Pradera – Plaza Central,2061.9927,1572.8643,2408.8757,200.0,10.30996322631836,17,1454.4193548387098,Alto,1.0331904761904762,CRITICO: refuerzo inmediato
2026-08-31 18:00:00,(05105) Pradera – Plaza Central,1411.8446,1078.684,1702.0714,200.0,7.059223175048828,18,1078.6612903225807,Alto,1.0235952380952382,CRITICO: refuerzo inmediato
2026-08-31 19:00:00,(05105) Pradera – Plaza Central,729.68164,549.88776,924.29895,200.0,3.6484081745147705,19,718.5645161290323,Medio,0.9714047619047619,CRITICO: refuerzo inmediato
2026-08-31 20:00:00,(05105) Pradera – Plaza Central,369.954,268.0153,491.4737,200.0,1.8497700691223145,20,342.7741935483871,Medio,1.0730238095238096,CRITICO: refuerzo inmediato
2026-08-31 21:00:00,(05105) Pradera – Plaza Central,156.91629,92.33798,231.19067,200.0,0.7845814228057861,21,171.41935483870967,Bajo,1.1416666666666668,ALTO: considerar refuerzo
2026-08-31 22:00:00,(05105) Pradera – Plaza Central,68.332184,23.420319,111.47003,200.0,0.34166091680526733,22,56.83870967741935,Bajo,1.331904761904762,Normal
2026-08-31 23:00:00,(05105) Pradera – Plaza Central,25.571655,0.0,48.813507,200.0,0.12785828113555908,23,3.0,Bajo,3.195,Normal
2026-08-31 00:00:00,(05107) Américas - Cr.53,0.0,0.0,0.0,272.0,0.0,0,,Bajo,,Normal
2026-08-31 01:00:00,(05107) Américas - Cr.53,0.0,0.0,0.0,272.0,0.0,1,,Bajo,,Normal
2026-08-31 02:00:00,(05107) Américas - Cr.53,0.0,0.0,16.749344,272.0,0.0,2,,Bajo,,Normal
2026-08-31 03:00:00,(05107) Américas - Cr.53,0.0,0.0,15.016907,272.0,0.0,3,1.3333333333333333,Bajo,,Normal
2026-08-31 04:00:00,(05107) Américas - Cr.53,4.8476715,0.0,51.62094,272.0,0.017822321504354477,4,17.193548387096776,Bajo,4.618571428571428,Normal
2026-08-31 05:00:00,(05107) Américas - Cr.53,156.34756,84.3801,241.52444,272.0,0.5748072266578674,5,110.03225806451613,Bajo,1.055952380952381,Normal
2026-08-31 06:00:00,(05107) Américas - Cr.53,315.76822,216.42673,426.923,272.0,1.1609125137329102,6,271.06451612903226,Bajo,0.7911904761904761,CRITICO: refuerzo inmediato
2026-08-31 07:00:00,(05107) Américas - Cr.53,329.66437,233.77904,432.97833,272.0,1.2120013236999512,7,231.01612903225808,Medio,0.7823095238095239,CRITICO: refuerzo inmediato
2026-08-31 08:00:00,(05107) Américas - Cr.53,299.32306,220.51869,387.7027,272.0,1.1004524230957031,8,235.09677419354838,Bajo,0.7442857142857143,CRITICO: refuerzo inmediato
2026-08-31 09:00:00,(05107) Américas - Cr.53,295.04153,216.48515,382.1418,272.0,1.0847115516662598,9,253.75806451612902,Bajo,0.795952380952381,CRITICO: refuerzo inmediato
2026-08-31 10:00:00,(05107) Américas - Cr.53,278.25818,201.4288,365.84598,272.0,1.0230079889297485,10,248.24193548387098,Bajo,0.8500000000000001,CRITICO: refuerzo inmediato
2026-08-31 11:00:00,(05107) Américas - Cr.53,249.62505,177.73868,330.3024,272.0,0.9177391529083252,11,251.70967741935485,Bajo,0.8395238095238095,CRITICO: refuerzo inmediato
2026-08-31 12:00:00,(05107) Américas - Cr.53,274.74316,198.63004,366.43506,272.0,1.010085105895996,12,289.93548387096774,Bajo,0.8519047619047619,CRITICO: refuerzo inmediato
2026-08-31 13:00:00,(05107) Américas - Cr.53,323.162,235.86795,414.14523,272.0,1.1880955696105957,13,314.5,Bajo,0.8383333333333334,CRITICO: refuerzo inmediato
2026-08-31 14:00:00,(05107) Américas - Cr.53,415.8874,315.55646,524.5999,272.0,1.528997778892517,14,407.9516129032258,Medio,0.9187619047619048,CRITICO: refuerzo inmediato
2026-08-31 15:00:00,(05107) Américas - Cr.53,581.6104,427.02063,754.9234,272.0,2.1382734775543213,15,435.0806451612903,Medio,0.9025238095238096,CRITICO: refuerzo inmediato
2026-08-31 16:00:00,(05107) Américas - Cr.53,1216.1904,868.6758,1483.2319,272.0,4.471288204193115,16,823.936507936508,Medio,0.8500697674418606,CRITICO: refuerzo inmediato
2026-08-31 17:00:00,(05107) Américas - Cr.53,1620.1414,1140.2529,1959.9402,272.0,5.956401824951172,17,1156.967741935484,Alto,0.9573571428571429,CRITICO: refuerzo inmediato
2026-08-31 18:00:00,(05107) Américas - Cr.53,983.18634,679.2046,1261.7673,272.0,3.6146557331085205,18,697.6935483870968,Medio,0.7867619047619049,CRITICO: refuerzo inmediato
2026-08-31 19:00:00,(05107) Américas - Cr.53,360.56586,220.72453,533.30615,272.0,1.325609803199768,19,328.2903225806452,Medio,0.8501428571428573,CRITICO: refuerzo inmediato
2026-08-31 20:00:00,(05107) Américas - Cr.53,148.19952,71.943634,251.30597,272.0,0.5448511838912964,20,103.87096774193549,Bajo,0.8252380952380953,Normal
2026-08-31 21:00:00,(05107) Américas - Cr.53,47.09114,0.0,113.13025,272.0,0.17312920093536377,21,63.61290322580645,Bajo,0.9447619047619048,Normal
2026-08-31 22:00:00,(05107) Américas - Cr.53,24.292358,0.0,59.41748,272.0,0.08931013941764832,22,32.983870967741936,Bajo,1.2859523809523812,Normal
2026-08-31 23:00:00,(05107) Américas - Cr.53,5.60524,0.0,20.227066,272.0,0.02060749940574169,23,1.7619047619047619,Bajo,2.4577777777777774,Normal
2026-08-31 00:00:00,(06000) Portal El Dorado - C.C. NUESTRO BOGOTA,0.0,0.0,0.0,216.0,0.0,0,1.0,Bajo,,Normal
2026-08-31 01:00:00,(06000) Portal El Dorado - C.C. NUESTRO BOGOTA,0.0,0.0,0.0,216.0,0.0,1,,Bajo,,Normal
2026-08-31 02:00:00,(06000) Portal El Dorado - C.C. NUESTRO BOGOTA,0.0,0.0,33.599,216.0,0.0,2,,Bajo,,Normal
2026-08-31 03:00:00,(06000) Portal El Dorado - C.C. NUESTRO BOGOTA,9.377319,0.0,176.22021,216.0,0.043413516134023666,3,,Bajo,,Normal
2026-08-31 04:00:00,(06000) Portal El Dorado - C.C. NUESTRO BOGOTA,404.62915,114.50403,707.52625,216.0,1.8732831478118896,4,322.03225806451616,Medio,0.5238095238095238,CRITICO: refuerzo inmediato
2026-08-31 05:00:00,(06000) Portal El Dorado - C.C. NUESTRO BOGOTA,2654.4546,1858.5457,3236.1997,216.0,12.289141654968262,5,2027.0,Alto,0.2754761904761905,CRITICO: refuerzo inmediato
2026-08-31 06:00:00,(06000) Portal El Dorado - C.C. NUESTRO BOGOTA,5486.575,4047.8198,6368.387,216.0,25.40081024169922,6,4278.241935483871,Alto,0.2370952380952381,CRITICO: refuerzo inmediato
2026-08-31 07:00:00,(06000) Portal El Dorado - C.C. NUESTRO BOGOTA,5907.77,4430.8774,6715.415,216.0,27.350786209106445,7,4395.629032258064,Alto,0.22038095238095237,CRITICO: refuerzo inmediato
2026-08-31 08:00:00,(06000) Portal El Dorado - C.C. NUESTRO BOGOTA,3552.0432,2620.9448,4175.2227,216.0,16.444644927978516,8,2801.1290322580644,Alto,0.22533333333333336,CRITICO: refuerzo inmediato
2026-08-31 09:00:00,(06000) Portal El Dorado - C.C. NUESTRO BOGOTA,2434.036,1803.68,2852.6997,216.0,11.268684387207031,9,2010.3548387096773,Alto,0.24761904761904763,CRITICO: refuerzo inmediato
2026-08-31 10:00:00,(06000) Portal El Dorado - C.C. NUESTRO BOGOTA,1796.8708,1332.7004,2155.6633,216.0,8.318846702575684,10,1677.758064516129,Alto,0.264952380952381,CRITICO: refuerzo inmediato
2026-08-31 11:00:00,(06000) Portal El Dorado - C.C. NUESTRO BOGOTA,1593.7195,1243.3014,1937.0833,216.0,7.378330707550049,11,1599.1935483870968,Alto,0.28042857142857147,CRITICO: refuerzo inmediato
2026-08-31 12:00:00,(06000) Portal El Dorado - C.C. NUESTRO BOGOTA,1740.113,1414.2657,2120.52,216.0,8.056078910827637,12,1675.9354838709678,Alto,0.2798095238095238,CRITICO: refuerzo inmediato
2026-08-31 13:00:00,(06000) Portal El Dorado - C.C. NUESTRO BOGOTA,1763.3872,1452.5587,2153.7715,216.0,8.163829803466797,13,1747.3225806451612,Alto,0.2791904761904762,CRITICO: refuerzo inmediato
2026-08-31 14:00:00,(06000) Portal El Dorado - C.C. NUESTRO BOGOTA,1842.7905,1515.3414,2234.2803,216.0,8.531437873840332,14,1826.758064516129,Alto,0.28104761904761905,CRITICO: refuerzo inmediato
2026-08-31 15:00:00,(06000) Portal El Dorado - C.C. NUESTRO BOGOTA,2302.494,1836.5751,2844.9102,216.0,10.659693717956543,15,1984.0806451612902,Alto,0.2754761904761905,CRITICO: refuerzo inmediato
2026-08-31 16:00:00,(06000) Portal El Dorado - C.C. NUESTRO BOGOTA,3990.3223,3086.713,4719.2993,216.0,18.47371482849121,16,2931.3064516129034,Alto,0.2550476190476191,CRITICO: refuerzo inmediato
2026-08-31 17:00:00,(06000) Portal El Dorado - C.C. NUESTRO BOGOTA,5060.399,3865.8003,5890.606,216.0,23.427772521972656,17,3748.5806451612902,Alto,0.24204761904761904,CRITICO: refuerzo inmediato
2026-08-31 18:00:00,(06000) Portal El Dorado - C.C. NUESTRO BOGOTA,2806.0088,2143.1626,3459.1099,216.0,12.990781784057617,18,2375.1935483870966,Alto,0.23864285714285716,CRITICO: refuerzo inmediato
2026-08-31 19:00:00,(06000) Portal El Dorado - C.C. NUESTRO BOGOTA,1410.8418,1072.53,1831.0762,216.0,6.531674861907959,19,1388.7903225806451,Alto,0.2485476190476191,CRITICO: refuerzo inmediato
2026-08-31 20:00:00,(06000) Portal El Dorado - C.C. NUESTRO BOGOTA,551.0178,310.20874,893.6828,216.0,2.551008462905884,20,625.0645161290323,Medio,0.24461904761904762,CRITICO: refuerzo inmediato
2026-08-31 21:00:00,(06000) Portal El Dorado - C.C. NUESTRO BOGOTA,204.54846,0.0,499.67834,216.0,0.9469836354255676,21,404.38709677419354,Bajo,0.2642857142857143,CRITICO: refuerzo inmediato
2026-08-31 22:00:00,(06000) Portal El Dorado - C.C. NUESTRO BOGOTA,50.194824,0.0,255.88574,216.0,0.23238344490528107,22,159.1451612903226,Bajo,0.35214285714285715,Normal
2026-08-31 23:00:00,(06000) Portal El Dorado - C.C. NUESTRO BOGOTA,0.0,0.0,94.1543,216.0,0.0,23,3.392156862745098,Bajo,0.5538888888888889,Normal
2026-08-31 00:00:00,(06001) Modelia,0.0,0.0,0.0,260.0,0.0,0,,Bajo,,Normal
2026-08-31 01:00:00,(06001) Modelia,0.0,0.0,0.0,260.0,0.0,1,,Bajo,,Normal
2026-08-31 02:00:00,(06001) Modelia,0.0,0.0,3.9783783,260.0,0.0,2,,Bajo,,Normal
2026-08-31 03:00:00,(06001) Modelia,0.0,0.0,16.679916,260.0,0.0,3,,Bajo,,Normal
2026-08-31 04:00:00,(06001) Modelia,15.434753,0.0,51.07454,260.0,0.0593644380569458,4,4.879310344827586,Bajo,4.63421052631579,Normal
2026-08-31 05:00:00,(06001) Modelia,191.06804,111.319595,265.13947,260.0,0.7348770499229431,5,133.3548387096774,Bajo,0.7488095238095238,ALTO: considerar refuerzo
2026-08-31 06:00:00,(06001) Modelia,600.3282,438.05896,714.30334,260.0,2.3089544773101807,6,431.1290322580645,Medio,0.5693809523809524,CRITICO: refuerzo inmediato
2026-08-31 07:00:00,(06001) Modelia,796.4143,592.39624,918.3451,260.0,3.0631320476531982,7,534.2903225806451,Medio,0.537952380952381,CRITICO: refuerzo inmediato
2026-08-31 08:00:00,(06001) Modelia,509.86682,383.4386,599.8368,260.0,1.9610261917114258,8,367.6774193548387,Medio,0.554452380952381,CRITICO: refuerzo inmediato
2026-08-31 09:00:00,(06001) Modelia,344.14178,253.20334,407.47266,260.0,1.323622226715088,9,264.66129032258067,Medio,0.6767619047619048,CRITICO: refuerzo inmediato
2026-08-31 10:00:00,(06001) Modelia,243.7358,177.87932,299.90796,260.0,0.937445342540741,10,213.11290322580646,Bajo,0.65,CRITICO: refuerzo inmediato
2026-08-31 11:00:00,(06001) Modelia,217.4768,166.71509,272.98553,260.0,0.8364492654800415,11,204.53225806451613,Bajo,0.6626190476190476,ALTO: considerar refuerzo
2026-08-31 12:00:00,(06001) Modelia,249.62064,198.56372,317.41138,260.0,0.9600793719291687,12,224.20967741935485,Bajo,0.6466666666666667,CRITICO: refuerzo inmediato
2026-08-31 13:00:00,(06001) Modelia,242.8286,192.1715,306.95752,260.0,0.9339561462402344,13,233.53225806451613,Bajo,0.634047619047619,CRITICO: refuerzo inmediato
2026-08-31 14:00:00,(06001) Modelia,264.17987,210.31369,331.14584,260.0,1.0160764455795288,14,232.56451612903226,Bajo,0.6445238095238095,CRITICO: refuerzo inmediato
2026-08-31 15:00:00,(06001) Modelia,381.46,291.8968,488.2649,260.0,1.467153787612915,15,285.51612903225805,Medio,0.7058333333333333,CRITICO: refuerzo inmediato
2026-08-31 16:00:00,(06001) Modelia,778.37695,578.8228,925.6421,260.0,2.993757486343384,16,500.7096774193548,Medio,0.6539761904761905,CRITICO: refuerzo inmediato
2026-08-31 17:00:00,(06001) Modelia,912.8273,669.9119,1071.8867,260.0,3.510874032974243,17,637.258064516129,Medio,0.6162619047619049,CRITICO: refuerzo inmediato
2026-08-31 18:00:00,(06001) Modelia,448.8573,333.69205,563.289,260.0,1.7263742685317993,18,365.5,Medio,0.6068333333333334,CRITICO: refuerzo inmediato
2026-08-31 19:00:00,(06001) Modelia,217.22583,161.19202,280.12494,260.0,0.835483968257904,19,186.98387096774192,Bajo,0.5976190476190476,ALTO: considerar refuerzo
2026-08-31 20:00:00,(06001) Modelia,101.13186,56.519196,156.53102,260.0,0.38896867632865906,20,96.75806451612904,Bajo,0.699047619047619,Normal
2026-08-31 21:00:00,(06001) Modelia,44.60962,2.320572,93.56581,260.0,0.17157545685768127,21,58.70967741935484,Bajo,0.7778571428571429,Normal
2026-08-31 22:00:00,(06001) Modelia,13.952835,0.0,48.604385,260.0,0.05366475135087967,22,24.90566037735849,Bajo,0.9085714285714286,Normal
2026-08-31 23:00:00,(06001) Modelia,0.0,0.0,18.643692,260.0,0.0,23,1.0,Bajo,2.3316666666666666,Normal
2026-08-31 00:00:00,(06002) Normandía,0.0,0.0,0.0,260.0,0.0,0,,Bajo,,Normal
2026-08-31 01:00:00,(06002) Normandía,0.0,0.0,0.0,260.0,0.0,1,,Bajo,,Normal
2026-08-31 02:00:00,(06002) Normandía,0.0,0.0,4.213089,260.0,0.0,2,,Bajo,,Normal
2026-08-31 03:00:00,(06002) Normandía,0.0,0.0,17.04065,260.0,0.0,3,,Bajo,,Normal
2026-08-31 04:00:00,(06002) Normandía,15.771957,0.0,52.41127,260.0,0.060661375522613525,4,10.225806451612904,Bajo,4.234285714285714,Normal
2026-08-31 05:00:00,(06002) Normandía,173.48401,96.66855,246.14215,260.0,0.6672461628913879,5,127.64516129032258,Bajo,0.9454761904761905,Normal
2026-08-31 06:00:00,(06002) Normandía,604.0709,450.1022,710.28564,260.0,2.323349714279175,6,448.7258064516129,Medio,0.8684761904761906,CRITICO: refuerzo inmediato
2026-08-31 07:00:00,(06002) Normandía,932.27246,698.6417,1060.2947,260.0,3.585663318634033,7,645.7741935483871,Medio,0.7872857142857143,CRITICO: refuerzo inmediato
2026-08-31 08:00:00,(06002) Normandía,620.60815,475.06775,713.1613,260.0,2.3869545459747314,8,461.9516129032258,Medio,0.8451666666666668,CRITICO: refuerzo inmediato
2026-08-31 09:00:00,(06002) Normandía,420.5137,312.41348,487.09003,260.0,1.6173603534698486,9,333.4516129032258,Medio,1.024047619047619,CRITICO: refuerzo inmediato
2026-08-31 10:00:00,(06002) Normandía,317.2089,237.25655,378.28937,260.0,1.2200342416763306,10,287.3225806451613,Medio,1.0557380952380955,CRITICO: refuerzo inmediato
2026-08-31 11:00:00,(06002) Normandía,277.94525,219.96205,339.0186,260.0,1.06902015209198,11,264.80645161290323,Bajo,0.9676190476190476,CRITICO: refuerzo inmediato
2026-08-31 12:00:00,(06002) Normandía,297.18326,244.00902,370.32294,260.0,1.143012523651123,12,288.93548387096774,Bajo,0.9535714285714286,CRITICO: refuerzo inmediato
2026-08-31 13:00:00,(06002) Normandía,276.2104,225.89674,341.38684,260.0,1.062347650527954,13,286.758064516129,Bajo,0.9383333333333332,CRITICO: refuerzo inmediato
2026-08-31 14:00:00,(06002) Normandía,302.0784,247.6722,371.21524,260.0,1.1618399620056152,14,299.0483870967742,Bajo,0.9345238095238095,CRITICO: refuerzo inmediato
2026-08-31 15:00:00,(06002) Normandía,421.63715,334.8714,525.20056,260.0,1.6216813325881958,15,338.80645161290323,Medio,1.0198571428571428,CRITICO: refuerzo inmediato
2026-08-31 16:00:00,(06002) Normandía,805.0748,619.60706,944.506,260.0,3.0964417457580566,16,561.0967741935484,Medio,0.9588333333333334,CRITICO: refuerzo inmediato
2026-08-31 17:00:00,(06002) Normandía,918.95874,690.8238,1068.8505,260.0,3.534456729888916,17,685.8870967741935,Medio,0.9208571428571429,CRITICO: refuerzo inmediato
2026-08-31 18:00:00,(06002) Normandía,479.8738,369.4626,590.2588,260.0,1.8456685543060303,18,422.1290322580645,Medio,0.893357142857143,CRITICO: refuerzo inmediato
2026-08-31 19:00:00,(06002) Normandía,263.69376,206.00165,326.09283,260.0,1.0142067670822144,19,238.1290322580645,Bajo,0.8821428571428571,CRITICO: refuerzo inmediato
2026-08-31 20:00:00,(06002) Normandía,131.66644,87.15114,188.74991,260.0,0.5064094066619873,20,133.1451612903226,Bajo,1.0404761904761906,Normal
2026-08-31 21:00:00,(06002) Normandía,58.308502,15.937881,107.84125,260.0,0.22426347434520721,21,69.12903225806451,Bajo,1.1473809523809524,Normal
2026-08-31 22:00:00,(06002) Normandía,19.356033,0.0,54.309265,260.0,0.07444628328084946,22,31.580645161290324,Bajo,1.7166666666666666,Normal
2026-08-31 23:00:00,(06002) Normandía,0.0,0.0,19.141724,260.0,0.0,23,1.5,Bajo,3.6904545454545454,Normal
2026-08-31 00:00:00,(06100) Av. Rojas – UNISALESIANA,0.0,0.0,0.0,320.0,0.0,0,,Bajo,,Normal
2026-08-31 01:00:00,(06100) Av. Rojas – UNISALESIANA,0.0,0.0,0.0,320.0,0.0,1,,Bajo,,Normal
2026-08-31 02:00:00,(06100) Av. Rojas – UNISALESIANA,0.0,0.0,3.6913605,320.0,0.0,2,,Bajo,,Normal
2026-08-31 03:00:00,(06100) Av. Rojas – UNISALESIANA,0.0,0.0,14.475525,320.0,0.0,3,,Bajo,,Normal
2026-08-31 04:00:00,(06100) Av. Rojas – UNISALESIANA,0.0,0.0,33.970154,320.0,0.0,4,8.887096774193548,Bajo,4.3742857142857146,Normal
2026-08-31 05:00:00,(06100) Av. Rojas – UNISALESIANA,174.23807,96.531525,257.24393,320.0,0.5444939732551575,5,126.88709677419355,Bajo,0.9738095238095238,Normal
2026-08-31 06:00:00,(06100) Av. Rojas – UNISALESIANA,578.20496,427.3332,706.8871,320.0,1.8068904876708984,6,421.83870967741933,Medio,0.651357142857143,CRITICO: refuerzo inmediato
2026-08-31 07:00:00,(06100) Av. Rojas – UNISALESIANA,692.4768,528.8195,823.28827,320.0,2.163990020751953,7,482.2096774193548,Medio,0.5971428571428573,CRITICO: refuerzo inmediato
2026-08-31 08:00:00,(06100) Av. Rojas – UNISALESIANA,517.26074,402.43237,624.4808,320.0,1.6164398193359375,8,368.01612903225805,Medio,0.5966190476190477,CRITICO: refuerzo inmediato
2026-08-31 09:00:00,(06100) Av. Rojas – UNISALESIANA,391.57562,304.88303,475.0241,320.0,1.2236738204956055,9,297.38709677419354,Medio,0.6484761904761905,CRITICO: refuerzo inmediato
2026-08-31 10:00:00,(06100) Av. Rojas – UNISALESIANA,299.2883,231.46669,375.75012,320.0,0.9352759122848511,10,259.0,Bajo,0.641904761904762,CRITICO: refuerzo inmediato
2026-08-31 11:00:00,(06100) Av. Rojas – UNISALESIANA,293.55252,227.8988,367.4746,320.0,0.9173516035079956,11,262.98387096774195,Bajo,0.6652380952380953,CRITICO: refuerzo inmediato
2026-08-31 12:00:00,(06100) Av. Rojas – UNISALESIANA,345.1493,272.7461,432.36002,320.0,1.0785915851593018,12,298.06451612903226,Bajo,0.670952380952381,CRITICO: refuerzo inmediato
2026-08-31 13:00:00,(06100) Av. Rojas – UNISALESIANA,351.26138,278.6728,433.00992,320.0,1.0976917743682861,13,333.96774193548384,Bajo,0.6557142857142857,CRITICO: refuerzo inmediato
2026-08-31 14:00:00,(06100) Av. Rojas – UNISALESIANA,379.22318,305.62366,459.39856,320.0,1.185072422027588,14,319.2741935483871,Bajo,0.6504761904761904,CRITICO: refuerzo inmediato
2026-08-31 15:00:00,(06100) Av. Rojas – UNISALESIANA,529.22845,413.07196,657.5836,320.0,1.653838872909546,15,400.7741935483871,Medio,0.7136904761904763,CRITICO: refuerzo inmediato
2026-08-31 16:00:00,(06100) Av. Rojas – UNISALESIANA,1044.8723,788.82886,1226.556,320.0,3.265225887298584,16,710.0967741935484,Medio,0.6660238095238096,CRITICO: refuerzo inmediato
2026-08-31 17:00:00,(06100) Av. Rojas – UNISALESIANA,1305.3289,967.32886,1513.6711,320.0,4.079152584075928,17,939.4516129032259,Medio,0.6264761904761905,CRITICO: refuerzo inmediato
2026-08-31 18:00:00,(06100) Av. Rojas – UNISALESIANA,649.184,492.68848,792.15405,320.0,2.028700113296509,18,494.69354838709677,Medio,0.6112857142857143,CRITICO: refuerzo inmediato
2026-08-31 19:00:00,(06100) Av. Rojas – UNISALESIANA,291.26315,216.53197,366.0244,320.0,0.910197377204895,19,232.67741935483872,Bajo,0.5978571428571429,CRITICO: refuerzo inmediato
2026-08-31 20:00:00,(06100) Av. Rojas – UNISALESIANA,162.7989,96.35367,229.37178,320.0,0.5087465643882751,20,135.7741935483871,Bajo,0.7021428571428572,Normal
2026-08-31 21:00:00,(06100) Av. Rojas – UNISALESIANA,83.75659,22.595352,140.85278,320.0,0.2617393434047699,21,77.83870967741936,Bajo,0.805952380952381,Normal
2026-08-31 22:00:00,(06100) Av. Rojas – UNISALESIANA,30.897614,0.0,68.98833,320.0,0.09655503928661346,22,30.10169491525424,Bajo,1.2533333333333334,Normal
2026-08-31 23:00:00,(06100) Av. Rojas – UNISALESIANA,0.0,0.0,22.70372,320.0,0.0,23,1.4666666666666666,Bajo,3.5536363636363633,Normal
2026-08-31 00:00:00,(06101) El Tiempo - Camara de Comercio de Bogota,0.0,0.0,0.6091919,240.0,0.0,0,,Bajo,,Normal
2026-08-31 01:00:00,(06101) El Tiempo - Camara de Comercio de Bogota,0.0,0.0,0.0,240.0,0.0,1,,Bajo,,Normal
2026-08-31 02:00:00,(06101) El Tiempo - Camara de Comercio de Bogota,0.0,0.0,7.7731934,240.0,0.0,2,,Bajo,,Normal
2026-08-31 03:00:00,(06101) El Tiempo - Camara de Comercio de Bogota,0.0,0.0,11.644379,240.0,0.0,3,,Bajo,,Normal
2026-08-31 04:00:00,(06101) El Tiempo - Camara de Comercio de Bogota,0.0,0.0,26.073303,240.0,0.0,4,12.161290322580646,Bajo,3.5566666666666666,Normal
2026-08-31 05:00:00,(06101) El Tiempo - Camara de Comercio de Bogota,109.30423,61.68622,176.96637,240.0,0.45543429255485535,5,88.41935483870968,Bajo,0.6997619047619048,Normal
2026-08-31 06:00:00,(06101) El Tiempo - Camara de Comercio de Bogota,335.50583,242.84848,443.1334,240.0,1.397940993309021,6,258.9032258064516,Medio,0.49185714285714294,CRITICO: refuerzo inmediato
2026-08-31 07:00:00,(06101) El Tiempo - Camara de Comercio de Bogota,450.5767,339.3175,571.0932,240.0,1.877402901649475,7,318.01612903225805,Medio,0.455452380952381,CRITICO: refuerzo inmediato
2026-08-31 08:00:00,(06101) El Tiempo - Camara de Comercio de Bogota,459.85452,357.93283,566.8014,240.0,1.9160605669021606,8,342.758064516129,Medio,0.4570238095238095,CRITICO: refuerzo inmediato
2026-08-31 09:00:00,(06101) El Tiempo - Camara de Comercio de Bogota,449.18283,346.70837,548.31195,240.0,1.8715951442718506,9,364.61290322580646,Medio,0.5206666666666667,CRITICO: refuerzo inmediato
2026-08-31 10:00:00,(06101) El Tiempo - Camara de Comercio de Bogota,468.49167,358.09396,578.8281,240.0,1.952048659324646,10,405.51612903225805,Medio,0.561,CRITICO: refuerzo inmediato
2026-08-31 11:00:00,(06101) El Tiempo - Camara de Comercio de Bogota,514.5535,396.5731,630.9216,240.0,2.1439731121063232,11,474.3709677419355,Medio,0.5830000000000001,CRITICO: refuerzo inmediato
2026-08-31 12:00:00,(06101) El Tiempo - Camara de Comercio de Bogota,556.70905,432.06396,690.64374,240.0,2.3196210861206055,12,518.8225806451613,Medio,0.5840476190476191,CRITICO: refuerzo inmediato
2026-08-31 13:00:00,(06101) El Tiempo - Camara de Comercio de Bogota,536.2056,419.12555,660.16907,240.0,2.2341902256011963,13,550.0967741935484,Medio,0.5691190476190476,CRITICO: refuerzo inmediato
2026-08-31 14:00:00,(06101) El Tiempo - Camara de Comercio de Bogota,583.6093,464.08905,718.1255,240.0,2.4317054748535156,14,538.8548387096774,Medio,0.5612619047619049,CRITICO: refuerzo inmediato
2026-08-31 15:00:00,(06101) El Tiempo - Camara de Comercio de Bogota,851.5299,655.4678,1072.6151,240.0,3.548041343688965,15,665.9193548387096,Medio,0.5589047619047619,CRITICO: refuerzo inmediato
2026-08-31 16:00:00,(06101) El Tiempo - Camara de Comercio de Bogota,1717.2992,1267.507,2055.7583,240.0,7.1554131507873535,16,1237.741935483871,Alto,0.602952380952381,CRITICO: refuerzo inmediato
2026-08-31 17:00:00,(06101) El Tiempo - Camara de Comercio de Bogota,2245.1538,1617.9346,2667.604,240.0,9.35480785369873,17,1618.6451612903227,Alto,0.5475476190476191,CRITICO: refuerzo inmediato
2026-08-31 18:00:00,(06101) El Tiempo - Camara de Comercio de Bogota,1321.8414,948.4596,1657.4912,240.0,5.5076727867126465,18,1048.0967741935483,Alto,0.5580714285714287,CRITICO: refuerzo inmediato
2026-08-31 19:00:00,(06101) El Tiempo - Camara de Comercio de Bogota,639.2733,455.64633,845.78015,240.0,2.6636388301849365,19,561.258064516129,Medio,0.5185714285714286,CRITICO: refuerzo inmediato
2026-08-31 20:00:00,(06101) El Tiempo - Camara de Comercio de Bogota,376.6064,253.76218,516.41504,240.0,1.5691933631896973,20,366.8225806451613,Medio,0.6131190476190477,CRITICO: refuerzo inmediato
2026-08-31 21:00:00,(06101) El Tiempo - Camara de Comercio de Bogota,140.77051,67.24982,231.73271,240.0,0.5865437984466553,21,151.33870967741936,Bajo,0.6604761904761905,Normal
2026-08-31 22:00:00,(06101) El Tiempo - Camara de Comercio de Bogota,48.531128,2.2971191,93.0853,240.0,0.20221303403377533,22,45.22950819672131,Bajo,1.0138095238095237,Normal
2026-08-31 23:00:00,(06101) El Tiempo - Camara de Comercio de Bogota,5.4558105,0.0,22.195312,240.0,0.02273254469037056,23,2.625,Bajo,2.5755,Normal
2026-08-31 00:00:00,(06102) Salitre El Greco - Vive Claro,0.0,0.0,4.1329956,260.0,0.0,0,,Bajo,,Normal
2026-08-31 01:00:00,(06102) Salitre El Greco - Vive Claro,0.0,0.0,6.6626587,260.0,0.0,1,,Bajo,,Normal
2026-08-31 02:00:00,(06102) Salitre El Greco - Vive Claro,0.0,0.0,5.3916626,260.0,0.0,2,,Bajo,,Normal
2026-08-31 03:00:00,(06102) Salitre El Greco - Vive Claro,0.0,0.0,9.365662,260.0,0.0,3,,Bajo,,Normal
2026-08-31 04:00:00,(06102) Salitre El Greco - Vive Claro,4.720154,0.0,31.146515,260.0,0.018154438585042953,4,9.288135593220339,Bajo,3.6743589743589746,Normal
2026-08-31 05:00:00,(06102) Salitre El Greco - Vive Claro,64.61656,33.05423,109.49611,260.0,0.2485252320766449,5,58.29032258064516,Bajo,0.6357142857142857,Normal
2026-08-31 06:00:00,(06102) Salitre El Greco - Vive Claro,212.43036,159.12805,271.12878,260.0,0.8170398473739624,6,151.43548387096774,Bajo,0.43690476190476196,ALTO: considerar refuerzo
2026-08-31 07:00:00,(06102) Salitre El Greco - Vive Claro,305.21957,241.21083,368.73248,260.0,1.1739214658737183,7,211.5,Bajo,0.40976190476190477,CRITICO: refuerzo inmediato
2026-08-31 08:00:00,(06102) Salitre El Greco - Vive Claro,330.70648,267.8367,393.4929,260.0,1.271947979927063,8,257.53225806451616,Medio,0.4724761904761905,CRITICO: refuerzo inmediato
2026-08-31 09:00:00,(06102) Salitre El Greco - Vive Claro,344.00958,277.3002,405.98694,260.0,1.3231137990951538,9,281.35483870967744,Medio,0.5484285714285715,CRITICO: refuerzo inmediato
2026-08-31 10:00:00,(06102) Salitre El Greco - Vive Claro,362.7367,295.13266,432.7004,260.0,1.3951411247253418,10,321.46774193548384,Medio,0.5657142857142858,CRITICO: refuerzo inmediato
2026-08-31 11:00:00,(06102) Salitre El Greco - Vive Claro,394.2634,324.74017,466.15656,260.0,1.5163977146148682,11,356.5806451612903,Medio,0.5840476190476191,CRITICO: refuerzo inmediato
2026-08-31 12:00:00,(06102) Salitre El Greco - Vive Claro,431.56482,356.61893,513.48376,260.0,1.6598646640777588,12,395.46774193548384,Medio,0.5670238095238095,CRITICO: refuerzo inmediato
2026-08-31 13:00:00,(06102) Salitre El Greco - Vive Claro,449.51886,374.86426,528.1819,260.0,1.7289186716079712,13,438.1290322580645,Medio,0.5659761904761905,CRITICO: refuerzo inmediato
2026-08-31 14:00:00,(06102) Salitre El Greco - Vive Claro,489.21533,408.06357,571.2899,260.0,1.8815973997116089,14,451.85483870967744,Medio,0.5594285714285715,CRITICO: refuerzo inmediato
2026-08-31 15:00:00,(06102) Salitre El Greco - Vive Claro,607.77466,493.60748,721.2301,260.0,2.337594747543335,15,497.741935483871,Medio,0.565452380952381,CRITICO: refuerzo inmediato
2026-08-31 16:00:00,(06102) Salitre El Greco - Vive Claro,974.3107,763.48486,1118.5364,260.0,3.7473490238189697,16,747.2741935483871,Medio,0.5175238095238095,CRITICO: refuerzo inmediato
2026-08-31 17:00:00,(06102) Salitre El Greco - Vive Claro,1032.6904,807.88684,1177.5352,260.0,3.971886157989502,17,798.1612903225806,Medio,0.4714285714285714,CRITICO: refuerzo inmediato
2026-08-31 18:00:00,(06102) Salitre El Greco - Vive Claro,704.605,560.65027,821.085,260.0,2.710019111633301,18,650.3870967741935,Medio,0.47561904761904766,CRITICO: refuerzo inmediato
2026-08-31 19:00:00,(06102) Salitre El Greco - Vive Claro,463.548,378.5307,545.80896,260.0,1.782876968383789,19,465.7258064516129,Medio,0.5217142857142858,CRITICO: refuerzo inmediato
2026-08-31 20:00:00,(06102) Salitre El Greco - Vive Claro,331.14438,258.70166,399.3204,260.0,1.2736321687698364,20,348.98387096774195,Medio,0.6128571428571429,CRITICO: refuerzo inmediato
2026-08-31 21:00:00,(06102) Salitre El Greco - Vive Claro,134.30211,92.510635,186.13177,260.0,0.5165465474128723,21,191.91935483870967,Bajo,0.6595238095238095,Normal
2026-08-31 22:00:00,(06102) Salitre El Greco - Vive Claro,39.35652,17.998535,67.481766,260.0,0.15137124061584473,22,92.35483870967742,Bajo,1.0931707317073172,Normal
2026-08-31 23:00:00,(06102) Salitre El Greco - Vive Claro,2.0879822,0.0,15.310913,260.0,0.008030700497329235,23,8.54054054054054,Bajo,2.4125,Normal
2026-08-31 00:00:00,(06103) CAN - British Council,0.0,0.0,0.0,260.0,0.0,0,,Bajo,,Normal
2026-08-31 01:00:00,(06103) CAN - British Council,0.0,0.0,0.0,260.0,0.0,1,,Bajo,,Normal
2026-08-31 02:00:00,(06103) CAN - British Council,0.0,0.0,0.0,260.0,0.0,2,,Bajo,,Normal
2026-08-31 03:00:00,(06103) CAN - British Council,0.0,0.0,0.18029785,260.0,0.0,3,,Bajo,,Normal
2026-08-31 04:00:00,(06103) CAN - British Council,0.0,0.0,2.153656,260.0,0.0,4,3.7586206896551726,Bajo,3.59225,Normal
2026-08-31 05:00:00,(06103) CAN - British Council,62.067474,33.22043,105.64964,260.0,0.2387210577726364,5,45.58064516129032,Bajo,0.7238095238095238,Normal
2026-08-31 06:00:00,(06103) CAN - British Council,204.77112,145.07077,277.818,260.0,0.787581205368042,6,157.20967741935485,Bajo,0.4795238095238095,ALTO: considerar refuerzo
2026-08-31 07:00:00,(06103) CAN - British Council,293.32083,215.29407,382.80646,260.0,1.1281570196151733,7,210.48387096774192,Bajo,0.4357142857142857,CRITICO: refuerzo inmediato
2026-08-31 08:00:00,(06103) CAN - British Council,280.57666,209.46132,357.2311,260.0,1.0791410207748413,8,201.2741935483871,Bajo,0.44190476190476186,CRITICO: refuerzo inmediato
2026-08-31 09:00:00,(06103) CAN - British Council,259.62888,191.91519,332.83597,260.0,0.998572587966919,9,206.61290322580646,Bajo,0.4838095238095238,CRITICO: refuerzo inmediato
2026-08-31 10:00:00,(06103) CAN - British Council,266.32916,196.49248,344.329,260.0,1.0243428945541382,10,230.1290322580645,Bajo,0.5204761904761904,CRITICO: refuerzo inmediato
2026-08-31 11:00:00,(06103) CAN - British Council,320.11026,237.195,401.286,260.0,1.2311933040618896,11,261.2258064516129,Medio,0.5903333333333334,CRITICO: refuerzo inmediato
2026-08-31 12:00:00,(06103) CAN - British Council,407.53943,295.05426,513.8373,260.0,1.5674593448638916,12,341.4032258064516,Medio,0.5908571428571429,CRITICO: refuerzo inmediato
2026-08-31 13:00:00,(06103) CAN - British Council,441.65906,316.5071,547.9849,260.0,1.6986886262893677,13,392.01612903225805,Medio,0.5811666666666667,CRITICO: refuerzo inmediato
2026-08-31 14:00:00,(06103) CAN - British Council,476.59906,344.38016,588.13885,260.0,1.8330732583999634,14,398.96774193548384,Medio,0.5696428571428572,CRITICO: refuerzo inmediato
2026-08-31 15:00:00,(06103) CAN - British Council,680.5509,478.5783,869.2315,260.0,2.6175034046173096,15,482.7741935483871,Medio,0.5806428571428572,CRITICO: refuerzo inmediato
2026-08-31 16:00:00,(06103) CAN - British Council,1393.1577,966.566,1680.719,260.0,5.3582987785339355,16,969.2258064516129,Alto,0.6233809523809524,CRITICO: refuerzo inmediato
2026-08-31 17:00:00,(06103) CAN - British Council,1601.3923,1115.6068,1924.5635,260.0,6.159201145172119,17,1135.4032258064517,Alto,0.5840714285714286,CRITICO: refuerzo inmediato
2026-08-31 18:00:00,(06103) CAN - British Council,919.42523,621.52014,1184.69,260.0,3.5362508296966553,18,690.3709677419355,Medio,0.48138095238095235,CRITICO: refuerzo inmediato
2026-08-31 19:00:00,(06103) CAN - British Council,455.74258,300.34204,627.2275,260.0,1.7528561353683472,19,424.88709677419354,Medio,0.528,CRITICO: refuerzo inmediato
2026-08-31 20:00:00,(06103) CAN - British Council,200.78973,114.28636,309.49002,260.0,0.7722682356834412,20,165.03225806451613,Bajo,0.5545238095238095,ALTO: considerar refuerzo
2026-08-31 21:00:00,(06103) CAN - British Council,69.37642,14.528305,138.65712,260.0,0.2668323814868927,21,87.87096774193549,Bajo,0.6799999999999999,Normal
2026-08-31 22:00:00,(06103) CAN - British Council,29.366547,0.0,69.15947,260.0,0.11294825375080109,22,50.04838709677419,Bajo,1.2160975609756097,Normal
2026-08-31 23:00:00,(06103) CAN - British Council,2.4631348,0.0,18.786545,260.0,0.009473594836890697,23,8.0,Bajo,2.6561538461538463,Normal
2026-08-31 00:00:00,(06104) Gobernación,0.0,0.0,0.0,260.0,0.0,0,,Bajo,,Normal
2026-08-31 01:00:00,(06104) Gobernación,0.0,0.0,0.0,260.0,0.0,1,,Bajo,,Normal
2026-08-31 02:00:00,(06104) Gobernación,0.0,0.0,0.0,260.0,0.0,2,,Bajo,,Normal
2026-08-31 03:00:00,(06104) Gobernación,0.0,0.0,0.46350098,260.0,0.0,3,,Bajo,,Normal
2026-08-31 04:00:00,(06104) Gobernación,0.0,0.0,2.363449,260.0,0.0,4,2.0,Bajo,3.0024242424242424,Normal
2026-08-31 05:00:00,(06104) Gobernación,30.072891,9.867081,66.29965,260.0,0.11566496640443802,5,20.322580645161292,Bajo,0.7492857142857143,Normal
2026-08-31 06:00:00,(06104) Gobernación,99.31149,60.95452,150.44339,260.0,0.3819672763347626,6,76.75806451612904,Bajo,0.5466666666666666,Normal
2026-08-31 07:00:00,(06104) Gobernación,137.54622,91.72255,199.28767,260.0,0.5290239453315735,7,83.01612903225806,Bajo,0.5007142857142858,Normal
2026-08-31 08:00:00,(06104) Gobernación,129.45679,88.610695,181.7688,260.0,0.4979107081890106,8,81.93548387096774,Bajo,0.5073809523809524,Normal
2026-08-31 09:00:00,(06104) Gobernación,124.57378,84.03854,172.82022,260.0,0.4791299104690552,9,93.74193548387096,Bajo,0.5614285714285714,Normal
2026-08-31 10:00:00,(06104) Gobernación,145.2369,99.28141,199.03983,260.0,0.5586034059524536,10,118.91935483870968,Bajo,0.6014285714285714,Normal
2026-08-31 11:00:00,(06104) Gobernación,202.20853,145.75517,263.37683,260.0,0.777725100517273,11,148.25806451612902,Bajo,0.6114285714285714,ALTO: considerar refuerzo
2026-08-31 12:00:00,(06104) Gobernación,244.03453,171.86087,320.739,260.0,0.9385943412780762,12,207.09677419354838,Bajo,0.6247619047619049,CRITICO: refuerzo inmediato
2026-08-31 13:00:00,(06104) Gobernación,228.5131,156.94243,298.3532,260.0,0.8788965940475464,13,193.8709677419355,Bajo,0.594047619047619,ALTO: considerar refuerzo
2026-08-31 14:00:00,(06104) Gobernación,259.66043,179.59326,342.37125,260.0,0.9986939430236816,14,218.6451612903226,Bajo,0.6023809523809524,CRITICO: refuerzo inmediato
2026-08-31 15:00:00,(06104) Gobernación,517.8937,361.76166,673.5167,260.0,1.991898775100708,15,372.0806451612903,Medio,0.646904761904762,CRITICO: refuerzo inmediato
2026-08-31 16:00:00,(06104) Gobernación,1117.0983,763.99963,1359.0741,260.0,4.296531677246094,16,696.741935483871,Medio,0.5942619047619049,CRITICO: refuerzo inmediato
2026-08-31 17:00:00,(06104) Gobernación,1349.3184,919.8412,1631.2709,260.0,5.189685821533203,17,923.758064516129,Alto,0.6583571428571429,CRITICO: refuerzo inmediato
2026-08-31 18:00:00,(06104) Gobernación,610.4331,389.83197,822.08655,260.0,2.3478195667266846,18,400.4193548387097,Medio,0.5450238095238096,CRITICO: refuerzo inmediato
2026-08-31 19:00:00,(06104) Gobernación,223.52808,132.2864,337.04022,260.0,0.8597233891487122,19,197.48387096774192,Bajo,0.5428571428571429,ALTO: considerar refuerzo
2026-08-31 20:00:00,(06104) Gobernación,82.003586,29.084381,152.8942,260.0,0.3153983950614929,20,60.403225806451616,Bajo,0.6583333333333333,Normal
2026-08-31 21:00:00,(06104) Gobernación,17.507416,0.0,60.6948,260.0,0.06733621656894684,21,24.387096774193548,Bajo,0.7566666666666667,Normal
2026-08-31 22:00:00,(06104) Gobernación,3.8091125,0.0,25.20636,260.0,0.014650433324277401,22,10.387755102040817,Bajo,0.84,Normal
2026-08-31 23:00:00,(06104) Gobernación,0.0,0.0,9.505905,260.0,0.0,23,1.6,Bajo,2.73,Normal
2026-08-31 00:00:00,(06105) Quinta Paredes,0.0,0.0,0.0,260.0,0.0,0,,Bajo,,Normal
2026-08-31 01:00:00,(06105) Quinta Paredes,0.0,0.0,0.0,260.0,0.0,1,,Bajo,,Normal
2026-08-31 02:00:00,(06105) Quinta Paredes,0.0,0.0,4.575157,260.0,0.0,2,,Bajo,,Normal
2026-08-31 03:00:00,(06105) Quinta Paredes,0.0,0.0,5.0418625,260.0,0.0,3,,Bajo,,Normal
2026-08-31 04:00:00,(06105) Quinta Paredes,0.9124069,0.0,13.376007,260.0,0.0035092574544250965,4,2.618181818181818,Bajo,4.767631578947369,Normal
2026-08-31 05:00:00,(06105) Quinta Paredes,39.77236,18.741867,67.72635,260.0,0.15297062695026398,5,32.516129032258064,Bajo,0.7888095238095238,Normal
2026-08-31 06:00:00,(06105) Quinta Paredes,153.06302,111.958336,194.15356,260.0,0.5887039303779602,6,117.19354838709677,Bajo,0.5135714285714286,Normal
2026-08-31 07:00:00,(06105) Quinta Paredes,194.19086,146.96883,238.95966,260.0,0.7468879222869873,7,135.06451612903226,Bajo,0.4978571428571429,ALTO: considerar refuerzo
2026-08-31 08:00:00,(06105) Quinta Paredes,172.10788,132.15752,212.72409,260.0,0.6619533896446228,8,127.3225806451613,Bajo,0.5483333333333333,Normal
2026-08-31 09:00:00,(06105) Quinta Paredes,147.82253,112.03078,185.10529,260.0,0.5685482025146484,9,120.11290322580645,Bajo,0.6411904761904762,Normal
2026-08-31 10:00:00,(06105) Quinta Paredes,131.29863,100.794,167.92361,260.0,0.5049947500228882,10,116.40322580645162,Bajo,0.6666666666666666,Normal
2026-08-31 11:00:00,(06105) Quinta Paredes,124.893295,96.537926,158.15831,260.0,0.4803588390350342,11,117.11290322580645,Bajo,0.6873809523809524,Normal
2026-08-31 12:00:00,(06105) Quinta Paredes,131.3688,101.79032,166.28094,260.0,0.5052646398544312,12,122.25806451612904,Bajo,0.6640476190476191,Normal
2026-08-31 13:00:00,(06105) Quinta Paredes,148.7666,114.69641,182.22833,260.0,0.5721792578697205,13,133.11290322580646,Bajo,0.6704761904761904,Normal
2026-08-31 14:00:00,(06105) Quinta Paredes,186.42198,145.68134,223.89767,260.0,0.7170076370239258,14,164.41935483870967,Bajo,0.6678571428571429,ALTO: considerar refuerzo
2026-08-31 15:00:00,(06105) Quinta Paredes,254.43323,192.9426,312.99963,260.0,0.9785893559455872,15,190.38709677419354,Bajo,0.6571428571428571,CRITICO: refuerzo inmediato
2026-08-31 16:00:00,(06105) Quinta Paredes,481.87338,349.30975,566.5377,260.0,1.8533592224121094,16,336.16129032258067,Medio,0.6702142857142858,CRITICO: refuerzo inmediato
2026-08-31 17:00:00,(06105) Quinta Paredes,487.4898,351.7817,575.59546,260.0,1.8749607801437378,17,345.1290322580645,Medio,0.5866666666666667,CRITICO: refuerzo inmediato
2026-08-31 18:00:00,(06105) Quinta Paredes,268.31647,193.13943,333.1565,260.0,1.0319863557815552,18,204.08064516129033,Bajo,0.5457142857142857,CRITICO: refuerzo inmediato
2026-08-31 19:00:00,(06105) Quinta Paredes,129.66202,90.06721,168.2845,260.0,0.4987000823020935,19,116.20967741935483,Bajo,0.599047619047619,Normal
2026-08-31 20:00:00,(06105) Quinta Paredes,64.36604,36.64746,92.9869,260.0,0.24756170809268951,20,58.354838709677416,Bajo,0.7083333333333334,Normal
2026-08-31 21:00:00,(06105) Quinta Paredes,26.282555,4.061943,45.272877,260.0,0.10108675062656403,21,24.580645161290324,Bajo,0.8635714285714284,Normal
2026-08-31 22:00:00,(06105) Quinta Paredes,10.378601,0.0,20.198685,260.0,0.03991769626736641,22,10.6,Bajo,1.094,Normal
2026-08-31 23:00:00,(06105) Quinta Paredes,3.7483368,0.0,10.41481,260.0,0.014416679739952087,23,1.6,Bajo,3.157,Normal
2026-08-31 00:00:00,(06106) Corferias,0.0,0.0,2.6727295,252.0,0.0,0,1.0,Bajo,,Normal
2026-08-31 01:00:00,(06106) Corferias,0.0,0.0,2.7277374,252.0,0.0,1,,Bajo,,Normal
2026-08-31 02:00:00,(06106) Corferias,0.0,0.0,9.751938,252.0,0.0,2,,Bajo,,Normal
2026-08-31 03:00:00,(06106) Corferias,0.0,0.0,8.285431,252.0,0.0,3,,Bajo,,Normal
2026-08-31 04:00:00,(06106) Corferias,5.2760315,0.0,26.003433,252.0,0.0209366325289011,4,6.032258064516129,Bajo,2.5642857142857145,Normal
2026-08-31 05:00:00,(06106) Corferias,68.52619,37.0522,110.91727,252.0,0.2719293236732483,5,58.74193548387097,Bajo,0.5780952380952381,Normal
2026-08-31 06:00:00,(06106) Corferias,202.91048,147.75658,262.29575,252.0,0.8052002787590027,6,155.1290322580645,Bajo,0.40214285714285714,ALTO: considerar refuerzo
2026-08-31 07:00:00,(06106) Corferias,251.39815,190.68771,315.95667,252.0,0.9976117014884949,7,178.58064516129033,Bajo,0.3842857142857143,CRITICO: refuerzo inmediato
2026-08-31 08:00:00,(06106) Corferias,229.83011,178.66502,284.70374,252.0,0.9120242595672607,8,168.9516129032258,Bajo,0.39976190476190476,CRITICO: refuerzo inmediato
2026-08-31 09:00:00,(06106) Corferias,206.82817,160.62807,258.8347,252.0,0.8207467198371887,9,176.03225806451613,Bajo,0.4492857142857143,ALTO: considerar refuerzo
2026-08-31 10:00:00,(06106) Corferias,217.22589,169.0959,274.9416,252.0,0.8620074987411499,10,193.98387096774192,Bajo,0.48047619047619045,ALTO: considerar refuerzo
2026-08-31 11:00:00,(06106) Corferias,248.55356,192.229,310.30536,252.0,0.9863236546516418,11,205.90322580645162,Bajo,0.49309523809523814,CRITICO: refuerzo inmediato
2026-08-31 12:00:00,(06106) Corferias,283.20477,214.91347,355.9208,252.0,1.123828411102295,12,249.3548387096774,Bajo,0.4919047619047619,CRITICO: refuerzo inmediato
2026-08-31 13:00:00,(06106) Corferias,305.82806,229.42836,379.81763,252.0,1.2136033773422241,13,272.1290322580645,Medio,0.5222380952380953,CRITICO: refuerzo inmediato
2026-08-31 14:00:00,(06106) Corferias,361.41058,273.28906,450.18372,252.0,1.4341689348220825,14,315.6290322580645,Medio,0.5300952380952382,CRITICO: refuerzo inmediato
2026-08-31 15:00:00,(06106) Corferias,464.27942,339.36517,596.3924,252.0,1.8423786163330078,15,345.38709677419354,Medio,0.5306190476190477,CRITICO: refuerzo inmediato
2026-08-31 16:00:00,(06106) Corferias,808.3485,570.8661,993.3926,252.0,3.2077322006225586,16,561.9032258064516,Medio,0.47771428571428576,CRITICO: refuerzo inmediato
2026-08-31 17:00:00,(06106) Corferias,894.31335,626.67883,1103.3152,252.0,3.5488624572753906,17,636.3064516129032,Medio,0.4368571428571429,CRITICO: refuerzo inmediato
2026-08-31 18:00:00,(06106) Corferias,563.8537,388.78467,740.5827,252.0,2.2375147342681885,18,441.96774193548384,Medio,0.4423571428571429,CRITICO: refuerzo inmediato
2026-08-31 19:00:00,(06106) Corferias,313.49268,215.29355,439.55652,252.0,1.2440185546875,19,302.7741935483871,Medio,0.4853095238095239,CRITICO: refuerzo inmediato
2026-08-31 20:00:00,(06106) Corferias,188.2454,126.83143,279.72464,252.0,0.7470055818557739,20,201.54098360655738,Bajo,0.515609756097561,ALTO: considerar refuerzo
2026-08-31 21:00:00,(06106) Corferias,83.882355,46.188187,149.88757,252.0,0.33286648988723755,21,99.53225806451613,Bajo,0.6061904761904762,Normal
2026-08-31 22:00:00,(06106) Corferias,32.936493,9.440094,73.562584,252.0,0.13070036470890045,22,48.45161290322581,Bajo,0.7828571428571429,Normal
2026-08-31 23:00:00,(06106) Corferias,3.9565735,0.0,22.278091,252.0,0.015700688585639,23,3.081081081081081,Bajo,1.5621428571428573,Normal
2026-08-31 00:00:00,(06107) Ciudad Universitaria - Loteria de Bogota,0.0,0.0,0.0,260.0,0.0,0,1.0,Bajo,,Normal
2026-08-31 01:00:00,(06107) Ciudad Universitaria - Loteria de Bogota,0.0,0.0,0.82862854,260.0,0.0,1,,Bajo,,Normal
2026-08-31 02:00:00,(06107) Ciudad Universitaria - Loteria de Bogota,0.0,0.0,2.8195648,260.0,0.0,2,,Bajo,,Normal
2026-08-31 03:00:00,(06107) Ciudad Universitaria - Loteria de Bogota,0.0,0.0,7.600937,260.0,0.0,3,,Bajo,,Normal
2026-08-31 04:00:00,(06107) Ciudad Universitaria - Loteria de Bogota,2.5450745,0.0,20.466782,260.0,0.009788747876882553,4,4.133333333333334,Bajo,2.87,Normal
2026-08-31 05:00:00,(06107) Ciudad Universitaria - Loteria de Bogota,51.106743,26.020462,88.296715,260.0,0.19656439125537872,5,45.03225806451613,Bajo,0.7838095238095238,Normal
2026-08-31 06:00:00,(06107) Ciudad Universitaria - Loteria de Bogota,206.75467,152.17868,263.9208,260.0,0.7952102422714233,6,143.03225806451613,Bajo,0.5547619047619048,ALTO: considerar refuerzo
2026-08-31 07:00:00,(06107) Ciudad Universitaria - Loteria de Bogota,292.01233,225.53513,356.3954,260.0,1.123124361038208,7,208.74193548387098,Bajo,0.5352380952380953,CRITICO: refuerzo inmediato
2026-08-31 08:00:00,(06107) Ciudad Universitaria - Loteria de Bogota,272.90152,217.86203,329.55023,260.0,1.0496212244033813,8,197.48387096774192,Bajo,0.5504761904761905,CRITICO: refuerzo inmediato
2026-08-31 09:00:00,(06107) Ciudad Universitaria - Loteria de Bogota,250.50128,199.086,303.89624,260.0,0.963466465473175,9,194.70967741935485,Bajo,0.605,CRITICO: refuerzo inmediato
2026-08-31 10:00:00,(06107) Ciudad Universitaria - Loteria de Bogota,252.34482,201.35548,312.12784,260.0,0.9705569744110107,10,220.1290322580645,Bajo,0.6366666666666666,CRITICO: refuerzo inmediato
2026-08-31 11:00:00,(06107) Ciudad Universitaria - Loteria de Bogota,282.64148,225.62752,345.6935,260.0,1.0870826244354248,11,236.70967741935485,Bajo,0.6580952380952381,CRITICO: refuerzo inmediato
2026-08-31 12:00:00,(06107) Ciudad Universitaria - Loteria de Bogota,339.86066,267.3948,414.36493,260.0,1.3071563243865967,12,288.85483870967744,Medio,0.7102857142857143,CRITICO: refuerzo inmediato
2026-08-31 13:00:00,(06107) Ciudad Universitaria - Loteria de Bogota,362.8945,282.7422,438.69415,260.0,1.3957481384277344,13,338.0967741935484,Medio,0.7115952380952383,CRITICO: refuerzo inmediato
2026-08-31 14:00:00,(06107) Ciudad Universitaria - Loteria de Bogota,364.90778,285.4118,442.72833,260.0,1.403491497039795,14,301.03225806451616,Medio,0.7032142857142858,CRITICO: refuerzo inmediato
2026-08-31 15:00:00,(06107) Ciudad Universitaria - Loteria de Bogota,423.3649,326.03033,528.1519,260.0,1.6283265352249146,15,310.9193548387097,Medio,0.7207619047619047,CRITICO: refuerzo inmediato
2026-08-31 16:00:00,(06107) Ciudad Universitaria - Loteria de Bogota,703.8832,523.28204,846.0023,260.0,2.707242965698242,16,474.80645161290323,Medio,0.6605238095238096,CRITICO: refuerzo inmediato
2026-08-31 17:00:00,(06107) Ciudad Universitaria - Loteria de Bogota,788.91766,574.62787,946.1216,260.0,3.0342986583709717,17,513.2903225806451,Medio,0.6183571428571429,CRITICO: refuerzo inmediato
2026-08-31 18:00:00,(06107) Ciudad Universitaria - Loteria de Bogota,469.37317,342.72333,594.48206,260.0,1.805281400680542,18,376.2903225806452,Medio,0.6115476190476191,CRITICO: refuerzo inmediato
2026-08-31 19:00:00,(06107) Ciudad Universitaria - Loteria de Bogota,282.32202,212.27017,366.14233,260.0,1.085853934288025,19,224.70491803278688,Bajo,0.5960975609756097,CRITICO: refuerzo inmediato
2026-08-31 20:00:00,(06107) Ciudad Universitaria - Loteria de Bogota,185.74568,132.35388,249.54335,260.0,0.7144064903259277,20,165.55,Bajo,0.68425,ALTO: considerar refuerzo
2026-08-31 21:00:00,(06107) Ciudad Universitaria - Loteria de Bogota,66.33585,35.39,110.02265,260.0,0.2551378905773163,21,65.72131147540983,Bajo,0.7507317073170731,Normal
2026-08-31 22:00:00,(06107) Ciudad Universitaria - Loteria de Bogota,25.250473,6.167099,48.53386,260.0,0.09711720049381256,22,25.107142857142858,Bajo,0.9643243243243244,Normal
2026-08-31 23:00:00,(06107) Ciudad Universitaria - Loteria de Bogota,3.5079803,0.0,12.451065,260.0,0.01349223218858242,23,2.1363636363636362,Bajo,1.860625,Normal
2026-08-31 00:00:00,(06108) Concejo de Bogotá,0.0,0.0,1.0610275,260.0,0.0,0,,Bajo,,Normal
2026-08-31 01:00:00,(06108) Concejo de Bogotá,0.0,0.0,0.0,260.0,0.0,1,,Bajo,,Normal
2026-08-31 02:00:00,(06108) Concejo de Bogotá,0.0,0.0,1.8515472,260.0,0.0,2,,Bajo,,Normal
2026-08-31 03:00:00,(06108) Concejo de Bogotá,0.0,0.0,3.8156052,260.0,0.0,3,,Bajo,,Normal
2026-08-31 04:00:00,(06108) Concejo de Bogotá,0.0,0.0,5.886215,260.0,0.0,4,2.75,Bajo,3.6158823529411763,Normal
2026-08-31 05:00:00,(06108) Concejo de Bogotá,24.94411,13.4312935,39.80253,260.0,0.09593889117240906,5,22.822580645161292,Bajo,0.7611904761904762,Normal
2026-08-31 06:00:00,(06108) Concejo de Bogotá,88.87032,64.64841,113.83071,260.0,0.341808944940567,6,69.96774193548387,Bajo,0.5497619047619048,Normal
2026-08-31 07:00:00,(06108) Concejo de Bogotá,148.6332,111.51158,180.4386,260.0,0.5716661214828491,7,104.83870967741936,Bajo,0.5171428571428571,Normal
2026-08-31 08:00:00,(06108) Concejo de Bogotá,120.103485,93.51827,147.8848,260.0,0.46193647384643555,8,91.87096774193549,Bajo,0.5073809523809524,Normal
2026-08-31 09:00:00,(06108) Concejo de Bogotá,100.91882,78.49853,124.84885,260.0,0.38814932107925415,9,86.5,Bajo,0.5423809523809524,Normal
2026-08-31 10:00:00,(06108) Concejo de Bogotá,109.08899,85.03919,136.76532,260.0,0.419573038816452,10,98.3225806451613,Bajo,0.5788095238095239,Normal
2026-08-31 11:00:00,(06108) Concejo de Bogotá,137.02208,107.51065,169.78061,260.0,0.5270079970359802,11,123.88709677419355,Bajo,0.6002380952380952,Normal
2026-08-31 12:00:00,(06108) Concejo de Bogotá,145.69336,112.03331,182.19476,260.0,0.5603590607643127,12,132.75806451612902,Bajo,0.6088095238095238,Normal
2026-08-31 13:00:00,(06108) Concejo de Bogotá,125.8955,94.93796,155.32607,260.0,0.4842134714126587,13,114.56451612903226,Bajo,0.5897619047619047,Normal
2026-08-31 14:00:00,(06108) Concejo de Bogotá,123.644104,95.14141,151.24237,260.0,0.4755542576313019,14,112.08064516129032,Bajo,0.5833333333333334,Normal
2026-08-31 15:00:00,(06108) Concejo de Bogotá,168.3211,128.73862,212.20406,260.0,0.6473888754844666,15,125.2741935483871,Bajo,0.5928571428571429,Normal
2026-08-31 16:00:00,(06108) Concejo de Bogotá,354.6994,254.2438,421.17145,260.0,1.3642284870147705,16,247.90322580645162,Medio,0.6000238095238095,CRITICO: refuerzo inmediato
2026-08-31 17:00:00,(06108) Concejo de Bogotá,316.2677,220.68448,384.84003,260.0,1.216414213180542,17,235.5483870967742,Medio,0.5806428571428572,CRITICO: refuerzo inmediato
2026-08-31 18:00:00,(06108) Concejo de Bogotá,118.50238,77.04432,163.77933,260.0,0.4557783901691437,18,106.96774193548387,Bajo,0.5128571428571428,Normal
2026-08-31 19:00:00,(06108) Concejo de Bogotá,40.746674,26.42789,59.46266,260.0,0.15671797096729279,19,40.24193548387097,Bajo,0.5507142857142857,Normal
2026-08-31 20:00:00,(06108) Concejo de Bogotá,15.066792,4.798271,28.985958,260.0,0.05794919654726982,20,21.870967741935484,Bajo,0.6476190476190476,Normal
2026-08-31 21:00:00,(06108) Concejo de Bogotá,9.309704,0.0,21.092785,260.0,0.035806551575660706,21,10.262295081967213,Bajo,0.7480487804878049,Normal
2026-08-31 22:00:00,(06108) Concejo de Bogotá,3.268509,0.0,10.159737,260.0,0.012571187689900398,22,4.0,Bajo,0.9156666666666666,Normal
2026-08-31 23:00:00,(06108) Concejo de Bogotá,0.0,0.0,5.1597595,260.0,0.0,23,1.6666666666666667,Bajo,1.94,Normal
2026-08-31 00:00:00,(06109) Centro Memoria,0.0,0.0,0.0,260.0,0.0,0,,Bajo,,Normal
2026-08-31 01:00:00,(06109) Centro Memoria,0.0,0.0,0.40992737,260.0,0.0,1,,Bajo,,Normal
2026-08-31 02:00:00,(06109) Centro Memoria,0.0,0.0,4.6923523,260.0,0.0,2,,Bajo,,Normal
2026-08-31 03:00:00,(06109) Centro Memoria,0.0,0.0,7.0386963,260.0,0.0,3,,Bajo,,Normal
2026-08-31 04:00:00,(06109) Centro Memoria,4.0149536,0.0,24.074173,260.0,0.015442129224538803,4,7.193548387096774,Bajo,2.8128571428571427,Normal
2026-08-31 05:00:00,(06109) Centro Memoria,66.34497,40.55558,102.85048,260.0,0.2551729679107666,5,50.04838709677419,Bajo,0.8740476190476191,Normal
2026-08-31 06:00:00,(06109) Centro Memoria,156.69002,111.5324,208.20941,260.0,0.6026539206504822,6,121.79032258064517,Bajo,0.7345238095238096,Normal
2026-08-31 07:00:00,(06109) Centro Memoria,213.24059,161.33525,270.88623,260.0,0.8201560974121094,7,158.5483870967742,Bajo,0.6890476190476191,ALTO: considerar refuerzo
2026-08-31 08:00:00,(06109) Centro Memoria,193.95749,154.43033,240.69852,260.0,0.7459903359413147,8,146.96774193548387,Bajo,0.6900000000000001,ALTO: considerar refuerzo
2026-08-31 09:00:00,(06109) Centro Memoria,198.8381,158.25455,244.09259,260.0,0.7647619247436523,9,158.59677419354838,Bajo,0.7619047619047619,ALTO: considerar refuerzo
2026-08-31 10:00:00,(06109) Centro Memoria,221.55612,173.30853,275.2228,260.0,0.8521389365196228,10,198.7741935483871,Bajo,0.8161904761904762,ALTO: considerar refuerzo
2026-08-31 11:00:00,(06109) Centro Memoria,245.58043,194.32764,300.0701,260.0,0.9445400834083557,11,219.67741935483872,Bajo,0.8133333333333332,CRITICO: refuerzo inmediato
2026-08-31 12:00:00,(06109) Centro Memoria,284.82324,224.37146,346.74667,260.0,1.0954740047454834,12,252.29032258064515,Bajo,0.798095238095238,CRITICO: refuerzo inmediato
2026-08-31 13:00:00,(06109) Centro Memoria,314.69122,244.3237,376.6388,260.0,1.2103508710861206,13,302.16129032258067,Bajo,0.8178571428571428,CRITICO: refuerzo inmediato
2026-08-31 14:00:00,(06109) Centro Memoria,304.51782,236.93109,368.07843,260.0,1.171222448348999,14,269.38709677419354,Bajo,0.8123809523809523,CRITICO: refuerzo inmediato
2026-08-31 15:00:00,(06109) Centro Memoria,355.4508,271.30286,446.1006,260.0,1.36711847782135,15,278.2258064516129,Medio,0.8708333333333333,CRITICO: refuerzo inmediato
2026-08-31 16:00:00,(06109) Centro Memoria,703.3269,515.64514,841.6171,260.0,2.7051033973693848,16,487.96774193548384,Medio,0.810595238095238,CRITICO: refuerzo inmediato
2026-08-31 17:00:00,(06109) Centro Memoria,883.0134,631.04114,1047.8921,260.0,3.396205425262451,17,645.6451612903226,Medio,0.7673809523809524,CRITICO: refuerzo inmediato
2026-08-31 18:00:00,(06109) Centro Memoria,403.8745,283.09607,521.7656,260.0,1.553363561630249,18,295.4193548387097,Medio,0.7610952380952382,CRITICO: refuerzo inmediato
2026-08-31 19:00:00,(06109) Centro Memoria,177.86967,127.05586,238.69525,260.0,0.6841141581535339,19,152.79032258064515,Bajo,0.7245238095238096,Normal
2026-08-31 20:00:00,(06109) Centro Memoria,95.513794,59.581413,136.7708,260.0,0.3673607409000397,20,66.01612903225806,Bajo,0.8211904761904762,Normal
2026-08-31 21:00:00,(06109) Centro Memoria,52.36248,23.977325,83.238945,260.0,0.20139415562152863,21,48.145161290322584,Bajo,0.9602380952380952,Normal
2026-08-31 22:00:00,(06109) Centro Memoria,25.495895,7.6593018,43.589676,260.0,0.09806113690137863,22,20.71153846153846,Bajo,1.2319444444444445,Normal
2026-08-31 23:00:00,(06109) Centro Memoria,4.802887,0.0,10.569946,260.0,0.018472641706466675,23,1.6666666666666667,Bajo,2.4579999999999997,Normal
2026-08-31 00:00:00,(06111) Universidades – CityU,0.0,0.0,0.0,260.0,0.0,0,,Bajo,,Normal
2026-08-31 01:00:00,(06111) Universidades – CityU,0.0,0.0,0.0,260.0,0.0,1,,Bajo,,Normal
2026-08-31 02:00:00,(06111) Universidades – CityU,0.0,0.0,0.0,260.0,0.0,2,,Bajo,,Normal
2026-08-31 03:00:00,(06111) Universidades – CityU,0.0,0.0,24.01294,260.0,0.0,3,,Bajo,,Normal
2026-08-31 04:00:00,(06111) Universidades – CityU,69.26572,19.395844,131.68268,260.0,0.2664065957069397,4,66.69354838709677,Bajo,5.105476190476191,Normal
2026-08-31 05:00:00,(06111) Universidades – CityU,262.22876,159.98462,375.91248,260.0,1.0085721015930176,5,252.25806451612902,Bajo,1.5664285714285715,CRITICO: refuerzo inmediato
2026-08-31 06:00:00,(06111) Universidades – CityU,475.7309,333.20898,620.0936,260.0,1.829734206199646,6,397.16129032258067,Medio,1.0505,CRITICO: refuerzo inmediato
2026-08-31 07:00:00,(06111) Universidades – CityU,452.52295,329.11856,580.7967,260.0,1.7404729127883911,7,380.9193548387097,Medio,0.8839285714285715,CRITICO: refuerzo inmediato
2026-08-31 08:00:00,(06111) Universidades – CityU,353.54617,263.87634,456.9842,260.0,1.359792947769165,8,268.80645161290323,Medio,0.8716190476190477,CRITICO: refuerzo inmediato
2026-08-31 09:00:00,(06111) Universidades – CityU,313.56277,239.25906,418.96707,260.0,1.2060106992721558,9,272.2096774193548,Bajo,0.832857142857143,CRITICO: refuerzo inmediato
2026-08-31 10:00:00,(06111) Universidades – CityU,346.2648,260.63306,462.7793,260.0,1.3317877054214478,10,312.1290322580645,Medio,1.0402857142857145,CRITICO: refuerzo inmediato
2026-08-31 11:00:00,(06111) Universidades – CityU,465.00595,346.10657,607.0282,260.0,1.7884844541549683,11,376.7741935483871,Medio,1.096857142857143,CRITICO: refuerzo inmediato
2026-08-31 12:00:00,(06111) Universidades – CityU,668.316,492.81155,852.93835,260.0,2.570446014404297,12,541.9516129032259,Medio,1.0897857142857144,CRITICO: refuerzo inmediato
2026-08-31 13:00:00,(06111) Universidades – CityU,735.0203,545.6081,928.2372,260.0,2.8270013332366943,13,616.7903225806451,Medio,1.0685714285714287,CRITICO: refuerzo inmediato
2026-08-31 14:00:00,(06111) Universidades – CityU,808.3259,597.0539,1020.75366,260.0,3.108945846557617,14,561.258064516129,Medio,1.0654285714285714,CRITICO: refuerzo inmediato
2026-08-31 15:00:00,(06111) Universidades – CityU,1092.6003,799.6879,1387.0742,260.0,4.2023091316223145,15,678.8064516129032,Medio,1.0499761904761906,CRITICO: refuerzo inmediato
2026-08-31 16:00:00,(06111) Universidades – CityU,1679.9849,1211.5961,2054.5945,260.0,6.461480140686035,16,1050.8870967741937,Alto,1.04,CRITICO: refuerzo inmediato
2026-08-31 17:00:00,(06111) Universidades – CityU,1846.9658,1320.8745,2258.7634,260.0,7.103714466094971,17,1147.225806451613,Alto,0.9712857142857143,CRITICO: refuerzo inmediato
2026-08-31 18:00:00,(06111) Universidades – CityU,1262.0732,887.5687,1620.0488,260.0,4.854127883911133,18,841.2096774193549,Alto,1.0322619047619048,CRITICO: refuerzo inmediato
2026-08-31 19:00:00,(06111) Universidades – CityU,702.2231,484.6496,965.64636,260.0,2.7008581161499023,19,457.56451612903226,Medio,0.9232142857142858,CRITICO: refuerzo inmediato
2026-08-31 20:00:00,(06111) Universidades – CityU,463.10883,316.36322,666.9928,260.0,1.7811877727508545,20,323.1290322580645,Medio,1.0395,CRITICO: refuerzo inmediato
2026-08-31 21:00:00,(06111) Universidades – CityU,310.46426,184.25568,479.8949,260.0,1.1940933465957642,21,253.69354838709677,Bajo,1.033095238095238,CRITICO: refuerzo inmediato
2026-08-31 22:00:00,(06111) Universidades – CityU,40.376312,0.0,144.9469,260.0,0.1552935093641281,22,65.91525423728814,Bajo,1.703,Normal
2026-08-31 23:00:00,(06111) Universidades – CityU,0.0,0.0,9.927826,260.0,0.0,23,2.090909090909091,Bajo,5.183571428571429,Normal
2026-08-31 00:00:00,(07000) Portal Sur JFK Coop. Financiera,0.0,0.0,72.78516,228.0,0.0,0,,Bajo,,Normal
2026-08-31 01:00:00,(07000) Portal Sur JFK Coop. Financiera,4.940796,0.0,142.7218,228.0,0.021670157089829445,1,,Bajo,,Normal
2026-08-31 02:00:00,(07000) Portal Sur JFK Coop. Financiera,0.0,0.0,114.89758,228.0,0.0,2,,Bajo,,Normal
2026-08-31 03:00:00,(07000) Portal Sur JFK Coop. Financiera,342.45374,0.0,705.12537,228.0,1.5019900798797607,3,114.52380952380952,Medio,2.7497380952380954,CRITICO: refuerzo inmediato
2026-08-31 04:00:00,(07000) Portal Sur JFK Coop. Financiera,2897.8467,1870.1428,3906.0137,228.0,12.709854125976562,4,2677.2096774193546,Alto,0.4113571428571428,CRITICO: refuerzo inmediato
2026-08-31 05:00:00,(07000) Portal Sur JFK Coop. Financiera,7758.4507,5392.49,9501.359,228.0,34.02829360961914,5,6779.403225806452,Alto,0.27361904761904765,CRITICO: refuerzo inmediato
2026-08-31 06:00:00,(07000) Portal Sur JFK Coop. Financiera,9727.045,6799.3716,11691.154,228.0,42.662479400634766,6,8322.564516129032,Alto,0.23430952380952383,CRITICO: refuerzo inmediato
2026-08-31 07:00:00,(07000) Portal Sur JFK Coop. Financiera,6427.3657,4440.7817,7804.5405,228.0,28.190200805664062,7,5669.3387096774195,Alto,0.22842857142857143,CRITICO: refuerzo inmediato
2026-08-31 08:00:00,(07000) Portal Sur JFK Coop. Financiera,4486.337,3063.7065,5447.08,228.0,19.676916122436523,8,3893.4032258064517,Alto,0.24142857142857144,CRITICO: refuerzo inmediato
2026-08-31 09:00:00,(07000) Portal Sur JFK Coop. Financiera,3236.5781,2170.95,3945.0566,228.0,14.195518493652344,9,2909.8225806451615,Alto,0.27516666666666667,CRITICO: refuerzo inmediato
2026-08-31 10:00:00,(07000) Portal Sur JFK Coop. Financiera,2460.8203,1669.4498,3050.585,228.0,10.793071746826172,10,2417.483870967742,Alto,0.29559523809523813,CRITICO: refuerzo inmediato
2026-08-31 11:00:00,(07000) Portal Sur JFK Coop. Financiera,2167.048,1560.7852,2706.3198,228.0,9.504596710205078,11,2182.8387096774195,Alto,0.29683333333333334,CRITICO: refuerzo inmediato
2026-08-31 12:00:00,(07000) Portal Sur JFK Coop. Financiera,1934.6189,1436.9133,2447.6433,228.0,8.485170364379883,12,2039.467741935484,Alto,0.29992857142857143,CRITICO: refuerzo inmediato
2026-08-31 13:00:00,(07000) Portal Sur JFK Coop. Financiera,1486.441,1118.2051,1901.7388,228.0,6.5194783210754395,13,1617.6774193548388,Alto,0.3020952380952381,CRITICO: refuerzo inmediato
2026-08-31 14:00:00,(07000) Portal Sur JFK Coop. Financiera,1164.8926,897.96643,1502.8298,228.0,5.109178066253662,14,1271.2903225806451,Alto,0.30302380952380953,CRITICO: refuerzo inmediato
2026-08-31 15:00:00,(07000) Portal Sur JFK Coop. Financiera,1214.5366,891.385,1594.5918,228.0,5.3269147872924805,15,1248.8709677419354,Alto,0.2866190476190476,CRITICO: refuerzo inmediato
2026-08-31 16:00:00,(07000) Portal Sur JFK Coop. Financiera,1373.6825,1002.7707,1880.962,228.0,6.024923324584961,16,1333.3548387096773,Alto,0.2695952380952381,CRITICO: refuerzo inmediato
2026-08-31 17:00:00,(07000) Portal Sur JFK Coop. Financiera,1128.5353,795.62476,1607.6459,228.0,4.949716091156006,17,1139.5967741935483,Alto,0.2497857142857143,CRITICO: refuerzo inmediato
2026-08-31 18:00:00,(07000) Portal Sur JFK Coop. Financiera,722.12305,474.94226,1209.905,228.0,3.167206287384033,18,798.5967741935484,Medio,0.21030952380952384,CRITICO: refuerzo inmediato
2026-08-31 19:00:00,(07000) Portal Sur JFK Coop. Financiera,403.45935,240.5116,769.55566,228.0,1.7695585489273071,19,580.5483870967741,Medio,0.21764285714285717,CRITICO: refuerzo inmediato
2026-08-31 20:00:00,(07000) Portal Sur JFK Coop. Financiera,196.82104,54.07849,537.0288,228.0,0.863250195980072,20,247.67741935483872,Bajo,0.22214285714285714,ALTO: considerar refuerzo
2026-08-31 21:00:00,(07000) Portal Sur JFK Coop. Financiera,22.796265,0.0,271.49,228.0,0.09998361766338348,21,107.38709677419355,Bajo,0.26285714285714284,Normal
2026-08-31 22:00:00,(07000) Portal Sur JFK Coop. Financiera,0.0,0.0,184.97913,228.0,0.0,22,24.919354838709676,Bajo,0.3633333333333334,Normal
2026-08-31 23:00:00,(07000) Portal Sur JFK Coop. Financiera,0.0,0.0,178.50366,228.0,0.0,23,1.4137931034482758,Bajo,0.5873684210526315,Normal
2026-08-31 00:00:00,(07001) PERDOMO,0.0,0.0,18.168701,200.0,0.0,0,,Bajo,,Normal
2026-08-31 01:00:00,(07001) PERDOMO,0.0,0.0,30.288422,200.0,0.0,1,,Bajo,,Normal
2026-08-31 02:00:00,(07001) PERDOMO,0.0,0.0,26.179749,200.0,0.0,2,,Bajo,,Normal
2026-08-31 03:00:00,(07001) PERDOMO,45.431778,0.0,100.2137,200.0,0.22715888917446136,3,6.739130434782608,Bajo,,Normal
2026-08-31 04:00:00,(07001) PERDOMO,232.03452,120.88454,370.15347,200.0,1.1601725816726685,4,185.0,Bajo,2.0347619047619045,CRITICO: refuerzo inmediato
2026-08-31 05:00:00,(07001) PERDOMO,997.99475,680.0293,1251.8877,200.0,4.989973545074463,5,772.1451612903226,Alto,1.191047619047619,CRITICO: refuerzo inmediato
2026-08-31 06:00:00,(07001) PERDOMO,1697.8171,1160.1093,2041.2805,200.0,8.489086151123047,6,1303.725806451613,Alto,0.9267142857142857,CRITICO: refuerzo inmediato
2026-08-31 07:00:00,(07001) PERDOMO,1137.5991,784.15735,1365.0659,200.0,5.687995433807373,7,930.9016393442623,Alto,0.9889512195121952,CRITICO: refuerzo inmediato
2026-08-31 08:00:00,(07001) PERDOMO,730.70154,483.59808,881.6644,200.0,3.653507709503174,8,603.5806451612904,Medio,0.8912619047619049,CRITICO: refuerzo inmediato
2026-08-31 09:00:00,(07001) PERDOMO,498.0171,321.16214,598.9964,200.0,2.4900853633880615,9,442.0967741935484,Medio,0.9826666666666666,CRITICO: refuerzo inmediato
2026-08-31 10:00:00,(07001) PERDOMO,335.6229,217.00873,415.91803,200.0,1.678114414215088,10,334.7903225806452,Medio,1.0402857142857145,CRITICO: refuerzo inmediato
2026-08-31 11:00:00,(07001) PERDOMO,301.19757,215.54544,379.63754,200.0,1.5059878826141357,11,305.88709677419354,Medio,1.0250952380952383,CRITICO: refuerzo inmediato
2026-08-31 12:00:00,(07001) PERDOMO,295.1793,218.02701,372.27118,200.0,1.4758964776992798,12,308.61290322580646,Medio,1.0277142857142858,CRITICO: refuerzo inmediato
2026-08-31 13:00:00,(07001) PERDOMO,248.83168,185.56013,320.26498,200.0,1.244158387184143,13,264.01612903225805,Medio,1.0305952380952381,CRITICO: refuerzo inmediato
2026-08-31 14:00:00,(07001) PERDOMO,186.82327,143.51695,243.27374,200.0,0.9341163635253906,14,214.91935483870967,Bajo,0.9078571428571429,CRITICO: refuerzo inmediato
2026-08-31 15:00:00,(07001) PERDOMO,178.00876,131.312,242.3752,200.0,0.8900437951087952,15,185.40322580645162,Bajo,0.9007142857142857,ALTO: considerar refuerzo
2026-08-31 16:00:00,(07001) PERDOMO,216.85616,145.41959,303.34018,200.0,1.0842807292938232,16,196.69354838709677,Bajo,0.8785714285714286,CRITICO: refuerzo inmediato
2026-08-31 17:00:00,(07001) PERDOMO,199.92014,136.55682,287.05988,200.0,0.9996006488800049,17,202.88709677419354,Bajo,0.7661904761904762,CRITICO: refuerzo inmediato
2026-08-31 18:00:00,(07001) PERDOMO,119.34923,72.866165,198.63821,200.0,0.5967461466789246,18,141.7258064516129,Bajo,0.7183333333333333,Normal
2026-08-31 19:00:00,(07001) PERDOMO,70.29196,42.96794,130.98734,200.0,0.351459801197052,19,88.93548387096774,Bajo,0.7628571428571428,Normal
2026-08-31 20:00:00,(07001) PERDOMO,37.347702,12.2378845,96.888245,200.0,0.1867385059595108,20,63.45161290322581,Bajo,0.850952380952381,Normal
2026-08-31 21:00:00,(07001) PERDOMO,14.500336,0.0,64.12192,200.0,0.07250168174505234,21,28.838709677419356,Bajo,1.0385714285714285,Normal
2026-08-31 22:00:00,(07001) PERDOMO,0.0,0.0,38.618454,200.0,0.0,22,9.741935483870968,Bajo,1.2980952380952382,Normal
2026-08-31 23:00:00,(07001) PERDOMO,0.0,0.0,37.851288,200.0,0.0,23,1.7142857142857142,Bajo,7.875,Normal
2026-08-31 00:00:00,(07002) MADELENA,0.0,0.0,19.906342,204.0,0.0,0,,Bajo,,Normal
2026-08-31 01:00:00,(07002) MADELENA,0.0,0.0,39.39441,204.0,0.0,1,,Bajo,,Normal
2026-08-31 02:00:00,(07002) MADELENA,0.0,0.0,41.33716,204.0,0.0,2,,Bajo,,Normal
2026-08-31 03:00:00,(07002) MADELENA,15.416534,0.0,69.11833,204.0,0.07557124644517899,3,3.303030303030303,Bajo,,Normal
2026-08-31 04:00:00,(07002) MADELENA,128.39609,34.118774,239.21098,204.0,0.6293925642967224,4,92.53225806451613,Bajo,4.019523809523809,Normal
2026-08-31 05:00:00,(07002) MADELENA,845.27094,577.70764,1058.2327,204.0,4.143485069274902,5,636.5,Medio,1.4383809523809525,CRITICO: refuerzo inmediato
2026-08-31 06:00:00,(07002) MADELENA,1782.7863,1218.9583,2120.2588,204.0,8.739148139953613,6,1315.0483870967741,Alto,1.3544761904761906,CRITICO: refuerzo inmediato
2026-08-31 07:00:00,(07002) MADELENA,1170.9072,812.2911,1390.8972,204.0,5.739741325378418,7,933.8196721311475,Alto,1.2575121951219512,CRITICO: refuerzo inmediato
2026-08-31 08:00:00,(07002) MADELENA,732.35693,486.29968,876.42413,204.0,3.589984893798828,8,599.741935483871,Medio,1.114666666666667,CRITICO: refuerzo inmediato
2026-08-31 09:00:00,(07002) MADELENA,555.32623,365.40213,658.6688,204.0,2.7221875190734863,9,482.80645161290323,Medio,1.1649523809523812,CRITICO: refuerzo inmediato
2026-08-31 10:00:00,(07002) MADELENA,402.63068,268.30606,489.28647,204.0,1.973679780960083,10,415.0483870967742,Medio,1.2623809523809526,CRITICO: refuerzo inmediato
2026-08-31 11:00:00,(07002) MADELENA,351.16678,255.23077,434.53516,204.0,1.7214057445526123,11,373.98387096774195,Medio,1.2655238095238095,CRITICO: refuerzo inmediato
2026-08-31 12:00:00,(07002) MADELENA,324.69684,247.39247,399.31265,204.0,1.591651201248169,12,359.14516129032256,Medio,1.2508571428571431,CRITICO: refuerzo inmediato
2026-08-31 13:00:00,(07002) MADELENA,286.17365,224.38972,354.2868,204.0,1.4028120040893555,13,311.51612903225805,Medio,1.2503333333333335,CRITICO: refuerzo inmediato
2026-08-31 14:00:00,(07002) MADELENA,233.09369,191.55605,284.82706,204.0,1.1426161527633667,14,271.1774193548387,Bajo,1.1366666666666667,CRITICO: refuerzo inmediato
2026-08-31 15:00:00,(07002) MADELENA,234.67014,188.24863,295.3525,204.0,1.1503437757492065,15,247.48387096774192,Bajo,1.0590476190476192,CRITICO: refuerzo inmediato
2026-08-31 16:00:00,(07002) MADELENA,283.99094,204.77274,364.34192,204.0,1.392112374305725,16,265.38709677419354,Medio,1.1822380952380953,CRITICO: refuerzo inmediato
2026-08-31 17:00:00,(07002) MADELENA,286.68253,211.58313,373.2792,204.0,1.4053064584732056,17,278.03225806451616,Medio,1.0573095238095238,CRITICO: refuerzo inmediato
2026-08-31 18:00:00,(07002) MADELENA,182.53055,127.00368,259.82166,204.0,0.8947575688362122,18,219.30645161290323,Bajo,0.9123809523809524,ALTO: considerar refuerzo
2026-08-31 19:00:00,(07002) MADELENA,107.905014,76.808395,172.39758,204.0,0.5289461612701416,19,151.29032258064515,Bajo,0.9245238095238095,Normal
2026-08-31 20:00:00,(07002) MADELENA,48.22682,21.713165,113.97153,204.0,0.23640598356723785,20,98.06451612903226,Bajo,1.0178571428571428,Normal
2026-08-31 21:00:00,(07002) MADELENA,22.320496,1.9127808,78.450455,204.0,0.10941419750452042,21,56.46774193548387,Bajo,1.3278571428571428,Normal
2026-08-31 22:00:00,(07002) MADELENA,0.4953308,0.0,41.1476,204.0,0.0024280922953039408,22,16.203389830508474,Bajo,1.6376923076923078,Normal
2026-08-31 23:00:00,(07002) MADELENA,0.0,0.0,40.24028,204.0,0.0,23,1.44,Bajo,3.4233333333333333,Normal
2026-08-31 00:00:00,(07003) SEVILLANA,0.0,0.0,1.4697723,204.0,0.0,0,,Bajo,,Normal
2026-08-31 01:00:00,(07003) SEVILLANA,0.0,0.0,4.206314,204.0,0.0,1,,Bajo,,Normal
2026-08-31 02:00:00,(07003) SEVILLANA,0.0,0.0,8.73587,204.0,0.0,2,,Bajo,,Normal
2026-08-31 03:00:00,(07003) SEVILLANA,5.914963,0.0,19.749352,204.0,0.028994916006922722,3,1.1538461538461537,Bajo,,Normal
2026-08-31 04:00:00,(07003) SEVILLANA,47.715187,20.998085,75.91518,204.0,0.23389796912670135,4,36.82258064516129,Bajo,2.5957142857142856,Normal
2026-08-31 05:00:00,(07003) SEVILLANA,273.73468,200.02408,327.43756,204.0,1.34183669090271,5,209.43548387096774,Medio,1.2712857142857144,CRITICO: refuerzo inmediato
2026-08-31 06:00:00,(07003) SEVILLANA,533.10315,388.42084,618.94666,204.0,2.613250732421875,6,427.72131147540983,Medio,0.8993170731707318,CRITICO: refuerzo inmediato
2026-08-31 07:00:00,(07003) SEVILLANA,463.96484,346.3625,529.49146,204.0,2.2743375301361084,7,376.11475409836066,Medio,0.8853658536585367,CRITICO: refuerzo inmediato
2026-08-31 08:00:00,(07003) SEVILLANA,299.03143,219.70322,349.24347,204.0,1.4658403396606445,8,272.33870967741933,Medio,0.9572619047619048,CRITICO: refuerzo inmediato
2026-08-31 09:00:00,(07003) SEVILLANA,234.22784,176.35101,270.39612,204.0,1.1481757164001465,9,230.2741935483871,Bajo,0.9680952380952382,CRITICO: refuerzo inmediato
2026-08-31 10:00:00,(07003) SEVILLANA,178.80435,135.9674,211.29181,204.0,0.876491904258728,10,188.2258064516129,Bajo,1.048095238095238,ALTO: considerar refuerzo
2026-08-31 11:00:00,(07003) SEVILLANA,156.91434,123.30915,188.60587,204.0,0.7691879272460938,11,172.9516129032258,Bajo,1.0642857142857143,ALTO: considerar refuerzo
2026-08-31 12:00:00,(07003) SEVILLANA,165.0715,131.75337,198.51376,204.0,0.8091740608215332,12,175.2258064516129,Bajo,1.0542857142857143,ALTO: considerar refuerzo
2026-08-31 13:00:00,(07003) SEVILLANA,165.17352,132.10667,201.50278,204.0,0.8096741437911987,13,171.88709677419354,Bajo,1.0447619047619048,ALTO: considerar refuerzo
2026-08-31 14:00:00,(07003) SEVILLANA,139.16014,111.14596,172.04434,204.0,0.682157576084137,14,163.6290322580645,Bajo,1.029047619047619,Normal
2026-08-31 15:00:00,(07003) SEVILLANA,129.67624,100.72162,165.75916,204.0,0.6356678605079651,15,127.2741935483871,Bajo,1.0042857142857142,Normal
2026-08-31 16:00:00,(07003) SEVILLANA,211.27823,157.23648,259.62225,204.0,1.0356775522232056,16,173.3548387096774,Bajo,0.9207142857142857,CRITICO: refuerzo inmediato
2026-08-31 17:00:00,(07003) SEVILLANA,272.04663,209.09732,322.8376,204.0,1.333561897277832,17,218.29032258064515,Medio,0.9150952380952381,CRITICO: refuerzo inmediato
2026-08-31 18:00:00,(07003) SEVILLANA,160.07312,121.211716,200.59506,204.0,0.7846721410751343,18,144.3548387096774,Bajo,0.7804761904761905,ALTO: considerar refuerzo
2026-08-31 19:00:00,(07003) SEVILLANA,80.47014,61.16957,109.64192,204.0,0.394461452960968,19,81.59677419354838,Bajo,0.8238095238095239,Normal
2026-08-31 20:00:00,(07003) SEVILLANA,32.262794,18.239769,58.78856,204.0,0.15815095603466034,20,49.596774193548384,Bajo,0.9254761904761905,Normal
2026-08-31 21:00:00,(07003) SEVILLANA,13.919434,3.346283,35.736626,204.0,0.06823251396417618,21,31.306451612903224,Bajo,1.0280952380952382,Normal
2026-08-31 22:00:00,(07003) SEVILLANA,2.2529602,0.0,16.648506,204.0,0.01104392297565937,22,12.933333333333334,Bajo,1.2914634146341464,Normal
2026-08-31 23:00:00,(07003) SEVILLANA,0.0,0.0,9.014893,204.0,0.0,23,1.1818181818181819,Bajo,2.5171428571428573,Normal
2026-08-31 00:00:00,(07004) VENECIA,0.0,0.0,3.2149048,204.0,0.0,0,,Bajo,,Normal
2026-08-31 01:00:00,(07004) VENECIA,0.0,0.0,11.970215,204.0,0.0,1,,Bajo,,Normal
2026-08-31 02:00:00,(07004) VENECIA,0.0,0.0,18.216919,204.0,0.0,2,,Bajo,,Normal
2026-08-31 03:00:00,(07004) VENECIA,19.49646,0.0,58.161346,204.0,0.0955708846449852,3,1.4545454545454546,Bajo,,Normal
2026-08-31 04:00:00,(07004) VENECIA,135.46335,70.243576,207.98311,204.0,0.6640360355377197,4,101.01612903225806,Bajo,2.458095238095238,Normal
2026-08-31 05:00:00,(07004) VENECIA,648.9536,482.5631,781.5808,204.0,3.181145191192627,5,508.64516129032256,Medio,1.0512857142857144,CRITICO: refuerzo inmediato
2026-08-31 06:00:00,(07004) VENECIA,1310.2009,953.4756,1528.9277,204.0,6.422553539276123,6,1028.1475409836066,Alto,0.949,CRITICO: refuerzo inmediato
2026-08-31 07:00:00,(07004) VENECIA,906.65247,675.29614,1063.0059,204.0,4.444375038146973,7,730.4262295081967,Medio,0.8427073170731708,CRITICO: refuerzo inmediato
2026-08-31 08:00:00,(07004) VENECIA,576.19995,416.8276,694.893,204.0,2.824509620666504,8,510.3114754098361,Medio,0.9494878048780488,CRITICO: refuerzo inmediato
2026-08-31 09:00:00,(07004) VENECIA,439.55844,315.225,531.5718,204.0,2.154698133468628,9,395.4032258064516,Medio,1.1568333333333336,CRITICO: refuerzo inmediato
2026-08-31 10:00:00,(07004) VENECIA,343.15796,245.61417,429.63916,204.0,1.6821469068527222,10,362.758064516129,Medio,1.4525238095238098,CRITICO: refuerzo inmediato
2026-08-31 11:00:00,(07004) VENECIA,345.2559,254.46101,434.72055,204.0,1.692430853843689,11,356.0,Medio,1.4415238095238094,CRITICO: refuerzo inmediato
2026-08-31 12:00:00,(07004) VENECIA,366.2029,276.39276,455.40442,204.0,1.7951122522354126,12,396.741935483871,Medio,1.4383809523809525,CRITICO: refuerzo inmediato
2026-08-31 13:00:00,(07004) VENECIA,348.37466,268.9907,433.20215,204.0,1.7077189683914185,13,378.64516129032256,Medio,1.3988333333333334,CRITICO: refuerzo inmediato
2026-08-31 14:00:00,(07004) VENECIA,320.25278,257.96716,393.37292,204.0,1.5698665380477905,14,362.9193548387097,Medio,1.4294761904761906,CRITICO: refuerzo inmediato
2026-08-31 15:00:00,(07004) VENECIA,360.3704,287.45163,449.57996,204.0,1.7665215730667114,15,352.53225806451616,Medio,1.2697142857142856,CRITICO: refuerzo inmediato
2026-08-31 16:00:00,(07004) VENECIA,586.4821,448.52582,703.2627,204.0,2.8749122619628906,16,493.2903225806452,Medio,1.0787857142857142,CRITICO: refuerzo inmediato
2026-08-31 17:00:00,(07004) VENECIA,646.84875,515.0298,764.44104,204.0,3.1708271503448486,17,566.8387096774194,Medio,0.8965,CRITICO: refuerzo inmediato
2026-08-31 18:00:00,(07004) VENECIA,516.3883,413.60114,618.18945,204.0,2.531315326690674,18,474.96774193548384,Medio,0.8642857142857143,CRITICO: refuerzo inmediato
2026-08-31 19:00:00,(07004) VENECIA,334.84778,266.65878,421.1548,204.0,1.6414107084274292,19,330.7258064516129,Medio,0.9051428571428574,CRITICO: refuerzo inmediato
2026-08-31 20:00:00,(07004) VENECIA,177.84192,129.31421,258.76776,204.0,0.8717741370201111,20,212.91935483870967,Bajo,0.9650000000000001,ALTO: considerar refuerzo
2026-08-31 21:00:00,(07004) VENECIA,75.266266,43.447327,137.91824,204.0,0.36895227432250977,21,107.93442622950819,Bajo,1.3917073170731709,Normal
2026-08-31 22:00:00,(07004) VENECIA,10.901947,0.0,49.5437,204.0,0.053440917283296585,22,33.16393442622951,Bajo,1.7116666666666667,Normal
2026-08-31 23:00:00,(07004) VENECIA,0.0,0.0,23.734161,204.0,0.0,23,1.9722222222222223,Bajo,4.39448275862069,Normal
2026-08-31 00:00:00,(07005) ALQUERIA,0.0,0.0,1.0072174,204.0,0.0,0,1.0,Bajo,,Normal
2026-08-31 01:00:00,(07005) ALQUERIA,0.0,0.0,0.103652954,204.0,0.0,1,,Bajo,,Normal
2026-08-31 02:00:00,(07005) ALQUERIA,0.0,0.0,9.837906,204.0,0.0,2,,Bajo,,Normal
2026-08-31 03:00:00,(07005) ALQUERIA,11.728561,0.0,27.908615,204.0,0.057492949068546295,3,1.75,Bajo,,Normal
2026-08-31 04:00:00,(07005) ALQUERIA,70.27153,39.03885,106.72406,204.0,0.34446829557418823,4,61.483870967741936,Bajo,5.583333333333333,Normal
2026-08-31 05:00:00,(07005) ALQUERIA,408.96695,324.69006,475.2305,204.0,2.004739999771118,5,306.56451612903226,Medio,1.6280000000000001,CRITICO: refuerzo inmediato
2026-08-31 06:00:00,(07005) ALQUERIA,675.1397,534.51465,772.1607,204.0,3.3095083236694336,6,521.5967741935484,Medio,1.4205714285714286,CRITICO: refuerzo inmediato
2026-08-31 07:00:00,(07005) ALQUERIA,531.2408,431.2238,609.27795,204.0,2.604121446609497,7,415.8032786885246,Medio,1.2945121951219511,CRITICO: refuerzo inmediato
2026-08-31 08:00:00,(07005) ALQUERIA,392.838,321.0803,462.956,204.0,1.9256765842437744,8,328.5409836065574,Medio,1.3771463414634149,CRITICO: refuerzo inmediato
2026-08-31 09:00:00,(07005) ALQUERIA,352.52118,290.4633,416.56445,204.0,1.7280449867248535,9,313.0806451612903,Medio,1.4960000000000002,CRITICO: refuerzo inmediato
2026-08-31 10:00:00,(07005) ALQUERIA,342.05014,276.9253,412.2293,204.0,1.6767163276672363,10,319.11290322580646,Medio,1.5180000000000002,CRITICO: refuerzo inmediato
2026-08-31 11:00:00,(07005) ALQUERIA,355.1936,284.09842,428.36972,204.0,1.741145133972168,11,344.6290322580645,Medio,1.6065238095238097,CRITICO: refuerzo inmediato
2026-08-31 12:00:00,(07005) ALQUERIA,383.28333,306.03796,458.52997,204.0,1.8788398504257202,12,384.98387096774195,Medio,1.5253333333333334,CRITICO: refuerzo inmediato
2026-08-31 13:00:00,(07005) ALQUERIA,401.32382,323.27777,478.61053,204.0,1.9672735929489136,13,389.2741935483871,Medio,1.5541428571428575,CRITICO: refuerzo inmediato
2026-08-31 14:00:00,(07005) ALQUERIA,396.93945,324.1256,472.31097,204.0,1.9457815885543823,14,427.741935483871,Medio,1.5630476190476192,CRITICO: refuerzo inmediato
2026-08-31 15:00:00,(07005) ALQUERIA,386.435,316.08582,461.1756,204.0,1.894289255142212,15,360.14516129032256,Medio,1.5310952380952383,CRITICO: refuerzo inmediato
2026-08-31 16:00:00,(07005) ALQUERIA,493.86536,395.43616,583.7052,204.0,2.4209086894989014,16,417.61290322580646,Medio,1.5093571428571428,CRITICO: refuerzo inmediato
2026-08-31 17:00:00,(07005) ALQUERIA,661.0945,530.11066,760.6582,204.0,3.240659236907959,17,551.1451612903226,Medio,1.347761904761905,CRITICO: refuerzo inmediato
2026-08-31 18:00:00,(07005) ALQUERIA,475.27356,383.01086,559.0109,204.0,2.3297722339630127,18,389.5,Medio,1.303761904761905,CRITICO: refuerzo inmediato
2026-08-31 19:00:00,(07005) ALQUERIA,238.392,185.86513,301.7278,204.0,1.1685882806777954,19,231.61290322580646,Bajo,1.217142857142857,CRITICO: refuerzo inmediato
2026-08-31 20:00:00,(07005) ALQUERIA,131.82147,91.211685,185.47769,204.0,0.6461836695671082,20,131.82258064516128,Bajo,1.3114285714285714,Normal
2026-08-31 21:00:00,(07005) ALQUERIA,51.35829,26.346695,87.54808,204.0,0.25175634026527405,21,61.0,Bajo,1.8652380952380954,Normal
2026-08-31 22:00:00,(07005) ALQUERIA,10.002029,0.0,30.36412,204.0,0.049029555171728134,22,15.186440677966102,Bajo,2.6805,Normal
2026-08-31 23:00:00,(07005) ALQUERIA,0.0,0.0,14.110565,204.0,0.0,23,1.6774193548387097,Bajo,4.8017391304347825,Normal
2026-08-31 00:00:00,(07006) General Santander,0.0,0.0,2.2549744,404.0,0.0,0,1.0,Bajo,,Normal
2026-08-31 01:00:00,(07006) General Santander,0.0,0.0,12.478668,404.0,0.0,1,,Bajo,,Normal
2026-08-31 02:00:00,(07006) General Santander,0.0,0.0,15.055725,404.0,0.0,2,,Bajo,,Normal
2026-08-31 03:00:00,(07006) General Santander,38.500687,0.0,78.56691,404.0,0.09529872983694077,3,2.9454545454545453,Bajo,10.714054054054055,Normal
2026-08-31 04:00:00,(07006) General Santander,242.28279,148.07027,331.5821,404.0,0.5997098684310913,4,189.8709677419355,Bajo,1.1130952380952381,Normal
2026-08-31 05:00:00,(07006) General Santander,894.94147,656.3176,1058.1946,404.0,2.2152016162872314,5,665.3064516129032,Medio,0.48871428571428577,CRITICO: refuerzo inmediato
2026-08-31 06:00:00,(07006) General Santander,1372.8567,990.3457,1602.7583,404.0,3.398160219192505,6,1055.5967741935483,Medio,0.36326190476190484,CRITICO: refuerzo inmediato
2026-08-31 07:00:00,(07006) General Santander,900.35406,646.7853,1064.56,404.0,2.2285990715026855,7,727.983870967742,Medio,0.3687619047619048,CRITICO: refuerzo inmediato
2026-08-31 08:00:00,(07006) General Santander,562.4719,389.34656,682.26965,404.0,1.3922572135925293,8,477.43548387096774,Medio,0.4185238095238096,CRITICO: refuerzo inmediato
2026-08-31 09:00:00,(07006) General Santander,391.63568,268.30295,477.57428,404.0,0.9693952798843384,9,355.241935483871,Bajo,0.45714285714285713,CRITICO: refuerzo inmediato
2026-08-31 10:00:00,(07006) General Santander,276.13892,187.20776,349.429,404.0,0.6835121512413025,10,276.53225806451616,Bajo,0.5161904761904762,Normal
2026-08-31 11:00:00,(07006) General Santander,251.23994,177.16542,322.5036,404.0,0.6218810677528381,11,256.69354838709677,Bajo,0.51,Normal
2026-08-31 12:00:00,(07006) General Santander,253.57031,184.73488,323.3229,404.0,0.6276493072509766,12,263.66129032258067,Bajo,0.5119047619047619,Normal
2026-08-31 13:00:00,(07006) General Santander,233.44725,175.71313,296.49146,404.0,0.577839732170105,13,243.08064516129033,Bajo,0.49833333333333335,Normal
2026-08-31 14:00:00,(07006) General Santander,211.57506,166.78688,266.03894,404.0,0.5237006545066833,14,229.2741935483871,Bajo,0.49976190476190474,Normal
2026-08-31 15:00:00,(07006) General Santander,247.93915,191.87143,315.36862,404.0,0.6137107610702515,15,236.83870967741936,Bajo,0.4695238095238095,Normal
2026-08-31 16:00:00,(07006) General Santander,384.5271,286.3492,480.48944,404.0,0.951799750328064,16,319.0,Bajo,0.42857142857142855,CRITICO: refuerzo inmediato
2026-08-31 17:00:00,(07006) General Santander,467.81952,359.15472,572.03613,404.0,1.1579691171646118,17,413.1774193548387,Bajo,0.37547619047619046,CRITICO: refuerzo inmediato
2026-08-31 18:00:00,(07006) General Santander,368.93088,280.71118,464.58673,404.0,0.9131952524185181,18,338.46774193548384,Bajo,0.36619047619047623,CRITICO: refuerzo inmediato
2026-08-31 19:00:00,(07006) General Santander,222.46637,166.40489,298.46753,404.0,0.5506593585014343,19,237.40322580645162,Bajo,0.3954761904761905,Normal
2026-08-31 20:00:00,(07006) General Santander,101.58754,59.875473,174.47711,404.0,0.25145429372787476,20,150.90322580645162,Bajo,0.45928571428571424,Normal
2026-08-31 21:00:00,(07006) General Santander,34.667328,5.4155884,88.90369,404.0,0.08581021428108215,21,75.6774193548387,Bajo,0.5533333333333333,Normal
2026-08-31 22:00:00,(07006) General Santander,0.3326416,0.0,31.88359,404.0,0.0008233702974393964,22,26.758064516129032,Bajo,0.7259523809523809,Normal
2026-08-31 23:00:00,(07006) General Santander,0.0,0.0,18.77008,404.0,0.0,23,2.911111111111111,Bajo,1.835,Normal
2026-08-31 00:00:00,(07007) Cl38A sur - CENTRO MAYOR,0.0,0.0,3.7112732,212.0,0.0,0,1.5,Bajo,,Normal
2026-08-31 01:00:00,(07007) Cl38A sur - CENTRO MAYOR,0.0,0.0,0.0,212.0,0.0,1,,Bajo,,Normal
2026-08-31 02:00:00,(07007) Cl38A sur - CENTRO MAYOR,0.0,0.0,0.70721436,212.0,0.0,2,,Bajo,,Normal
2026-08-31 03:00:00,(07007) Cl38A sur - CENTRO MAYOR,0.0,0.0,8.389206,212.0,0.0,3,1.0,Bajo,,Normal
2026-08-31 04:00:00,(07007) Cl38A sur - CENTRO MAYOR,1.1055756,0.0,20.515152,212.0,0.005214978940784931,4,13.183673469387756,Bajo,4.619999999999999,Normal
2026-08-31 05:00:00,(07007) Cl38A sur - CENTRO MAYOR,144.46208,100.36612,190.0179,212.0,0.6814249157905579,5,101.77551020408163,Bajo,1.2713793103448277,Normal
2026-08-31 06:00:00,(07007) Cl38A sur - CENTRO MAYOR,392.3366,299.67905,464.26898,212.0,1.8506443500518799,6,274.8979591836735,Medio,1.167896551724138,CRITICO: refuerzo inmediato
2026-08-31 07:00:00,(07007) Cl38A sur - CENTRO MAYOR,351.75812,282.94748,414.55356,212.0,1.6592364311218262,7,276.2857142857143,Medio,1.156896551724138,CRITICO: refuerzo inmediato
2026-08-31 08:00:00,(07007) Cl38A sur - CENTRO MAYOR,283.05176,226.54439,341.28967,212.0,1.3351497650146484,8,244.69387755102042,Medio,1.113655172413793,CRITICO: refuerzo inmediato
2026-08-31 09:00:00,(07007) Cl38A sur - CENTRO MAYOR,285.4402,226.14102,346.16675,212.0,1.3464159965515137,9,272.2244897959184,Medio,1.287,CRITICO: refuerzo inmediato
2026-08-31 10:00:00,(07007) Cl38A sur - CENTRO MAYOR,293.77075,231.10553,361.31,212.0,1.3857110738754272,10,286.9387755102041,Medio,1.565793103448276,CRITICO: refuerzo inmediato
2026-08-31 11:00:00,(07007) Cl38A sur - CENTRO MAYOR,322.71942,255.95947,394.92352,212.0,1.522261381149292,11,324.9387755102041,Medio,1.5824827586206898,CRITICO: refuerzo inmediato
2026-08-31 12:00:00,(07007) Cl38A sur - CENTRO MAYOR,349.88477,280.17703,425.0568,212.0,1.6503998041152954,12,373.48979591836735,Medio,1.597655172413793,CRITICO: refuerzo inmediato
2026-08-31 13:00:00,(07007) Cl38A sur - CENTRO MAYOR,367.99542,298.69498,446.62134,212.0,1.7358274459838867,13,410.59183673469386,Medio,1.5938620689655172,CRITICO: refuerzo inmediato
2026-08-31 14:00:00,(07007) Cl38A sur - CENTRO MAYOR,381.18927,313.7862,459.0932,212.0,1.7980625629425049,14,419.38775510204084,Medio,1.5396206896551723,CRITICO: refuerzo inmediato
2026-08-31 15:00:00,(07007) Cl38A sur - CENTRO MAYOR,433.25635,357.6844,523.4087,212.0,2.0436620712280273,15,462.7959183673469,Medio,1.3746206896551727,CRITICO: refuerzo inmediato
2026-08-31 16:00:00,(07007) Cl38A sur - CENTRO MAYOR,522.811,425.96973,622.6562,212.0,2.4660894870758057,16,535.6122448979592,Medio,1.2672758620689657,CRITICO: refuerzo inmediato
2026-08-31 17:00:00,(07007) Cl38A sur - CENTRO MAYOR,601.7296,494.15378,701.83826,212.0,2.8383471965789795,17,644.8125,Medio,1.1933103448275864,CRITICO: refuerzo inmediato
2026-08-31 18:00:00,(07007) Cl38A sur - CENTRO MAYOR,552.46204,463.5855,639.1236,212.0,2.6059529781341553,18,629.0625,Medio,1.1527241379310345,CRITICO: refuerzo inmediato
2026-08-31 19:00:00,(07007) Cl38A sur - CENTRO MAYOR,478.83704,409.13684,554.76105,212.0,2.2586653232574463,19,558.7551020408164,Medio,1.2122758620689655,CRITICO: refuerzo inmediato
2026-08-31 20:00:00,(07007) Cl38A sur - CENTRO MAYOR,387.0868,323.95416,457.30615,212.0,1.8258811235427856,20,460.46938775510205,Medio,1.3897931034482762,CRITICO: refuerzo inmediato
2026-08-31 21:00:00,(07007) Cl38A sur - CENTRO MAYOR,188.33093,152.42345,244.12413,212.0,0.8883534669876099,21,251.46938775510205,Bajo,1.6286206896551725,ALTO: considerar refuerzo
2026-08-31 22:00:00,(07007) Cl38A sur - CENTRO MAYOR,17.501099,8.385742,46.59909,212.0,0.08255235105752945,22,66.22448979591837,Bajo,1.916896551724138,Normal
2026-08-31 23:00:00,(07007) Cl38A sur - CENTRO MAYOR,0.0,0.0,12.117645,212.0,0.0,23,3.4444444444444446,Bajo,5.950434782608695,Normal
2026-08-31 00:00:00,(07008) NQS - Calle 30 Sur,0.0,0.0,0.0,232.0,0.0,0,,Bajo,,Normal
2026-08-31 01:00:00,(07008) NQS - Calle 30 Sur,0.0,0.0,0.0,232.0,0.0,1,,Bajo,,Normal
2026-08-31 02:00:00,(07008) NQS - Calle 30 Sur,0.0,0.0,1.4408112,232.0,0.0,2,,Bajo,,Normal
2026-08-31 03:00:00,(07008) NQS - Calle 30 Sur,0.0,0.0,14.016647,232.0,0.0,3,1.0,Bajo,,Normal
2026-08-31 04:00:00,(07008) NQS - Calle 30 Sur,34.352432,10.162704,60.090378,232.0,0.148070827126503,4,32.88709677419355,Bajo,6.346666666666667,Normal
2026-08-31 05:00:00,(07008) NQS - Calle 30 Sur,235.26685,171.98187,286.58148,232.0,1.0140812397003174,5,182.03225806451613,Bajo,1.5304761904761905,CRITICO: refuerzo inmediato
2026-08-31 06:00:00,(07008) NQS - Calle 30 Sur,534.2574,402.57416,618.9866,232.0,2.3028335571289062,6,419.741935483871,Medio,1.340952380952381,CRITICO: refuerzo inmediato
2026-08-31 07:00:00,(07008) NQS - Calle 30 Sur,486.0114,380.27637,553.03394,232.0,2.094876766204834,7,379.33870967741933,Medio,1.3152857142857144,CRITICO: refuerzo inmediato
2026-08-31 08:00:00,(07008) NQS - Calle 30 Sur,338.3078,260.28366,396.01202,232.0,1.4582232236862183,8,285.741935483871,Medio,1.3475000000000001,CRITICO: refuerzo inmediato
2026-08-31 09:00:00,(07008) NQS - Calle 30 Sur,287.68314,222.19632,337.84564,232.0,1.2400134801864624,9,243.88709677419354,Medio,1.4949523809523813,CRITICO: refuerzo inmediato
2026-08-31 10:00:00,(07008) NQS - Calle 30 Sur,239.35994,183.95642,289.43268,232.0,1.0317238569259644,10,234.11290322580646,Bajo,1.4011904761904763,CRITICO: refuerzo inmediato
2026-08-31 11:00:00,(07008) NQS - Calle 30 Sur,226.12413,176.09248,275.05438,232.0,0.9746729731559753,11,208.69354838709677,Bajo,1.4223809523809525,CRITICO: refuerzo inmediato
2026-08-31 12:00:00,(07008) NQS - Calle 30 Sur,241.46059,191.03973,292.1679,232.0,1.040778398513794,12,239.38709677419354,Bajo,1.418095238095238,CRITICO: refuerzo inmediato
2026-08-31 13:00:00,(07008) NQS - Calle 30 Sur,240.84055,190.16797,292.20105,232.0,1.038105845451355,13,234.6290322580645,Bajo,1.3795238095238094,CRITICO: refuerzo inmediato
2026-08-31 14:00:00,(07008) NQS - Calle 30 Sur,199.36111,158.60616,244.34126,232.0,0.8593151569366455,14,211.20967741935485,Bajo,1.4147619047619049,ALTO: considerar refuerzo
2026-08-31 15:00:00,(07008) NQS - Calle 30 Sur,210.70901,166.44635,261.2222,232.0,0.9082285165786743,15,202.16129032258064,Bajo,1.3828571428571428,CRITICO: refuerzo inmediato
2026-08-31 16:00:00,(07008) NQS - Calle 30 Sur,361.06567,277.46365,427.38776,232.0,1.5563175678253174,16,287.69354838709677,Medio,1.5064761904761907,CRITICO: refuerzo inmediato
2026-08-31 17:00:00,(07008) NQS - Calle 30 Sur,511.61523,397.05713,590.8675,232.0,2.205238103866577,17,423.60655737704917,Medio,1.3655714285714289,CRITICO: refuerzo inmediato
2026-08-31 18:00:00,(07008) NQS - Calle 30 Sur,349.37863,277.91052,411.6343,232.0,1.5059423446655273,18,291.8524590163934,Medio,1.271547619047619,CRITICO: refuerzo inmediato
2026-08-31 19:00:00,(07008) NQS - Calle 30 Sur,173.52647,136.02028,219.30124,232.0,0.7479589581489563,19,168.83870967741936,Bajo,1.2257142857142855,ALTO: considerar refuerzo
2026-08-31 20:00:00,(07008) NQS - Calle 30 Sur,96.59579,65.275696,138.04147,232.0,0.41636115312576294,20,96.12903225806451,Bajo,1.3604761904761904,Normal
2026-08-31 21:00:00,(07008) NQS - Calle 30 Sur,50.3257,25.46054,86.58285,232.0,0.2169211208820343,21,73.3225806451613,Bajo,1.8628571428571428,Normal
2026-08-31 22:00:00,(07008) NQS - Calle 30 Sur,11.110062,0.0,33.872345,232.0,0.047888197004795074,22,17.5,Bajo,2.675714285714286,Normal
2026-08-31 23:00:00,(07008) NQS - Calle 30 Sur,0.0,0.0,7.510086,232.0,0.0,23,2.2916666666666665,Bajo,4.6325,Normal
2026-08-31 00:00:00,(07010) Bosa,0.0,0.0,13.890015,272.0,0.0,0,,Bajo,,Normal
2026-08-31 01:00:00,(07010) Bosa,2.5251465,0.0,40.652283,272.0,0.009283626452088356,1,,Bajo,,Normal
2026-08-31 02:00:00,(07010) Bosa,0.007598877,0.0,32.820038,272.0,2.7937046979786828e-05,2,,Bajo,,Normal
2026-08-31 03:00:00,(07010) Bosa,67.800446,0.0,144.78009,272.0,0.2492663413286209,3,5.916666666666667,Bajo,,Normal
2026-08-31 04:00:00,(07010) Bosa,560.5334,314.7897,789.6099,272.0,2.0607845783233643,4,469.5806451612903,Medio,2.4252380952380954,CRITICO: refuerzo inmediato
2026-08-31 05:00:00,(07010) Bosa,1905.029,1280.8152,2325.3733,272.0,7.003783226013184,5,1541.467741935484,Alto,1.590952380952381,CRITICO: refuerzo inmediato
2026-08-31 06:00:00,(07010) Bosa,2251.993,1537.7173,2707.9146,272.0,8.279385566711426,6,1785.8064516129032,Alto,1.2037380952380954,CRITICO: refuerzo inmediato
2026-08-31 07:00:00,(07010) Bosa,1546.7224,1036.3871,1867.0977,272.0,5.686479568481445,7,1334.4754098360656,Alto,1.3215609756097562,CRITICO: refuerzo inmediato
2026-08-31 08:00:00,(07010) Bosa,966.80035,605.8342,1194.4569,272.0,3.554413080215454,8,784.1451612903226,Medio,1.2613333333333332,CRITICO: refuerzo inmediato
2026-08-31 09:00:00,(07010) Bosa,573.6179,331.60788,729.3125,272.0,2.10888934135437,9,479.43548387096774,Medio,1.5352857142857144,CRITICO: refuerzo inmediato
2026-08-31 10:00:00,(07010) Bosa,387.10803,214.8674,512.424,272.0,1.4231913089752197,10,361.96774193548384,Medio,1.9388809523809527,CRITICO: refuerzo inmediato
2026-08-31 11:00:00,(07010) Bosa,348.9677,218.16049,469.66882,272.0,1.2829694747924805,11,345.83870967741933,Medio,1.9428095238095238,CRITICO: refuerzo inmediato
2026-08-31 12:00:00,(07010) Bosa,321.235,206.30406,440.40152,272.0,1.1810109615325928,12,326.5483870967742,Bajo,1.8173809523809523,CRITICO: refuerzo inmediato
2026-08-31 13:00:00,(07010) Bosa,249.30344,160.64355,349.10214,272.0,0.9165567755699158,13,288.80645161290323,Bajo,1.7302380952380954,CRITICO: refuerzo inmediato
2026-08-31 14:00:00,(07010) Bosa,207.4978,139.11421,293.34866,272.0,0.762859582901001,14,224.61290322580646,Bajo,1.7452380952380953,ALTO: considerar refuerzo
2026-08-31 15:00:00,(07010) Bosa,251.11209,165.87881,350.7443,272.0,0.9232062101364136,15,257.4193548387097,Bajo,1.5002380952380951,CRITICO: refuerzo inmediato
2026-08-31 16:00:00,(07010) Bosa,322.73016,216.93933,455.0718,272.0,1.1865079402923584,16,293.64516129032256,Bajo,1.1952380952380952,CRITICO: refuerzo inmediato
2026-08-31 17:00:00,(07010) Bosa,288.14005,195.77393,420.1175,272.0,1.0593384504318237,17,276.2096774193548,Bajo,1.0097619047619046,CRITICO: refuerzo inmediato
2026-08-31 18:00:00,(07010) Bosa,190.71288,114.007904,315.86118,272.0,0.7011502981185913,18,187.82258064516128,Bajo,0.9611904761904762,ALTO: considerar refuerzo
2026-08-31 19:00:00,(07010) Bosa,106.88394,62.05014,205.82668,272.0,0.3929556608200073,19,136.38709677419354,Bajo,0.9840476190476191,Normal
2026-08-31 20:00:00,(07010) Bosa,70.6485,26.380463,166.85251,272.0,0.25973713397979736,20,101.88709677419355,Bajo,1.3152380952380953,Normal
2026-08-31 21:00:00,(07010) Bosa,30.593506,0.0,101.70114,272.0,0.11247612535953522,21,54.0,Bajo,2.0366666666666666,Normal
2026-08-31 22:00:00,(07010) Bosa,7.5840454,0.0,63.25525,272.0,0.027882520109415054,22,16.741935483870968,Bajo,3.6426190476190476,Normal
2026-08-31 23:00:00,(07010) Bosa,2.1760864,0.0,57.90683,272.0,0.008000317960977554,23,1.9090909090909092,Bajo,7.744,Normal
2026-08-31 00:00:00,(07101) CASTELLANA,0.0,0.0,0.0,232.0,0.0,0,,Bajo,,Normal
2026-08-31 01:00:00,(07101) CASTELLANA,0.0,0.0,0.0,232.0,0.0,1,,Bajo,,Normal
2026-08-31 02:00:00,(07101) CASTELLANA,0.0,0.0,4.5155487,232.0,0.0,2,,Bajo,,Normal
2026-08-31 03:00:00,(07101) CASTELLANA,0.0,0.0,5.1106873,232.0,0.0,3,,Bajo,,Normal
2026-08-31 04:00:00,(07101) CASTELLANA,6.0583344,0.0,38.1969,232.0,0.026113510131835938,4,8.125,Bajo,4.965263157894737,Normal
2026-08-31 05:00:00,(07101) CASTELLANA,68.79606,29.999512,124.736534,232.0,0.2965347468852997,5,63.725806451612904,Bajo,1.033095238095238,Normal
2026-08-31 06:00:00,(07101) CASTELLANA,130.82904,79.06886,197.03827,232.0,0.5639182925224304,6,118.59677419354838,Bajo,0.7157142857142857,Normal
2026-08-31 07:00:00,(07101) CASTELLANA,132.838,82.92946,195.20663,232.0,0.5725775957107544,7,92.90322580645162,Bajo,0.6757142857142857,Normal
2026-08-31 08:00:00,(07101) CASTELLANA,117.28324,75.478905,169.1018,232.0,0.5055311918258667,8,98.79032258064517,Bajo,0.7333333333333334,Normal
2026-08-31 09:00:00,(07101) CASTELLANA,122.539635,78.76901,172.7195,232.0,0.5281881093978882,9,105.19354838709677,Bajo,0.8792857142857142,Normal
2026-08-31 10:00:00,(07101) CASTELLANA,125.87491,79.47946,181.54137,232.0,0.5425642728805542,10,119.62903225806451,Bajo,0.9357142857142856,Normal
2026-08-31 11:00:00,(07101) CASTELLANA,134.63672,83.96776,192.45534,232.0,0.5803306698799133,11,148.69354838709677,Bajo,0.9519047619047618,Normal
2026-08-31 12:00:00,(07101) CASTELLANA,182.24278,115.10741,254.47185,232.0,0.7855292558670044,12,187.38709677419354,Bajo,0.9445238095238095,ALTO: considerar refuerzo
2026-08-31 13:00:00,(07101) CASTELLANA,251.64941,161.13052,332.45554,232.0,1.0846956968307495,13,245.33870967741936,Bajo,0.9376190476190477,CRITICO: refuerzo inmediato
2026-08-31 14:00:00,(07101) CASTELLANA,349.016,234.58089,450.86633,232.0,1.5043792724609375,14,284.01612903225805,Medio,1.0400238095238097,CRITICO: refuerzo inmediato
2026-08-31 15:00:00,(07101) CASTELLANA,525.7638,353.40616,686.6353,232.0,2.266223192214966,15,373.16129032258067,Medio,1.0290238095238096,CRITICO: refuerzo inmediato
2026-08-31 16:00:00,(07101) CASTELLANA,1037.3431,701.4899,1285.8475,232.0,4.471306800842285,16,666.3225806451613,Medio,0.9245238095238097,CRITICO: refuerzo inmediato
2026-08-31 17:00:00,(07101) CASTELLANA,1419.8593,959.4743,1741.3324,232.0,6.120082855224609,17,938.4516129032259,Alto,0.9124761904761906,CRITICO: refuerzo inmediato
2026-08-31 18:00:00,(07101) CASTELLANA,883.6963,581.5937,1156.8882,232.0,3.8090357780456543,18,599.8709677419355,Medio,0.8412380952380953,CRITICO: refuerzo inmediato
2026-08-31 19:00:00,(07101) CASTELLANA,344.18698,200.35777,520.3877,232.0,1.4835646152496338,19,294.30645161290323,Medio,1.0465714285714287,CRITICO: refuerzo inmediato
2026-08-31 20:00:00,(07101) CASTELLANA,111.23231,46.656265,209.9094,232.0,0.479449599981308,20,83.61290322580645,Bajo,1.1433333333333333,Normal
2026-08-31 21:00:00,(07101) CASTELLANA,15.90509,0.0,70.16547,232.0,0.06855642050504684,21,26.774193548387096,Bajo,1.8014285714285714,Normal
2026-08-31 22:00:00,(07101) CASTELLANA,8.861359,0.0,39.67032,232.0,0.03819551318883896,22,14.057692307692308,Bajo,1.9908333333333335,Normal
2026-08-31 23:00:00,(07101) CASTELLANA,0.0,0.0,14.180511,232.0,0.0,23,1.5714285714285714,Bajo,4.145,Normal
2026-08-31 00:00:00,(07102) NQS Calle 75,0.0,0.0,0.0,272.0,0.0,0,,Bajo,,Normal
2026-08-31 01:00:00,(07102) NQS Calle 75,0.0,0.0,0.0,272.0,0.0,1,,Bajo,,Normal
2026-08-31 02:00:00,(07102) NQS Calle 75,0.0,0.0,4.543915,272.0,0.0,2,,Bajo,,Normal
2026-08-31 03:00:00,(07102) NQS Calle 75,0.0,0.0,4.6639404,272.0,0.0,3,,Bajo,,Normal
2026-08-31 04:00:00,(07102) NQS Calle 75,1.4635315,0.0,29.720108,272.0,0.0053806304931640625,4,6.583333333333333,Bajo,3.3435,Normal
2026-08-31 05:00:00,(07102) NQS Calle 75,61.410492,29.653214,111.12903,272.0,0.2257738709449768,5,54.91935483870968,Bajo,0.6228571428571429,Normal
2026-08-31 06:00:00,(07102) NQS Calle 75,136.30008,90.97836,200.86531,272.0,0.5011032223701477,6,113.41935483870968,Bajo,0.4538095238095238,Normal
2026-08-31 07:00:00,(07102) NQS Calle 75,148.97235,103.04233,209.24628,272.0,0.5476924777030945,7,101.3225806451613,Bajo,0.4430952380952381,Normal
2026-08-31 08:00:00,(07102) NQS Calle 75,135.82077,96.89218,185.8878,272.0,0.49934107065200806,8,99.41935483870968,Bajo,0.4695238095238095,Normal
2026-08-31 09:00:00,(07102) NQS Calle 75,130.70192,93.00305,177.94225,272.0,0.4805217683315277,9,109.08064516129032,Bajo,0.5497619047619048,Normal
2026-08-31 10:00:00,(07102) NQS Calle 75,132.06361,93.199615,182.1836,272.0,0.48552799224853516,10,116.56451612903226,Bajo,0.6004761904761905,Normal
2026-08-31 11:00:00,(07102) NQS Calle 75,154.32933,108.45583,209.36855,272.0,0.5673872232437134,11,154.1290322580645,Bajo,0.5983333333333334,Normal
2026-08-31 12:00:00,(07102) NQS Calle 75,210.687,147.22517,285.50296,272.0,0.7745845317840576,12,216.29032258064515,Bajo,0.5778571428571428,ALTO: considerar refuerzo
2026-08-31 13:00:00,(07102) NQS Calle 75,270.97037,188.55022,353.30652,272.0,0.9962145686149597,13,261.33870967741933,Bajo,0.5821428571428572,CRITICO: refuerzo inmediato
2026-08-31 14:00:00,(07102) NQS Calle 75,371.8485,266.40097,478.56323,272.0,1.367090106010437,14,316.0806451612903,Medio,0.642452380952381,CRITICO: refuerzo inmediato
2026-08-31 15:00:00,(07102) NQS Calle 75,579.86914,409.56976,750.49164,272.0,2.1318719387054443,15,409.7741935483871,Medio,0.6243809523809524,CRITICO: refuerzo inmediato
2026-08-31 16:00:00,(07102) NQS Calle 75,1115.696,774.19385,1373.653,272.0,4.101823806762695,16,730.4193548387096,Medio,0.5754047619047619,CRITICO: refuerzo inmediato
2026-08-31 17:00:00,(07102) NQS Calle 75,1466.8246,1010.16254,1797.0883,272.0,5.39273738861084,17,937.1774193548387,Alto,0.6134761904761905,CRITICO: refuerzo inmediato
2026-08-31 18:00:00,(07102) NQS Calle 75,1000.5946,677.7604,1291.0671,272.0,3.678656578063965,18,682.6129032258065,Medio,0.5253809523809524,CRITICO: refuerzo inmediato
2026-08-31 19:00:00,(07102) NQS Calle 75,432.87613,267.82578,633.518,272.0,1.591456413269043,19,328.1774193548387,Medio,0.6123333333333334,CRITICO: refuerzo inmediato
2026-08-31 20:00:00,(07102) NQS Calle 75,192.53383,105.39642,319.26428,272.0,0.7078449726104736,20,157.29032258064515,Bajo,0.6495238095238095,ALTO: considerar refuerzo
2026-08-31 21:00:00,(07102) NQS Calle 75,69.314255,16.786652,151.08476,272.0,0.25483182072639465,21,77.40322580645162,Bajo,0.7402380952380953,Normal
2026-08-31 22:00:00,(07102) NQS Calle 75,24.433685,0.0,68.88104,272.0,0.08982972800731659,22,23.396551724137932,Bajo,1.028780487804878,Normal
2026-08-31 23:00:00,(07102) NQS Calle 75,0.0,0.0,16.319504,272.0,0.0,23,1.875,Bajo,2.0954545454545457,Normal
2026-08-31 00:00:00,(07103) AV. CHILE,0.0,0.0,0.0,344.0,0.0,0,,Bajo,,Normal
2026-08-31 01:00:00,(07103) AV. CHILE,0.0,0.0,0.0,344.0,0.0,1,,Bajo,,Normal
2026-08-31 02:00:00,(07103) AV. CHILE,0.0,0.0,2.0665894,344.0,0.0,2,,Bajo,,Normal
2026-08-31 03:00:00,(07103) AV. CHILE,0.0,0.0,11.359192,344.0,0.0,3,1.0,Bajo,,Normal
2026-08-31 04:00:00,(07103) AV. CHILE,0.0,0.0,30.35254,344.0,0.0,4,11.333333333333334,Bajo,6.03390243902439,Normal
2026-08-31 05:00:00,(07103) AV. CHILE,136.90393,76.99274,223.46288,344.0,0.3979765474796295,5,111.2258064516129,Bajo,0.6554761904761905,Normal
2026-08-31 06:00:00,(07103) AV. CHILE,359.45117,254.32256,490.2607,344.0,1.0449161529541016,6,312.98387096774195,Bajo,0.41690476190476194,CRITICO: refuerzo inmediato
2026-08-31 07:00:00,(07103) AV. CHILE,454.17944,334.81732,593.97845,344.0,1.320289134979248,7,354.64516129032256,Medio,0.44523809523809527,CRITICO: refuerzo inmediato
2026-08-31 08:00:00,(07103) AV. CHILE,417.42294,317.745,532.82544,344.0,1.2134387493133545,8,325.48387096774195,Medio,0.4782380952380953,CRITICO: refuerzo inmediato
2026-08-31 09:00:00,(07103) AV. CHILE,386.72266,294.73175,497.65396,344.0,1.124193787574768,9,349.51612903225805,Bajo,0.5004761904761905,CRITICO: refuerzo inmediato
2026-08-31 10:00:00,(07103) AV. CHILE,391.56497,299.53668,506.01654,344.0,1.1382702589035034,10,384.03225806451616,Bajo,0.5292857142857142,CRITICO: refuerzo inmediato
2026-08-31 11:00:00,(07103) AV. CHILE,495.89853,379.79587,619.7189,344.0,1.4415655136108398,11,450.69354838709677,Medio,0.5864047619047619,CRITICO: refuerzo inmediato
2026-08-31 12:00:00,(07103) AV. CHILE,663.8674,497.17203,833.7976,344.0,1.929847002029419,12,641.9193548387096,Medio,0.5882380952380953,CRITICO: refuerzo inmediato
2026-08-31 13:00:00,(07103) AV. CHILE,719.29956,533.9056,888.1145,344.0,2.090987205505371,13,698.7741935483871,Medio,0.5809047619047619,CRITICO: refuerzo inmediato
2026-08-31 14:00:00,(07103) AV. CHILE,740.5555,559.6074,915.8008,344.0,2.152777671813965,14,680.1290322580645,Medio,0.5843095238095238,CRITICO: refuerzo inmediato
2026-08-31 15:00:00,(07103) AV. CHILE,1032.5562,754.7959,1327.4655,344.0,3.0016167163848877,15,802.5645161290323,Medio,0.561,CRITICO: refuerzo inmediato
2026-08-31 16:00:00,(07103) AV. CHILE,2150.6287,1520.5287,2606.945,344.0,6.251827716827393,16,1501.0483870967741,Alto,0.6370000000000001,CRITICO: refuerzo inmediato
2026-08-31 17:00:00,(07103) AV. CHILE,2611.0366,1832.9596,3152.6912,344.0,7.5902228355407715,17,1883.016129032258,Alto,0.5639523809523809,CRITICO: refuerzo inmediato
2026-08-31 18:00:00,(07103) AV. CHILE,1541.193,1052.003,1989.3027,344.0,4.480212211608887,18,1150.3064516129032,Medio,0.4871428571428572,CRITICO: refuerzo inmediato
2026-08-31 19:00:00,(07103) AV. CHILE,656.9213,417.7453,940.2726,344.0,1.909654974937439,19,631.2258064516129,Medio,0.5547142857142857,CRITICO: refuerzo inmediato
2026-08-31 20:00:00,(07103) AV. CHILE,235.0319,115.17929,399.62494,344.0,0.683232307434082,20,224.11290322580646,Bajo,0.5852380952380952,Normal
2026-08-31 21:00:00,(07103) AV. CHILE,56.962555,0.0,156.7587,344.0,0.16558882594108582,21,100.70967741935483,Bajo,0.672142857142857,Normal
2026-08-31 22:00:00,(07103) AV. CHILE,28.0914,0.0,81.54889,344.0,0.08166104555130005,22,31.033333333333335,Bajo,0.9436585365853658,Normal
2026-08-31 23:00:00,(07103) AV. CHILE,1.2621155,0.0,20.580017,344.0,0.003668940393254161,23,2.074074074074074,Bajo,2.032,Normal
2026-08-31 00:00:00,(07104) 7 de Agosto,0.0,0.0,0.0,260.0,0.0,0,,Bajo,,Normal
2026-08-31 01:00:00,(07104) 7 de Agosto,0.0,0.0,0.0,260.0,0.0,1,,Bajo,,Normal
2026-08-31 02:00:00,(07104) 7 de Agosto,0.0,0.0,13.638062,260.0,0.0,2,,Bajo,,Normal
2026-08-31 03:00:00,(07104) 7 de Agosto,0.0,0.0,15.506409,260.0,0.0,3,,Bajo,,Normal
2026-08-31 04:00:00,(07104) 7 de Agosto,13.377411,0.0,61.476776,260.0,0.05145157873630524,4,17.403225806451612,Bajo,1.9780952380952381,Normal
2026-08-31 05:00:00,(07104) 7 de Agosto,132.03593,65.30289,221.51212,260.0,0.5078305006027222,5,107.16129032258064,Bajo,0.505,Normal
2026-08-31 06:00:00,(07104) 7 de Agosto,355.96243,256.70792,469.56635,260.0,1.3690862655639648,6,263.6774193548387,Medio,0.44785714285714295,CRITICO: refuerzo inmediato
2026-08-31 07:00:00,(07104) 7 de Agosto,393.11185,296.72964,492.93823,260.0,1.5119686126708984,7,283.56451612903226,Medio,0.4410476190476191,CRITICO: refuerzo inmediato
2026-08-31 08:00:00,(07104) 7 de Agosto,374.5921,288.67108,464.53598,260.0,1.4407387971878052,8,250.7258064516129,Medio,0.46357142857142863,CRITICO: refuerzo inmediato
2026-08-31 09:00:00,(07104) 7 de Agosto,354.51752,276.72086,448.8075,260.0,1.3635289669036865,9,287.53225806451616,Medio,0.5468571428571428,CRITICO: refuerzo inmediato
2026-08-31 10:00:00,(07104) 7 de Agosto,392.64627,305.82925,496.49994,260.0,1.5101779699325562,10,322.03225806451616,Medio,0.5630952380952381,CRITICO: refuerzo inmediato
2026-08-31 11:00:00,(07104) 7 de Agosto,524.03015,397.83932,664.41705,260.0,2.015500545501709,11,418.8709677419355,Medio,0.5735714285714285,CRITICO: refuerzo inmediato
2026-08-31 12:00:00,(07104) 7 de Agosto,709.891,537.416,890.72864,260.0,2.7303500175476074,12,620.3225806451613,Medio,0.5594285714285715,CRITICO: refuerzo inmediato
2026-08-31 13:00:00,(07104) 7 de Agosto,620.6631,478.98166,785.6317,260.0,2.3871657848358154,13,503.9032258064516,Medio,0.5615238095238096,CRITICO: refuerzo inmediato
2026-08-31 14:00:00,(07104) 7 de Agosto,653.0276,517.1817,824.91895,260.0,2.5116446018218994,14,556.6774193548387,Medio,0.5649285714285714,CRITICO: refuerzo inmediato
2026-08-31 15:00:00,(07104) 7 de Agosto,853.8506,667.01636,1076.6526,260.0,3.284040689468384,15,640.6774193548387,Medio,0.5476428571428572,CRITICO: refuerzo inmediato
2026-08-31 16:00:00,(07104) 7 de Agosto,1342.7922,1030.5234,1627.6749,260.0,5.164585590362549,16,973.3225806451613,Alto,0.6215238095238095,CRITICO: refuerzo inmediato
2026-08-31 17:00:00,(07104) 7 de Agosto,1836.3386,1374.2081,2206.7166,260.0,7.062840938568115,17,1254.0967741935483,Alto,0.5655,CRITICO: refuerzo inmediato
2026-08-31 18:00:00,(07104) 7 de Agosto,1555.953,1154.5094,1908.2887,260.0,5.984434604644775,18,1142.5806451612902,Alto,0.5723095238095238,CRITICO: refuerzo inmediato
2026-08-31 19:00:00,(07104) 7 de Agosto,672.52783,461.88794,927.5735,260.0,2.5866456031799316,19,534.4516129032259,Medio,0.5570714285714287,CRITICO: refuerzo inmediato
2026-08-31 20:00:00,(07104) 7 de Agosto,303.535,202.77817,465.28268,260.0,1.1674423217773438,20,255.66129032258064,Bajo,0.5835714285714285,CRITICO: refuerzo inmediato
2026-08-31 21:00:00,(07104) 7 de Agosto,151.2996,80.9595,271.0659,260.0,0.5819215774536133,21,175.48387096774192,Bajo,0.7502380952380953,Normal
2026-08-31 22:00:00,(07104) 7 de Agosto,60.54431,10.799622,133.1693,260.0,0.23286274075508118,22,79.01639344262296,Bajo,0.9452380952380953,Normal
2026-08-31 23:00:00,(07104) 7 de Agosto,0.0,0.0,18.53357,260.0,0.0,23,6.619047619047619,Bajo,1.486,Normal
2026-08-31 00:00:00,(07105) MOVISTAR ARENA,0.0,0.0,11.402481,272.0,0.0,0,,Bajo,,Normal
2026-08-31 01:00:00,(07105) MOVISTAR ARENA,0.0,0.0,13.159317,272.0,0.0,1,,Bajo,,Normal
2026-08-31 02:00:00,(07105) MOVISTAR ARENA,0.0,0.0,16.256744,272.0,0.0,2,,Bajo,,Normal
2026-08-31 03:00:00,(07105) MOVISTAR ARENA,0.0,0.0,15.96199,272.0,0.0,3,,Bajo,,Normal
2026-08-31 04:00:00,(07105) MOVISTAR ARENA,2.0951843,0.0,32.50807,272.0,0.007702883332967758,4,7.406779661016949,Bajo,4.997692307692308,Normal
2026-08-31 05:00:00,(07105) MOVISTAR ARENA,78.75894,43.120377,129.5372,272.0,0.2895549237728119,5,58.75806451612903,Bajo,0.7904761904761903,Normal
2026-08-31 06:00:00,(07105) MOVISTAR ARENA,224.28009,164.50677,297.06674,272.0,0.8245591521263123,6,172.46774193548387,Bajo,0.5830952380952381,ALTO: considerar refuerzo
2026-08-31 07:00:00,(07105) MOVISTAR ARENA,281.5163,212.25183,355.89484,272.0,1.0349863767623901,7,196.75806451612902,Bajo,0.5678571428571428,CRITICO: refuerzo inmediato
2026-08-31 08:00:00,(07105) MOVISTAR ARENA,274.67548,213.62672,339.73013,272.0,1.0098363161087036,8,195.56451612903226,Bajo,0.6014285714285714,CRITICO: refuerzo inmediato
2026-08-31 09:00:00,(07105) MOVISTAR ARENA,270.41974,211.13936,334.1331,272.0,0.9941902160644531,9,208.83870967741936,Bajo,0.6666666666666666,CRITICO: refuerzo inmediato
2026-08-31 10:00:00,(07105) MOVISTAR ARENA,282.59818,219.73071,351.4656,272.0,1.0389639139175415,10,242.43548387096774,Bajo,0.7573809523809524,CRITICO: refuerzo inmediato
2026-08-31 11:00:00,(07105) MOVISTAR ARENA,314.24405,241.19196,390.06424,272.0,1.1553089618682861,11,281.7741935483871,Bajo,0.7571428571428571,CRITICO: refuerzo inmediato
2026-08-31 12:00:00,(07105) MOVISTAR ARENA,363.88034,278.3947,456.493,272.0,1.337795376777649,12,344.741935483871,Medio,0.8422857142857144,CRITICO: refuerzo inmediato
2026-08-31 13:00:00,(07105) MOVISTAR ARENA,392.57788,299.33304,485.5702,272.0,1.4433010816574097,13,381.7903225806452,Medio,0.8302380952380953,CRITICO: refuerzo inmediato
2026-08-31 14:00:00,(07105) MOVISTAR ARENA,449.34024,345.0606,553.8822,272.0,1.6519861221313477,14,401.35483870967744,Medio,0.8642857142857143,CRITICO: refuerzo inmediato
2026-08-31 15:00:00,(07105) MOVISTAR ARENA,589.09717,438.3451,744.43567,272.0,2.1657984256744385,15,448.5,Medio,0.7846666666666667,CRITICO: refuerzo inmediato
2026-08-31 16:00:00,(07105) MOVISTAR ARENA,1044.1647,759.83514,1266.6135,272.0,3.8388407230377197,16,790.741935483871,Medio,0.7359523809523811,CRITICO: refuerzo inmediato
2026-08-31 17:00:00,(07105) MOVISTAR ARENA,1335.274,953.9607,1616.401,272.0,4.909095764160156,17,1012.6774193548387,Alto,0.7787619047619048,CRITICO: refuerzo inmediato
2026-08-31 18:00:00,(07105) MOVISTAR ARENA,921.72485,651.913,1169.2893,272.0,3.3886942863464355,18,746.9677419354839,Medio,0.6778095238095239,CRITICO: refuerzo inmediato
2026-08-31 19:00:00,(07105) MOVISTAR ARENA,408.7457,271.43396,581.4276,272.0,1.5027415752410889,19,390.88709677419354,Medio,0.7555952380952382,CRITICO: refuerzo inmediato
2026-08-31 20:00:00,(07105) MOVISTAR ARENA,226.74635,144.32446,344.6668,272.0,0.8336262702941895,20,216.43548387096774,Bajo,0.7714285714285714,ALTO: considerar refuerzo
2026-08-31 21:00:00,(07105) MOVISTAR ARENA,122.05373,60.0262,220.09692,272.0,0.44872692227363586,21,180.29032258064515,Bajo,0.9864285714285714,Normal
2026-08-31 22:00:00,(07105) MOVISTAR ARENA,55.702484,13.125946,124.927704,272.0,0.20478855073451996,22,99.58620689655173,Bajo,1.218205128205128,Normal
2026-08-31 23:00:00,(07105) MOVISTAR ARENA,3.2285767,0.0,35.673035,272.0,0.011869766749441624,23,18.652173913043477,Bajo,1.925,Normal
2026-08-31 00:00:00,(07106) EL CAMPIN,0.0,0.0,24.131775,272.0,0.0,0,,Bajo,,Normal
2026-08-31 01:00:00,(07106) EL CAMPIN,0.0,0.0,19.075592,272.0,0.0,1,,Bajo,,Normal
2026-08-31 02:00:00,(07106) EL CAMPIN,0.0,0.0,15.47113,272.0,0.0,2,,Bajo,,Normal
2026-08-31 03:00:00,(07106) EL CAMPIN,0.0,0.0,24.111969,272.0,0.0,3,,Bajo,,Normal
2026-08-31 04:00:00,(07106) EL CAMPIN,2.7980042,0.0,45.102783,272.0,0.010286780074238777,4,13.935483870967742,Bajo,3.2957142857142854,Normal
2026-08-31 05:00:00,(07106) EL CAMPIN,90.97586,51.39499,155.96365,272.0,0.33447006344795227,5,79.2258064516129,Bajo,0.8133333333333335,Normal
2026-08-31 06:00:00,(07106) EL CAMPIN,232.57698,168.62192,321.00485,272.0,0.8550624251365662,6,199.70967741935485,Bajo,0.6111904761904763,ALTO: considerar refuerzo
2026-08-31 07:00:00,(07106) EL CAMPIN,318.51266,242.3348,413.07004,272.0,1.1710023880004883,7,236.2258064516129,Bajo,0.5447619047619048,CRITICO: refuerzo inmediato
2026-08-31 08:00:00,(07106) EL CAMPIN,302.656,237.10973,378.95312,272.0,1.112705945968628,8,226.6290322580645,Bajo,0.5838095238095238,CRITICO: refuerzo inmediato
2026-08-31 09:00:00,(07106) EL CAMPIN,279.60623,223.49004,349.80627,272.0,1.0279641151428223,9,245.75806451612902,Bajo,0.6466666666666667,CRITICO: refuerzo inmediato
2026-08-31 10:00:00,(07106) EL CAMPIN,285.13458,230.98203,356.1095,272.0,1.0482889413833618,10,273.4516129032258,Bajo,0.6883333333333335,CRITICO: refuerzo inmediato
2026-08-31 11:00:00,(07106) EL CAMPIN,351.8729,280.95535,435.48355,272.0,1.2936503887176514,11,345.8225806451613,Medio,0.750357142857143,CRITICO: refuerzo inmediato
2026-08-31 12:00:00,(07106) EL CAMPIN,432.43347,339.41183,545.3058,272.0,1.5898289680480957,12,437.35483870967744,Medio,0.7443333333333334,CRITICO: refuerzo inmediato
2026-08-31 13:00:00,(07106) EL CAMPIN,451.04895,353.3069,570.84485,272.0,1.6582682132720947,13,450.9193548387097,Medio,0.7472142857142857,CRITICO: refuerzo inmediato
2026-08-31 14:00:00,(07106) EL CAMPIN,498.22858,392.50146,638.5393,272.0,1.8317227363586426,14,477.48387096774195,Medio,0.7540238095238095,CRITICO: refuerzo inmediato
2026-08-31 15:00:00,(07106) EL CAMPIN,694.4663,527.17615,910.82434,272.0,2.553184986114502,15,606.6129032258065,Medio,0.7239047619047619,CRITICO: refuerzo inmediato
2026-08-31 16:00:00,(07106) EL CAMPIN,1242.646,899.994,1552.3405,272.0,4.568551540374756,16,1000.5645161290323,Alto,0.817452380952381,CRITICO: refuerzo inmediato
2026-08-31 17:00:00,(07106) EL CAMPIN,1474.9851,1046.7744,1845.9171,272.0,5.422739505767822,17,1154.9516129032259,Alto,0.7292380952380951,CRITICO: refuerzo inmediato
2026-08-31 18:00:00,(07106) EL CAMPIN,1041.675,726.64014,1380.77,272.0,3.8296875953674316,18,875.3548387096774,Medio,0.631452380952381,CRITICO: refuerzo inmediato
2026-08-31 19:00:00,(07106) EL CAMPIN,599.0047,408.34476,863.42957,272.0,2.202223062515259,19,599.8548387096774,Medio,0.7123809523809524,CRITICO: refuerzo inmediato
2026-08-31 20:00:00,(07106) EL CAMPIN,308.53876,197.49113,504.11786,272.0,1.134333610534668,20,446.61290322580646,Bajo,0.73,CRITICO: refuerzo inmediato
2026-08-31 21:00:00,(07106) EL CAMPIN,157.17845,80.56848,311.6082,272.0,0.5778619647026062,21,437.0,Bajo,0.8002380952380952,Normal
2026-08-31 22:00:00,(07106) EL CAMPIN,49.3114,0.63775635,151.56387,272.0,0.18129192292690277,22,261.96610169491527,Bajo,1.0692499999999998,Normal
2026-08-31 23:00:00,(07106) EL CAMPIN,0.0,0.0,34.934296,272.0,0.0,23,6.5,Bajo,1.8171428571428574,Normal
2026-08-31 00:00:00,(07107) U. NACIONAL,0.0,0.0,0.0,412.0,0.0,0,,Bajo,,Normal
2026-08-31 01:00:00,(07107) U. NACIONAL,0.0,0.0,4.094757,412.0,0.0,1,,Bajo,,Normal
2026-08-31 02:00:00,(07107) U. NACIONAL,0.0,0.0,0.0,412.0,0.0,2,,Bajo,,Normal
2026-08-31 03:00:00,(07107) U. NACIONAL,0.0,0.0,9.141846,412.0,0.0,3,,Bajo,,Normal
2026-08-31 04:00:00,(07107) U. NACIONAL,1.3888855,0.0,30.092346,412.0,0.0033710813149809837,4,8.083333333333334,Bajo,2.0155000000000003,Normal
2026-08-31 05:00:00,(07107) U. NACIONAL,79.87831,49.17166,130.88495,412.0,0.1938793957233429,5,61.61290322580645,Bajo,0.46,Normal
2026-08-31 06:00:00,(07107) U. NACIONAL,189.52164,139.13815,259.43613,412.0,0.46000397205352783,6,141.06451612903226,Bajo,0.3414285714285714,Normal
2026-08-31 07:00:00,(07107) U. NACIONAL,255.43811,195.36156,338.94266,412.0,0.6199954152107239,7,193.7258064516129,Bajo,0.34452380952380957,Normal
2026-08-31 08:00:00,(07107) U. NACIONAL,262.90054,207.34323,339.76935,412.0,0.6381081342697144,8,186.7741935483871,Bajo,0.37,Normal
2026-08-31 09:00:00,(07107) U. NACIONAL,299.30225,234.20102,389.05017,412.0,0.7264617681503296,9,235.03225806451613,Bajo,0.4423809523809523,ALTO: considerar refuerzo
2026-08-31 10:00:00,(07107) U. NACIONAL,366.22235,280.2996,478.13086,412.0,0.8888891935348511,10,273.5483870967742,Bajo,0.4823809523809524,ALTO: considerar refuerzo
2026-08-31 11:00:00,(07107) U. NACIONAL,456.1695,344.2206,584.08777,412.0,1.1072075366973877,11,372.7258064516129,Bajo,0.48857142857142855,CRITICO: refuerzo inmediato
2026-08-31 12:00:00,(07107) U. NACIONAL,584.46655,433.38162,739.2897,412.0,1.4186081886291504,12,484.88709677419354,Medio,0.5248571428571429,CRITICO: refuerzo inmediato
2026-08-31 13:00:00,(07107) U. NACIONAL,626.842,459.08063,781.75385,412.0,1.5214611291885376,13,580.6451612903226,Medio,0.5306190476190477,CRITICO: refuerzo inmediato
2026-08-31 14:00:00,(07107) U. NACIONAL,651.7802,475.48166,814.89307,412.0,1.5819908380508423,14,515.6935483870968,Medio,0.528,CRITICO: refuerzo inmediato
2026-08-31 15:00:00,(07107) U. NACIONAL,805.9049,572.8275,1041.1683,412.0,1.9560798406600952,15,577.1290322580645,Medio,0.5094047619047619,CRITICO: refuerzo inmediato
2026-08-31 16:00:00,(07107) U. NACIONAL,1548.6528,1080.2405,1876.9545,412.0,3.75886607170105,16,984.5,Medio,0.47561904761904766,CRITICO: refuerzo inmediato
2026-08-31 17:00:00,(07107) U. NACIONAL,1559.8629,1091.6315,1903.0928,412.0,3.7860751152038574,17,1011.5967741935484,Medio,0.4261190476190477,CRITICO: refuerzo inmediato
2026-08-31 18:00:00,(07107) U. NACIONAL,921.7395,635.0718,1197.696,412.0,2.237231731414795,18,741.4516129032259,Medio,0.43057142857142866,CRITICO: refuerzo inmediato
2026-08-31 19:00:00,(07107) U. NACIONAL,557.48236,397.03,743.5465,412.0,1.3531125783920288,19,514.5645161290323,Medio,0.4847857142857143,CRITICO: refuerzo inmediato
2026-08-31 20:00:00,(07107) U. NACIONAL,344.6918,245.56523,479.59296,412.0,0.8366305828094482,20,302.5,Bajo,0.5154761904761904,ALTO: considerar refuerzo
2026-08-31 21:00:00,(07107) U. NACIONAL,198.91003,130.65977,304.8977,412.0,0.48279133439064026,21,182.91935483870967,Bajo,0.7102380952380953,Normal
2026-08-31 22:00:00,(07107) U. NACIONAL,61.368317,27.752472,123.79407,412.0,0.14895223081111908,22,71.88333333333334,Bajo,0.8885,Normal
2026-08-31 23:00:00,(07107) U. NACIONAL,0.0,0.0,23.638123,412.0,0.0,23,4.0256410256410255,Bajo,1.54,Normal
2026-08-31 00:00:00,(07108) Av. El Dorado,0.0,0.0,0.0,260.0,0.0,0,,Bajo,,Normal
2026-08-31 01:00:00,(07108) Av. El Dorado,0.0,0.0,0.0,260.0,0.0,1,,Bajo,,Normal
2026-08-31 02:00:00,(07108) Av. El Dorado,0.0,0.0,0.118896484,260.0,0.0,2,,Bajo,,Normal
2026-08-31 03:00:00,(07108) Av. El Dorado,0.0,0.0,5.620392,260.0,0.0,3,,Bajo,,Normal
2026-08-31 04:00:00,(07108) Av. El Dorado,0.0,0.0,17.978073,260.0,0.0,4,7.754385964912281,Bajo,2.661,Normal
2026-08-31 05:00:00,(07108) Av. El Dorado,65.041016,33.7041,108.99861,260.0,0.25015774369239807,5,54.403225806451616,Bajo,0.621904761904762,Normal
2026-08-31 06:00:00,(07108) Av. El Dorado,166.32259,112.512115,229.83458,260.0,0.6397022604942322,6,137.3709677419355,Bajo,0.42000000000000004,Normal
2026-08-31 07:00:00,(07108) Av. El Dorado,194.59169,138.91824,258.89896,260.0,0.7484295964241028,7,151.74193548387098,Bajo,0.41333333333333333,ALTO: considerar refuerzo
2026-08-31 08:00:00,(07108) Av. El Dorado,169.08086,127.51398,217.47617,260.0,0.6503109931945801,8,132.98387096774192,Bajo,0.4488095238095238,Normal
2026-08-31 09:00:00,(07108) Av. El Dorado,154.39626,116.415276,197.79955,260.0,0.5938317775726318,9,141.38709677419354,Bajo,0.5204761904761904,Normal
2026-08-31 10:00:00,(07108) Av. El Dorado,156.16322,115.214775,202.70956,260.0,0.6006277799606323,10,153.2741935483871,Bajo,0.5442857142857143,Normal
2026-08-31 11:00:00,(07108) Av. El Dorado,188.6084,140.70425,240.3568,260.0,0.725416898727417,11,180.4516129032258,Bajo,0.5407142857142857,ALTO: considerar refuerzo
2026-08-31 12:00:00,(07108) Av. El Dorado,233.42847,176.52435,298.84912,260.0,0.8978018164634705,12,242.30645161290323,Bajo,0.540952380952381,ALTO: considerar refuerzo
2026-08-31 13:00:00,(07108) Av. El Dorado,231.262,174.65341,292.6645,260.0,0.8894692063331604,13,245.8709677419355,Bajo,0.5328571428571428,ALTO: considerar refuerzo
2026-08-31 14:00:00,(07108) Av. El Dorado,250.84619,193.27003,320.79083,260.0,0.9647930264472961,14,250.25806451612902,Bajo,0.535952380952381,CRITICO: refuerzo inmediato
2026-08-31 15:00:00,(07108) Av. El Dorado,368.2165,272.65118,487.6161,260.0,1.41621732711792,15,313.80645161290323,Medio,0.5843095238095238,CRITICO: refuerzo inmediato
2026-08-31 16:00:00,(07108) Av. El Dorado,820.0661,587.6343,1003.409,260.0,3.1541004180908203,16,593.0,Medio,0.5691190476190476,CRITICO: refuerzo inmediato
2026-08-31 17:00:00,(07108) Av. El Dorado,1107.9846,777.693,1337.1906,260.0,4.261479377746582,17,849.6451612903226,Medio,0.5080952380952382,CRITICO: refuerzo inmediato
2026-08-31 18:00:00,(07108) Av. El Dorado,556.4885,382.37524,730.52704,260.0,2.140340566635132,18,436.2741935483871,Medio,0.5031190476190477,CRITICO: refuerzo inmediato
2026-08-31 19:00:00,(07108) Av. El Dorado,226.40823,148.70113,325.82205,260.0,0.8708009123802185,19,221.8709677419355,Bajo,0.5142857142857143,ALTO: considerar refuerzo
2026-08-31 20:00:00,(07108) Av. El Dorado,136.02304,80.96421,209.10162,260.0,0.5231655240058899,20,138.24193548387098,Bajo,0.6145238095238095,Normal
2026-08-31 21:00:00,(07108) Av. El Dorado,86.22389,39.854492,149.037,260.0,0.3316303491592407,21,109.08064516129032,Bajo,0.7576190476190476,Normal
2026-08-31 22:00:00,(07108) Av. El Dorado,27.302505,0.0,66.5466,260.0,0.10500963777303696,22,45.59649122807018,Bajo,0.9676315789473685,Normal
2026-08-31 23:00:00,(07108) Av. El Dorado,0.0,0.0,7.3339386,260.0,0.0,23,3.625,Bajo,2.0168421052631578,Normal
2026-08-31 00:00:00,(07109) CAD,0.0,0.0,0.7874756,272.0,0.0,0,,Bajo,,Normal
2026-08-31 01:00:00,(07109) CAD,0.0,0.0,3.282135,272.0,0.0,1,,Bajo,,Normal
2026-08-31 02:00:00,(07109) CAD,0.0,0.0,0.40982056,272.0,0.0,2,,Bajo,,Normal
2026-08-31 03:00:00,(07109) CAD,0.0,0.0,13.95694,272.0,0.0,3,,Bajo,,Normal
2026-08-31 04:00:00,(07109) CAD,4.8298035,0.0,32.18091,272.0,0.0177566297352314,4,13.0,Bajo,2.9317073170731707,Normal
2026-08-31 05:00:00,(07109) CAD,112.54025,74.51633,170.76251,272.0,0.41375091671943665,5,91.0,Bajo,0.7457142857142858,Normal
2026-08-31 06:00:00,(07109) CAD,277.87747,201.70872,372.21674,272.0,1.0216083526611328,6,251.40322580645162,Bajo,0.5666666666666667,CRITICO: refuerzo inmediato
2026-08-31 07:00:00,(07109) CAD,419.02216,315.83997,532.3531,272.0,1.540522575378418,7,346.03225806451616,Medio,0.5858809523809525,CRITICO: refuerzo inmediato
2026-08-31 08:00:00,(07109) CAD,331.91147,253.92491,425.74854,272.0,1.2202627658843994,8,283.64516129032256,Medio,0.6689047619047619,CRITICO: refuerzo inmediato
2026-08-31 09:00:00,(07109) CAD,313.5193,237.52914,403.79474,272.0,1.152644395828247,9,312.7096774193548,Bajo,0.7138095238095238,CRITICO: refuerzo inmediato
2026-08-31 10:00:00,(07109) CAD,327.65277,245.05658,425.7691,272.0,1.2046058177947998,10,323.8225806451613,Bajo,0.9195238095238094,CRITICO: refuerzo inmediato
2026-08-31 11:00:00,(07109) CAD,393.79272,296.2832,495.97647,272.0,1.4477673768997192,11,429.16129032258067,Medio,1.041857142857143,CRITICO: refuerzo inmediato
2026-08-31 12:00:00,(07109) CAD,493.5551,359.89786,622.0219,272.0,1.8145408630371094,12,456.1290322580645,Medio,1.0190714285714286,CRITICO: refuerzo inmediato
2026-08-31 13:00:00,(07109) CAD,546.4638,382.41586,683.1304,272.0,2.0090579986572266,13,646.8225806451613,Medio,1.0072857142857143,CRITICO: refuerzo inmediato
2026-08-31 14:00:00,(07109) CAD,498.71228,339.80478,651.79114,272.0,1.8335009813308716,14,494.30645161290323,Medio,0.9960238095238096,CRITICO: refuerzo inmediato
2026-08-31 15:00:00,(07109) CAD,645.0999,431.30988,885.1925,272.0,2.3716907501220703,15,524.6935483870968,Medio,0.9344761904761906,CRITICO: refuerzo inmediato
2026-08-31 16:00:00,(07109) CAD,1413.7339,943.23047,1781.1505,272.0,5.197551250457764,16,1089.5483870967741,Alto,0.8877142857142857,CRITICO: refuerzo inmediato
2026-08-31 17:00:00,(07109) CAD,1676.9236,1110.2181,2105.2717,272.0,6.165160179138184,17,1340.8548387096773,Alto,0.8038333333333333,CRITICO: refuerzo inmediato
2026-08-31 18:00:00,(07109) CAD,846.4092,515.6114,1197.2856,272.0,3.1117985248565674,18,733.8548387096774,Medio,0.6895952380952383,CRITICO: refuerzo inmediato
2026-08-31 19:00:00,(07109) CAD,435.81427,263.5835,666.9147,272.0,1.602258324623108,19,499.14516129032256,Medio,0.7605714285714287,CRITICO: refuerzo inmediato
2026-08-31 20:00:00,(07109) CAD,198.133,98.85727,351.16837,272.0,0.7284301519393921,20,220.33870967741936,Bajo,0.8423809523809525,ALTO: considerar refuerzo
2026-08-31 21:00:00,(07109) CAD,83.15906,21.20456,188.03836,272.0,0.3057318329811096,21,163.98387096774192,Bajo,1.1307142857142858,Normal
2026-08-31 22:00:00,(07109) CAD,31.7789,0.0,88.30223,272.0,0.11683419346809387,22,48.65573770491803,Bajo,1.6380487804878048,Normal
2026-08-31 23:00:00,(07109) CAD,2.6608276,0.0,24.776093,272.0,0.009782454930245876,23,3.0689655172413794,Bajo,2.8473684210526318,Normal
2026-08-31 00:00:00,(07110) PALOQUEMAO,0.0,0.0,5.9040833,272.0,0.0,0,,Bajo,,Normal
2026-08-31 01:00:00,(07110) PALOQUEMAO,0.0,0.0,12.219574,272.0,0.0,1,,Bajo,,Normal
2026-08-31 02:00:00,(07110) PALOQUEMAO,0.0,0.0,27.333618,272.0,0.0,2,,Bajo,,Normal
2026-08-31 03:00:00,(07110) PALOQUEMAO,0.0,0.0,35.044983,272.0,0.0,3,,Bajo,,Normal
2026-08-31 04:00:00,(07110) PALOQUEMAO,11.872681,0.0,74.25516,272.0,0.04364956170320511,4,17.241935483870968,Bajo,2.828809523809524,Normal
2026-08-31 05:00:00,(07110) PALOQUEMAO,166.28888,86.0506,276.4552,272.0,0.6113561987876892,5,128.03225806451613,Bajo,0.6285714285714286,Normal
2026-08-31 06:00:00,(07110) PALOQUEMAO,331.48566,219.22356,471.82968,272.0,1.2186973094940186,6,317.64516129032256,Medio,0.48216666666666674,CRITICO: refuerzo inmediato
2026-08-31 07:00:00,(07110) PALOQUEMAO,311.37573,213.91667,434.77826,272.0,1.144763708114624,7,220.80645161290323,Bajo,0.424047619047619,CRITICO: refuerzo inmediato
2026-08-31 08:00:00,(07110) PALOQUEMAO,253.53407,185.96579,348.44943,272.0,0.9321105480194092,8,199.6451612903226,Bajo,0.4795238095238095,CRITICO: refuerzo inmediato
2026-08-31 09:00:00,(07110) PALOQUEMAO,302.3615,226.3118,406.90112,272.0,1.1116231679916382,9,254.29032258064515,Bajo,0.5114285714285715,CRITICO: refuerzo inmediato
2026-08-31 10:00:00,(07110) PALOQUEMAO,376.68304,282.4652,497.76633,272.0,1.384864091873169,10,325.48387096774195,Medio,0.5751428571428573,CRITICO: refuerzo inmediato
2026-08-31 11:00:00,(07110) PALOQUEMAO,470.7196,356.9203,598.5019,272.0,1.7305867671966553,11,415.9516129032258,Medio,0.5877142857142859,CRITICO: refuerzo inmediato
2026-08-31 12:00:00,(07110) PALOQUEMAO,635.68134,482.74005,799.07556,272.0,2.337063789367676,12,585.6451612903226,Medio,0.5843095238095238,CRITICO: refuerzo inmediato
2026-08-31 13:00:00,(07110) PALOQUEMAO,776.47266,590.60474,947.0106,272.0,2.8546788692474365,13,753.241935483871,Medio,0.5832619047619048,CRITICO: refuerzo inmediato
2026-08-31 14:00:00,(07110) PALOQUEMAO,893.15015,686.1493,1076.321,272.0,3.283640146255493,14,805.5,Medio,0.5751428571428573,CRITICO: refuerzo inmediato
2026-08-31 15:00:00,(07110) PALOQUEMAO,1129.5774,841.84766,1399.8586,272.0,4.152858257293701,15,891.1935483870968,Medio,0.5788095238095239,CRITICO: refuerzo inmediato
2026-08-31 16:00:00,(07110) PALOQUEMAO,1988.4927,1442.8813,2365.48,272.0,7.310634613037109,16,1501.1774193548388,Alto,0.6571190476190477,CRITICO: refuerzo inmediato
2026-08-31 17:00:00,(07110) PALOQUEMAO,2302.0493,1664.025,2728.314,272.0,8.463417053222656,17,1759.5645161290322,Alto,0.6150238095238095,CRITICO: refuerzo inmediato
2026-08-31 18:00:00,(07110) PALOQUEMAO,1391.718,996.986,1734.838,272.0,5.116610527038574,18,1097.6451612903227,Alto,0.6017142857142858,CRITICO: refuerzo inmediato
2026-08-31 19:00:00,(07110) PALOQUEMAO,620.89026,428.4545,836.51697,272.0,2.282684803009033,19,656.2741935483871,Medio,0.561,CRITICO: refuerzo inmediato
2026-08-31 20:00:00,(07110) PALOQUEMAO,311.2231,196.03664,449.74304,272.0,1.1442025899887085,20,309.8225806451613,Bajo,0.5804761904761905,CRITICO: refuerzo inmediato
2026-08-31 21:00:00,(07110) PALOQUEMAO,139.70505,61.77603,236.12054,272.0,0.5136215090751648,21,201.90322580645162,Bajo,0.7476190476190476,Normal
2026-08-31 22:00:00,(07110) PALOQUEMAO,54.789246,4.034363,107.20987,272.0,0.2014310508966446,22,76.37704918032787,Bajo,0.9712195121951219,Normal
2026-08-31 23:00:00,(07110) PALOQUEMAO,6.2457275,0.0,26.856537,272.0,0.022962233051657677,23,1.9375,Bajo,1.51,Normal
2026-08-31 00:00:00,(07111) NQS - RICAURTE,0.0,0.0,0.0,392.0,0.0,0,1.0,Bajo,,Normal
2026-08-31 01:00:00,(07111) NQS - RICAURTE,0.0,0.0,0.65963745,392.0,0.0,1,,Bajo,,Normal
2026-08-31 02:00:00,(07111) NQS - RICAURTE,0.0,0.0,17.810028,392.0,0.0,2,,Bajo,,Normal
2026-08-31 03:00:00,(07111) NQS - RICAURTE,0.0,0.0,21.654785,392.0,0.0,3,1.0,Bajo,,Normal
2026-08-31 04:00:00,(07111) NQS - RICAURTE,28.372833,0.0,81.939514,392.0,0.07237967848777771,4,34.564516129032256,Bajo,1.177142857142857,Normal
2026-08-31 05:00:00,(07111) NQS - RICAURTE,178.70424,103.72519,271.1069,392.0,0.4558781683444977,5,152.06451612903226,Bajo,0.33428571428571424,Normal
2026-08-31 06:00:00,(07111) NQS - RICAURTE,360.12555,254.90218,475.82172,392.0,0.918687641620636,6,320.56451612903226,Bajo,0.23952380952380953,CRITICO: refuerzo inmediato
2026-08-31 07:00:00,(07111) NQS - RICAURTE,311.48285,221.52441,408.97324,392.0,0.7945991158485413,7,225.56451612903226,Bajo,0.21976190476190477,ALTO: considerar refuerzo
2026-08-31 08:00:00,(07111) NQS - RICAURTE,216.037,155.66335,288.07196,392.0,0.5511147975921631,8,161.20967741935485,Bajo,0.2454761904761905,Normal
2026-08-31 09:00:00,(07111) NQS - RICAURTE,209.8203,152.3216,280.3311,392.0,0.5352558493614197,9,175.2258064516129,Bajo,0.2688095238095238,Normal
2026-08-31 10:00:00,(07111) NQS - RICAURTE,256.6973,188.38367,341.53696,392.0,0.6548400521278381,10,234.24193548387098,Bajo,0.27666666666666667,Normal
2026-08-31 11:00:00,(07111) NQS - RICAURTE,302.09653,223.41492,393.0917,392.0,0.7706543803215027,11,306.4193548387097,Bajo,0.28595238095238096,ALTO: considerar refuerzo
2026-08-31 12:00:00,(07111) NQS - RICAURTE,382.24744,292.42548,492.01825,392.0,0.975121021270752,12,426.61290322580646,Bajo,0.2792857142857143,CRITICO: refuerzo inmediato
2026-08-31 13:00:00,(07111) NQS - RICAURTE,473.62793,368.32407,591.7749,392.0,1.2082345485687256,13,521.1129032258065,Bajo,0.27809523809523806,CRITICO: refuerzo inmediato
2026-08-31 14:00:00,(07111) NQS - RICAURTE,587.4675,465.71814,724.7229,392.0,1.4986416101455688,14,645.516129032258,Medio,0.30642857142857144,CRITICO: refuerzo inmediato
2026-08-31 15:00:00,(07111) NQS - RICAURTE,752.5481,580.70984,943.36096,392.0,1.919765591621399,15,656.9032258064516,Medio,0.29988095238095236,CRITICO: refuerzo inmediato
2026-08-31 16:00:00,(07111) NQS - RICAURTE,1342.4355,1007.21826,1607.5415,392.0,3.4245805740356445,16,1087.6935483870968,Medio,0.2747380952380953,CRITICO: refuerzo inmediato
2026-08-31 17:00:00,(07111) NQS - RICAURTE,1732.6912,1275.6792,2060.7556,392.0,4.420130729675293,17,1376.1774193548388,Medio,0.24723809523809523,CRITICO: refuerzo inmediato
2026-08-31 18:00:00,(07111) NQS - RICAURTE,1227.636,906.38293,1508.7261,392.0,3.1317243576049805,18,971.7258064516129,Medio,0.24461904761904762,CRITICO: refuerzo inmediato
2026-08-31 19:00:00,(07111) NQS - RICAURTE,548.2649,386.13373,739.6905,392.0,1.398634910583496,19,531.9032258064516,Medio,0.28076190476190477,CRITICO: refuerzo inmediato
2026-08-31 20:00:00,(07111) NQS - RICAURTE,279.74338,187.90977,403.72784,392.0,0.7136310935020447,20,244.30645161290323,Bajo,0.28904761904761905,ALTO: considerar refuerzo
2026-08-31 21:00:00,(07111) NQS - RICAURTE,128.18546,67.01352,219.45575,392.0,0.32700371742248535,21,139.4516129032258,Bajo,0.33214285714285713,Normal
2026-08-31 22:00:00,(07111) NQS - RICAURTE,56.46457,16.633179,114.6485,392.0,0.1440422683954239,22,78.54838709677419,Bajo,0.4466666666666667,Normal
2026-08-31 23:00:00,(07111) NQS - RICAURTE,4.169739,0.0,26.584686,392.0,0.010637088678777218,23,4.446808510638298,Bajo,0.8635483870967742,Normal
2026-08-31 00:00:00,(07112) COMUNEROS,0.0,0.0,0.0,252.0,0.0,0,1.3333333333333333,Bajo,,Normal
2026-08-31 01:00:00,(07112) COMUNEROS,0.0,0.0,0.0,252.0,0.0,1,,Bajo,,Normal
2026-08-31 02:00:00,(07112) COMUNEROS,0.0,0.0,8.563995,252.0,0.0,2,,Bajo,,Normal
2026-08-31 03:00:00,(07112) COMUNEROS,4.5761414,0.0,38.76239,252.0,0.0181592907756567,3,1.0,Bajo,,Normal
2026-08-31 04:00:00,(07112) COMUNEROS,84.703125,32.229736,143.00783,252.0,0.336123526096344,4,70.79032258064517,Bajo,1.999047619047619,Normal
2026-08-31 05:00:00,(07112) COMUNEROS,470.81183,333.5078,578.7699,252.0,1.8683009147644043,5,340.6290322580645,Medio,0.7074047619047621,CRITICO: refuerzo inmediato
2026-08-31 06:00:00,(07112) COMUNEROS,1026.7482,770.16943,1188.2478,252.0,4.074397563934326,6,803.8387096774194,Medio,0.6084047619047619,CRITICO: refuerzo inmediato
2026-08-31 07:00:00,(07112) COMUNEROS,1096.2122,842.0078,1241.7139,252.0,4.350048065185547,7,833.9032258064516,Medio,0.5848333333333333,CRITICO: refuerzo inmediato
2026-08-31 08:00:00,(07112) COMUNEROS,734.646,562.2597,854.1405,252.0,2.91526198387146,8,607.0,Medio,0.6607857142857144,CRITICO: refuerzo inmediato
2026-08-31 09:00:00,(07112) COMUNEROS,544.20306,417.59747,634.41315,252.0,2.1595358848571777,9,482.758064516129,Medio,0.7189285714285715,CRITICO: refuerzo inmediato
2026-08-31 10:00:00,(07112) COMUNEROS,426.73575,328.52322,510.52216,252.0,1.6933958530426025,10,416.9193548387097,Medio,0.7624047619047619,CRITICO: refuerzo inmediato
2026-08-31 11:00:00,(07112) COMUNEROS,372.2757,294.36877,453.14035,252.0,1.477284550666809,11,377.758064516129,Medio,0.7681666666666667,CRITICO: refuerzo inmediato
2026-08-31 12:00:00,(07112) COMUNEROS,385.38446,314.89194,470.778,252.0,1.5293034315109253,12,408.56451612903226,Medio,0.7521904761904762,CRITICO: refuerzo inmediato
2026-08-31 13:00:00,(07112) COMUNEROS,397.33405,327.5328,486.72394,252.0,1.5767223834991455,13,402.61290322580646,Medio,0.7511428571428572,CRITICO: refuerzo inmediato
2026-08-31 14:00:00,(07112) COMUNEROS,426.98672,352.03156,519.4364,252.0,1.6943917274475098,14,451.88709677419354,Medio,0.7529761904761906,CRITICO: refuerzo inmediato
2026-08-31 15:00:00,(07112) COMUNEROS,505.97498,407.92828,621.07654,252.0,2.0078372955322266,15,455.9193548387097,Medio,0.7294047619047621,CRITICO: refuerzo inmediato
2026-08-31 16:00:00,(07112) COMUNEROS,806.7975,633.0343,951.2947,252.0,3.2015774250030518,16,621.5967741935484,Medio,0.6987619047619048,CRITICO: refuerzo inmediato
2026-08-31 17:00:00,(07112) COMUNEROS,974.4343,760.99744,1132.0287,252.0,3.866802930831909,17,774.8032786885246,Medio,0.6238571428571429,CRITICO: refuerzo inmediato
2026-08-31 18:00:00,(07112) COMUNEROS,615.3116,486.1795,742.808,252.0,2.4417126178741455,18,535.7704918032787,Medio,0.6319761904761906,CRITICO: refuerzo inmediato
2026-08-31 19:00:00,(07112) COMUNEROS,344.97546,274.08954,433.94122,252.0,1.3689502477645874,19,345.0483870967742,Medio,0.6982380952380953,CRITICO: refuerzo inmediato
2026-08-31 20:00:00,(07112) COMUNEROS,187.50388,135.3297,264.41687,252.0,0.7440630197525024,20,224.01612903225808,Bajo,0.7245238095238096,ALTO: considerar refuerzo
2026-08-31 21:00:00,(07112) COMUNEROS,93.322754,49.31653,158.36339,252.0,0.3703283965587616,21,130.93548387096774,Bajo,0.7828571428571429,Normal
2026-08-31 22:00:00,(07112) COMUNEROS,25.72754,0.0,69.734375,252.0,0.102093406021595,22,54.53225806451613,Bajo,0.9690476190476192,Normal
2026-08-31 23:00:00,(07112) COMUNEROS,0.0,0.0,20.208038,252.0,0.0,23,5.204081632653061,Bajo,1.60375,Normal
2026-08-31 00:00:00,(07113) SANTA ISABEL,0.0,0.0,0.0,240.0,0.0,0,,Bajo,,Normal
2026-08-31 01:00:00,(07113) SANTA ISABEL,0.0,0.0,0.0,240.0,0.0,1,,Bajo,,Normal
2026-08-31 02:00:00,(07113) SANTA ISABEL,0.0,0.0,15.480988,240.0,0.0,2,,Bajo,,Normal
2026-08-31 03:00:00,(07113) SANTA ISABEL,0.0,0.0,35.647552,240.0,0.0,3,1.0,Bajo,,Normal
2026-08-31 04:00:00,(07113) SANTA ISABEL,69.576416,10.484131,133.04678,240.0,0.2899017333984375,4,45.75806451612903,Bajo,4.362857142857143,Normal
2026-08-31 05:00:00,(07113) SANTA ISABEL,505.67694,344.00348,631.35754,240.0,2.106987237930298,5,356.61290322580646,Medio,1.3239285714285716,CRITICO: refuerzo inmediato
2026-08-31 06:00:00,(07113) SANTA ISABEL,1191.97,868.74915,1389.0581,240.0,4.966541767120361,6,897.0967741935484,Alto,0.9805714285714285,CRITICO: refuerzo inmediato
2026-08-31 07:00:00,(07113) SANTA ISABEL,1204.3834,906.39056,1369.6755,240.0,5.018264293670654,7,900.2096774193549,Alto,0.953952380952381,CRITICO: refuerzo inmediato
2026-08-31 08:00:00,(07113) SANTA ISABEL,742.11975,550.05634,868.03973,240.0,3.09216570854187,8,601.0967741935484,Medio,0.8456904761904763,CRITICO: refuerzo inmediato
2026-08-31 09:00:00,(07113) SANTA ISABEL,518.67725,381.65842,608.0422,240.0,2.1611552238464355,9,443.2258064516129,Medio,1.0070238095238095,CRITICO: refuerzo inmediato
2026-08-31 10:00:00,(07113) SANTA ISABEL,394.0775,290.245,474.54834,240.0,1.6419895887374878,10,373.66129032258067,Medio,1.2147142857142856,CRITICO: refuerzo inmediato
2026-08-31 11:00:00,(07113) SANTA ISABEL,355.50632,273.88788,435.12836,240.0,1.481276273727417,11,359.14516129032256,Medio,1.2246666666666668,CRITICO: refuerzo inmediato
2026-08-31 12:00:00,(07113) SANTA ISABEL,379.3792,304.22177,464.38495,240.0,1.5807467699050903,12,382.241935483871,Medio,1.2204761904761907,CRITICO: refuerzo inmediato
2026-08-31 13:00:00,(07113) SANTA ISABEL,379.5208,306.9732,468.6968,240.0,1.5813367366790771,13,372.2258064516129,Medio,1.2016190476190478,CRITICO: refuerzo inmediato
2026-08-31 14:00:00,(07113) SANTA ISABEL,378.46567,307.53824,465.87903,240.0,1.5769402980804443,14,401.19354838709677,Medio,1.2031904761904764,CRITICO: refuerzo inmediato
2026-08-31 15:00:00,(07113) SANTA ISABEL,438.64307,345.34692,549.947,240.0,1.8276793956756592,15,385.0,Medio,1.1371904761904765,CRITICO: refuerzo inmediato
2026-08-31 16:00:00,(07113) SANTA ISABEL,753.9957,574.0364,901.28107,240.0,3.141648769378662,16,588.7258064516129,Medio,0.9507142857142857,CRITICO: refuerzo inmediato
2026-08-31 17:00:00,(07113) SANTA ISABEL,932.1568,713.1582,1094.9224,240.0,3.883986711502075,17,747.1147540983607,Medio,0.8875952380952382,CRITICO: refuerzo inmediato
2026-08-31 18:00:00,(07113) SANTA ISABEL,581.2023,446.71082,711.86523,240.0,2.4216761589050293,18,515.7540983606557,Medio,0.8365238095238097,CRITICO: refuerzo inmediato
2026-08-31 19:00:00,(07113) SANTA ISABEL,310.4425,233.43088,404.4433,240.0,1.2935104370117188,19,298.66129032258067,Medio,0.9150952380952381,CRITICO: refuerzo inmediato
2026-08-31 20:00:00,(07113) SANTA ISABEL,132.6697,77.8362,213.41776,240.0,0.5527904033660889,20,171.90322580645162,Bajo,0.9592857142857143,Normal
2026-08-31 21:00:00,(07113) SANTA ISABEL,43.5683,0.0,106.46857,240.0,0.1815345734357834,21,68.2258064516129,Bajo,1.1966666666666665,Normal
2026-08-31 22:00:00,(07113) SANTA ISABEL,5.3742676,0.0,46.403076,240.0,0.02239278145134449,22,22.741935483870968,Bajo,1.6347619047619046,Normal
2026-08-31 23:00:00,(07113) SANTA ISABEL,0.0,0.0,25.715485,240.0,0.0,23,2.9473684210526314,Bajo,3.007307692307692,Normal
2026-08-31 00:00:00,(07200) Tygua-San José,0.0,0.0,2.9514923,228.0,0.0,0,,Bajo,,Normal
2026-08-31 01:00:00,(07200) Tygua-San José,0.0,0.0,11.259872,228.0,0.0,1,,Bajo,,Normal
2026-08-31 02:00:00,(07200) Tygua-San José,0.0,0.0,13.601181,228.0,0.0,2,,Bajo,,Normal
2026-08-31 03:00:00,(07200) Tygua-San José,0.0,0.0,15.156555,228.0,0.0,3,,Bajo,,Normal
2026-08-31 04:00:00,(07200) Tygua-San José,7.1127777,0.0,37.545975,228.0,0.031196393072605133,4,13.629032258064516,Bajo,5.13952380952381,Normal
2026-08-31 05:00:00,(07200) Tygua-San José,101.06464,54.73149,159.0094,228.0,0.4432659447193146,5,92.1774193548387,Bajo,0.7495238095238095,Normal
2026-08-31 06:00:00,(07200) Tygua-San José,307.49048,229.89871,386.31323,228.0,1.3486424684524536,6,229.7258064516129,Medio,0.5934761904761905,CRITICO: refuerzo inmediato
2026-08-31 07:00:00,(07200) Tygua-San José,362.78253,278.83032,444.22534,228.0,1.591151475906372,7,274.98387096774195,Medio,0.5769761904761905,CRITICO: refuerzo inmediato
2026-08-31 08:00:00,(07200) Tygua-San José,272.80722,200.24107,343.3492,228.0,1.1965229511260986,8,210.16129032258064,Bajo,0.5447619047619048,CRITICO: refuerzo inmediato
2026-08-31 09:00:00,(07200) Tygua-San José,258.69455,193.83429,328.1843,228.0,1.1346251964569092,9,213.48387096774192,Bajo,0.5697619047619048,CRITICO: refuerzo inmediato
2026-08-31 10:00:00,(07200) Tygua-San José,263.26425,200.59207,336.91367,228.0,1.1546677350997925,10,242.25806451612902,Bajo,0.6104761904761905,CRITICO: refuerzo inmediato
2026-08-31 11:00:00,(07200) Tygua-San José,295.28058,223.59677,371.82507,228.0,1.2950901985168457,11,278.7258064516129,Medio,0.6914285714285715,CRITICO: refuerzo inmediato
2026-08-31 12:00:00,(07200) Tygua-San José,354.22308,265.72577,444.87158,228.0,1.5536099672317505,12,355.0967741935484,Medio,0.6985000000000001,CRITICO: refuerzo inmediato
2026-08-31 13:00:00,(07200) Tygua-San José,401.90894,302.58685,501.68115,228.0,1.762758493423462,13,411.93548387096774,Medio,0.7068809523809524,CRITICO: refuerzo inmediato
2026-08-31 14:00:00,(07200) Tygua-San José,441.40417,342.05518,544.05566,228.0,1.9359831809997559,14,424.258064516129,Medio,0.6840952380952381,CRITICO: refuerzo inmediato
2026-08-31 15:00:00,(07200) Tygua-San José,533.03503,413.9391,662.42004,228.0,2.3378729820251465,15,473.80645161290323,Medio,0.6872380952380953,CRITICO: refuerzo inmediato
2026-08-31 16:00:00,(07200) Tygua-San José,824.26227,618.26984,1005.629,228.0,3.615185499191284,16,682.2096774193549,Medio,0.6345952380952382,CRITICO: refuerzo inmediato
2026-08-31 17:00:00,(07200) Tygua-San José,1153.2314,844.35114,1389.624,228.0,5.058032512664795,17,843.5,Alto,0.6812619047619048,CRITICO: refuerzo inmediato
2026-08-31 18:00:00,(07200) Tygua-San José,950.67456,697.9526,1176.0258,228.0,4.169625282287598,18,737.8709677419355,Medio,0.5730476190476191,CRITICO: refuerzo inmediato
2026-08-31 19:00:00,(07200) Tygua-San José,450.4698,308.2949,616.9972,228.0,1.9757447242736816,19,398.9516129032258,Medio,0.635904761904762,CRITICO: refuerzo inmediato
2026-08-31 20:00:00,(07200) Tygua-San José,69.60913,25.041245,158.32855,228.0,0.3053032159805298,20,54.08064516129032,Bajo,0.6583333333333333,Normal
2026-08-31 21:00:00,(07200) Tygua-San José,9.562866,0.0,57.77704,228.0,0.04194239526987076,21,19.387096774193548,Bajo,0.8457142857142858,Normal
2026-08-31 22:00:00,(07200) Tygua-San José,9.306335,0.0,44.269073,228.0,0.0408172607421875,22,9.892857142857142,Bajo,1.1168421052631579,Normal
2026-08-31 23:00:00,(07200) Tygua-San José,0.0,0.0,13.408142,228.0,0.0,23,1.1578947368421053,Bajo,2.1153846153846154,Normal
2026-08-31 00:00:00,(07201) Guatoque -Veraguas,0.0,0.0,0.0,240.0,0.0,0,,Bajo,,Normal
2026-08-31 01:00:00,(07201) Guatoque -Veraguas,0.0,0.0,0.0,240.0,0.0,1,,Bajo,,Normal
2026-08-31 02:00:00,(07201) Guatoque -Veraguas,0.0,0.0,3.1176605,240.0,0.0,2,,Bajo,,Normal
2026-08-31 03:00:00,(07201) Guatoque -Veraguas,0.0,0.0,5.857193,240.0,0.0,3,,Bajo,,Normal
2026-08-31 04:00:00,(07201) Guatoque -Veraguas,0.02532959,0.0,22.385452,240.0,0.00010553995525697246,4,12.833333333333334,Bajo,2.802439024390244,Normal
2026-08-31 05:00:00,(07201) Guatoque -Veraguas,100.46239,60.896126,143.2987,240.0,0.41859328746795654,5,82.16129032258064,Bajo,0.7638095238095237,Normal
2026-08-31 06:00:00,(07201) Guatoque -Veraguas,268.79352,203.56812,329.64832,240.0,1.1199729442596436,6,222.66129032258064,Bajo,0.5764285714285714,CRITICO: refuerzo inmediato
2026-08-31 07:00:00,(07201) Guatoque -Veraguas,339.65613,255.36462,408.2265,240.0,1.415233850479126,7,254.6290322580645,Medio,0.5963571428571429,CRITICO: refuerzo inmediato
2026-08-31 08:00:00,(07201) Guatoque -Veraguas,213.52798,156.37952,272.40033,240.0,0.8896999359130859,8,171.69354838709677,Bajo,0.5445238095238095,ALTO: considerar refuerzo
2026-08-31 09:00:00,(07201) Guatoque -Veraguas,147.18645,105.703674,191.33795,240.0,0.6132768392562866,9,136.1451612903226,Bajo,0.584047619047619,Normal
2026-08-31 10:00:00,(07201) Guatoque -Veraguas,119.99065,83.06801,163.43692,240.0,0.4999610185623169,10,127.25806451612904,Bajo,0.6052380952380952,Normal
2026-08-31 11:00:00,(07201) Guatoque -Veraguas,117.812256,81.46134,159.76817,240.0,0.490884393453598,11,133.6290322580645,Bajo,0.6135714285714285,Normal
2026-08-31 12:00:00,(07201) Guatoque -Veraguas,143.34195,103.81766,190.58138,240.0,0.5972581505775452,12,166.2741935483871,Bajo,0.6183333333333334,Normal
2026-08-31 13:00:00,(07201) Guatoque -Veraguas,172.38918,126.159966,224.12677,240.0,0.718288242816925,13,207.8548387096774,Bajo,0.6235714285714286,ALTO: considerar refuerzo
2026-08-31 14:00:00,(07201) Guatoque -Veraguas,211.78587,159.69846,269.91202,240.0,0.8824411630630493,14,240.56451612903226,Bajo,0.6202380952380953,ALTO: considerar refuerzo
2026-08-31 15:00:00,(07201) Guatoque -Veraguas,277.3155,210.43561,354.04938,240.0,1.155481219291687,15,238.20967741935485,Bajo,0.5952380952380952,CRITICO: refuerzo inmediato
2026-08-31 16:00:00,(07201) Guatoque -Veraguas,498.60242,372.08923,612.1944,240.0,2.077510118484497,16,397.53225806451616,Medio,0.6398333333333334,CRITICO: refuerzo inmediato
2026-08-31 17:00:00,(07201) Guatoque -Veraguas,770.3899,550.6605,927.43787,240.0,3.2099578380584717,17,618.9516129032259,Medio,0.5987142857142858,CRITICO: refuerzo inmediato
2026-08-31 18:00:00,(07201) Guatoque -Veraguas,488.9495,348.80814,619.7627,240.0,2.037289619445801,18,393.5806451612903,Medio,0.5788095238095239,CRITICO: refuerzo inmediato
2026-08-31 19:00:00,(07201) Guatoque -Veraguas,215.41733,144.245,301.35278,240.0,0.8975722193717957,19,206.6290322580645,Bajo,0.5654761904761905,ALTO: considerar refuerzo
2026-08-31 20:00:00,(07201) Guatoque -Veraguas,92.24668,49.87593,146.13885,240.0,0.3843611776828766,20,72.04838709677419,Bajo,0.6426190476190475,Normal
2026-08-31 21:00:00,(07201) Guatoque -Veraguas,22.38823,0.0,55.383476,240.0,0.09328428655862808,21,28.774193548387096,Bajo,0.9002380952380953,Normal
2026-08-31 22:00:00,(07201) Guatoque -Veraguas,10.770691,0.0,31.10395,240.0,0.044877879321575165,22,17.442307692307693,Bajo,1.0479411764705882,Normal
2026-08-31 23:00:00,(07201) Guatoque -Veraguas,0.76786804,0.0,9.098892,240.0,0.0031994502060115337,23,1.4,Bajo,2.0483333333333333,Normal
2026-08-31 00:00:00,(07503) SAN MATEO - C.C. UNISUR,0.0,0.0,59.2854,424.0,0.0,0,,Bajo,,Normal
2026-08-31 01:00:00,(07503) SAN MATEO - C.C. UNISUR,0.0,0.0,92.42883,424.0,0.0,1,,Bajo,,Normal
2026-08-31 02:00:00,(07503) SAN MATEO - C.C. UNISUR,10.508057,0.0,134.08997,424.0,0.02478315308690071,2,,Bajo,,Normal
2026-08-31 03:00:00,(07503) SAN MATEO - C.C. UNISUR,319.7434,0.0,717.5627,424.0,0.7541118264198303,3,183.32258064516128,Bajo,,ALTO: considerar refuerzo
2026-08-31 04:00:00,(07503) SAN MATEO - C.C. UNISUR,3363.8953,2210.928,4274.576,424.0,7.933715343475342,4,3064.1129032258063,Alto,1.4321666666666668,CRITICO: refuerzo inmediato
2026-08-31 05:00:00,(07503) SAN MATEO - C.C. UNISUR,6296.454,4325.222,7647.763,424.0,14.850127220153809,5,5210.322580645161,Alto,0.978404761904762,CRITICO: refuerzo inmediato
2026-08-31 06:00:00,(07503) SAN MATEO - C.C. UNISUR,6310.7856,4451.0015,7582.255,424.0,14.883928298950195,6,5493.435483870968,Alto,0.7561666666666667,CRITICO: refuerzo inmediato
2026-08-31 07:00:00,(07503) SAN MATEO - C.C. UNISUR,4469.7397,3099.6362,5448.755,424.0,10.541838645935059,7,4010.8360655737706,Alto,0.8047317073170732,CRITICO: refuerzo inmediato
2026-08-31 08:00:00,(07503) SAN MATEO - C.C. UNISUR,3238.6973,2254.3315,3961.1416,424.0,7.638436794281006,8,2797.0967741935483,Alto,0.8511904761904763,CRITICO: refuerzo inmediato
2026-08-31 09:00:00,(07503) SAN MATEO - C.C. UNISUR,2236.826,1519.9358,2776.7646,424.0,5.2755327224731445,9,2090.4032258064517,Alto,1.0718809523809525,CRITICO: refuerzo inmediato
2026-08-31 10:00:00,(07503) SAN MATEO - C.C. UNISUR,1779.759,1231.159,2215.4924,424.0,4.197545051574707,10,1705.3709677419354,Medio,0.9674761904761905,CRITICO: refuerzo inmediato
2026-08-31 11:00:00,(07503) SAN MATEO - C.C. UNISUR,1548.5072,1114.7275,1925.9358,424.0,3.652139663696289,11,1567.758064516129,Medio,1.0067619047619047,CRITICO: refuerzo inmediato
2026-08-31 12:00:00,(07503) SAN MATEO - C.C. UNISUR,1296.9127,979.8068,1638.7764,424.0,3.0587563514709473,12,1332.725806451613,Medio,1.0206428571428572,CRITICO: refuerzo inmediato
2026-08-31 13:00:00,(07503) SAN MATEO - C.C. UNISUR,905.85034,683.7748,1166.5066,424.0,2.136439561843872,13,955.5322580645161,Medio,0.9719285714285715,CRITICO: refuerzo inmediato
2026-08-31 14:00:00,(07503) SAN MATEO - C.C. UNISUR,723.3804,529.0922,960.636,424.0,1.7060858011245728,14,783.7741935483871,Medio,0.9842380952380954,CRITICO: refuerzo inmediato
2026-08-31 15:00:00,(07503) SAN MATEO - C.C. UNISUR,802.4484,545.01117,1061.8186,424.0,1.8925670385360718,15,792.0483870967741,Medio,0.893357142857143,CRITICO: refuerzo inmediato
2026-08-31 16:00:00,(07503) SAN MATEO - C.C. UNISUR,964.96375,733.53986,1321.663,424.0,2.275857925415039,16,915.2096774193549,Medio,0.7464285714285716,CRITICO: refuerzo inmediato
2026-08-31 17:00:00,(07503) SAN MATEO - C.C. UNISUR,788.2985,555.1683,1128.9194,424.0,1.8591946363449097,17,815.8387096774194,Medio,0.6403571428571428,CRITICO: refuerzo inmediato
2026-08-31 18:00:00,(07503) SAN MATEO - C.C. UNISUR,547.1864,371.11853,925.8133,424.0,1.2905340194702148,18,568.9516129032259,Medio,0.6091904761904763,CRITICO: refuerzo inmediato
2026-08-31 19:00:00,(07503) SAN MATEO - C.C. UNISUR,309.1892,178.27869,595.16406,424.0,0.7292198538780212,19,446.01612903225805,Bajo,0.5599999999999999,ALTO: considerar refuerzo
2026-08-31 20:00:00,(07503) SAN MATEO - C.C. UNISUR,196.52258,77.162476,448.80353,424.0,0.4634966552257538,20,247.43548387096774,Bajo,0.6388095238095237,Normal
2026-08-31 21:00:00,(07503) SAN MATEO - C.C. UNISUR,43.191406,0.0,211.17065,424.0,0.10186652094125748,21,79.20967741935483,Bajo,0.9678571428571429,Normal
2026-08-31 22:00:00,(07503) SAN MATEO - C.C. UNISUR,0.0,0.0,133.20923,424.0,0.0,22,12.790322580645162,Bajo,1.5195238095238095,Normal
2026-08-31 23:00:00,(07503) SAN MATEO - C.C. UNISUR,0.0,0.0,95.18237,424.0,0.0,23,1.0,Bajo,2.7975,Normal
2026-08-31 00:00:00,(07504) TERREROS,0.0,0.0,62.694336,356.0,0.0,0,,Bajo,,Normal
2026-08-31 01:00:00,(07504) TERREROS,19.878845,0.0,112.660095,356.0,0.055839452892541885,1,,Bajo,,Normal
2026-08-31 02:00:00,(07504) TERREROS,10.550659,0.0,101.74933,356.0,0.02963668294250965,2,,Bajo,,Normal
2026-08-31 03:00:00,(07504) TERREROS,198.16962,0.0,444.83655,356.0,0.5566562414169312,3,40.68852459016394,Bajo,,Normal
2026-08-31 04:00:00,(07504) TERREROS,1485.6177,824.4255,2120.0212,356.0,4.173083305358887,4,1528.6129032258063,Medio,1.476357142857143,CRITICO: refuerzo inmediato
2026-08-31 05:00:00,(07504) TERREROS,4225.423,2798.8728,5310.1943,356.0,11.869165420532227,5,4053.2903225806454,Alto,0.9969761904761906,CRITICO: refuerzo inmediato
2026-08-31 06:00:00,(07504) TERREROS,4883.557,3303.786,6034.888,356.0,13.717857360839844,6,4774.645161290323,Alto,0.7765952380952381,CRITICO: refuerzo inmediato
2026-08-31 07:00:00,(07504) TERREROS,2976.236,1932.7391,3760.9504,356.0,8.360213279724121,7,2976.8688524590166,Alto,0.8262926829268293,CRITICO: refuerzo inmediato
2026-08-31 08:00:00,(07504) TERREROS,1946.4407,1217.1097,2477.723,356.0,5.467529773712158,8,1804.6451612903227,Alto,0.9988333333333332,CRITICO: refuerzo inmediato
2026-08-31 09:00:00,(07504) TERREROS,1267.2776,727.7179,1663.7172,356.0,3.5597684383392334,9,1282.483870967742,Medio,0.9994285714285717,CRITICO: refuerzo inmediato
2026-08-31 10:00:00,(07504) TERREROS,924.46246,517.32947,1252.8259,356.0,2.596804618835449,10,981.2903225806451,Medio,1.1316904761904762,CRITICO: refuerzo inmediato
2026-08-31 11:00:00,(07504) TERREROS,774.5913,470.0647,1065.7623,356.0,2.1758182048797607,11,882.5322580645161,Medio,1.1434761904761905,CRITICO: refuerzo inmediato
2026-08-31 12:00:00,(07504) TERREROS,621.8469,380.2837,911.64825,356.0,1.7467609643936157,12,761.0806451612904,Medio,1.1623333333333334,CRITICO: refuerzo inmediato
2026-08-31 13:00:00,(07504) TERREROS,401.32474,231.6706,638.1349,356.0,1.1273167133331299,13,558.7258064516129,Bajo,0.9916666666666666,CRITICO: refuerzo inmediato
2026-08-31 14:00:00,(07504) TERREROS,299.76672,190.51068,492.5081,356.0,0.8420413732528687,14,416.85483870967744,Bajo,1.020952380952381,ALTO: considerar refuerzo
2026-08-31 15:00:00,(07504) TERREROS,310.9192,196.534,517.9446,356.0,0.873368501663208,15,390.1290322580645,Bajo,0.9252380952380952,ALTO: considerar refuerzo
2026-08-31 16:00:00,(07504) TERREROS,365.12823,239.19537,651.3141,356.0,1.0256410837173462,16,451.11290322580646,Bajo,0.7604761904761905,CRITICO: refuerzo inmediato
2026-08-31 17:00:00,(07504) TERREROS,284.67316,179.78467,566.41516,356.0,0.7996436953544617,17,418.56451612903226,Bajo,0.6478571428571429,ALTO: considerar refuerzo
2026-08-31 18:00:00,(07504) TERREROS,221.22906,140.7876,511.03738,356.0,0.621429979801178,18,279.19354838709677,Bajo,0.6226190476190476,Normal
2026-08-31 19:00:00,(07504) TERREROS,149.367,91.033325,357.82916,356.0,0.4195702373981476,19,212.66129032258064,Bajo,0.6121428571428572,Normal
2026-08-31 20:00:00,(07504) TERREROS,93.65332,27.593445,304.77515,356.0,0.26307111978530884,20,143.08064516129033,Bajo,0.745,Normal
2026-08-31 21:00:00,(07504) TERREROS,13.53949,0.0,174.15234,356.0,0.038032274693250656,21,56.53225806451613,Bajo,1.1421428571428571,Normal
2026-08-31 22:00:00,(07504) TERREROS,0.0,0.0,116.385315,356.0,0.0,22,11.637931034482758,Bajo,1.7815384615384617,Normal
2026-08-31 23:00:00,(07504) TERREROS,0.0,0.0,108.84894,356.0,0.0,23,1.1,Bajo,4.3149999999999995,Normal
2026-08-31 00:00:00,(07505) LEON XIII,0.0,0.0,18.918457,224.0,0.0,0,,Bajo,,Normal
2026-08-31 01:00:00,(07505) LEON XIII,1.6551819,0.0,41.044647,224.0,0.007389205042272806,1,,Bajo,,Normal
2026-08-31 02:00:00,(07505) LEON XIII,3.3439941,0.0,40.762115,224.0,0.014928544871509075,2,,Bajo,,Normal
2026-08-31 03:00:00,(07505) LEON XIII,102.51984,0.0,203.25076,224.0,0.45767784118652344,3,16.789473684210527,Bajo,,Normal
2026-08-31 04:00:00,(07505) LEON XIII,851.6456,558.12836,1112.105,224.0,3.8019893169403076,4,716.3709677419355,Medio,1.6644047619047622,CRITICO: refuerzo inmediato
2026-08-31 05:00:00,(07505) LEON XIII,2156.615,1520.8446,2600.9636,224.0,9.627745628356934,5,1725.2903225806451,Alto,1.0635238095238095,CRITICO: refuerzo inmediato
2026-08-31 06:00:00,(07505) LEON XIII,2388.924,1709.8171,2855.5867,224.0,10.664839744567871,6,1973.3709677419354,Alto,0.840047619047619,CRITICO: refuerzo inmediato
2026-08-31 07:00:00,(07505) LEON XIII,1408.3444,989.2001,1734.7675,224.0,6.2872514724731445,7,1232.688524590164,Alto,0.9046097560975609,CRITICO: refuerzo inmediato
2026-08-31 08:00:00,(07505) LEON XIII,847.02856,586.87695,1063.1907,224.0,3.7813775539398193,8,714.3064516129032,Medio,0.9905238095238096,CRITICO: refuerzo inmediato
2026-08-31 09:00:00,(07505) LEON XIII,547.5663,367.0445,698.0032,224.0,2.4444923400878906,9,510.88709677419354,Medio,1.2233571428571428,CRITICO: refuerzo inmediato
2026-08-31 10:00:00,(07505) LEON XIII,413.67014,268.08264,538.49854,224.0,1.8467416763305664,10,415.4032258064516,Medio,1.4692857142857145,CRITICO: refuerzo inmediato
2026-08-31 11:00:00,(07505) LEON XIII,382.56668,254.13838,496.29816,224.0,1.7078869342803955,11,376.80645161290323,Medio,1.5140714285714287,CRITICO: refuerzo inmediato
2026-08-31 12:00:00,(07505) LEON XIII,370.19492,246.002,491.06198,224.0,1.652655839920044,12,378.3709677419355,Medio,1.4737380952380956,CRITICO: refuerzo inmediato
2026-08-31 13:00:00,(07505) LEON XIII,294.65137,184.43019,401.97275,224.0,1.3154078722000122,13,297.6290322580645,Medio,1.4331428571428573,CRITICO: refuerzo inmediato
2026-08-31 14:00:00,(07505) LEON XIII,221.20038,134.38379,317.83304,224.0,0.9875016808509827,14,235.75806451612902,Bajo,1.2969047619047618,CRITICO: refuerzo inmediato
2026-08-31 15:00:00,(07505) LEON XIII,237.29175,139.20175,348.12244,224.0,1.0593382120132446,15,239.2741935483871,Bajo,1.170952380952381,CRITICO: refuerzo inmediato
2026-08-31 16:00:00,(07505) LEON XIII,329.71558,217.61621,487.25406,224.0,1.4719445705413818,16,281.3225806451613,Medio,0.9404999999999999,CRITICO: refuerzo inmediato
2026-08-31 17:00:00,(07505) LEON XIII,294.3838,188.7433,449.26312,224.0,1.3142133951187134,17,295.1774193548387,Medio,0.8189761904761906,CRITICO: refuerzo inmediato
2026-08-31 18:00:00,(07505) LEON XIII,191.4585,114.31662,344.40903,224.0,0.8547254204750061,18,168.79032258064515,Bajo,0.7104761904761905,ALTO: considerar refuerzo
2026-08-31 19:00:00,(07505) LEON XIII,95.272,46.544952,209.05052,224.0,0.42532142996788025,19,127.06451612903226,Bajo,0.6971428571428572,Normal
2026-08-31 20:00:00,(07505) LEON XIII,62.160767,15.460754,171.49808,224.0,0.27750343084335327,20,83.0,Bajo,0.8923809523809525,Normal
2026-08-31 21:00:00,(07505) LEON XIII,18.562714,0.0,96.94217,224.0,0.08286925405263901,21,40.88709677419355,Bajo,1.2261904761904763,Normal
2026-08-31 22:00:00,(07505) LEON XIII,0.0,0.0,53.472717,224.0,0.0,22,6.775862068965517,Bajo,1.8190000000000002,Normal
2026-08-31 23:00:00,(07505) LEON XIII,0.0,0.0,45.541443,224.0,0.0,23,1.0,Bajo,5.915,Normal
2026-08-31 00:00:00,(07506) DESPENSA,0.0,0.0,5.646988,224.0,0.0,0,,Bajo,,Normal
2026-08-31 01:00:00,(07506) DESPENSA,0.0,0.0,11.603714,224.0,0.0,1,,Bajo,,Normal
2026-08-31 02:00:00,(07506) DESPENSA,0.1639862,0.0,12.743202,224.0,0.0007320813019759953,2,,Bajo,,Normal
2026-08-31 03:00:00,(07506) DESPENSA,29.973145,0.0,60.98649,224.0,0.1338086873292923,3,4.886363636363637,Bajo,,Normal
2026-08-31 04:00:00,(07506) DESPENSA,240.96136,151.7776,322.35815,224.0,1.0757204294204712,4,208.09677419354838,Bajo,1.560952380952381,CRITICO: refuerzo inmediato
2026-08-31 05:00:00,(07506) DESPENSA,686.5438,479.47046,831.7667,224.0,3.064927816390991,5,551.1129032258065,Medio,0.9082857142857144,CRITICO: refuerzo inmediato
2026-08-31 06:00:00,(07506) DESPENSA,802.08014,566.4077,963.81287,224.0,3.5807149410247803,6,654.5806451612904,Medio,0.7042619047619049,CRITICO: refuerzo inmediato
2026-08-31 07:00:00,(07506) DESPENSA,477.38818,330.4918,590.09753,224.0,2.131197214126587,7,417.37704918032784,Medio,0.7807317073170733,CRITICO: refuerzo inmediato
2026-08-31 08:00:00,(07506) DESPENSA,234.91895,148.24347,310.5651,224.0,1.0487452745437622,8,194.9672131147541,Bajo,0.8724390243902438,CRITICO: refuerzo inmediato
2026-08-31 09:00:00,(07506) DESPENSA,137.35864,77.79924,189.1243,224.0,0.6132082343101501,9,135.6290322580645,Bajo,1.1004761904761904,Normal
2026-08-31 10:00:00,(07506) DESPENSA,100.88656,51.087982,144.56204,224.0,0.4503864347934723,10,115.43548387096774,Bajo,1.3316666666666666,Normal
2026-08-31 11:00:00,(07506) DESPENSA,107.104805,61.43412,148.21182,224.0,0.4781464636325836,11,110.37096774193549,Bajo,1.3883333333333334,Normal
2026-08-31 12:00:00,(07506) DESPENSA,114.022835,67.01882,159.10312,224.0,0.5090305209159851,12,124.33870967741936,Bajo,1.340952380952381,Normal
2026-08-31 13:00:00,(07506) DESPENSA,90.26419,48.0823,131.62505,224.0,0.40296512842178345,13,95.29032258064517,Bajo,1.2871428571428571,Normal
2026-08-31 14:00:00,(07506) DESPENSA,62.46103,29.821281,100.20434,224.0,0.27884387969970703,14,75.87096774193549,Bajo,1.3233333333333335,Normal
2026-08-31 15:00:00,(07506) DESPENSA,69.42984,32.575012,115.77364,224.0,0.3099546432495117,15,75.54838709677419,Bajo,1.1485714285714286,Normal
2026-08-31 16:00:00,(07506) DESPENSA,144.14023,89.17809,209.7552,224.0,0.6434831619262695,16,110.83870967741936,Bajo,0.8642857142857142,Normal
2026-08-31 17:00:00,(07506) DESPENSA,126.92248,79.85112,192.13686,224.0,0.5666182041168213,17,118.69354838709677,Bajo,0.7354761904761905,Normal
2026-08-31 18:00:00,(07506) DESPENSA,77.51608,43.510628,135.9683,224.0,0.34605392813682556,18,61.11290322580645,Bajo,0.7054761904761905,Normal
2026-08-31 19:00:00,(07506) DESPENSA,30.967972,14.477791,72.16052,224.0,0.13824987411499023,19,37.78688524590164,Bajo,0.7046341463414634,Normal
2026-08-31 20:00:00,(07506) DESPENSA,11.581062,0.0,47.069473,224.0,0.05170116946101189,20,15.741935483870968,Bajo,0.8921428571428571,Normal
2026-08-31 21:00:00,(07506) DESPENSA,0.28762817,0.0,25.834732,224.0,0.0012840543640777469,21,5.903225806451613,Bajo,1.2192857142857143,Normal
2026-08-31 22:00:00,(07506) DESPENSA,0.0,0.0,13.754318,224.0,0.0,22,2.5416666666666665,Bajo,1.655,Normal
2026-08-31 23:00:00,(07506) DESPENSA,0.0,0.0,15.372757,224.0,0.0,23,1.0,Bajo,2.9766666666666666,Normal
2026-08-31 00:00:00,(08000) Portal Tunal,0.0,0.0,16.470825,152.0,0.0,0,3.13953488372093,Bajo,,Normal
2026-08-31 01:00:00,(08000) Portal Tunal,0.0,0.0,68.79309,152.0,0.0,1,,Bajo,,Normal
2026-08-31 02:00:00,(08000) Portal Tunal,5.49646,0.0,111.91492,152.0,0.036160919815301895,2,,Bajo,,Normal
2026-08-31 03:00:00,(08000) Portal Tunal,284.65918,11.118408,584.3256,152.0,1.8727577924728394,3,150.80281690140845,Medio,2.3914897959183676,CRITICO: refuerzo inmediato
2026-08-31 04:00:00,(08000) Portal Tunal,2543.1055,1756.854,3218.6,152.0,16.73095703125,4,2254.5806451612902,Alto,0.3986666666666667,CRITICO: refuerzo inmediato
2026-08-31 05:00:00,(08000) Portal Tunal,5266.1865,3802.036,6291.7256,152.0,34.645965576171875,5,4377.580645161291,Alto,0.32561904761904764,CRITICO: refuerzo inmediato
2026-08-31 06:00:00,(08000) Portal Tunal,6413.535,4651.7856,7546.923,152.0,42.19430923461914,6,5418.709677419355,Alto,0.29064285714285715,CRITICO: refuerzo inmediato
2026-08-31 07:00:00,(08000) Portal Tunal,4477.942,3239.0598,5322.8286,152.0,29.46014404296875,7,3950.9193548387098,Alto,0.28104761904761905,CRITICO: refuerzo inmediato
2026-08-31 08:00:00,(08000) Portal Tunal,3076.1792,2197.04,3708.9363,152.0,20.238021850585938,8,2676.6935483870966,Alto,0.2856904761904762,CRITICO: refuerzo inmediato
2026-08-31 09:00:00,(08000) Portal Tunal,2070.6606,1426.8217,2545.6606,152.0,13.622767448425293,9,1872.1290322580646,Alto,0.3280952380952381,CRITICO: refuerzo inmediato
2026-08-31 10:00:00,(08000) Portal Tunal,1638.4567,1147.8116,2031.5383,152.0,10.779319763183594,10,1566.1451612903227,Alto,0.37266666666666665,CRITICO: refuerzo inmediato
2026-08-31 11:00:00,(08000) Portal Tunal,1492.6927,1101.2292,1846.3402,152.0,9.82034683227539,11,1491.6774193548388,Alto,0.39557142857142863,CRITICO: refuerzo inmediato
2026-08-31 12:00:00,(08000) Portal Tunal,1400.0986,1093.7847,1710.9387,152.0,9.211174964904785,12,1424.3387096774193,Alto,0.39371428571428574,CRITICO: refuerzo inmediato
2026-08-31 13:00:00,(08000) Portal Tunal,1219.9902,989.2956,1467.2615,152.0,8.026251792907715,13,1242.258064516129,Alto,0.3841190476190477,CRITICO: refuerzo inmediato
2026-08-31 14:00:00,(08000) Portal Tunal,1092.347,916.8306,1289.4934,152.0,7.186493873596191,14,1120.967741935484,Alto,0.3918571428571429,CRITICO: refuerzo inmediato
2026-08-31 15:00:00,(08000) Portal Tunal,1144.8533,945.931,1343.2075,152.0,7.5319294929504395,15,1114.8387096774193,Alto,0.3869047619047619,CRITICO: refuerzo inmediato
2026-08-31 16:00:00,(08000) Portal Tunal,1351.3455,1130.3998,1634.2992,152.0,8.890430450439453,16,1240.8387096774193,Alto,0.3268571428571429,CRITICO: refuerzo inmediato
2026-08-31 17:00:00,(08000) Portal Tunal,1370.2202,1105.7678,1674.0132,152.0,9.014606475830078,17,1230.6129032258063,Alto,0.30302380952380953,CRITICO: refuerzo inmediato
2026-08-31 18:00:00,(08000) Portal Tunal,1136.5186,897.32117,1479.4388,152.0,7.477095603942871,18,1078.516129032258,Alto,0.3076666666666667,CRITICO: refuerzo inmediato
2026-08-31 19:00:00,(08000) Portal Tunal,738.53656,565.066,1019.95514,152.0,4.858793258666992,19,812.3064516129032,Alto,0.30952380952380953,CRITICO: refuerzo inmediato
2026-08-31 20:00:00,(08000) Portal Tunal,369.27234,231.37329,639.7329,152.0,2.4294233322143555,20,501.96774193548384,Medio,0.2996190476190477,CRITICO: refuerzo inmediato
2026-08-31 21:00:00,(08000) Portal Tunal,116.46277,0.0,313.44324,152.0,0.766202449798584,21,266.14516129032256,Bajo,0.33761904761904765,ALTO: considerar refuerzo
2026-08-31 22:00:00,(08000) Portal Tunal,36.40393,0.0,177.11475,152.0,0.2394995391368866,22,87.54838709677419,Bajo,0.4204761904761905,Normal
2026-08-31 23:00:00,(08000) Portal Tunal,0.0,0.0,103.544556,152.0,0.0,23,21.048387096774192,Bajo,0.6195238095238095,Normal
2026-08-31 00:00:00,(08001) Parque el Tunal,0.0,0.0,3.43602,60.0,0.0,0,,Bajo,,Normal
2026-08-31 01:00:00,(08001) Parque el Tunal,0.0,0.0,4.2803802,60.0,0.0,1,,Bajo,,Normal
2026-08-31 02:00:00,(08001) Parque el Tunal,0.28475952,0.0,4.807083,60.0,0.00474599190056324,2,,Bajo,,Normal
2026-08-31 03:00:00,(08001) Parque el Tunal,12.608643,0.70462036,21.645393,60.0,0.21014404296875,3,3.903225806451613,Bajo,,Normal
2026-08-31 04:00:00,(08001) Parque el Tunal,96.1305,67.141304,121.87669,60.0,1.602174997329712,4,82.91935483870968,Medio,2.996714285714286,CRITICO: refuerzo inmediato
2026-08-31 05:00:00,(08001) Parque el Tunal,275.23035,203.65836,323.52533,60.0,4.587172508239746,5,242.1451612903226,Alto,2.2836666666666665,CRITICO: refuerzo inmediato
2026-08-31 06:00:00,(08001) Parque el Tunal,402.0327,292.46753,467.18073,60.0,6.700545310974121,6,345.5483870967742,Alto,1.6503809523809525,CRITICO: refuerzo inmediato
2026-08-31 07:00:00,(08001) Parque el Tunal,289.42322,211.36386,338.30652,60.0,4.823720455169678,7,258.2096774193548,Alto,1.5924999999999998,CRITICO: refuerzo inmediato
2026-08-31 08:00:00,(08001) Parque el Tunal,194.21344,138.22983,232.22191,60.0,3.2368905544281006,8,156.7741935483871,Medio,1.3469761904761905,CRITICO: refuerzo inmediato
2026-08-31 09:00:00,(08001) Parque el Tunal,151.24028,107.68477,181.30707,60.0,2.5206713676452637,9,131.40322580645162,Medio,1.3467142857142858,CRITICO: refuerzo inmediato
2026-08-31 10:00:00,(08001) Parque el Tunal,125.51697,90.00202,154.15756,60.0,2.091949462890625,10,108.19354838709677,Medio,1.3870476190476193,CRITICO: refuerzo inmediato
2026-08-31 11:00:00,(08001) Parque el Tunal,118.411125,87.75383,147.64368,60.0,1.9735187292099,11,105.35483870967742,Medio,1.5022857142857144,CRITICO: refuerzo inmediato
2026-08-31 12:00:00,(08001) Parque el Tunal,108.1565,81.87142,135.85182,60.0,1.8026083707809448,12,104.0,Medio,1.464047619047619,CRITICO: refuerzo inmediato
2026-08-31 13:00:00,(08001) Parque el Tunal,87.15552,67.423515,110.24507,60.0,1.4525920152664185,13,86.74193548387096,Medio,1.425809523809524,CRITICO: refuerzo inmediato
2026-08-31 14:00:00,(08001) Parque el Tunal,70.52204,56.355476,89.54855,60.0,1.1753673553466797,14,79.64516129032258,Bajo,1.3257142857142856,CRITICO: refuerzo inmediato
2026-08-31 15:00:00,(08001) Parque el Tunal,70.739944,55.533535,90.914955,60.0,1.1789990663528442,15,71.8225806451613,Bajo,1.3092857142857144,CRITICO: refuerzo inmediato
2026-08-31 16:00:00,(08001) Parque el Tunal,102.43213,78.14316,128.4021,60.0,1.7072021961212158,16,90.11290322580645,Medio,1.4491190476190476,CRITICO: refuerzo inmediato
2026-08-31 17:00:00,(08001) Parque el Tunal,96.90058,75.15945,122.35672,60.0,1.6150096654891968,17,89.14516129032258,Medio,1.3152857142857144,CRITICO: refuerzo inmediato
2026-08-31 18:00:00,(08001) Parque el Tunal,66.590454,50.425407,88.71652,60.0,1.1098408699035645,18,70.3225806451613,Bajo,1.1642857142857141,CRITICO: refuerzo inmediato
2026-08-31 19:00:00,(08001) Parque el Tunal,34.625927,26.658302,52.120483,60.0,0.5770987868309021,19,38.32258064516129,Bajo,1.2261904761904763,Normal
2026-08-31 20:00:00,(08001) Parque el Tunal,15.047981,8.365875,32.07931,60.0,0.25079968571662903,20,30.274193548387096,Bajo,1.2897619047619049,Normal
2026-08-31 21:00:00,(08001) Parque el Tunal,5.4538116,0.0,18.512901,60.0,0.0908968597650528,21,10.516129032258064,Bajo,1.5702380952380952,Normal
2026-08-31 22:00:00,(08001) Parque el Tunal,0.0,0.0,8.4841,60.0,0.0,22,4.625,Bajo,1.8376315789473683,Normal
2026-08-31 23:00:00,(08001) Parque el Tunal,0.0,0.0,7.061592,60.0,0.0,23,1.0833333333333333,Bajo,2.598333333333333,Normal
2026-08-31 00:00:00,(08002) Biblioteca,0.0,0.0,4.2801514,60.0,0.0,0,,Bajo,,Normal
2026-08-31 01:00:00,(08002) Biblioteca,0.0,0.0,4.812752,60.0,0.0,1,,Bajo,,Normal
2026-08-31 02:00:00,(08002) Biblioteca,0.0,0.0,3.9213638,60.0,0.0,2,,Bajo,,Normal
2026-08-31 03:00:00,(08002) Biblioteca,7.338928,0.0,15.210342,60.0,0.12231547385454178,3,2.3333333333333335,Bajo,,Normal
2026-08-31 04:00:00,(08002) Biblioteca,64.614494,41.682014,84.35782,60.0,1.0769082307815552,4,55.483870967741936,Bajo,5.647619047619047,CRITICO: refuerzo inmediato
2026-08-31 05:00:00,(08002) Biblioteca,211.96329,157.83945,247.07997,60.0,3.532721519470215,5,169.8548387096774,Medio,2.2576190476190483,CRITICO: refuerzo inmediato
2026-08-31 06:00:00,(08002) Biblioteca,335.17316,248.38231,383.55148,60.0,5.586219310760498,6,254.90322580645162,Alto,2.2997619047619047,CRITICO: refuerzo inmediato
2026-08-31 07:00:00,(08002) Biblioteca,266.19733,199.18994,304.27942,60.0,4.436622142791748,7,217.70967741935485,Medio,1.6345476190476194,CRITICO: refuerzo inmediato
2026-08-31 08:00:00,(08002) Biblioteca,192.88513,140.49571,226.3586,60.0,3.214752197265625,8,157.5,Medio,1.6740952380952383,CRITICO: refuerzo inmediato
2026-08-31 09:00:00,(08002) Biblioteca,157.26205,115.46188,186.37798,60.0,2.6210341453552246,9,134.03225806451613,Medio,1.603904761904762,CRITICO: refuerzo inmediato
2026-08-31 10:00:00,(08002) Biblioteca,137.74643,102.99009,166.44775,60.0,2.29577374458313,10,125.62903225806451,Medio,1.7233333333333334,CRITICO: refuerzo inmediato
2026-08-31 11:00:00,(08002) Biblioteca,138.39943,105.351006,170.79944,60.0,2.306657075881958,11,127.51612903225806,Medio,1.7620952380952384,CRITICO: refuerzo inmediato
2026-08-31 12:00:00,(08002) Biblioteca,134.51364,103.54809,167.21396,60.0,2.241894006729126,12,126.30645161290323,Medio,1.7382619047619052,CRITICO: refuerzo inmediato
2026-08-31 13:00:00,(08002) Biblioteca,122.61065,96.41537,151.61798,60.0,2.043510913848877,13,107.66129032258064,Medio,1.7220238095238096,CRITICO: refuerzo inmediato
2026-08-31 14:00:00,(08002) Biblioteca,123.22789,98.278145,151.62735,60.0,2.053798198699951,14,108.01612903225806,Medio,1.7162619047619048,CRITICO: refuerzo inmediato
2026-08-31 15:00:00,(08002) Biblioteca,128.42384,101.50218,157.93576,60.0,2.140397310256958,15,114.58064516129032,Medio,1.6374285714285715,CRITICO: refuerzo inmediato
2026-08-31 16:00:00,(08002) Biblioteca,131.70612,102.38342,160.86263,60.0,2.1951019763946533,16,119.25806451612904,Medio,1.7628809523809525,CRITICO: refuerzo inmediato
2026-08-31 17:00:00,(08002) Biblioteca,126.31379,99.20622,154.62335,60.0,2.1052298545837402,17,110.51612903225806,Medio,1.7301428571428574,CRITICO: refuerzo inmediato
2026-08-31 18:00:00,(08002) Biblioteca,104.9212,80.3227,132.39992,60.0,1.748686671257019,18,108.90322580645162,Medio,1.7497857142857145,CRITICO: refuerzo inmediato
2026-08-31 19:00:00,(08002) Biblioteca,65.6741,50.035984,87.29962,60.0,1.0945683717727661,19,64.37096774193549,Bajo,1.4721428571428572,CRITICO: refuerzo inmediato
2026-08-31 20:00:00,(08002) Biblioteca,27.484062,17.463913,45.009438,60.0,0.45806771516799927,20,36.225806451612904,Bajo,1.5114285714285713,Normal
2026-08-31 21:00:00,(08002) Biblioteca,11.294708,3.154152,26.040066,60.0,0.18824513256549835,21,20.20967741935484,Bajo,1.7673809523809525,Normal
2026-08-31 22:00:00,(08002) Biblioteca,4.221115,0.0,14.2059555,60.0,0.07035192102193832,22,6.517241379310345,Bajo,2.46025,Normal
2026-08-31 23:00:00,(08002) Biblioteca,0.0,0.0,6.7346344,60.0,0.0,23,1.4090909090909092,Bajo,5.731,Normal
2026-08-31 00:00:00,(09000) Cabecera Usme,0.0,0.0,58.214233,210.0,0.0,0,1.0,Bajo,,Normal
2026-08-31 01:00:00,(09000) Cabecera Usme,0.9786377,0.0,122.91443,210.0,0.0046601793728768826,1,,Bajo,,Normal
2026-08-31 02:00:00,(09000) Cabecera Usme,13.05957,0.0,130.34778,210.0,0.06218843162059784,2,,Bajo,,Normal
2026-08-31 03:00:00,(09000) Cabecera Usme,408.64832,36.96411,778.61285,210.0,1.9459443092346191,3,216.2741935483871,Medio,,CRITICO: refuerzo inmediato
2026-08-31 04:00:00,(09000) Cabecera Usme,3316.3394,2216.9697,4286.0156,210.0,15.792092323303223,4,2964.3225806451615,Alto,,CRITICO: refuerzo inmediato
2026-08-31 05:00:00,(09000) Cabecera Usme,7731.9077,5446.003,9340.089,210.0,36.818607330322266,5,6286.580645161291,Alto,,CRITICO: refuerzo inmediato
2026-08-31 06:00:00,(09000) Cabecera Usme,9181.619,6533.3447,10939.498,210.0,43.72199630737305,6,7652.951612903225,Alto,,CRITICO: refuerzo inmediato
2026-08-31 07:00:00,(09000) Cabecera Usme,6014.164,4254.7915,7268.047,210.0,28.63887596130371,7,5215.9838709677415,Alto,,CRITICO: refuerzo inmediato
2026-08-31 08:00:00,(09000) Cabecera Usme,3878.3027,2703.2349,4745.126,210.0,18.468109130859375,8,3350.4193548387098,Alto,,CRITICO: refuerzo inmediato
2026-08-31 09:00:00,(09000) Cabecera Usme,2725.4634,1873.8269,3343.9185,210.0,12.978397369384766,9,2430.7903225806454,Alto,,CRITICO: refuerzo inmediato
2026-08-31 10:00:00,(09000) Cabecera Usme,2126.4932,1472.3011,2638.2112,210.0,10.126157760620117,10,2010.0,Alto,,CRITICO: refuerzo inmediato
2026-08-31 11:00:00,(09000) Cabecera Usme,1933.0308,1408.1697,2391.821,210.0,9.20490837097168,11,1875.3709677419354,Alto,,CRITICO: refuerzo inmediato
2026-08-31 12:00:00,(09000) Cabecera Usme,1737.5365,1299.8136,2174.219,210.0,8.273983001708984,12,1750.2903225806451,Alto,,CRITICO: refuerzo inmediato
2026-08-31 13:00:00,(09000) Cabecera Usme,1338.239,1005.8528,1691.4004,210.0,6.3725666999816895,13,1347.0806451612902,Alto,,CRITICO: refuerzo inmediato
2026-08-31 14:00:00,(09000) Cabecera Usme,1115.1606,849.0721,1424.2953,210.0,5.310288906097412,14,1149.6290322580646,Alto,,CRITICO: refuerzo inmediato
2026-08-31 15:00:00,(09000) Cabecera Usme,1213.7836,882.0249,1571.6714,210.0,5.779921531677246,15,1160.4032258064517,Alto,,CRITICO: refuerzo inmediato
2026-08-31 16:00:00,(09000) Cabecera Usme,1310.8788,973.35034,1785.4178,210.0,6.242280006408691,16,1217.741935483871,Alto,,CRITICO: refuerzo inmediato
2026-08-31 17:00:00,(09000) Cabecera Usme,995.62054,710.71185,1428.6439,210.0,4.7410502433776855,17,959.1612903225806,Alto,,CRITICO: refuerzo inmediato
2026-08-31 18:00:00,(09000) Cabecera Usme,631.8728,428.53748,1081.9185,210.0,3.008918046951294,18,713.3709677419355,Medio,,CRITICO: refuerzo inmediato
2026-08-31 19:00:00,(09000) Cabecera Usme,386.29333,249.21362,728.12054,210.0,1.8394920825958252,19,538.741935483871,Medio,,CRITICO: refuerzo inmediato
2026-08-31 20:00:00,(09000) Cabecera Usme,217.51147,84.051636,530.8048,210.0,1.035768985748291,20,260.48387096774195,Bajo,,CRITICO: refuerzo inmediato
2026-08-31 21:00:00,(09000) Cabecera Usme,45.13379,0.0,269.97888,210.0,0.21492280066013336,21,118.45161290322581,Bajo,,Normal
2026-08-31 22:00:00,(09000) Cabecera Usme,0.0,0.0,173.75952,210.0,0.0,22,30.612903225806452,Bajo,,Normal
2026-08-31 23:00:00,(09000) Cabecera Usme,0.0,0.0,140.55652,210.0,0.0,23,3.6470588235294117,Bajo,,Normal
2026-08-31 00:00:00,(09001) Molinos,0.0,0.0,23.215302,304.0,0.0,0,1.56,Bajo,,Normal
2026-08-31 01:00:00,(09001) Molinos,0.0,0.0,43.102753,304.0,0.0,1,,Bajo,,Normal
2026-08-31 02:00:00,(09001) Molinos,0.0,0.0,31.809204,304.0,0.0,2,,Bajo,,Normal
2026-08-31 03:00:00,(09001) Molinos,80.0614,0.0,187.91953,304.0,0.2633598744869232,3,6.913043478260869,Bajo,14.25,Normal
2026-08-31 04:00:00,(09001) Molinos,713.57916,448.46802,995.40625,304.0,2.347299814224243,4,685.4677419354839,Medio,1.3461904761904762,CRITICO: refuerzo inmediato
2026-08-31 05:00:00,(09001) Molinos,1917.0626,1328.117,2396.0413,304.0,6.306127071380615,5,1710.0645161290322,Alto,0.8561428571428572,CRITICO: refuerzo inmediato
2026-08-31 06:00:00,(09001) Molinos,2664.0366,1856.6641,3231.478,304.0,8.763278007507324,6,2395.6451612903224,Alto,0.6490714285714286,CRITICO: refuerzo inmediato
2026-08-31 07:00:00,(09001) Molinos,1728.6079,1201.9863,2114.4795,304.0,5.6862101554870605,7,1620.1451612903227,Alto,0.6373095238095239,CRITICO: refuerzo inmediato
2026-08-31 08:00:00,(09001) Molinos,1113.0184,751.68414,1373.6718,304.0,3.6612448692321777,8,970.0806451612904,Medio,0.5688571428571428,CRITICO: refuerzo inmediato
2026-08-31 09:00:00,(09001) Molinos,777.2903,503.5662,962.02356,304.0,2.5568759441375732,9,700.6451612903226,Medio,0.5950476190476192,CRITICO: refuerzo inmediato
2026-08-31 10:00:00,(09001) Molinos,595.1352,386.40045,752.579,304.0,1.9576815366744995,10,562.3225806451613,Medio,0.6453333333333334,CRITICO: refuerzo inmediato
2026-08-31 11:00:00,(09001) Molinos,546.2657,383.88293,689.9592,304.0,1.7969266176223755,11,513.758064516129,Medio,0.6678571428571428,CRITICO: refuerzo inmediato
2026-08-31 12:00:00,(09001) Molinos,507.3427,370.1011,642.2969,304.0,1.6688904762268066,12,505.241935483871,Medio,0.6812142857142858,CRITICO: refuerzo inmediato
2026-08-31 13:00:00,(09001) Molinos,418.25458,307.7444,535.9805,304.0,1.3758374452590942,13,404.80645161290323,Medio,0.6715238095238096,CRITICO: refuerzo inmediato
2026-08-31 14:00:00,(09001) Molinos,352.09558,266.78217,452.79092,304.0,1.158209204673767,14,345.7903225806452,Bajo,0.6135714285714285,CRITICO: refuerzo inmediato
2026-08-31 15:00:00,(09001) Molinos,359.53143,266.5208,466.49432,304.0,1.1826691627502441,15,337.2096774193548,Bajo,0.6142857142857143,CRITICO: refuerzo inmediato
2026-08-31 16:00:00,(09001) Molinos,398.02008,295.14703,536.55707,304.0,1.3092765808105469,16,353.1774193548387,Medio,0.6311904761904762,CRITICO: refuerzo inmediato
2026-08-31 17:00:00,(09001) Molinos,325.56653,238.30823,453.2216,304.0,1.0709425210952759,17,303.88709677419354,Bajo,0.5388095238095237,CRITICO: refuerzo inmediato
2026-08-31 18:00:00,(09001) Molinos,211.89572,149.78326,342.77478,304.0,0.6970254182815552,18,237.8548387096774,Bajo,0.49642857142857144,Normal
2026-08-31 19:00:00,(09001) Molinos,140.73795,97.47388,244.6912,304.0,0.4629537761211395,19,173.33870967741936,Bajo,0.5045238095238095,Normal
2026-08-31 20:00:00,(09001) Molinos,86.16751,43.23813,190.41367,304.0,0.2834457457065582,20,124.59677419354838,Bajo,0.5864285714285714,Normal
2026-08-31 21:00:00,(09001) Molinos,29.189423,0.0,108.10843,304.0,0.09601783752441406,21,60.95161290322581,Bajo,0.7266666666666667,Normal
2026-08-31 22:00:00,(09001) Molinos,6.403839,0.0,71.041534,304.0,0.021065259352326393,22,26.79032258064516,Bajo,0.9873809523809524,Normal
2026-08-31 23:00:00,(09001) Molinos,0.0,0.0,56.902985,304.0,0.0,23,4.545454545454546,Bajo,2.0873684210526315,Normal
2026-08-31 00:00:00,(09002) Consuelo,0.0,0.0,7.6192856,192.0,0.0,0,1.0,Bajo,,Normal
2026-08-31 01:00:00,(09002) Consuelo,1.1490631,0.0,12.772522,192.0,0.005984703544527292,1,,Bajo,,Normal
2026-08-31 02:00:00,(09002) Consuelo,1.6048737,0.0,12.304031,192.0,0.00835871696472168,2,,Bajo,,Normal
2026-08-31 03:00:00,(09002) Consuelo,28.67443,0.111457825,56.85909,192.0,0.1493459939956665,3,6.229166666666667,Bajo,,Normal
2026-08-31 04:00:00,(09002) Consuelo,207.5347,128.22102,277.6507,192.0,1.0809098482131958,4,165.6290322580645,Bajo,2.4833333333333334,CRITICO: refuerzo inmediato
2026-08-31 05:00:00,(09002) Consuelo,506.77698,345.28525,623.85175,192.0,2.639463424682617,5,386.1774193548387,Medio,1.2490238095238098,CRITICO: refuerzo inmediato
2026-08-31 06:00:00,(09002) Consuelo,724.845,496.06616,873.5118,192.0,3.7752342224121094,6,530.4516129032259,Medio,0.9525476190476191,CRITICO: refuerzo inmediato
2026-08-31 07:00:00,(09002) Consuelo,494.92688,336.32123,604.05927,192.0,2.577744245529175,7,388.7903225806452,Medio,0.9533333333333334,CRITICO: refuerzo inmediato
2026-08-31 08:00:00,(09002) Consuelo,227.91391,129.2491,306.34778,192.0,1.1870516538619995,8,142.79032258064515,Bajo,0.9269047619047619,CRITICO: refuerzo inmediato
2026-08-31 09:00:00,(09002) Consuelo,158.87733,81.83287,218.36661,192.0,0.8274860978126526,9,99.69354838709677,Bajo,1.0080952380952382,ALTO: considerar refuerzo
2026-08-31 10:00:00,(09002) Consuelo,126.10938,60.119545,181.7164,192.0,0.6568197011947632,10,87.43548387096774,Bajo,1.0661904761904761,Normal
2026-08-31 11:00:00,(09002) Consuelo,115.614586,62.39729,166.23706,192.0,0.602159321308136,11,72.62903225806451,Bajo,1.0833333333333333,Normal
2026-08-31 12:00:00,(09002) Consuelo,123.54814,72.323235,174.68585,192.0,0.6434798836708069,12,83.12903225806451,Bajo,1.0823809523809524,Normal
2026-08-31 13:00:00,(09002) Consuelo,127.786156,76.22782,181.99214,192.0,0.6655529141426086,13,79.08064516129032,Bajo,1.0961904761904762,Normal
2026-08-31 14:00:00,(09002) Consuelo,113.51561,67.50942,164.08444,192.0,0.591227114200592,14,62.903225806451616,Bajo,1.0647619047619048,Normal
2026-08-31 15:00:00,(09002) Consuelo,106.007286,63.699055,156.65988,192.0,0.5521212816238403,15,58.91935483870968,Bajo,1.1216666666666666,Normal
2026-08-31 16:00:00,(09002) Consuelo,118.82982,74.47086,176.4396,192.0,0.6189053058624268,16,64.69354838709677,Bajo,1.0238095238095237,Normal
2026-08-31 17:00:00,(09002) Consuelo,101.12297,63.46365,155.27463,192.0,0.5266821384429932,17,59.62903225806452,Bajo,0.9580952380952381,Normal
2026-08-31 18:00:00,(09002) Consuelo,63.658077,34.773453,111.94856,192.0,0.3315524756908417,18,47.274193548387096,Bajo,0.9588095238095239,Normal
2026-08-31 19:00:00,(09002) Consuelo,32.55014,19.344307,66.40906,192.0,0.16953198611736298,19,26.080645161290324,Bajo,1.0073809523809525,Normal
2026-08-31 20:00:00,(09002) Consuelo,8.88485,0.0,31.687782,192.0,0.04627525806427002,20,9.53225806451613,Bajo,1.1095238095238096,Normal
2026-08-31 21:00:00,(09002) Consuelo,0.87833405,0.0,18.702896,192.0,0.0045746564865112305,21,4.532258064516129,Bajo,1.4535714285714285,Normal
2026-08-31 22:00:00,(09002) Consuelo,0.51158905,0.0,17.434097,192.0,0.0026645262259989977,22,2.1777777777777776,Bajo,1.8312121212121213,Normal
2026-08-31 23:00:00,(09002) Consuelo,0.0,0.0,16.118225,192.0,0.0,23,1.0,Bajo,2.944,Normal
2026-08-31 00:00:00,(09003) Socorro,0.0,0.0,6.3158646,200.0,0.0,0,,Bajo,,Normal
2026-08-31 01:00:00,(09003) Socorro,0.0,0.0,9.652962,200.0,0.0,1,,Bajo,,Normal
2026-08-31 02:00:00,(09003) Socorro,0.0,0.0,4.4030075,200.0,0.0,2,,Bajo,,Normal
2026-08-31 03:00:00,(09003) Socorro,12.755222,0.0,28.990932,200.0,0.06377611309289932,3,1.8666666666666667,Bajo,,Normal
2026-08-31 04:00:00,(09003) Socorro,125.43825,72.584816,180.21548,200.0,0.6271912455558777,4,98.35483870967742,Bajo,2.1904761904761907,Normal
2026-08-31 05:00:00,(09003) Socorro,443.74774,300.06934,546.871,200.0,2.2187387943267822,5,320.5806451612903,Medio,1.1610238095238097,CRITICO: refuerzo inmediato
2026-08-31 06:00:00,(09003) Socorro,565.89716,387.48083,682.52606,200.0,2.8294858932495117,6,409.0483870967742,Medio,0.9046190476190477,CRITICO: refuerzo inmediato
2026-08-31 07:00:00,(09003) Socorro,345.7658,230.4039,424.20837,200.0,1.728829026222229,7,273.2741935483871,Medio,0.854595238095238,CRITICO: refuerzo inmediato
2026-08-31 08:00:00,(09003) Socorro,183.39502,107.16164,235.84882,200.0,0.9169750809669495,8,122.0,Bajo,0.89,CRITICO: refuerzo inmediato
2026-08-31 09:00:00,(09003) Socorro,127.77075,68.95535,167.5025,200.0,0.6388537883758545,9,85.14516129032258,Bajo,0.951904761904762,Normal
2026-08-31 10:00:00,(09003) Socorro,97.09984,49.154472,133.44356,200.0,0.48549920320510864,10,71.40322580645162,Bajo,0.9552380952380952,Normal
2026-08-31 11:00:00,(09003) Socorro,75.26247,40.06657,106.90425,200.0,0.37631234526634216,11,65.03225806451613,Bajo,0.9880952380952381,Normal
2026-08-31 12:00:00,(09003) Socorro,61.786346,31.83545,92.24166,200.0,0.30893173813819885,12,62.79032258064516,Bajo,0.9814285714285714,Normal
2026-08-31 13:00:00,(09003) Socorro,57.059883,29.335976,86.2535,200.0,0.2852994203567505,13,55.83870967741935,Bajo,0.9904761904761905,Normal
2026-08-31 14:00:00,(09003) Socorro,56.73194,31.975224,85.302505,200.0,0.2836596965789795,14,50.32258064516129,Bajo,0.9890476190476191,Normal
2026-08-31 15:00:00,(09003) Socorro,55.047287,30.478046,84.46647,200.0,0.27523642778396606,15,48.096774193548384,Bajo,1.0023809523809524,Normal
2026-08-31 16:00:00,(09003) Socorro,55.204178,29.782932,89.981705,200.0,0.276020884513855,16,52.37096774193548,Bajo,0.9847619047619047,Normal
2026-08-31 17:00:00,(09003) Socorro,40.626568,21.071648,73.0822,200.0,0.20313283801078796,17,43.903225806451616,Bajo,0.9392857142857142,Normal
2026-08-31 18:00:00,(09003) Socorro,26.223297,10.561768,57.31273,200.0,0.13111647963523865,18,35.79032258064516,Bajo,0.8811904761904762,Normal
2026-08-31 19:00:00,(09003) Socorro,17.216461,7.8527603,41.55073,200.0,0.08608230948448181,19,21.14516129032258,Bajo,0.9233333333333333,Normal
2026-08-31 20:00:00,(09003) Socorro,8.465622,0.0,30.193539,200.0,0.042328108102083206,20,14.451612903225806,Bajo,1.0416666666666667,Normal
2026-08-31 21:00:00,(09003) Socorro,1.7620926,0.0,18.073463,200.0,0.008810463361442089,21,5.693548387096774,Bajo,1.434047619047619,Normal
2026-08-31 22:00:00,(09003) Socorro,0.0,0.0,11.901901,200.0,0.0,22,3.1875,Bajo,1.8345454545454545,Normal
2026-08-31 23:00:00,(09003) Socorro,0.0,0.0,13.10759,200.0,0.0,23,1.1,Bajo,3.35,Normal
2026-08-31 00:00:00,(09004) Santa Lucía,0.0,0.0,5.2955933,272.0,0.0,0,1.2857142857142858,Bajo,,Normal
2026-08-31 01:00:00,(09004) Santa Lucía,0.0,0.0,15.7846985,272.0,0.0,1,,Bajo,,Normal
2026-08-31 02:00:00,(09004) Santa Lucía,0.0,0.0,18.038544,272.0,0.0,2,,Bajo,,Normal
2026-08-31 03:00:00,(09004) Santa Lucía,43.97989,0.0,102.78259,272.0,0.16169077157974243,3,12.622222222222222,Bajo,,Normal
2026-08-31 04:00:00,(09004) Santa Lucía,395.95322,261.8614,533.75214,272.0,1.4557104110717773,4,326.8709677419355,Medio,1.905619047619048,CRITICO: refuerzo inmediato
2026-08-31 05:00:00,(09004) Santa Lucía,1073.1179,771.5973,1301.4501,272.0,3.945286512374878,5,812.1290322580645,Medio,0.9889523809523809,CRITICO: refuerzo inmediato
2026-08-31 06:00:00,(09004) Santa Lucía,1584.268,1132.4391,1871.9873,272.0,5.824514389038086,6,1240.467741935484,Alto,0.9719047619047619,CRITICO: refuerzo inmediato
2026-08-31 07:00:00,(09004) Santa Lucía,1138.2285,824.2471,1342.4172,272.0,4.184663772583008,7,928.1612903225806,Medio,0.785452380952381,CRITICO: refuerzo inmediato
2026-08-31 08:00:00,(09004) Santa Lucía,751.16846,531.7571,896.62964,272.0,2.761648654937744,8,631.0645161290323,Medio,0.8346904761904762,CRITICO: refuerzo inmediato
2026-08-31 09:00:00,(09004) Santa Lucía,543.432,381.0415,646.666,272.0,1.997911810874939,9,501.14516129032256,Medio,0.8957142857142857,CRITICO: refuerzo inmediato
2026-08-31 10:00:00,(09004) Santa Lucía,428.17157,305.4072,517.4635,272.0,1.5741602182388306,10,426.80645161290323,Medio,0.9033095238095239,CRITICO: refuerzo inmediato
2026-08-31 11:00:00,(09004) Santa Lucía,406.81567,308.52863,494.26306,272.0,1.4956458806991577,11,401.2258064516129,Medio,0.9103809523809525,CRITICO: refuerzo inmediato
2026-08-31 12:00:00,(09004) Santa Lucía,396.65115,312.04822,479.95364,272.0,1.4582762718200684,12,417.0806451612903,Medio,0.9226904761904764,CRITICO: refuerzo inmediato
2026-08-31 13:00:00,(09004) Santa Lucía,347.1864,280.94073,420.0195,272.0,1.2764205932617188,13,356.0806451612903,Medio,0.9135238095238097,CRITICO: refuerzo inmediato
2026-08-31 14:00:00,(09004) Santa Lucía,299.56665,249.00508,359.0956,272.0,1.1013479232788086,14,320.3709677419355,Bajo,0.8352380952380952,CRITICO: refuerzo inmediato
2026-08-31 15:00:00,(09004) Santa Lucía,319.21906,258.36115,386.20276,272.0,1.1735994815826416,15,319.93548387096774,Bajo,0.8471428571428571,CRITICO: refuerzo inmediato
2026-08-31 16:00:00,(09004) Santa Lucía,390.08,306.06613,479.8185,272.0,1.4341175556182861,16,343.98387096774195,Medio,0.8836666666666667,CRITICO: refuerzo inmediato
2026-08-31 17:00:00,(09004) Santa Lucía,361.66565,283.15137,449.36066,272.0,1.3296531438827515,17,352.6774193548387,Medio,0.8621904761904763,CRITICO: refuerzo inmediato
2026-08-31 18:00:00,(09004) Santa Lucía,245.10246,187.2188,323.90424,272.0,0.9011120200157166,18,255.33870967741936,Bajo,0.7554761904761905,CRITICO: refuerzo inmediato
2026-08-31 19:00:00,(09004) Santa Lucía,138.03816,108.235855,201.73935,272.0,0.507493257522583,19,189.93548387096774,Bajo,0.766904761904762,Normal
2026-08-31 20:00:00,(09004) Santa Lucía,70.13794,43.09842,135.74785,272.0,0.25786006450653076,20,130.58064516129033,Bajo,0.8621428571428572,Normal
2026-08-31 21:00:00,(09004) Santa Lucía,31.988403,6.531708,85.38858,272.0,0.11760442703962326,21,78.06451612903226,Bajo,1.0754761904761905,Normal
2026-08-31 22:00:00,(09004) Santa Lucía,7.8966675,0.0,44.822754,272.0,0.029031865298748016,22,40.016129032258064,Bajo,1.289047619047619,Normal
2026-08-31 23:00:00,(09004) Santa Lucía,0.0,0.0,21.84021,272.0,0.0,23,6.241379310344827,Bajo,3.335,Normal
2026-08-31 00:00:00,(09005) Danubio,0.0,0.0,10.0108185,304.0,0.0,0,1.0,Bajo,,Normal
2026-08-31 01:00:00,(09005) Danubio,1.5352936,0.0,24.918076,304.0,0.005050307605415583,1,,Bajo,,Normal
2026-08-31 02:00:00,(09005) Danubio,0.0,0.0,20.580292,304.0,0.0,2,,Bajo,,Normal
2026-08-31 03:00:00,(09005) Danubio,41.76181,0.0,88.90253,304.0,0.1373743712902069,3,9.857142857142858,Bajo,,Normal
2026-08-31 04:00:00,(09005) Danubio,409.22427,276.66797,533.77563,304.0,1.346132516860962,4,373.0806451612903,Medio,,CRITICO: refuerzo inmediato
2026-08-31 05:00:00,(09005) Danubio,991.3107,706.20044,1202.9575,304.0,3.260890483856201,5,878.5806451612904,Medio,,CRITICO: refuerzo inmediato
2026-08-31 06:00:00,(09005) Danubio,1216.8652,869.41156,1452.81,304.0,4.0028462409973145,6,1079.6612903225807,Medio,,CRITICO: refuerzo inmediato
2026-08-31 07:00:00,(09005) Danubio,768.0495,541.2789,933.6517,304.0,2.5264785289764404,7,704.7096774193549,Medio,,CRITICO: refuerzo inmediato
2026-08-31 08:00:00,(09005) Danubio,520.02716,365.06134,633.616,304.0,1.710615634918213,8,466.61290322580646,Medio,,CRITICO: refuerzo inmediato
2026-08-31 09:00:00,(09005) Danubio,367.48215,251.93584,451.0406,304.0,1.2088228464126587,9,339.43548387096774,Bajo,,CRITICO: refuerzo inmediato
2026-08-31 10:00:00,(09005) Danubio,294.5819,202.1209,368.04785,304.0,0.9690194129943848,10,280.3225806451613,Bajo,,CRITICO: refuerzo inmediato
2026-08-31 11:00:00,(09005) Danubio,271.994,193.06934,343.05847,304.0,0.8947170376777649,11,263.9032258064516,Bajo,,ALTO: considerar refuerzo
2026-08-31 12:00:00,(09005) Danubio,235.2663,168.85165,303.97433,304.0,0.7739022970199585,12,234.2258064516129,Bajo,,ALTO: considerar refuerzo
2026-08-31 13:00:00,(09005) Danubio,168.755,119.29662,225.26978,304.0,0.5551151633262634,13,185.19354838709677,Bajo,,Normal
2026-08-31 14:00:00,(09005) Danubio,149.6328,107.391266,203.05367,304.0,0.4922131597995758,14,176.61290322580646,Bajo,,Normal
2026-08-31 15:00:00,(09005) Danubio,189.0126,130.14655,253.72943,304.0,0.6217519640922546,15,199.5483870967742,Bajo,,Normal
2026-08-31 16:00:00,(09005) Danubio,217.58206,153.9993,301.06476,304.0,0.7157304883003235,16,240.61290322580646,Bajo,,ALTO: considerar refuerzo
2026-08-31 17:00:00,(09005) Danubio,154.0946,104.089066,223.39455,304.0,0.5068901181221008,17,143.59677419354838,Bajo,,Normal
2026-08-31 18:00:00,(09005) Danubio,86.078964,54.694107,152.95953,304.0,0.2831544876098633,18,102.06451612903226,Bajo,,Normal
2026-08-31 19:00:00,(09005) Danubio,54.593643,29.917435,107.4348,304.0,0.1795843541622162,19,73.24193548387096,Bajo,,Normal
2026-08-31 20:00:00,(09005) Danubio,35.998352,13.515076,87.84233,304.0,0.11841563135385513,20,48.483870967741936,Bajo,,Normal
2026-08-31 21:00:00,(09005) Danubio,7.240631,0.0,43.96994,304.0,0.023817865177989006,21,22.032258064516128,Bajo,,Normal
2026-08-31 22:00:00,(09005) Danubio,0.0,0.0,27.386063,304.0,0.0,22,7.733333333333333,Bajo,,Normal
2026-08-31 23:00:00,(09005) Danubio,0.0,0.0,20.56604,304.0,0.0,23,1.4736842105263157,Bajo,,Normal
2026-08-31 00:00:00,(09100) Calle 40 Sur,0.0,0.0,1.2949829,392.0,0.0,0,,Bajo,,Normal
2026-08-31 01:00:00,(09100) Calle 40 Sur,0.0,0.0,22.370453,392.0,0.0,1,,Bajo,,Normal
2026-08-31 02:00:00,(09100) Calle 40 Sur,0.0,0.0,22.227448,392.0,0.0,2,,Bajo,,Normal
2026-08-31 03:00:00,(09100) Calle 40 Sur,38.660736,0.0,84.90767,392.0,0.0986243262887001,3,2.125,Bajo,12.916666666666666,Normal
2026-08-31 04:00:00,(09100) Calle 40 Sur,280.76245,162.50075,392.3724,392.0,0.7162307500839233,4,202.03225806451613,Bajo,1.2852380952380953,ALTO: considerar refuerzo
2026-08-31 05:00:00,(09100) Calle 40 Sur,992.5022,701.20667,1197.96,392.0,2.531893253326416,5,686.3387096774194,Medio,0.6039523809523809,CRITICO: refuerzo inmediato
2026-08-31 06:00:00,(09100) Calle 40 Sur,1778.2858,1245.9685,2095.983,392.0,4.53644323348999,6,1239.9193548387098,Medio,0.451,CRITICO: refuerzo inmediato
2026-08-31 07:00:00,(09100) Calle 40 Sur,1389.8318,979.04004,1628.9259,392.0,3.5454893112182617,7,1011.741935483871,Medio,0.4088333333333333,CRITICO: refuerzo inmediato
2026-08-31 08:00:00,(09100) Calle 40 Sur,667.481,426.09778,832.687,392.0,1.702757716178894,8,592.5,Medio,0.4111904761904762,CRITICO: refuerzo inmediato
2026-08-31 09:00:00,(09100) Calle 40 Sur,456.857,291.81412,559.5127,392.0,1.1654515266418457,9,437.2258064516129,Bajo,0.3983333333333333,CRITICO: refuerzo inmediato
2026-08-31 10:00:00,(09100) Calle 40 Sur,341.32364,216.60574,430.08582,392.0,0.8707235455513,10,364.5806451612903,Bajo,0.44999999999999996,ALTO: considerar refuerzo
2026-08-31 11:00:00,(09100) Calle 40 Sur,291.9447,204.43254,371.33572,392.0,0.7447568774223328,11,333.7903225806452,Bajo,0.4757142857142857,ALTO: considerar refuerzo
2026-08-31 12:00:00,(09100) Calle 40 Sur,254.69875,190.00134,321.424,392.0,0.6497417092323303,12,310.14516129032256,Bajo,0.47523809523809524,Normal
2026-08-31 13:00:00,(09100) Calle 40 Sur,238.39107,183.26035,309.7302,392.0,0.6081404685974121,13,288.0806451612903,Bajo,0.4747619047619047,Normal
2026-08-31 14:00:00,(09100) Calle 40 Sur,232.75731,178.80388,305.80405,392.0,0.5937686562538147,14,279.2903225806452,Bajo,0.46476190476190476,Normal
2026-08-31 15:00:00,(09100) Calle 40 Sur,259.36038,193.10706,348.25357,392.0,0.6616336107254028,15,266.53225806451616,Bajo,0.4661904761904762,Normal
2026-08-31 16:00:00,(09100) Calle 40 Sur,387.73395,275.11615,505.26257,392.0,0.9891172051429749,16,324.4516129032258,Bajo,0.41904761904761906,CRITICO: refuerzo inmediato
2026-08-31 17:00:00,(09100) Calle 40 Sur,376.35587,275.85098,498.69666,392.0,0.9600914716720581,17,327.3225806451613,Bajo,0.38357142857142856,CRITICO: refuerzo inmediato
2026-08-31 18:00:00,(09100) Calle 40 Sur,250.80173,172.46829,356.33972,392.0,0.6398003101348877,18,239.6451612903226,Bajo,0.375,Normal
2026-08-31 19:00:00,(09100) Calle 40 Sur,119.36723,88.25728,198.98657,392.0,0.304508239030838,19,150.8709677419355,Bajo,0.3880952380952381,Normal
2026-08-31 20:00:00,(09100) Calle 40 Sur,32.62213,11.772766,90.55556,392.0,0.08321972191333771,20,56.41935483870968,Bajo,0.4438095238095238,Normal
2026-08-31 21:00:00,(09100) Calle 40 Sur,3.6125183,0.0,47.279907,392.0,0.00921560823917389,21,29.70967741935484,Bajo,0.5645238095238095,Normal
2026-08-31 22:00:00,(09100) Calle 40 Sur,0.0,0.0,20.54776,392.0,0.0,22,10.950819672131148,Bajo,0.692439024390244,Normal
2026-08-31 23:00:00,(09100) Calle 40 Sur,0.0,0.0,23.154633,392.0,0.0,23,2.1875,Bajo,1.0552173913043479,Normal
2026-08-31 00:00:00,(09101) Quiroga,0.0,0.0,14.165161,144.0,0.0,0,,Bajo,,Normal
2026-08-31 01:00:00,(09101) Quiroga,0.0,0.0,18.76091,144.0,0.0,1,,Bajo,,Normal
2026-08-31 02:00:00,(09101) Quiroga,0.0,0.0,17.313705,144.0,0.0,2,,Bajo,,Normal
2026-08-31 03:00:00,(09101) Quiroga,22.028893,0.0,46.3816,144.0,0.15297842025756836,3,,Bajo,,Normal
2026-08-31 04:00:00,(09101) Quiroga,131.00853,78.61533,185.57834,144.0,0.9097814559936523,4,89.24193548387096,Bajo,3.0452380952380955,CRITICO: refuerzo inmediato
2026-08-31 05:00:00,(09101) Quiroga,426.48938,301.2736,520.5377,144.0,2.9617319107055664,5,295.5806451612903,Medio,1.029547619047619,CRITICO: refuerzo inmediato
2026-08-31 06:00:00,(09101) Quiroga,757.2849,531.6974,893.8163,144.0,5.258923053741455,6,550.8548387096774,Alto,0.9400238095238095,CRITICO: refuerzo inmediato
2026-08-31 07:00:00,(09101) Quiroga,615.34,437.11646,720.59973,144.0,4.273194789886475,7,445.5,Medio,0.7574285714285716,CRITICO: refuerzo inmediato
2026-08-31 08:00:00,(09101) Quiroga,426.91776,296.5099,509.1461,144.0,2.9647066593170166,8,337.1290322580645,Medio,0.7830952380952381,CRITICO: refuerzo inmediato
2026-08-31 09:00:00,(09101) Quiroga,350.5152,246.65991,415.72418,144.0,2.434133291244507,9,277.7096774193548,Medio,0.7841428571428573,CRITICO: refuerzo inmediato
2026-08-31 10:00:00,(09101) Quiroga,303.41205,217.52704,368.96643,144.0,2.107028007507324,10,254.29032258064515,Medio,0.8692619047619048,CRITICO: refuerzo inmediato
2026-08-31 11:00:00,(09101) Quiroga,254.14531,189.62376,317.92725,144.0,1.7648979425430298,11,226.82258064516128,Medio,0.8663809523809524,CRITICO: refuerzo inmediato
2026-08-31 12:00:00,(09101) Quiroga,184.82292,143.79953,235.06232,144.0,1.2834925651550293,12,164.08064516129033,Medio,0.8553809523809525,CRITICO: refuerzo inmediato
2026-08-31 13:00:00,(09101) Quiroga,152.85803,122.36675,200.41583,144.0,1.061514139175415,13,140.83870967741936,Bajo,0.7880952380952382,CRITICO: refuerzo inmediato
2026-08-31 14:00:00,(09101) Quiroga,164.87697,129.77603,215.26062,144.0,1.1449790000915527,14,144.61290322580646,Bajo,0.7614285714285715,CRITICO: refuerzo inmediato
2026-08-31 15:00:00,(09101) Quiroga,180.33978,136.03487,233.73697,144.0,1.2523596286773682,15,136.8709677419355,Medio,0.8765952380952382,CRITICO: refuerzo inmediato
2026-08-31 16:00:00,(09101) Quiroga,186.4802,134.07817,243.37306,144.0,1.2950013875961304,16,156.67741935483872,Medio,0.8213333333333335,CRITICO: refuerzo inmediato
2026-08-31 17:00:00,(09101) Quiroga,154.77066,111.96712,205.57982,144.0,1.074796199798584,17,139.61290322580646,Bajo,0.7107142857142857,CRITICO: refuerzo inmediato
2026-08-31 18:00:00,(09101) Quiroga,94.05369,63.615685,136.19612,144.0,0.6531506180763245,18,98.33870967741936,Bajo,0.724047619047619,Normal
2026-08-31 19:00:00,(09101) Quiroga,49.77352,33.309174,84.75853,144.0,0.34564945101737976,19,67.54838709677419,Bajo,0.704047619047619,Normal
2026-08-31 20:00:00,(09101) Quiroga,23.331154,10.004105,55.73333,144.0,0.16202190518379211,20,45.62903225806452,Bajo,0.8004761904761905,Normal
2026-08-31 21:00:00,(09101) Quiroga,9.632065,0.0,36.070045,144.0,0.06688933819532394,21,25.29032258064516,Bajo,1.024047619047619,Normal
2026-08-31 22:00:00,(09101) Quiroga,2.2058868,0.0,22.378052,144.0,0.015318658202886581,22,7.672131147540983,Bajo,1.480952380952381,Normal
2026-08-31 23:00:00,(09101) Quiroga,0.0,0.0,21.60144,144.0,0.0,23,1.7407407407407407,Bajo,2.692105263157895,Normal
2026-08-31 00:00:00,(09103) Olaya,0.0,0.0,6.1256256,296.0,0.0,0,1.0833333333333333,Bajo,,Normal
2026-08-31 01:00:00,(09103) Olaya,0.0,0.0,11.390152,296.0,0.0,1,,Bajo,,Normal
2026-08-31 02:00:00,(09103) Olaya,0.0,0.0,11.800568,296.0,0.0,2,,Bajo,,Normal
2026-08-31 03:00:00,(09103) Olaya,9.202057,0.0,29.587738,296.0,0.031088029965758324,3,,Bajo,,Normal
2026-08-31 04:00:00,(09103) Olaya,79.21651,32.667038,125.95341,296.0,0.26762333512306213,4,75.20967741935483,Bajo,2.5445238095238096,Normal
2026-08-31 05:00:00,(09103) Olaya,438.25458,309.7265,525.8904,296.0,1.480589747428894,5,315.83870967741933,Medio,0.9452142857142858,CRITICO: refuerzo inmediato
2026-08-31 06:00:00,(09103) Olaya,868.79767,628.97864,997.3281,296.0,2.9351272583007812,6,616.8870967741935,Medio,0.6940476190476191,CRITICO: refuerzo inmediato
2026-08-31 07:00:00,(09103) Olaya,800.3581,592.9914,901.91534,296.0,2.7039124965667725,7,601.9677419354839,Medio,0.6531904761904762,CRITICO: refuerzo inmediato
2026-08-31 08:00:00,(09103) Olaya,637.009,462.53806,726.8618,296.0,2.152057409286499,8,515.7258064516129,Medio,0.6875,CRITICO: refuerzo inmediato
2026-08-31 09:00:00,(09103) Olaya,569.9599,421.6839,652.1453,296.0,1.9255402088165283,9,475.93548387096774,Medio,0.6880238095238096,CRITICO: refuerzo inmediato
2026-08-31 10:00:00,(09103) Olaya,513.88666,389.4252,601.08215,296.0,1.7361035346984863,10,452.258064516129,Medio,0.7519285714285715,CRITICO: refuerzo inmediato
2026-08-31 11:00:00,(09103) Olaya,464.50604,361.84512,555.5016,296.0,1.5692771673202515,11,423.03225806451616,Medio,0.7857142857142858,CRITICO: refuerzo inmediato
2026-08-31 12:00:00,(09103) Olaya,406.66663,323.64334,489.37347,296.0,1.3738737106323242,12,366.9516129032258,Medio,0.7959285714285714,CRITICO: refuerzo inmediato
2026-08-31 13:00:00,(09103) Olaya,373.84088,303.15848,452.89215,296.0,1.2629759311676025,13,343.5,Medio,0.7755,CRITICO: refuerzo inmediato
2026-08-31 14:00:00,(09103) Olaya,372.32077,302.63553,450.93488,296.0,1.2578403949737549,14,337.241935483871,Medio,0.776547619047619,CRITICO: refuerzo inmediato
2026-08-31 15:00:00,(09103) Olaya,392.85004,311.45734,477.79596,296.0,1.3271961212158203,15,323.61290322580646,Medio,0.781,CRITICO: refuerzo inmediato
2026-08-31 16:00:00,(09103) Olaya,422.32812,320.4019,515.1522,296.0,1.4267841577529907,16,333.88709677419354,Medio,0.754547619047619,CRITICO: refuerzo inmediato
2026-08-31 17:00:00,(09103) Olaya,398.22247,302.6343,487.8651,296.0,1.345346212387085,17,326.758064516129,Medio,0.6906428571428572,CRITICO: refuerzo inmediato
2026-08-31 18:00:00,(09103) Olaya,289.08627,213.56088,363.69547,296.0,0.9766427874565125,18,253.5483870967742,Bajo,0.5933333333333333,CRITICO: refuerzo inmediato
2026-08-31 19:00:00,(09103) Olaya,158.2059,113.52661,218.66223,296.0,0.5344793796539307,19,157.8548387096774,Bajo,0.6297619047619047,Normal
2026-08-31 20:00:00,(09103) Olaya,62.78755,30.529312,115.38136,296.0,0.21212010085582733,20,83.14516129032258,Bajo,0.7359523809523809,Normal
2026-08-31 21:00:00,(09103) Olaya,24.73587,0.0,67.86458,296.0,0.08356712758541107,21,45.08064516129032,Bajo,0.9609523809523809,Normal
2026-08-31 22:00:00,(09103) Olaya,5.5344696,0.0,35.308365,296.0,0.018697531893849373,22,17.049180327868854,Bajo,1.1739024390243904,Normal
2026-08-31 23:00:00,(09103) Olaya,0.0,0.0,22.28273,296.0,0.0,23,2.4074074074074074,Bajo,5.734473684210526,Normal
2026-08-31 00:00:00,(09104) Restrepo,0.0,0.0,0.0,200.0,0.0,0,1.0,Bajo,,Normal
2026-08-31 01:00:00,(09104) Restrepo,0.0,0.0,14.47113,200.0,0.0,1,,Bajo,,Normal
2026-08-31 02:00:00,(09104) Restrepo,0.0,0.0,19.886932,200.0,0.0,2,,Bajo,,Normal
2026-08-31 03:00:00,(09104) Restrepo,10.5460205,0.0,41.41806,200.0,0.052730102092027664,3,1.0,Bajo,,Normal
2026-08-31 04:00:00,(09104) Restrepo,101.35565,48.292023,163.93622,200.0,0.5067782402038574,4,96.66129032258064,Bajo,3.639761904761905,Normal
2026-08-31 05:00:00,(09104) Restrepo,520.8719,390.2286,633.8547,200.0,2.6043593883514404,5,397.56451612903226,Medio,1.0232619047619047,CRITICO: refuerzo inmediato
2026-08-31 06:00:00,(09104) Restrepo,946.03186,746.9963,1093.2573,200.0,4.730159282684326,6,725.9193548387096,Alto,0.9332142857142858,CRITICO: refuerzo inmediato
2026-08-31 07:00:00,(09104) Restrepo,912.63086,743.93164,1045.8008,200.0,4.563154220581055,7,698.0483870967741,Alto,0.836952380952381,CRITICO: refuerzo inmediato
2026-08-31 08:00:00,(09104) Restrepo,742.43335,598.004,871.8684,200.0,3.7121667861938477,8,604.5645161290323,Medio,0.763452380952381,CRITICO: refuerzo inmediato
2026-08-31 09:00:00,(09104) Restrepo,704.99,571.8898,833.15735,200.0,3.5249500274658203,9,560.516129032258,Medio,0.7595238095238096,CRITICO: refuerzo inmediato
2026-08-31 10:00:00,(09104) Restrepo,690.0287,556.63416,825.98474,200.0,3.450143337249756,10,566.758064516129,Medio,0.8302380952380953,CRITICO: refuerzo inmediato
2026-08-31 11:00:00,(09104) Restrepo,672.8589,535.5841,809.0651,200.0,3.3642945289611816,11,606.4516129032259,Medio,0.8417619047619048,CRITICO: refuerzo inmediato
2026-08-31 12:00:00,(09104) Restrepo,627.8936,498.556,758.0597,200.0,3.139468193054199,12,571.8709677419355,Medio,0.8462142857142858,CRITICO: refuerzo inmediato
2026-08-31 13:00:00,(09104) Restrepo,578.10474,464.5916,701.24756,200.0,2.890523672103882,13,594.6451612903226,Medio,0.829452380952381,CRITICO: refuerzo inmediato
2026-08-31 14:00:00,(09104) Restrepo,559.38135,458.7187,675.12524,200.0,2.7969067096710205,14,570.0645161290323,Medio,0.8236904761904763,CRITICO: refuerzo inmediato
2026-08-31 15:00:00,(09104) Restrepo,611.4116,494.26883,748.28516,200.0,3.057058095932007,15,532.483870967742,Medio,0.8464761904761905,CRITICO: refuerzo inmediato
2026-08-31 16:00:00,(09104) Restrepo,952.4829,740.98364,1130.673,200.0,4.762414455413818,16,715.5806451612904,Alto,0.962,CRITICO: refuerzo inmediato
2026-08-31 17:00:00,(09104) Restrepo,1184.0991,923.3336,1382.9124,200.0,5.920495510101318,17,839.3709677419355,Alto,0.8951428571428572,CRITICO: refuerzo inmediato
2026-08-31 18:00:00,(09104) Restrepo,948.91064,740.187,1132.1401,200.0,4.744553089141846,18,692.1774193548387,Alto,0.8781190476190476,CRITICO: refuerzo inmediato
2026-08-31 19:00:00,(09104) Restrepo,526.2252,396.18393,677.359,200.0,2.6311261653900146,19,457.6774193548387,Medio,0.7220714285714287,CRITICO: refuerzo inmediato
2026-08-31 20:00:00,(09104) Restrepo,207.70247,139.42242,317.4215,200.0,1.0385123491287231,20,171.61290322580646,Bajo,0.7728571428571429,CRITICO: refuerzo inmediato
2026-08-31 21:00:00,(09104) Restrepo,91.49722,45.27484,170.72581,200.0,0.4574861228466034,21,113.64516129032258,Bajo,1.012142857142857,Normal
2026-08-31 22:00:00,(09104) Restrepo,33.02112,0.0,83.71741,200.0,0.16510559618473053,22,43.88709677419355,Bajo,1.4300000000000002,Normal
2026-08-31 23:00:00,(09104) Restrepo,4.1005554,0.0,35.658203,200.0,0.02050277777016163,23,6.938775510204081,Bajo,5.5912500000000005,Normal
2026-08-31 00:00:00,(09105) Río Fucha,0.0,0.0,1.9713287,144.0,0.0,0,1.0,Bajo,,Normal
2026-08-31 01:00:00,(09105) Río Fucha,0.0,0.0,2.1056824,144.0,0.0,1,,Bajo,,Normal
2026-08-31 02:00:00,(09105) Río Fucha,0.0,0.0,6.8759003,144.0,0.0,2,,Bajo,,Normal
2026-08-31 03:00:00,(09105) Río Fucha,0.0,0.0,10.457489,144.0,0.0,3,1.25,Bajo,,Normal
2026-08-31 04:00:00,(09105) Río Fucha,9.483017,0.0,32.72989,144.0,0.0658542811870575,4,11.741935483870968,Bajo,2.0504761904761906,Normal
2026-08-31 05:00:00,(09105) Río Fucha,80.72302,45.235046,122.52157,144.0,0.5605765581130981,5,58.12903225806452,Bajo,0.771904761904762,Normal
2026-08-31 06:00:00,(09105) Río Fucha,184.35999,134.6663,234.52423,144.0,1.2802777290344238,6,136.5,Medio,0.7338571428571429,CRITICO: refuerzo inmediato
2026-08-31 07:00:00,(09105) Río Fucha,226.13342,174.38359,279.91058,144.0,1.5703710317611694,7,171.0,Medio,0.6822619047619048,CRITICO: refuerzo inmediato
2026-08-31 08:00:00,(09105) Río Fucha,247.58818,195.05568,302.7336,144.0,1.7193623781204224,8,191.5483870967742,Medio,0.7527142857142858,CRITICO: refuerzo inmediato
2026-08-31 09:00:00,(09105) Río Fucha,273.56223,217.66507,337.42407,144.0,1.8997377157211304,9,218.70967741935485,Medio,0.7610952380952382,CRITICO: refuerzo inmediato
2026-08-31 10:00:00,(09105) Río Fucha,299.8857,239.73657,370.17996,144.0,2.0825395584106445,10,249.69354838709677,Medio,0.7946190476190477,CRITICO: refuerzo inmediato
2026-08-31 11:00:00,(09105) Río Fucha,337.54538,265.09076,414.3712,144.0,2.3440651893615723,11,268.61290322580646,Medio,0.7912142857142858,CRITICO: refuerzo inmediato
2026-08-31 12:00:00,(09105) Río Fucha,425.48474,328.40146,515.2095,144.0,2.9547550678253174,12,352.0967741935484,Medio,0.807452380952381,CRITICO: refuerzo inmediato
2026-08-31 13:00:00,(09105) Río Fucha,443.826,343.78052,532.63,144.0,3.082124948501587,13,382.7903225806452,Medio,0.8009047619047619,CRITICO: refuerzo inmediato
2026-08-31 14:00:00,(09105) Río Fucha,444.40976,346.88028,529.11926,144.0,3.086178779602051,14,400.7741935483871,Medio,0.8077142857142858,CRITICO: refuerzo inmediato
2026-08-31 15:00:00,(09105) Río Fucha,456.83813,355.37628,551.05176,144.0,3.1724870204925537,15,370.8709677419355,Medio,0.8090238095238096,CRITICO: refuerzo inmediato
2026-08-31 16:00:00,(09105) Río Fucha,600.6206,459.18958,719.0421,144.0,4.170976638793945,16,460.85483870967744,Medio,0.776547619047619,CRITICO: refuerzo inmediato
2026-08-31 17:00:00,(09105) Río Fucha,662.0061,494.74487,797.10986,144.0,4.597264766693115,17,494.01612903225805,Alto,0.8892619047619047,CRITICO: refuerzo inmediato
2026-08-31 18:00:00,(09105) Río Fucha,516.9164,378.93115,644.14307,144.0,3.5896971225738525,18,396.5483870967742,Medio,0.7239047619047619,CRITICO: refuerzo inmediato
2026-08-31 19:00:00,(09105) Río Fucha,284.40137,198.07347,385.9049,144.0,1.9750094413757324,19,289.43548387096774,Medio,0.7595238095238096,CRITICO: refuerzo inmediato
2026-08-31 20:00:00,(09105) Río Fucha,89.805626,54.617325,154.71199,144.0,0.6236501932144165,20,90.1774193548387,Bajo,0.7849999999999999,Normal
2026-08-31 21:00:00,(09105) Río Fucha,30.502838,10.815292,66.972046,144.0,0.21182526648044586,21,50.74193548387097,Bajo,0.9173809523809524,Normal
2026-08-31 22:00:00,(09105) Río Fucha,15.449707,0.0,36.64865,144.0,0.1072896346449852,22,17.140350877192983,Bajo,1.0464102564102564,Normal
2026-08-31 23:00:00,(09105) Río Fucha,4.5771484,0.0,13.129196,144.0,0.0317857526242733,23,2.0454545454545454,Bajo,1.393846153846154,Normal
2026-08-31 00:00:00,(09106) Nariño,0.0,0.0,1.1234589,144.0,0.0,0,1.0,Bajo,,Normal
2026-08-31 01:00:00,(09106) Nariño,0.0,0.0,1.4466858,144.0,0.0,1,,Bajo,,Normal
2026-08-31 02:00:00,(09106) Nariño,0.0,0.0,6.022339,144.0,0.0,2,,Bajo,,Normal
2026-08-31 03:00:00,(09106) Nariño,4.9624176,0.0,15.709854,144.0,0.034461233764886856,3,1.0,Bajo,,Normal
2026-08-31 04:00:00,(09106) Nariño,45.50908,22.926476,69.37999,144.0,0.31603527069091797,4,45.274193548387096,Bajo,2.0247619047619048,Normal
2026-08-31 05:00:00,(09106) Nariño,208.715,152.17986,251.64929,144.0,1.4494097232818604,5,169.51612903225808,Medio,0.7906904761904763,CRITICO: refuerzo inmediato
2026-08-31 06:00:00,(09106) Nariño,402.15515,297.21353,465.45624,144.0,2.7927441596984863,6,318.8225806451613,Medio,0.6435,CRITICO: refuerzo inmediato
2026-08-31 07:00:00,(09106) Nariño,341.39716,257.5354,392.02045,144.0,2.3708136081695557,7,278.7741935483871,Medio,0.591904761904762,CRITICO: refuerzo inmediato
2026-08-31 08:00:00,(09106) Nariño,256.97006,189.61188,302.8861,144.0,1.784514307975769,8,227.1451612903226,Medio,0.653452380952381,CRITICO: refuerzo inmediato
2026-08-31 09:00:00,(09106) Nariño,219.74472,162.77007,260.85266,144.0,1.5260050296783447,9,202.79032258064515,Medio,0.6649761904761906,CRITICO: refuerzo inmediato
2026-08-31 10:00:00,(09106) Nariño,199.06612,148.65028,243.65886,144.0,1.3824036121368408,10,200.93548387096774,Medio,0.7047857142857143,CRITICO: refuerzo inmediato
2026-08-31 11:00:00,(09106) Nariño,197.7873,149.45341,246.55734,144.0,1.3735228776931763,11,194.43548387096774,Medio,0.7367380952380953,CRITICO: refuerzo inmediato
2026-08-31 12:00:00,(09106) Nariño,203.5649,154.8132,254.80482,144.0,1.4136451482772827,12,200.93548387096774,Medio,0.7301904761904763,CRITICO: refuerzo inmediato
2026-08-31 13:00:00,(09106) Nariño,209.42758,160.51852,262.9705,144.0,1.4543582201004028,13,192.08064516129033,Medio,0.7233809523809525,CRITICO: refuerzo inmediato
2026-08-31 14:00:00,(09106) Nariño,212.85068,164.80228,266.92712,144.0,1.4781297445297241,14,209.51612903225808,Medio,0.7147380952380953,CRITICO: refuerzo inmediato
2026-08-31 15:00:00,(09106) Nariño,217.19745,167.08537,272.87375,144.0,1.5083155632019043,15,189.69354838709677,Medio,0.7246904761904763,CRITICO: refuerzo inmediato
2026-08-31 16:00:00,(09106) Nariño,273.79248,209.259,333.68872,144.0,1.901336669921875,16,227.66129032258064,Medio,0.6880238095238096,CRITICO: refuerzo inmediato
2026-08-31 17:00:00,(09106) Nariño,271.25183,211.46101,327.48138,144.0,1.8836932182312012,17,244.70967741935485,Medio,0.644547619047619,CRITICO: refuerzo inmediato
2026-08-31 18:00:00,(09106) Nariño,187.1486,142.06297,233.99597,144.0,1.2996430397033691,18,174.33870967741936,Medio,0.6246428571428572,CRITICO: refuerzo inmediato
2026-08-31 19:00:00,(09106) Nariño,92.944534,66.92954,129.25134,144.0,0.6454481482505798,19,103.98387096774194,Bajo,0.6216666666666667,Normal
2026-08-31 20:00:00,(09106) Nariño,45.507545,26.039917,77.30507,144.0,0.31602463126182556,20,57.24193548387097,Bajo,0.6919047619047619,Normal
2026-08-31 21:00:00,(09106) Nariño,21.269394,5.4766235,46.01136,144.0,0.1477041244506836,21,33.516129032258064,Bajo,0.8404761904761904,Normal
2026-08-31 22:00:00,(09106) Nariño,6.4157715,0.0,21.971214,144.0,0.0445539690554142,22,15.934426229508198,Bajo,0.9847619047619047,Normal
2026-08-31 23:00:00,(09106) Nariño,0.0,0.0,8.507965,144.0,0.0,23,1.9722222222222223,Bajo,1.35,Normal
2026-08-31 00:00:00,(09107) Hortúa,0.0,0.0,0.0,192.0,0.0,0,,Bajo,,Normal
2026-08-31 01:00:00,(09107) Hortúa,0.0,0.0,0.0,192.0,0.0,1,,Bajo,,Normal
2026-08-31 02:00:00,(09107) Hortúa,0.0,0.0,0.0,192.0,0.0,2,,Bajo,,Normal
2026-08-31 03:00:00,(09107) Hortúa,1.3518372,0.0,7.769699,192.0,0.007040818687528372,3,,Bajo,,Normal
2026-08-31 04:00:00,(09107) Hortúa,11.044693,0.0,25.588882,192.0,0.05752444267272949,4,14.290322580645162,Bajo,2.448095238095238,Normal
2026-08-31 05:00:00,(09107) Hortúa,71.827866,41.83255,108.25352,192.0,0.37410345673561096,5,70.0,Bajo,0.7857142857142857,Normal
2026-08-31 06:00:00,(09107) Hortúa,216.22833,158.74712,272.72708,192.0,1.1261892318725586,6,189.75806451612902,Bajo,0.5897619047619047,CRITICO: refuerzo inmediato
2026-08-31 07:00:00,(09107) Hortúa,309.7218,232.97809,378.61176,192.0,1.6131343841552734,7,266.5967741935484,Medio,0.5979285714285715,CRITICO: refuerzo inmediato
2026-08-31 08:00:00,(09107) Hortúa,245.49068,181.66573,314.34827,192.0,1.2785972356796265,8,227.66129032258064,Medio,0.6322380952380954,CRITICO: refuerzo inmediato
2026-08-31 09:00:00,(09107) Hortúa,237.5951,172.2705,309.42203,192.0,1.2374744415283203,9,233.11290322580646,Medio,0.6539761904761905,CRITICO: refuerzo inmediato
2026-08-31 10:00:00,(09107) Hortúa,256.95895,186.75156,336.8645,192.0,1.3383278846740723,10,257.7741935483871,Medio,0.697452380952381,CRITICO: refuerzo inmediato
2026-08-31 11:00:00,(09107) Hortúa,308.2365,227.21696,394.44476,192.0,1.6053985357284546,11,293.7096774193548,Medio,0.7000714285714287,CRITICO: refuerzo inmediato
2026-08-31 12:00:00,(09107) Hortúa,362.97784,263.69122,458.71533,192.0,1.8905096054077148,12,349.80645161290323,Medio,0.7129047619047619,CRITICO: refuerzo inmediato
2026-08-31 13:00:00,(09107) Hortúa,376.35623,266.1006,471.15424,192.0,1.9601887464523315,13,444.5,Medio,0.7013809523809524,CRITICO: refuerzo inmediato
2026-08-31 14:00:00,(09107) Hortúa,318.2921,218.84312,406.4278,192.0,1.6577714681625366,14,372.0483870967742,Medio,0.7021666666666667,CRITICO: refuerzo inmediato
2026-08-31 15:00:00,(09107) Hortúa,354.04767,248.01984,458.51044,192.0,1.8439983129501343,15,385.4032258064516,Medio,0.7199761904761907,CRITICO: refuerzo inmediato
2026-08-31 16:00:00,(09107) Hortúa,568.861,395.19345,701.92706,192.0,2.962817907333374,16,567.7741935483871,Medio,0.7053095238095238,CRITICO: refuerzo inmediato
2026-08-31 17:00:00,(09107) Hortúa,480.646,327.2626,610.12964,192.0,2.5033645629882812,17,551.7903225806451,Medio,0.6783333333333333,CRITICO: refuerzo inmediato
2026-08-31 18:00:00,(09107) Hortúa,260.31116,162.18652,364.67575,192.0,1.3557872772216797,18,376.46774193548384,Medio,0.6547619047619048,CRITICO: refuerzo inmediato
2026-08-31 19:00:00,(09107) Hortúa,157.67209,97.1993,232.64926,192.0,0.8212087750434875,19,249.61290322580646,Bajo,0.6042857142857143,ALTO: considerar refuerzo
2026-08-31 20:00:00,(09107) Hortúa,66.53508,30.685074,117.253075,192.0,0.34653687477111816,20,52.016129032258064,Bajo,0.6942857142857144,Normal
2026-08-31 21:00:00,(09107) Hortúa,25.609177,2.4212036,57.575577,192.0,0.13338112831115723,21,25.85483870967742,Bajo,0.9004761904761904,Normal
2026-08-31 22:00:00,(09107) Hortúa,11.934494,0.0,31.326736,192.0,0.062158823013305664,22,8.220338983050848,Bajo,1.1451219512195123,Normal
2026-08-31 23:00:00,(09107) Hortúa,5.918976,0.0,19.13034,192.0,0.030827999114990234,23,1.2352941176470589,Bajo,1.72,Normal
2026-08-31 00:00:00,(09110) Avenida Jimenez,0.0,0.0,16.266205,288.0,0.0,0,,Bajo,,Normal
2026-08-31 01:00:00,(09110) Avenida Jimenez,0.0,0.0,11.954803,288.0,0.0,1,,Bajo,,Normal
2026-08-31 02:00:00,(09110) Avenida Jimenez,0.0,0.0,3.3681335,288.0,0.0,2,,Bajo,,Normal
2026-08-31 03:00:00,(09110) Avenida Jimenez,0.0,0.0,5.006317,288.0,0.0,3,,Bajo,,Normal
2026-08-31 04:00:00,(09110) Avenida Jimenez,12.654816,1.7031555,26.58142,288.0,0.043940331786870956,4,10.48076923076923,Bajo,1.186060606060606,Normal
2026-08-31 05:00:00,(09110) Avenida Jimenez,27.73761,9.802582,48.800293,288.0,0.09631114453077316,5,48.645161290322584,Bajo,0.38261904761904764,Normal
2026-08-31 06:00:00,(09110) Avenida Jimenez,58.963013,36.860107,93.82092,288.0,0.20473268628120422,6,60.854838709677416,Bajo,0.2726190476190476,Normal
2026-08-31 07:00:00,(09110) Avenida Jimenez,68.6445,35.83493,108.56529,288.0,0.23834896087646484,7,82.30645161290323,Bajo,0.24880952380952379,Normal
2026-08-31 08:00:00,(09110) Avenida Jimenez,105.6053,63.960022,163.2412,288.0,0.36668506264686584,8,108.40322580645162,Bajo,0.255,Normal
2026-08-31 09:00:00,(09110) Avenida Jimenez,184.11307,125.05316,265.5271,288.0,0.6392815113067627,9,202.16129032258064,Bajo,0.2826190476190476,Normal
2026-08-31 10:00:00,(09110) Avenida Jimenez,312.04517,218.47102,422.291,288.0,1.0834901332855225,10,339.98387096774195,Bajo,0.31785714285714284,CRITICO: refuerzo inmediato
2026-08-31 11:00:00,(09110) Avenida Jimenez,469.14197,338.1221,612.3323,288.0,1.628965139389038,11,507.3709677419355,Medio,0.3656190476190477,CRITICO: refuerzo inmediato
2026-08-31 12:00:00,(09110) Avenida Jimenez,598.1568,433.95007,764.46277,288.0,2.0769333839416504,12,677.2258064516129,Medio,0.36090476190476195,CRITICO: refuerzo inmediato
2026-08-31 13:00:00,(09110) Avenida Jimenez,626.8335,450.6264,779.39233,288.0,2.1765050888061523,13,742.4516129032259,Medio,0.35959523809523813,CRITICO: refuerzo inmediato
2026-08-31 14:00:00,(09110) Avenida Jimenez,639.07605,462.04868,785.50635,288.0,2.2190141677856445,14,790.2096774193549,Medio,0.3577619047619048,CRITICO: refuerzo inmediato
2026-08-31 15:00:00,(09110) Avenida Jimenez,742.9408,543.94495,908.83136,288.0,2.579655647277832,15,884.1612903225806,Medio,0.34964285714285714,CRITICO: refuerzo inmediato
2026-08-31 16:00:00,(09110) Avenida Jimenez,1062.3904,784.37427,1298.5348,288.0,3.6888554096221924,16,1070.483870967742,Medio,0.30773809523809526,CRITICO: refuerzo inmediato
2026-08-31 17:00:00,(09110) Avenida Jimenez,1655.6644,1180.2677,2027.1141,288.0,5.748834609985352,17,1422.8870967741937,Alto,0.32592857142857146,CRITICO: refuerzo inmediato
2026-08-31 18:00:00,(09110) Avenida Jimenez,1261.6865,882.5278,1613.2769,288.0,4.380856037139893,18,1170.3870967741937,Medio,0.2713333333333333,CRITICO: refuerzo inmediato
2026-08-31 19:00:00,(09110) Avenida Jimenez,266.89777,142.86281,473.70074,288.0,0.926728367805481,19,275.9516129032258,Bajo,0.2673809523809524,CRITICO: refuerzo inmediato
2026-08-31 20:00:00,(09110) Avenida Jimenez,64.491486,39.444366,151.55978,288.0,0.223928764462471,20,63.41935483870968,Bajo,0.30452380952380953,Normal
2026-08-31 21:00:00,(09110) Avenida Jimenez,30.15268,15.624573,88.70297,288.0,0.10469680279493332,21,62.403225806451616,Bajo,0.37785714285714284,Normal
2026-08-31 22:00:00,(09110) Avenida Jimenez,24.956818,9.466278,59.56555,288.0,0.0866556167602539,22,16.630434782608695,Bajo,0.39575757575757575,Normal
2026-08-31 23:00:00,(09110) Avenida Jimenez,0.0,0.0,0.0,288.0,0.0,23,2.5,Bajo,0.5833333333333334,Normal
2026-08-31 00:00:00,(09114) Calle 26,0.0,0.0,0.0,0.0,,0,1.0,Bajo,,Normal
2026-08-31 01:00:00,(09114) Calle 26,0.0,0.0,0.0,0.0,,1,,Bajo,,Normal
2026-08-31 02:00:00,(09114) Calle 26,0.0,0.0,0.0,0.0,,2,,Bajo,,Normal
2026-08-31 03:00:00,(09114) Calle 26,0.0,0.0,10.27829,0.0,,3,,Bajo,,Normal
2026-08-31 04:00:00,(09114) Calle 26,0.0,0.0,12.489655,0.0,,4,10.716666666666667,Bajo,7.39075,Normal
2026-08-31 05:00:00,(09114) Calle 26,76.23776,39.261597,150.47736,0.0,,5,73.70967741935483,Bajo,1.0747619047619048,Normal
2026-08-31 06:00:00,(09114) Calle 26,284.95407,203.35477,404.955,0.0,,6,219.5,Bajo,0.650952380952381,Normal
2026-08-31 07:00:00,(09114) Calle 26,409.25708,302.79443,553.4652,0.0,,7,323.7741935483871,Bajo,0.5776190476190477,Normal
2026-08-31 08:00:00,(09114) Calle 26,400.38583,308.44122,517.49744,0.0,,8,272.33870967741933,Bajo,0.5652380952380953,Normal
2026-08-31 09:00:00,(09114) Calle 26,398.93774,308.41998,510.93613,0.0,,9,317.2096774193548,Bajo,0.6045238095238096,Normal
2026-08-31 10:00:00,(09114) Calle 26,460.2914,351.54868,588.55475,0.0,,10,370.61290322580646,Bajo,0.6602380952380953,Normal
2026-08-31 11:00:00,(09114) Calle 26,603.7915,463.01126,755.28186,0.0,,11,472.2096774193548,Bajo,0.6973809523809523,Normal
2026-08-31 12:00:00,(09114) Calle 26,713.7166,541.83044,903.3706,0.0,,12,593.3548387096774,Bajo,0.6876190476190477,Normal
2026-08-31 13:00:00,(09114) Calle 26,669.51807,504.2924,840.5231,0.0,,13,591.4354838709677,Bajo,0.6885714285714286,Normal
2026-08-31 14:00:00,(09114) Calle 26,718.0064,548.8892,915.2573,0.0,,14,608.3387096774194,Bajo,0.6847619047619048,Normal
2026-08-31 15:00:00,(09114) Calle 26,1125.3153,820.24316,1480.0344,0.0,,15,824.5645161290323,Bajo,0.6826190476190477,Normal
2026-08-31 16:00:00,(09114) Calle 26,2552.5625,1790.779,3108.3484,0.0,,16,1639.5,Bajo,0.6292857142857142,Normal
2026-08-31 17:00:00,(09114) Calle 26,3181.8926,2209.2615,3850.323,0.0,,17,2149.016129032258,Bajo,0.5676190476190476,Normal
2026-08-31 18:00:00,(09114) Calle 26,1643.4254,1106.5498,2161.3835,0.0,,18,1152.483870967742,Bajo,0.5638095238095238,Normal
2026-08-31 19:00:00,(09114) Calle 26,637.8885,402.06097,936.7438,0.0,,19,490.1290322580645,Bajo,0.5773809523809523,Normal
2026-08-31 20:00:00,(09114) Calle 26,328.86948,176.25842,534.07324,0.0,,20,240.33870967741936,Bajo,0.6764285714285714,Normal
2026-08-31 21:00:00,(09114) Calle 26,181.64673,58.17746,350.2724,0.0,,21,206.20967741935485,Bajo,0.8419047619047619,Normal
2026-08-31 22:00:00,(09114) Calle 26,60.91159,0.0,155.23962,0.0,,22,51.583333333333336,Bajo,1.2054761904761906,Normal
2026-08-31 23:00:00,(09114) Calle 26,0.0,0.0,15.152618,0.0,,23,3.566666666666667,Bajo,2.429090909090909,Normal
2026-08-31 00:00:00,(09123) Calle 76,0.0,0.0,12.753784,320.0,0.0,0,,Bajo,,Normal
2026-08-31 01:00:00,(09123) Calle 76,0.0,0.0,1.7398071,320.0,0.0,1,,Bajo,,Normal
2026-08-31 02:00:00,(09123) Calle 76,0.0,0.0,0.0,320.0,0.0,2,,Bajo,,Normal
2026-08-31 03:00:00,(09123) Calle 76,0.0,0.0,0.0,320.0,0.0,3,,Bajo,,Normal
2026-08-31 04:00:00,(09123) Calle 76,0.0,0.0,0.0,320.0,0.0,4,20.0,Bajo,2.7023809523809526,Normal
2026-08-31 05:00:00,(09123) Calle 76,0.0,0.0,0.0,320.0,0.0,5,141.69811320754718,Bajo,0.4795238095238095,Normal
2026-08-31 06:00:00,(09123) Calle 76,0.0,0.0,1.7756958,320.0,0.0,6,364.53846153846155,Bajo,0.3252380952380952,Normal
2026-08-31 07:00:00,(09123) Calle 76,0.0,0.0,0.33343506,320.0,0.0,7,446.6730769230769,Bajo,0.2845238095238095,Normal
2026-08-31 08:00:00,(09123) Calle 76,0.0,0.0,0.0,320.0,0.0,8,521.7115384615385,Bajo,0.28095238095238095,Normal
2026-08-31 09:00:00,(09123) Calle 76,0.0,0.0,2.5147095,320.0,0.0,9,660.1923076923077,Bajo,0.3295238095238095,Normal
2026-08-31 10:00:00,(09123) Calle 76,0.0,0.0,11.225403,320.0,0.0,10,815.25,Bajo,0.3597619047619047,Normal
2026-08-31 11:00:00,(09123) Calle 76,0.0,0.0,20.070007,320.0,0.0,11,1004.2307692307693,Bajo,0.3726190476190476,Normal
2026-08-31 12:00:00,(09123) Calle 76,0.0,0.0,24.633911,320.0,0.0,12,1244.5384615384614,Bajo,0.3692857142857143,Normal
2026-08-31 13:00:00,(09123) Calle 76,0.0,0.0,27.427246,320.0,0.0,13,1382.6153846153845,Bajo,0.36738095238095236,Normal
2026-08-31 14:00:00,(09123) Calle 76,0.0,0.0,21.088867,320.0,0.0,14,1384.6923076923076,Bajo,0.3659523809523809,Normal
2026-08-31 15:00:00,(09123) Calle 76,0.0,0.0,24.700195,320.0,0.0,15,1551.6538461538462,Bajo,0.3626190476190476,Normal
2026-08-31 16:00:00,(09123) Calle 76,0.0,0.0,26.16278,320.0,0.0,16,2787.0384615384614,Bajo,0.32976190476190476,Normal
2026-08-31 17:00:00,(09123) Calle 76,0.0,0.0,36.084717,320.0,0.0,17,3609.9423076923076,Bajo,0.3030952380952381,Normal
2026-08-31 18:00:00,(09123) Calle 76,0.0,0.0,24.833252,320.0,0.0,18,2503.326923076923,Bajo,0.2966666666666667,Normal
2026-08-31 19:00:00,(09123) Calle 76,0.0,0.0,17.091553,320.0,0.0,19,1379.5192307692307,Bajo,0.3128571428571429,Normal
2026-08-31 20:00:00,(09123) Calle 76,0.0,0.0,14.216736,320.0,0.0,20,442.88461538461536,Bajo,0.38476190476190475,Normal
2026-08-31 21:00:00,(09123) Calle 76,0.0,0.0,10.531372,320.0,0.0,21,247.01923076923077,Bajo,0.4266666666666667,Normal
2026-08-31 22:00:00,(09123) Calle 76,0.0,0.0,3.9605713,320.0,0.0,22,83.62745098039215,Bajo,0.5446341463414633,Normal
2026-08-31 23:00:00,(09123) Calle 76,0.0,0.0,1.8269653,320.0,0.0,23,2.7419354838709675,Bajo,0.9283333333333333,Normal
2026-08-31 00:00:00,(09125) Temporal Calle 57,0.0,0.0,0.0,0.0,,0,,Bajo,,Normal
2026-08-31 01:00:00,(09125) Temporal Calle 57,0.0,0.0,6.777405,0.0,,1,,Bajo,,Normal
2026-08-31 02:00:00,(09125) Temporal Calle 57,0.0,0.0,21.662231,0.0,,2,,Bajo,,Normal
2026-08-31 03:00:00,(09125) Temporal Calle 57,0.0,0.0,24.55188,0.0,,3,,Bajo,,Normal
2026-08-31 04:00:00,(09125) Temporal Calle 57,5.022278,0.0,61.36505,0.0,,4,24.79032258064516,Bajo,4.63952380952381,Normal
2026-08-31 05:00:00,(09125) Temporal Calle 57,181.5585,101.07428,294.59232,0.0,,5,175.75806451612902,Bajo,0.7045238095238096,Normal
2026-08-31 06:00:00,(09125) Temporal Calle 57,554.2849,415.80652,706.377,0.0,,6,441.85483870967744,Bajo,0.49000000000000005,Normal
2026-08-31 07:00:00,(09125) Temporal Calle 57,665.6983,524.03564,821.1845,0.0,,7,510.2258064516129,Bajo,0.4166666666666667,Normal
2026-08-31 08:00:00,(09125) Temporal Calle 57,615.85046,496.82764,743.8862,0.0,,8,447.38709677419354,Bajo,0.4138095238095238,Normal
2026-08-31 09:00:00,(09125) Temporal Calle 57,612.9718,501.54242,748.16077,0.0,,9,485.3709677419355,Bajo,0.4502380952380952,Normal
2026-08-31 10:00:00,(09125) Temporal Calle 57,727.0973,593.7782,887.8666,0.0,,10,597.6612903225806,Bajo,0.5019047619047619,Normal
2026-08-31 11:00:00,(09125) Temporal Calle 57,924.2939,743.90295,1118.4827,0.0,,11,742.4677419354839,Bajo,0.5357142857142857,Normal
2026-08-31 12:00:00,(09125) Temporal Calle 57,1062.7283,840.26245,1300.3403,0.0,,12,887.8709677419355,Bajo,0.5180952380952382,Normal
2026-08-31 13:00:00,(09125) Temporal Calle 57,1054.568,839.67883,1278.5392,0.0,,13,881.258064516129,Bajo,0.5221428571428571,Normal
2026-08-31 14:00:00,(09125) Temporal Calle 57,1114.0659,894.89966,1348.082,0.0,,14,920.2903225806451,Bajo,0.5123809523809524,Normal
2026-08-31 15:00:00,(09125) Temporal Calle 57,1526.2568,1191.4089,1866.0474,0.0,,15,1073.4032258064517,Bajo,0.48738095238095236,Normal
2026-08-31 16:00:00,(09125) Temporal Calle 57,2530.6162,1891.8877,2984.9006,0.0,,16,1729.5483870967741,Bajo,0.4488095238095238,Normal
2026-08-31 17:00:00,(09125) Temporal Calle 57,2760.1519,2055.6467,3251.6316,0.0,,17,1923.4032258064517,Bajo,0.43,Normal
2026-08-31 18:00:00,(09125) Temporal Calle 57,1862.011,1384.5261,2275.7068,0.0,,18,1382.6290322580646,Bajo,0.4130952380952381,Normal
2026-08-31 19:00:00,(09125) Temporal Calle 57,961.64716,702.06384,1248.0015,0.0,,19,872.258064516129,Bajo,0.4483333333333333,Normal
2026-08-31 20:00:00,(09125) Temporal Calle 57,456.07532,307.22513,652.21313,0.0,,20,343.38709677419354,Bajo,0.5650000000000001,Normal
2026-08-31 21:00:00,(09125) Temporal Calle 57,219.47427,108.49484,366.215,0.0,,21,220.08064516129033,Bajo,0.65,Normal
2026-08-31 22:00:00,(09125) Temporal Calle 57,86.48456,8.439453,176.0665,0.0,,22,92.19354838709677,Bajo,0.8073809523809523,Normal
2026-08-31 23:00:00,(09125) Temporal Calle 57,5.2160034,0.0,42.170044,0.0,,23,4.909090909090909,Bajo,1.276,Normal
2026-08-31 00:00:00,(09126) Temporal Marly,0.0,0.0,0.0,0.0,,0,,Bajo,,Normal
2026-08-31 01:00:00,(09126) Temporal Marly,0.0,0.0,0.0,0.0,,1,,Bajo,,Normal
2026-08-31 02:00:00,(09126) Temporal Marly,0.0,0.0,16.099182,0.0,,2,,Bajo,,Normal
2026-08-31 03:00:00,(09126) Temporal Marly,0.0,0.0,37.453735,0.0,,3,,Bajo,,Normal
2026-08-31 04:00:00,(09126) Temporal Marly,11.318054,0.0,88.0423,0.0,,4,15.306451612903226,Bajo,3.8676190476190477,Normal
2026-08-31 05:00:00,(09126) Temporal Marly,181.59232,79.16376,321.91556,0.0,,5,160.9516129032258,Bajo,0.6302380952380953,Normal
2026-08-31 06:00:00,(09126) Temporal Marly,674.2141,485.40247,865.84406,0.0,,6,514.9677419354839,Bajo,0.4554761904761905,Normal
2026-08-31 07:00:00,(09126) Temporal Marly,905.3064,690.2716,1124.8182,0.0,,7,701.7258064516129,Bajo,0.39785714285714285,Normal
2026-08-31 08:00:00,(09126) Temporal Marly,938.03284,728.5974,1159.1384,0.0,,8,712.1451612903226,Bajo,0.39428571428571424,Normal
2026-08-31 09:00:00,(09126) Temporal Marly,1046.5996,812.9694,1304.0232,0.0,,9,810.4193548387096,Bajo,0.44071428571428567,Normal
2026-08-31 10:00:00,(09126) Temporal Marly,1274.6666,980.77405,1589.5681,0.0,,10,963.016129032258,Bajo,0.46904761904761905,Normal
2026-08-31 11:00:00,(09126) Temporal Marly,1608.0555,1234.1653,1975.7261,0.0,,11,1198.6129032258063,Bajo,0.4928571428571428,Normal
2026-08-31 12:00:00,(09126) Temporal Marly,1691.8123,1282.972,2087.812,0.0,,12,1240.6935483870968,Bajo,0.48571428571428565,Normal
2026-08-31 13:00:00,(09126) Temporal Marly,1607.1982,1192.9258,1976.2781,0.0,,13,1158.2096774193549,Bajo,0.48857142857142855,Normal
2026-08-31 14:00:00,(09126) Temporal Marly,1511.073,1112.7694,1872.5132,0.0,,14,1086.774193548387,Bajo,0.4776190476190476,Normal
2026-08-31 15:00:00,(09126) Temporal Marly,1668.418,1222.2339,2096.8599,0.0,,15,1099.0483870967741,Bajo,0.4797619047619047,Normal
2026-08-31 16:00:00,(09126) Temporal Marly,2385.543,1727.3174,2927.0837,0.0,,16,1502.8064516129032,Bajo,0.4466666666666667,Normal
2026-08-31 17:00:00,(09126) Temporal Marly,2611.4666,1841.0293,3221.741,0.0,,17,1644.774193548387,Bajo,0.42000000000000004,Normal
2026-08-31 18:00:00,(09126) Temporal Marly,1647.9176,1124.1353,2168.9124,0.0,,18,1104.4032258064517,Bajo,0.40738095238095234,Normal
2026-08-31 19:00:00,(09126) Temporal Marly,814.4638,533.4631,1179.1543,0.0,,19,636.5967741935484,Bajo,0.4333333333333333,Normal
2026-08-31 20:00:00,(09126) Temporal Marly,500.45032,316.8526,768.69714,0.0,,20,331.35483870967744,Bajo,0.5083333333333334,Normal
2026-08-31 21:00:00,(09126) Temporal Marly,312.81268,163.24326,533.06274,0.0,,21,280.19354838709677,Bajo,0.5845238095238096,Normal
2026-08-31 22:00:00,(09126) Temporal Marly,89.557434,0.0,232.62088,0.0,,22,89.75862068965517,Bajo,0.7274358974358974,Normal
2026-08-31 23:00:00,(09126) Temporal Marly,0.0,0.0,57.403564,0.0,,23,3.103448275862069,Bajo,1.241,Normal
2026-08-31 00:00:00,(09127) Temporal Flores,0.0,0.0,0.0,0.0,,0,,Bajo,,Normal
2026-08-31 01:00:00,(09127) Temporal Flores,0.0,0.0,0.0,0.0,,1,,Bajo,,Normal
2026-08-31 02:00:00,(09127) Temporal Flores,0.0,0.0,0.0,0.0,,2,,Bajo,,Normal
2026-08-31 03:00:00,(09127) Temporal Flores,0.0,0.0,0.0,0.0,,3,,Bajo,,Normal
2026-08-31 04:00:00,(09127) Temporal Flores,0.0,0.0,0.45568848,0.0,,4,21.080645161290324,Bajo,28.61904761904762,Normal
2026-08-31 05:00:00,(09127) Temporal Flores,74.078735,39.726746,137.26105,0.0,,5,128.6451612903226,Bajo,1.3488095238095237,Normal
2026-08-31 06:00:00,(09127) Temporal Flores,286.6432,203.24634,402.56677,0.0,,6,307.7096774193548,Bajo,0.875,Normal
2026-08-31 07:00:00,(09127) Temporal Flores,453.63586,326.74033,611.33984,0.0,,7,424.7096774193548,Bajo,0.8540476190476189,Normal
2026-08-31 08:00:00,(09127) Temporal Flores,503.48596,370.25778,659.019,0.0,,8,477.88709677419354,Bajo,0.8623809523809524,Normal
2026-08-31 09:00:00,(09127) Temporal Flores,595.287,432.98495,774.6963,0.0,,9,581.1129032258065,Bajo,0.8942857142857144,Normal
2026-08-31 10:00:00,(09127) Temporal Flores,772.96204,555.0059,1001.68274,0.0,,10,781.0806451612904,Bajo,1.0566666666666666,Normal
2026-08-31 11:00:00,(09127) Temporal Flores,1036.9409,747.46295,1321.7909,0.0,,11,1050.7096774193549,Bajo,1.1016666666666666,Normal
2026-08-31 12:00:00,(09127) Temporal Flores,1212.9811,861.7454,1553.2422,0.0,,12,1238.8870967741937,Bajo,1.0483333333333333,Normal
2026-08-31 13:00:00,(09127) Temporal Flores,1156.65,800.5668,1469.3486,0.0,,13,1232.274193548387,Bajo,1.1030952380952381,Normal
2026-08-31 14:00:00,(09127) Temporal Flores,1166.3345,805.0087,1484.2986,0.0,,14,1222.1290322580646,Bajo,1.0792857142857142,Normal
2026-08-31 15:00:00,(09127) Temporal Flores,1549.0,1071.0691,1998.3457,0.0,,15,1448.483870967742,Bajo,1.0052380952380953,Normal
2026-08-31 16:00:00,(09127) Temporal Flores,2894.4443,2028.6155,3550.3909,0.0,,16,2416.4032258064517,Bajo,0.9185714285714285,Normal
2026-08-31 17:00:00,(09127) Temporal Flores,3875.6714,2669.4663,4729.6055,0.0,,17,3326.1129032258063,Bajo,0.8116666666666668,Normal
2026-08-31 18:00:00,(09127) Temporal Flores,2397.313,1596.7856,3131.4075,0.0,,18,2111.6290322580644,Bajo,0.8204761904761905,Normal
2026-08-31 19:00:00,(09127) Temporal Flores,1079.3967,673.7031,1575.3137,0.0,,19,1161.5967741935483,Bajo,0.8747619047619046,Normal
2026-08-31 20:00:00,(09127) Temporal Flores,564.031,335.9953,888.4356,0.0,,20,516.483870967742,Bajo,1.0671428571428572,Normal
2026-08-31 21:00:00,(09127) Temporal Flores,274.9903,129.21912,512.5137,0.0,,21,395.66129032258067,Bajo,1.2295238095238095,Normal
2026-08-31 22:00:00,(09127) Temporal Flores,107.925476,14.115234,241.04419,0.0,,22,139.7719298245614,Bajo,1.5053846153846153,Normal
2026-08-31 23:00:00,(09127) Temporal Flores,0.0,0.0,18.090393,0.0,,23,4.233333333333333,Bajo,3.7595238095238095,Normal
2026-08-31 00:00:00,(09128) Temporal AV Jimenez - Inter Electricas,0.0,0.0,8.316406,0.0,,0,,Bajo,,Normal
2026-08-31 01:00:00,(09128) Temporal AV Jimenez - Inter Electricas,0.0,0.0,6.0665283,0.0,,1,,Bajo,,Normal
2026-08-31 02:00:00,(09128) Temporal AV Jimenez - Inter Electricas,0.0,0.0,4.6326294,0.0,,2,,Bajo,,Normal
2026-08-31 03:00:00,(09128) Temporal AV Jimenez - Inter Electricas,0.0,0.0,2.514618,0.0,,3,,Bajo,,Normal
2026-08-31 04:00:00,(09128) Temporal AV Jimenez - Inter Electricas,8.002441,2.0806274,16.292664,0.0,,4,4.112903225806452,Bajo,1.2014285714285715,Normal
2026-08-31 05:00:00,(09128) Temporal AV Jimenez - Inter Electricas,26.845886,10.019379,45.74347,0.0,,5,33.38709677419355,Bajo,0.38261904761904764,Normal
2026-08-31 06:00:00,(09128) Temporal AV Jimenez - Inter Electricas,66.57553,40.4722,109.06767,0.0,,6,88.98387096774194,Bajo,0.2726190476190476,Normal
2026-08-31 07:00:00,(09128) Temporal AV Jimenez - Inter Electricas,91.99477,52.405273,150.02295,0.0,,7,106.62903225806451,Bajo,0.24880952380952379,Normal
2026-08-31 08:00:00,(09128) Temporal AV Jimenez - Inter Electricas,132.4943,82.87097,211.72197,0.0,,8,152.74193548387098,Bajo,0.255,Normal
2026-08-31 09:00:00,(09128) Temporal AV Jimenez - Inter Electricas,251.53635,172.83351,361.8974,0.0,,9,277.01612903225805,Bajo,0.2826190476190476,Normal
2026-08-31 10:00:00,(09128) Temporal AV Jimenez - Inter Electricas,427.5876,306.32172,573.4791,0.0,,10,431.80645161290323,Bajo,0.31785714285714284,Normal
2026-08-31 11:00:00,(09128) Temporal AV Jimenez - Inter Electricas,551.8905,397.26733,730.3997,0.0,,11,622.241935483871,Bajo,0.3323809523809524,Normal
2026-08-31 12:00:00,(09128) Temporal AV Jimenez - Inter Electricas,640.74677,448.3717,842.4795,0.0,,12,739.4677419354839,Bajo,0.3280952380952381,Normal
2026-08-31 13:00:00,(09128) Temporal AV Jimenez - Inter Electricas,665.267,450.47708,861.6078,0.0,,13,822.2096774193549,Bajo,0.3269047619047619,Normal
2026-08-31 14:00:00,(09128) Temporal AV Jimenez - Inter Electricas,659.603,442.17697,850.32245,0.0,,14,871.3225806451613,Bajo,0.3252380952380952,Normal
2026-08-31 15:00:00,(09128) Temporal AV Jimenez - Inter Electricas,702.4617,478.34686,898.56903,0.0,,15,821.5483870967741,Bajo,0.31785714285714284,Normal
2026-08-31 16:00:00,(09128) Temporal AV Jimenez - Inter Electricas,896.9614,628.04175,1139.228,0.0,,16,986.5,Bajo,0.27976190476190477,Normal
2026-08-31 17:00:00,(09128) Temporal AV Jimenez - Inter Electricas,1198.3286,820.2395,1526.9641,0.0,,17,1102.774193548387,Bajo,0.2507142857142857,Normal
2026-08-31 18:00:00,(09128) Temporal AV Jimenez - Inter Electricas,885.4282,592.7838,1183.8755,0.0,,18,822.3225806451613,Bajo,0.24666666666666665,Normal
2026-08-31 19:00:00,(09128) Temporal AV Jimenez - Inter Electricas,182.71829,88.55017,361.31982,0.0,,19,216.0,Bajo,0.2673809523809524,Normal
2026-08-31 20:00:00,(09128) Temporal AV Jimenez - Inter Electricas,10.878479,5.098999,79.019806,0.0,,20,34.774193548387096,Bajo,0.30452380952380953,Normal
2026-08-31 21:00:00,(09128) Temporal AV Jimenez - Inter Electricas,0.0,1.9579773,31.370422,0.0,,21,14.32258064516129,Bajo,0.37785714285714284,Normal
2026-08-31 22:00:00,(09128) Temporal AV Jimenez - Inter Electricas,5.8689575,5.767853,23.17685,0.0,,22,5.431818181818182,Bajo,0.38483870967741934,Normal
2026-08-31 23:00:00,(09128) Temporal AV Jimenez - Inter Electricas,0.0,0.0,0.0,0.0,,23,1.0,Bajo,0.5966666666666667,Normal
2026-08-31 00:00:00,(09129) Temporal Calle 22,0.0,0.0,0.0,0.0,,0,,Bajo,,Normal
2026-08-31 01:00:00,(09129) Temporal Calle 22,0.0,0.0,0.0,0.0,,1,,Bajo,,Normal
2026-08-31 02:00:00,(09129) Temporal Calle 22,0.0,0.0,0.0,0.0,,2,,Bajo,,Normal
2026-08-31 03:00:00,(09129) Temporal Calle 22,0.0,0.0,0.0,0.0,,3,,Bajo,,Normal
2026-08-31 04:00:00,(09129) Temporal Calle 22,0.0,0.0,3.8557281,0.0,,4,4.758620689655173,Bajo,3.281707317073171,Normal
2026-08-31 05:00:00,(09129) Temporal Calle 22,0.0,0.0,13.347519,0.0,,5,30.610169491525422,Bajo,0.7826190476190475,Normal
2026-08-31 06:00:00,(09129) Temporal Calle 22,1.2488251,0.0,23.531296,0.0,,6,67.9322033898305,Bajo,0.550952380952381,Normal
2026-08-31 07:00:00,(09129) Temporal Calle 22,1.9960251,0.0,29.653664,0.0,,7,74.03389830508475,Bajo,0.48214285714285715,Normal
2026-08-31 08:00:00,(09129) Temporal Calle 22,2.0311813,0.0,33.635117,0.0,,8,74.16666666666667,Bajo,0.48142857142857143,Normal
2026-08-31 09:00:00,(09129) Temporal Calle 22,5.0124435,0.0,45.4293,0.0,,9,99.75,Bajo,0.5214285714285714,Normal
2026-08-31 10:00:00,(09129) Temporal Calle 22,12.709183,0.10952759,65.88013,0.0,,10,139.1,Bajo,0.5880952380952381,Normal
2026-08-31 11:00:00,(09129) Temporal Calle 22,19.996552,0.0,90.42667,0.0,,11,190.48333333333332,Bajo,0.6323809523809524,Normal
2026-08-31 12:00:00,(09129) Temporal Calle 22,27.177132,2.2634048,109.90041,0.0,,12,227.06666666666666,Bajo,0.616904761904762,Normal
2026-08-31 13:00:00,(09129) Temporal Calle 22,31.23188,3.3197784,124.52494,0.0,,13,247.13333333333333,Bajo,0.6140476190476191,Normal
2026-08-31 14:00:00,(09129) Temporal Calle 22,33.290413,1.8955688,139.20377,0.0,,14,250.56666666666666,Bajo,0.6147619047619047,Normal
2026-08-31 15:00:00,(09129) Temporal Calle 22,42.44406,2.2793732,159.0749,0.0,,15,290.43333333333334,Bajo,0.5897619047619047,Normal
2026-08-31 16:00:00,(09129) Temporal Calle 22,51.639404,6.246361,174.52634,0.0,,16,379.6,Bajo,0.53,Normal
2026-08-31 17:00:00,(09129) Temporal Calle 22,50.81504,6.584656,171.05444,0.0,,17,414.35,Bajo,0.49452380952380953,Normal
2026-08-31 18:00:00,(09129) Temporal Calle 22,27.770401,0.0,128.53691,0.0,,18,266.71666666666664,Bajo,0.47690476190476194,Normal
2026-08-31 19:00:00,(09129) Temporal Calle 22,5.323204,0.0,80.84237,0.0,,19,103.75,Bajo,0.5176190476190475,Normal
2026-08-31 20:00:00,(09129) Temporal Calle 22,0.47829437,0.0,56.01047,0.0,,20,43.53333333333333,Bajo,0.6202380952380953,Normal
2026-08-31 21:00:00,(09129) Temporal Calle 22,0.7734375,0.0,45.18907,0.0,,21,25.5,Bajo,0.7457142857142858,Normal
2026-08-31 22:00:00,(09129) Temporal Calle 22,0.0,0.0,34.154213,0.0,,22,13.61111111111111,Bajo,0.8717948717948718,Normal
2026-08-31 23:00:00,(09129) Temporal Calle 22,0.0,0.0,27.348305,0.0,,23,1.6666666666666667,Bajo,1.4454545454545455,Normal
2026-08-31 00:00:00,(09130) Temporal Avenida 39,0.0,0.0,0.0,0.0,,0,,Bajo,,Normal
2026-08-31 01:00:00,(09130) Temporal Avenida 39,0.0,0.0,0.0,0.0,,1,,Bajo,,Normal
2026-08-31 02:00:00,(09130) Temporal Avenida 39,0.0,0.0,0.0,0.0,,2,,Bajo,,Normal
2026-08-31 03:00:00,(09130) Temporal Avenida 39,0.0,0.0,2.642212,0.0,,3,1.0,Bajo,,Normal
2026-08-31 04:00:00,(09130) Temporal Avenida 39,0.0,0.0,0.0,0.0,,4,6.0,Bajo,2.827142857142857,Normal
2026-08-31 05:00:00,(09130) Temporal Avenida 39,54.024017,27.718506,102.37894,0.0,,5,63.91935483870968,Bajo,0.5661904761904762,Normal
2026-08-31 06:00:00,(09130) Temporal Avenida 39,189.99628,131.67316,280.07043,0.0,,6,165.58064516129033,Bajo,0.3738095238095238,Normal
2026-08-31 07:00:00,(09130) Temporal Avenida 39,296.24664,208.52454,419.61804,0.0,,7,231.3548387096774,Bajo,0.3252380952380952,Normal
2026-08-31 08:00:00,(09130) Temporal Avenida 39,363.1176,263.18658,502.42133,0.0,,8,289.7903225806452,Bajo,0.32595238095238094,Normal
2026-08-31 09:00:00,(09130) Temporal Avenida 39,459.8946,330.61096,631.22546,0.0,,9,381.0967741935484,Bajo,0.3461904761904762,Normal
2026-08-31 10:00:00,(09130) Temporal Avenida 39,602.2026,426.47043,809.7805,0.0,,10,502.0806451612903,Bajo,0.3788095238095238,Normal
2026-08-31 11:00:00,(09130) Temporal Avenida 39,800.7312,564.99854,1042.4929,0.0,,11,646.2096774193549,Bajo,0.3895238095238095,Normal
2026-08-31 12:00:00,(09130) Temporal Avenida 39,1097.1555,773.7796,1387.376,0.0,,12,923.2903225806451,Bajo,0.385952380952381,Normal
2026-08-31 13:00:00,(09130) Temporal Avenida 39,1089.0088,748.75916,1357.2795,0.0,,13,959.6290322580645,Bajo,0.3830952380952381,Normal
2026-08-31 14:00:00,(09130) Temporal Avenida 39,970.18445,635.47626,1242.1844,0.0,,14,838.7096774193549,Bajo,0.37833333333333335,Normal
2026-08-31 15:00:00,(09130) Temporal Avenida 39,1230.4458,795.7118,1612.8533,0.0,,15,960.9193548387096,Bajo,0.3821428571428572,Normal
2026-08-31 16:00:00,(09130) Temporal Avenida 39,2406.8723,1609.0251,2946.5754,0.0,,16,1749.1612903225807,Bajo,0.35214285714285715,Normal
2026-08-31 17:00:00,(09130) Temporal Avenida 39,2571.5212,1723.9177,3172.5474,0.0,,17,1895.3870967741937,Bajo,0.3392857142857143,Normal
2026-08-31 18:00:00,(09130) Temporal Avenida 39,1499.229,946.186,2003.4475,0.0,,18,1183.4193548387098,Bajo,0.3242857142857143,Normal
2026-08-31 19:00:00,(09130) Temporal Avenida 39,702.8135,412.49567,1045.3425,0.0,,19,609.241935483871,Bajo,0.3416666666666667,Normal
2026-08-31 20:00:00,(09130) Temporal Avenida 39,360.13904,196.61673,593.8854,0.0,,20,265.1290322580645,Bajo,0.4066666666666666,Normal
2026-08-31 21:00:00,(09130) Temporal Avenida 39,177.60126,72.808685,341.3103,0.0,,21,173.82258064516128,Bajo,0.46619047619047616,Normal
2026-08-31 22:00:00,(09130) Temporal Avenida 39,50.345978,0.0,124.98288,0.0,,22,28.019607843137255,Bajo,0.5579411764705883,Normal
2026-08-31 23:00:00,(09130) Temporal Avenida 39,0.0,0.0,9.63916,0.0,,23,1.75,Bajo,,Normal
2026-08-31 00:00:00,(10000) Portal 20 de Julio,0.0,0.0,22.536255,350.0,0.0,0,1.4545454545454546,Bajo,,Normal
2026-08-31 01:00:00,(10000) Portal 20 de Julio,0.0,0.0,90.33191,350.0,0.0,1,,Bajo,,Normal
2026-08-31 02:00:00,(10000) Portal 20 de Julio,0.0,0.0,75.42114,350.0,0.0,2,,Bajo,,Normal
2026-08-31 03:00:00,(10000) Portal 20 de Julio,214.6958,0.0,501.00494,350.0,0.6134165525436401,3,65.05660377358491,Bajo,3.180540540540541,Normal
2026-08-31 04:00:00,(10000) Portal 20 de Julio,2347.1855,1501.182,3090.253,350.0,6.706244468688965,4,2098.6129032258063,Alto,0.7156190476190476,CRITICO: refuerzo inmediato
2026-08-31 05:00:00,(10000) Portal 20 de Julio,5596.8345,3840.3975,6809.483,350.0,15.990955352783203,5,4637.532258064516,Alto,0.49028571428571427,CRITICO: refuerzo inmediato
2026-08-31 06:00:00,(10000) Portal 20 de Julio,7230.7144,5034.0557,8598.535,350.0,20.659183502197266,6,5945.580645161291,Alto,0.3893809523809524,CRITICO: refuerzo inmediato
2026-08-31 07:00:00,(10000) Portal 20 de Julio,5724.223,4036.4878,6711.2915,350.0,16.354923248291016,7,4969.629032258064,Alto,0.36214285714285716,CRITICO: refuerzo inmediato
2026-08-31 08:00:00,(10000) Portal 20 de Julio,3711.6929,2528.9478,4425.8726,350.0,10.604836463928223,8,3182.6451612903224,Alto,0.364,CRITICO: refuerzo inmediato
2026-08-31 09:00:00,(10000) Portal 20 de Julio,2332.4016,1519.5115,2826.0457,350.0,6.664004802703857,9,2130.1129032258063,Alto,0.38133333333333336,CRITICO: refuerzo inmediato
2026-08-31 10:00:00,(10000) Portal 20 de Julio,1816.3745,1227.1448,2210.0027,350.0,5.18964147567749,10,1708.6774193548388,Alto,0.4265238095238095,CRITICO: refuerzo inmediato
2026-08-31 11:00:00,(10000) Portal 20 de Julio,1661.0363,1237.7615,2023.8087,350.0,4.7458176612854,11,1611.9354838709678,Alto,0.44788095238095244,CRITICO: refuerzo inmediato
2026-08-31 12:00:00,(10000) Portal 20 de Julio,1512.1007,1195.6056,1829.0203,350.0,4.320287704467773,12,1509.9354838709678,Medio,0.3878809523809524,CRITICO: refuerzo inmediato
2026-08-31 13:00:00,(10000) Portal 20 de Julio,1221.6265,997.9385,1487.4877,350.0,3.490361213684082,13,1259.1774193548388,Medio,0.39154761904761903,CRITICO: refuerzo inmediato
2026-08-31 14:00:00,(10000) Portal 20 de Julio,1002.7609,822.86285,1222.2644,350.0,2.8650312423706055,14,1028.983870967742,Medio,0.3789761904761906,CRITICO: refuerzo inmediato
2026-08-31 15:00:00,(10000) Portal 20 de Julio,1025.0599,795.9714,1270.629,350.0,2.9287426471710205,15,1010.5806451612904,Medio,0.36090476190476195,CRITICO: refuerzo inmediato
2026-08-31 16:00:00,(10000) Portal 20 de Julio,1134.9739,875.51764,1466.794,350.0,3.2427825927734375,16,1074.2096774193549,Medio,0.3404761904761905,CRITICO: refuerzo inmediato
2026-08-31 17:00:00,(10000) Portal 20 de Julio,907.19366,681.3297,1226.5367,350.0,2.591981887817383,17,891.9032258064516,Medio,0.3169047619047619,CRITICO: refuerzo inmediato
2026-08-31 18:00:00,(10000) Portal 20 de Julio,540.21375,364.07703,844.193,350.0,1.5434678792953491,18,597.5806451612904,Medio,0.31061904761904763,CRITICO: refuerzo inmediato
2026-08-31 19:00:00,(10000) Portal 20 de Julio,315.98816,216.97119,546.8275,350.0,0.9028233289718628,19,405.2741935483871,Bajo,0.2919047619047619,CRITICO: refuerzo inmediato
2026-08-31 20:00:00,(10000) Portal 20 de Julio,197.34656,102.224,395.08374,350.0,0.5638473033905029,20,269.01612903225805,Bajo,0.3238095238095238,Normal
2026-08-31 21:00:00,(10000) Portal 20 de Julio,74.15161,0.0,217.96631,350.0,0.2118617445230484,21,118.40322580645162,Bajo,0.37833333333333335,Normal
2026-08-31 22:00:00,(10000) Portal 20 de Julio,9.119507,0.0,115.44934,350.0,0.02605573460459709,22,25.919354838709676,Bajo,0.520952380952381,Normal
2026-08-31 23:00:00,(10000) Portal 20 de Julio,0.0,0.0,68.850464,350.0,0.0,23,2.3469387755102042,Bajo,0.920625,Normal
2026-08-31 00:00:00,(10001) Country Sur,0.0,0.0,16.538422,264.0,0.0,0,1.0,Bajo,,Normal
2026-08-31 01:00:00,(10001) Country Sur,0.0,0.0,33.472137,264.0,0.0,1,,Bajo,,Normal
2026-08-31 02:00:00,(10001) Country Sur,0.0,0.0,24.195007,264.0,0.0,2,,Bajo,,Normal
2026-08-31 03:00:00,(10001) Country Sur,53.73883,0.0,137.19736,264.0,0.20355618000030518,3,11.659574468085106,Bajo,,Normal
2026-08-31 04:00:00,(10001) Country Sur,506.24326,303.60425,695.0022,264.0,1.9175881147384644,4,446.5,Medio,1.633761904761905,CRITICO: refuerzo inmediato
2026-08-31 05:00:00,(10001) Country Sur,1394.7207,949.48,1713.0791,264.0,5.2830328941345215,5,1109.0,Alto,1.0944761904761906,CRITICO: refuerzo inmediato
2026-08-31 06:00:00,(10001) Country Sur,2402.3857,1640.8715,2855.2622,264.0,9.099946022033691,6,1784.1612903225807,Alto,0.6964285714285714,CRITICO: refuerzo inmediato
2026-08-31 07:00:00,(10001) Country Sur,2164.2747,1490.9446,2539.4534,264.0,8.198010444641113,7,1682.483870967742,Alto,0.6534047619047619,CRITICO: refuerzo inmediato
2026-08-31 08:00:00,(10001) Country Sur,1412.9934,953.3506,1686.5657,264.0,5.352247714996338,8,1146.5806451612902,Alto,0.6286428571428572,CRITICO: refuerzo inmediato
2026-08-31 09:00:00,(10001) Country Sur,853.4861,554.4733,1035.4456,264.0,3.2329018115997314,9,777.9032258064516,Medio,0.5560238095238096,CRITICO: refuerzo inmediato
2026-08-31 10:00:00,(10001) Country Sur,610.0258,413.4483,738.8106,264.0,2.310703754425049,10,576.6129032258065,Medio,0.5942619047619048,CRITICO: refuerzo inmediato
2026-08-31 11:00:00,(10001) Country Sur,513.498,385.0186,630.46765,264.0,1.945068120956421,11,508.6290322580645,Medio,0.6602619047619047,CRITICO: refuerzo inmediato
2026-08-31 12:00:00,(10001) Country Sur,474.6739,387.71512,574.05023,264.0,1.7980071306228638,12,502.0806451612903,Medio,0.6746666666666666,CRITICO: refuerzo inmediato
2026-08-31 13:00:00,(10001) Country Sur,395.36514,338.18936,478.59317,264.0,1.497595191001892,13,410.1290322580645,Medio,0.6636666666666666,CRITICO: refuerzo inmediato
2026-08-31 14:00:00,(10001) Country Sur,332.78522,286.18744,401.3571,264.0,1.2605500221252441,14,338.6290322580645,Medio,0.6225476190476191,CRITICO: refuerzo inmediato
2026-08-31 15:00:00,(10001) Country Sur,348.57574,279.15125,433.36124,264.0,1.3203626871109009,15,344.03225806451616,Medio,0.6262142857142857,CRITICO: refuerzo inmediato
2026-08-31 16:00:00,(10001) Country Sur,397.84656,303.32925,499.63855,264.0,1.5069944858551025,16,350.4193548387097,Medio,0.5884999999999999,CRITICO: refuerzo inmediato
2026-08-31 17:00:00,(10001) Country Sur,343.79047,259.86194,443.7681,264.0,1.302236557006836,17,308.5483870967742,Medio,0.5342857142857144,CRITICO: refuerzo inmediato
2026-08-31 18:00:00,(10001) Country Sur,207.58014,140.70505,304.14954,264.0,0.7862883806228638,18,227.41935483870967,Bajo,0.47190476190476194,ALTO: considerar refuerzo
2026-08-31 19:00:00,(10001) Country Sur,112.04172,68.69406,186.37921,264.0,0.4244004487991333,19,137.61290322580646,Bajo,0.4935714285714286,Normal
2026-08-31 20:00:00,(10001) Country Sur,56.122894,29.9292,113.604706,264.0,0.21258671581745148,20,90.38709677419355,Bajo,0.5564285714285715,Normal
2026-08-31 21:00:00,(10001) Country Sur,29.48941,0.0,80.24536,264.0,0.1117023155093193,21,43.88709677419355,Bajo,0.675,Normal
2026-08-31 22:00:00,(10001) Country Sur,5.317749,0.0,49.95352,264.0,0.020142989233136177,22,13.293103448275861,Bajo,0.9376923076923077,Normal
2026-08-31 23:00:00,(10001) Country Sur,0.0,0.0,34.388947,264.0,0.0,23,1.9375,Bajo,3.9777777777777774,Normal
2026-08-31 00:00:00,(10002) Av. Primero de Mayo,0.0,0.0,8.643005,384.0,0.0,0,1.0,Bajo,,Normal
2026-08-31 01:00:00,(10002) Av. Primero de Mayo,0.0,0.0,39.14337,384.0,0.0,1,,Bajo,,Normal
2026-08-31 02:00:00,(10002) Av. Primero de Mayo,0.0,0.0,31.853394,384.0,0.0,2,,Bajo,,Normal
2026-08-31 03:00:00,(10002) Av. Primero de Mayo,55.004883,0.0,132.30371,384.0,0.14324188232421875,3,19.928571428571427,Bajo,4.304444444444445,Normal
2026-08-31 04:00:00,(10002) Av. Primero de Mayo,642.57306,399.3334,837.254,384.0,1.6733673810958862,4,540.9032258064516,Medio,1.1047142857142858,CRITICO: refuerzo inmediato
2026-08-31 05:00:00,(10002) Av. Primero de Mayo,1989.6201,1424.0972,2335.355,384.0,5.181302547454834,5,1638.9032258064517,Alto,0.638547619047619,CRITICO: refuerzo inmediato
2026-08-31 06:00:00,(10002) Av. Primero de Mayo,3106.1277,2224.553,3579.537,384.0,8.088873863220215,6,2407.7096774193546,Alto,0.4466428571428572,CRITICO: refuerzo inmediato
2026-08-31 07:00:00,(10002) Av. Primero de Mayo,2826.5786,2047.1238,3202.996,384.0,7.360881805419922,7,2298.6935483870966,Alto,0.4215714285714286,CRITICO: refuerzo inmediato
2026-08-31 08:00:00,(10002) Av. Primero de Mayo,1863.3354,1318.5739,2152.9531,384.0,4.852436065673828,8,1584.983870967742,Alto,0.4317857142857143,CRITICO: refuerzo inmediato
2026-08-31 09:00:00,(10002) Av. Primero de Mayo,1296.1459,916.8545,1501.0869,384.0,3.375379800796509,9,1137.8387096774193,Medio,0.3870952380952381,CRITICO: refuerzo inmediato
2026-08-31 10:00:00,(10002) Av. Primero de Mayo,1020.9131,745.0795,1195.5864,384.0,2.65862774848938,10,944.5322580645161,Medio,0.4193095238095239,CRITICO: refuerzo inmediato
2026-08-31 11:00:00,(10002) Av. Primero de Mayo,900.4744,702.0054,1067.7523,384.0,2.3449854850769043,11,859.1612903225806,Medio,0.44392857142857145,CRITICO: refuerzo inmediato
2026-08-31 12:00:00,(10002) Av. Primero de Mayo,861.5233,702.9608,1016.31934,384.0,2.2435503005981445,12,830.6774193548387,Medio,0.449952380952381,CRITICO: refuerzo inmediato
2026-08-31 13:00:00,(10002) Av. Primero de Mayo,772.736,650.54016,913.4325,384.0,2.012333393096924,13,778.5322580645161,Medio,0.4460238095238096,CRITICO: refuerzo inmediato
2026-08-31 14:00:00,(10002) Av. Primero de Mayo,627.0812,536.04614,735.7894,384.0,1.6330238580703735,14,628.2096774193549,Medio,0.4468095238095238,CRITICO: refuerzo inmediato
2026-08-31 15:00:00,(10002) Av. Primero de Mayo,598.84296,494.68808,718.67084,384.0,1.5594868659973145,15,566.8225806451613,Medio,0.41590476190476194,CRITICO: refuerzo inmediato
2026-08-31 16:00:00,(10002) Av. Primero de Mayo,764.1373,598.44696,925.9552,384.0,1.9899410009384155,16,664.0645161290323,Medio,0.41223809523809524,CRITICO: refuerzo inmediato
2026-08-31 17:00:00,(10002) Av. Primero de Mayo,727.198,575.14435,894.97363,384.0,1.8937448263168335,17,606.1451612903226,Medio,0.3745238095238096,CRITICO: refuerzo inmediato
2026-08-31 18:00:00,(10002) Av. Primero de Mayo,486.25214,363.86526,632.71533,384.0,1.2662816047668457,18,441.758064516129,Medio,0.3580238095238096,CRITICO: refuerzo inmediato
2026-08-31 19:00:00,(10002) Av. Primero de Mayo,244.28061,190.31003,359.99005,384.0,0.6361474394798279,19,317.43548387096774,Bajo,0.35547619047619045,Normal
2026-08-31 20:00:00,(10002) Av. Primero de Mayo,89.82562,56.410095,174.94281,384.0,0.2339208871126175,20,145.43548387096774,Bajo,0.3930952380952381,Normal
2026-08-31 21:00:00,(10002) Av. Primero de Mayo,25.066711,0.0,83.70795,384.0,0.06527789682149887,21,60.016129032258064,Bajo,0.4614285714285714,Normal
2026-08-31 22:00:00,(10002) Av. Primero de Mayo,2.5707397,0.0,53.962097,384.0,0.006694634910672903,22,17.661290322580644,Bajo,0.65,Normal
2026-08-31 23:00:00,(10002) Av. Primero de Mayo,0.0,0.0,45.34857,384.0,0.0,23,2.1025641025641026,Bajo,1.8296153846153846,Normal
2026-08-31 00:00:00,(10003) Ciudad Jardín,0.0,0.0,1.4473801,264.0,0.0,0,,Bajo,,Normal
2026-08-31 01:00:00,(10003) Ciudad Jardín,0.0,0.0,1.6948013,264.0,0.0,1,,Bajo,,Normal
2026-08-31 02:00:00,(10003) Ciudad Jardín,0.0,0.0,5.7745895,264.0,0.0,2,,Bajo,,Normal
2026-08-31 03:00:00,(10003) Ciudad Jardín,3.7725983,0.0,15.084618,264.0,0.01429014466702938,3,1.0,Bajo,,Normal
2026-08-31 04:00:00,(10003) Ciudad Jardín,38.763733,15.936256,60.822258,264.0,0.14683231711387634,4,37.516129032258064,Bajo,4.38,Normal
2026-08-31 05:00:00,(10003) Ciudad Jardín,173.05103,112.8036,217.68176,264.0,0.6554962992668152,5,122.90322580645162,Bajo,1.9780952380952381,Normal
2026-08-31 06:00:00,(10003) Ciudad Jardín,418.63092,295.0221,488.76562,264.0,1.5857231616973877,6,306.98387096774195,Medio,1.8893809523809526,CRITICO: refuerzo inmediato
2026-08-31 07:00:00,(10003) Ciudad Jardín,483.5593,347.04395,551.7758,264.0,1.831663966178894,7,339.8709677419355,Medio,1.7400952380952384,CRITICO: refuerzo inmediato
2026-08-31 08:00:00,(10003) Ciudad Jardín,312.07996,222.50986,360.62256,264.0,1.1821210384368896,8,241.51612903225808,Bajo,1.6876190476190476,CRITICO: refuerzo inmediato
2026-08-31 09:00:00,(10003) Ciudad Jardín,203.92654,142.08678,236.68106,264.0,0.7724490165710449,9,175.9516129032258,Bajo,1.8223809523809524,ALTO: considerar refuerzo
2026-08-31 10:00:00,(10003) Ciudad Jardín,160.06317,114.78421,187.97754,264.0,0.606299877166748,10,147.29032258064515,Bajo,1.9007142857142856,Normal
2026-08-31 11:00:00,(10003) Ciudad Jardín,129.96663,99.35385,157.73247,264.0,0.49229782819747925,11,132.58064516129033,Bajo,1.86,Normal
2026-08-31 12:00:00,(10003) Ciudad Jardín,115.85777,93.62771,141.7031,264.0,0.43885520100593567,12,121.91935483870968,Bajo,1.8416666666666666,Normal
2026-08-31 13:00:00,(10003) Ciudad Jardín,108.36587,87.2895,135.66383,264.0,0.41047677397727966,13,110.69354838709677,Bajo,1.9042857142857144,Normal
2026-08-31 14:00:00,(10003) Ciudad Jardín,104.81145,83.04993,134.12207,264.0,0.3970130681991577,14,115.08064516129032,Bajo,1.8611904761904763,Normal
2026-08-31 15:00:00,(10003) Ciudad Jardín,105.92358,80.351616,137.30664,264.0,0.40122565627098083,15,93.58064516129032,Bajo,1.8654761904761903,Normal
2026-08-31 16:00:00,(10003) Ciudad Jardín,124.68309,90.34422,161.1848,264.0,0.4722844362258911,16,106.30645161290323,Bajo,1.8085714285714287,Normal
2026-08-31 17:00:00,(10003) Ciudad Jardín,122.27086,87.52245,160.57918,264.0,0.46314719319343567,17,115.61290322580645,Bajo,1.658095238095238,Normal
2026-08-31 18:00:00,(10003) Ciudad Jardín,80.5145,56.61362,112.91813,264.0,0.3049791753292084,18,78.14516129032258,Bajo,1.6238095238095238,Normal
2026-08-31 19:00:00,(10003) Ciudad Jardín,34.681885,23.129028,58.682507,264.0,0.13137078285217285,19,51.96774193548387,Bajo,1.6204761904761906,Normal
2026-08-31 20:00:00,(10003) Ciudad Jardín,15.339401,8.236961,35.801662,264.0,0.05810379236936569,20,29.677419354838708,Bajo,1.825238095238095,Normal
2026-08-31 21:00:00,(10003) Ciudad Jardín,7.1400223,0.0,24.312927,264.0,0.027045538648962975,21,16.516129032258064,Bajo,2.0835714285714286,Normal
2026-08-31 22:00:00,(10003) Ciudad Jardín,0.07306671,0.0,13.463417,264.0,0.00027676785248331726,22,6.22,Bajo,1.9782352941176473,Normal
2026-08-31 23:00:00,(10003) Ciudad Jardín,0.0,0.0,10.236549,264.0,0.0,23,1.0,Bajo,5.8625,Normal
2026-08-31 00:00:00,(10004) Policarpa,0.0,0.0,0.0,264.0,0.0,0,,Bajo,,Normal
2026-08-31 01:00:00,(10004) Policarpa,0.0,0.0,1.8844833,264.0,0.0,1,,Bajo,,Normal
2026-08-31 02:00:00,(10004) Policarpa,0.0,0.0,4.4958344,264.0,0.0,2,,Bajo,,Normal
2026-08-31 03:00:00,(10004) Policarpa,0.0,0.0,10.234154,264.0,0.0,3,1.0,Bajo,,Normal
2026-08-31 04:00:00,(10004) Policarpa,17.915184,0.0,39.63656,264.0,0.06786054372787476,4,21.693548387096776,Bajo,3.48,Normal
2026-08-31 05:00:00,(10004) Policarpa,136.90508,83.72534,175.51978,264.0,0.5185798406600952,5,100.59677419354838,Bajo,1.2214285714285713,Normal
2026-08-31 06:00:00,(10004) Policarpa,297.00922,205.90665,349.24072,264.0,1.1250349283218384,6,207.25806451612902,Bajo,0.8861904761904762,CRITICO: refuerzo inmediato
2026-08-31 07:00:00,(10004) Policarpa,334.54395,237.05466,384.6726,264.0,1.2672119140625,7,240.30645161290323,Medio,0.9897380952380953,CRITICO: refuerzo inmediato
2026-08-31 08:00:00,(10004) Policarpa,292.45734,204.81046,340.43207,264.0,1.1077929735183716,8,218.8709677419355,Bajo,0.9342857142857144,CRITICO: refuerzo inmediato
2026-08-31 09:00:00,(10004) Policarpa,240.81107,164.46736,288.11774,264.0,0.9121631383895874,9,189.43548387096774,Bajo,1.0297619047619047,CRITICO: refuerzo inmediato
2026-08-31 10:00:00,(10004) Policarpa,217.67703,152.29749,269.1552,264.0,0.8245342373847961,10,180.43548387096774,Bajo,1.0623809523809524,ALTO: considerar refuerzo
2026-08-31 11:00:00,(10004) Policarpa,208.23323,151.49692,264.31995,264.0,0.7887622117996216,11,190.83870967741936,Bajo,1.088809523809524,ALTO: considerar refuerzo
2026-08-31 12:00:00,(10004) Policarpa,194.86935,145.60587,249.27678,264.0,0.7381414771080017,12,194.40322580645162,Bajo,1.100952380952381,ALTO: considerar refuerzo
2026-08-31 13:00:00,(10004) Policarpa,172.50125,130.76054,222.37486,264.0,0.6534138321876526,13,226.8709677419355,Bajo,1.0692857142857144,Normal
2026-08-31 14:00:00,(10004) Policarpa,159.29929,121.40065,204.89973,264.0,0.6034063696861267,14,201.74193548387098,Bajo,1.0747619047619048,Normal
2026-08-31 15:00:00,(10004) Policarpa,172.44704,129.33606,221.05244,264.0,0.6532084941864014,15,190.70967741935485,Bajo,1.090952380952381,Normal
2026-08-31 16:00:00,(10004) Policarpa,230.41292,171.66245,285.28894,264.0,0.872776210308075,16,236.53225806451613,Bajo,0.9790476190476189,ALTO: considerar refuerzo
2026-08-31 17:00:00,(10004) Policarpa,247.10086,181.39966,301.76227,264.0,0.9359881281852722,17,240.3709677419355,Bajo,0.9038095238095238,CRITICO: refuerzo inmediato
2026-08-31 18:00:00,(10004) Policarpa,144.19147,101.422264,189.17677,264.0,0.5461797714233398,18,164.6290322580645,Bajo,0.9061904761904762,Normal
2026-08-31 19:00:00,(10004) Policarpa,74.08142,47.89357,106.94793,264.0,0.28061145544052124,19,93.29032258064517,Bajo,0.9223809523809524,Normal
2026-08-31 20:00:00,(10004) Policarpa,30.924591,13.186134,58.050568,264.0,0.11713860183954239,20,32.33870967741935,Bajo,1.0238095238095237,Normal
2026-08-31 21:00:00,(10004) Policarpa,9.724678,0.0,29.596306,264.0,0.03683590143918991,21,17.85483870967742,Bajo,1.1623809523809523,Normal
2026-08-31 22:00:00,(10004) Policarpa,1.2427979,0.0,15.089325,264.0,0.004707567393779755,22,5.680851063829787,Bajo,1.1903225806451612,Normal
2026-08-31 23:00:00,(10004) Policarpa,0.0,0.0,9.866913,264.0,0.0,23,1.0,Bajo,2.31,Normal
2026-08-31 00:00:00,(10005) Bicentenario,0.0,0.0,0.0,384.0,0.0,0,1.0,Bajo,,Normal
2026-08-31 01:00:00,(10005) Bicentenario,0.0,0.0,0.0,384.0,0.0,1,,Bajo,,Normal
2026-08-31 02:00:00,(10005) Bicentenario,0.0,0.0,0.15280151,384.0,0.0,2,,Bajo,,Normal
2026-08-31 03:00:00,(10005) Bicentenario,0.0,0.0,12.868332,384.0,0.0,3,1.0,Bajo,,Normal
2026-08-31 04:00:00,(10005) Bicentenario,38.562843,12.039612,73.6201,384.0,0.10042407363653183,4,40.70967741935484,Bajo,1.2752380952380953,Normal
2026-08-31 05:00:00,(10005) Bicentenario,176.0579,115.260216,237.1661,384.0,0.45848414301872253,5,150.19354838709677,Bajo,0.4135714285714286,Normal
2026-08-31 06:00:00,(10005) Bicentenario,273.2384,194.86873,350.33496,384.0,0.7115583419799805,6,228.98387096774192,Bajo,0.2980952380952381,ALTO: considerar refuerzo
2026-08-31 07:00:00,(10005) Bicentenario,261.47266,188.29425,331.50888,384.0,0.6809183955192566,7,213.40322580645162,Bajo,0.2804761904761905,Normal
2026-08-31 08:00:00,(10005) Bicentenario,176.23538,124.79173,231.44656,384.0,0.4589463174343109,8,142.08064516129033,Bajo,0.28880952380952385,Normal
2026-08-31 09:00:00,(10005) Bicentenario,121.33668,84.39573,166.22461,384.0,0.3159809410572052,9,115.58064516129032,Bajo,0.31261904761904763,Normal
2026-08-31 10:00:00,(10005) Bicentenario,102.89639,70.038246,145.90796,384.0,0.2679593563079834,10,108.37096774193549,Bajo,0.33738095238095245,Normal
2026-08-31 11:00:00,(10005) Bicentenario,122.2955,83.122734,165.81584,384.0,0.3184778690338135,11,126.74193548387096,Bajo,0.35,Normal
2026-08-31 12:00:00,(10005) Bicentenario,162.22934,111.94263,216.80196,384.0,0.4224722385406494,12,154.48387096774192,Bajo,0.34523809523809523,Normal
2026-08-31 13:00:00,(10005) Bicentenario,174.40288,122.00833,226.89789,384.0,0.4541741609573364,13,175.53225806451613,Bajo,0.35095238095238096,Normal
2026-08-31 14:00:00,(10005) Bicentenario,207.7682,154.71548,268.76974,384.0,0.5410630106925964,14,198.09677419354838,Bajo,0.33809523809523806,Normal
2026-08-31 15:00:00,(10005) Bicentenario,314.4356,226.24948,423.7828,384.0,0.8188427090644836,15,244.20967741935485,Bajo,0.33095238095238094,ALTO: considerar refuerzo
2026-08-31 16:00:00,(10005) Bicentenario,759.4319,534.6817,929.65405,384.0,1.9776872396469116,16,546.3870967741935,Medio,0.3355,CRITICO: refuerzo inmediato
2026-08-31 17:00:00,(10005) Bicentenario,919.7494,648.15295,1119.248,384.0,2.3951807022094727,17,650.7903225806451,Medio,0.3137619047619048,CRITICO: refuerzo inmediato
2026-08-31 18:00:00,(10005) Bicentenario,517.31775,356.73492,676.6809,384.0,1.3471816778182983,18,416.93548387096774,Medio,0.30930952380952387,CRITICO: refuerzo inmediato
2026-08-31 19:00:00,(10005) Bicentenario,183.20741,114.24907,276.30444,384.0,0.4771026372909546,19,156.80645161290323,Bajo,0.29928571428571427,Normal
2026-08-31 20:00:00,(10005) Bicentenario,62.94567,27.62703,116.90655,384.0,0.16392101347446442,20,62.854838709677416,Bajo,0.3385714285714286,Normal
2026-08-31 21:00:00,(10005) Bicentenario,17.359818,0.0,53.948456,384.0,0.045207858085632324,21,26.758064516129032,Bajo,0.41404761904761905,Normal
2026-08-31 22:00:00,(10005) Bicentenario,4.8523407,0.0,24.71518,384.0,0.012636303901672363,22,9.389830508474576,Bajo,0.5599999999999999,Normal
2026-08-31 23:00:00,(10005) Bicentenario,0.0,0.0,3.9466705,384.0,0.0,23,1.2222222222222223,Bajo,5.948333333333333,Normal
2026-08-31 00:00:00,(10006) SAN VICTORINO - NEOS CENTRO,0.0,0.0,9.7595825,384.0,0.0,0,,Bajo,,Normal
2026-08-31 01:00:00,(10006) SAN VICTORINO - NEOS CENTRO,0.0,0.0,30.847717,384.0,0.0,1,,Bajo,,Normal
2026-08-31 02:00:00,(10006) SAN VICTORINO - NEOS CENTRO,0.0,0.0,1.2786865,384.0,0.0,2,,Bajo,,Normal
2026-08-31 03:00:00,(10006) SAN VICTORINO - NEOS CENTRO,0.0,0.0,11.813904,384.0,0.0,3,,Bajo,,Normal
2026-08-31 04:00:00,(10006) SAN VICTORINO - NEOS CENTRO,6.272339,0.0,42.730164,384.0,0.01633421517908573,4,10.096774193548388,Bajo,2.0495238095238095,Normal
2026-08-31 05:00:00,(10006) SAN VICTORINO - NEOS CENTRO,32.2182,0.73083496,75.784546,384.0,0.08390156179666519,5,59.435483870967744,Bajo,0.7666666666666667,Normal
2026-08-31 06:00:00,(10006) SAN VICTORINO - NEOS CENTRO,95.29108,53.140137,159.99896,384.0,0.24815385043621063,6,116.58064516129032,Bajo,0.5704761904761905,Normal
2026-08-31 07:00:00,(10006) SAN VICTORINO - NEOS CENTRO,116.7276,64.529785,191.15515,384.0,0.3039781153202057,7,116.37096774193549,Bajo,0.5285714285714286,Normal
2026-08-31 08:00:00,(10006) SAN VICTORINO - NEOS CENTRO,182.07788,108.479614,281.00034,384.0,0.47416114807128906,8,182.56451612903226,Bajo,0.5226190476190476,Normal
2026-08-31 09:00:00,(10006) SAN VICTORINO - NEOS CENTRO,345.2762,237.25317,497.05286,384.0,0.8991568088531494,9,323.01612903225805,Bajo,0.5942857142857143,ALTO: considerar refuerzo
2026-08-31 10:00:00,(10006) SAN VICTORINO - NEOS CENTRO,577.2813,411.04135,786.8846,384.0,1.503336787223816,10,546.5645161290323,Medio,0.7016428571428571,CRITICO: refuerzo inmediato
2026-08-31 11:00:00,(10006) SAN VICTORINO - NEOS CENTRO,849.8775,618.7699,1108.1765,384.0,2.2132227420806885,11,859.516129032258,Medio,0.7152619047619048,CRITICO: refuerzo inmediato
2026-08-31 12:00:00,(10006) SAN VICTORINO - NEOS CENTRO,1153.6355,841.81573,1469.8533,384.0,3.0042591094970703,12,1144.8709677419354,Medio,0.7197142857142858,CRITICO: refuerzo inmediato
2026-08-31 13:00:00,(10006) SAN VICTORINO - NEOS CENTRO,1371.0175,998.12976,1702.1519,384.0,3.5703580379486084,13,1494.1451612903227,Medio,0.7032142857142857,CRITICO: refuerzo inmediato
2026-08-31 14:00:00,(10006) SAN VICTORINO - NEOS CENTRO,1506.1812,1104.1128,1832.415,384.0,3.922346830368042,14,1520.8548387096773,Medio,0.6995476190476191,CRITICO: refuerzo inmediato
2026-08-31 15:00:00,(10006) SAN VICTORINO - NEOS CENTRO,1811.553,1330.1792,2199.594,384.0,4.717586040496826,15,1809.4354838709678,Alto,0.8106428571428571,CRITICO: refuerzo inmediato
2026-08-31 16:00:00,(10006) SAN VICTORINO - NEOS CENTRO,2667.468,1964.9666,3199.538,384.0,6.946531295776367,16,2463.2580645161293,Alto,0.7493571428571428,CRITICO: refuerzo inmediato
2026-08-31 17:00:00,(10006) SAN VICTORINO - NEOS CENTRO,3652.1113,2634.2104,4386.4507,384.0,9.510706901550293,17,3042.1129032258063,Alto,0.6855952380952381,CRITICO: refuerzo inmediato
2026-08-31 18:00:00,(10006) SAN VICTORINO - NEOS CENTRO,2904.1187,2079.445,3607.9814,384.0,7.562808990478516,18,2658.7419354838707,Alto,0.7026190476190476,CRITICO: refuerzo inmediato
2026-08-31 19:00:00,(10006) SAN VICTORINO - NEOS CENTRO,1170.626,770.2285,1664.2787,384.0,3.0485050678253174,19,1205.258064516129,Medio,0.6550238095238095,CRITICO: refuerzo inmediato
2026-08-31 20:00:00,(10006) SAN VICTORINO - NEOS CENTRO,283.2596,160.10529,550.86316,384.0,0.7376552224159241,20,276.1290322580645,Bajo,0.6723809523809523,ALTO: considerar refuerzo
2026-08-31 21:00:00,(10006) SAN VICTORINO - NEOS CENTRO,90.22247,31.946838,252.65552,384.0,0.2349543571472168,21,161.74603174603175,Bajo,0.741904761904762,Normal
2026-08-31 22:00:00,(10006) SAN VICTORINO - NEOS CENTRO,68.15961,15.526672,163.42609,384.0,0.1774989813566208,22,73.42592592592592,Bajo,0.9507894736842106,Normal
2026-08-31 23:00:00,(10006) SAN VICTORINO - NEOS CENTRO,6.4171143,0.0,24.396545,384.0,0.01671123504638672,23,3.2857142857142856,Bajo,1.9280000000000002,Normal
2026-08-31 00:00:00,(10007) Las Nieves,0.0,0.0,0.0,264.0,0.0,0,1.0,Bajo,,Normal
2026-08-31 01:00:00,(10007) Las Nieves,0.0,0.0,6.5127563,264.0,0.0,1,,Bajo,,Normal
2026-08-31 02:00:00,(10007) Las Nieves,0.0,0.0,1.1680298,264.0,0.0,2,,Bajo,,Normal
2026-08-31 03:00:00,(10007) Las Nieves,0.0,0.0,9.089966,264.0,0.0,3,1.0,Bajo,,Normal
2026-08-31 04:00:00,(10007) Las Nieves,5.530243,0.0,38.11197,264.0,0.020947890356183052,4,16.704918032786885,Bajo,3.39609756097561,Normal
2026-08-31 05:00:00,(10007) Las Nieves,52.028015,26.034302,103.418915,264.0,0.19707581400871277,5,70.56451612903226,Bajo,1.1504761904761904,Normal
2026-08-31 06:00:00,(10007) Las Nieves,122.83469,86.51224,194.44241,264.0,0.4652829170227051,6,116.88709677419355,Bajo,0.9871428571428572,Normal
2026-08-31 07:00:00,(10007) Las Nieves,133.77667,94.12106,201.00232,264.0,0.5067298412322998,7,117.35483870967742,Bajo,0.8614285714285714,Normal
2026-08-31 08:00:00,(10007) Las Nieves,150.9447,111.782745,213.60748,264.0,0.5717602372169495,8,128.5483870967742,Bajo,0.8342857142857143,Normal
2026-08-31 09:00:00,(10007) Las Nieves,243.17114,187.44019,322.37314,264.0,0.9211028218269348,9,193.69354838709677,Bajo,0.9076190476190475,CRITICO: refuerzo inmediato
2026-08-31 10:00:00,(10007) Las Nieves,386.2235,295.3462,494.16238,264.0,1.462967872619629,10,314.35483870967744,Medio,1.041857142857143,CRITICO: refuerzo inmediato
2026-08-31 11:00:00,(10007) Las Nieves,539.6875,414.69434,680.00476,264.0,2.0442707538604736,11,445.93548387096774,Medio,1.0782619047619049,CRITICO: refuerzo inmediato
2026-08-31 12:00:00,(10007) Las Nieves,644.7236,504.52887,814.9438,264.0,2.4421348571777344,12,589.3387096774194,Medio,1.0709285714285715,CRITICO: refuerzo inmediato
2026-08-31 13:00:00,(10007) Las Nieves,665.3578,528.02954,826.83014,264.0,2.520294666290283,13,668.0,Medio,1.0745952380952382,CRITICO: refuerzo inmediato
2026-08-31 14:00:00,(10007) Las Nieves,734.5177,591.199,904.81714,264.0,2.782263994216919,14,706.2741935483871,Medio,1.0313809523809523,CRITICO: refuerzo inmediato
2026-08-31 15:00:00,(10007) Las Nieves,941.3005,743.24036,1160.8152,264.0,3.5655322074890137,15,834.6290322580645,Medio,1.0395,CRITICO: refuerzo inmediato
2026-08-31 16:00:00,(10007) Las Nieves,1562.4309,1204.1472,1860.654,264.0,5.918298721313477,16,1244.0,Alto,1.122952380952381,CRITICO: refuerzo inmediato
2026-08-31 17:00:00,(10007) Las Nieves,2196.1526,1629.5072,2605.3535,264.0,8.31875991821289,17,1633.5483870967741,Alto,1.048047619047619,CRITICO: refuerzo inmediato
2026-08-31 18:00:00,(10007) Las Nieves,1675.0437,1236.5706,2047.6813,264.0,6.344862461090088,18,1365.4516129032259,Alto,1.0517619047619047,CRITICO: refuerzo inmediato
2026-08-31 19:00:00,(10007) Las Nieves,690.0471,477.55396,949.0809,264.0,2.6138148307800293,19,635.8870967741935,Medio,0.9478333333333335,CRITICO: refuerzo inmediato
2026-08-31 20:00:00,(10007) Las Nieves,329.82007,226.71657,491.23868,264.0,1.2493184804916382,20,250.91935483870967,Medio,1.0971190476190478,CRITICO: refuerzo inmediato
2026-08-31 21:00:00,(10007) Las Nieves,210.54784,130.42572,344.33298,264.0,0.7975296974182129,21,207.3709677419355,Bajo,1.0538095238095238,ALTO: considerar refuerzo
2026-08-31 22:00:00,(10007) Las Nieves,83.491,33.62451,167.88243,264.0,0.31625378131866455,22,81.9090909090909,Bajo,1.438157894736842,Normal
2026-08-31 23:00:00,(10007) Las Nieves,0.0,0.0,12.064575,264.0,0.0,23,2.466666666666667,Bajo,2.7575,Normal
2026-08-31 00:00:00,(10008) San Diego,0.0,0.0,0.0,288.0,0.0,0,,Bajo,,Normal
2026-08-31 01:00:00,(10008) San Diego,0.0,0.0,5.4796906,288.0,0.0,1,,Bajo,,Normal
2026-08-31 02:00:00,(10008) San Diego,0.0,0.0,3.2777252,288.0,0.0,2,,Bajo,,Normal
2026-08-31 03:00:00,(10008) San Diego,0.0,0.0,8.12941,288.0,0.0,3,1.0,Bajo,,Normal
2026-08-31 04:00:00,(10008) San Diego,4.7742004,0.0,25.998215,288.0,0.016577085480093956,4,12.131147540983607,Bajo,2.511219512195122,Normal
2026-08-31 05:00:00,(10008) San Diego,41.917297,21.899063,78.35562,288.0,0.14554616808891296,5,54.37096774193548,Bajo,0.670952380952381,Normal
2026-08-31 06:00:00,(10008) San Diego,82.576,54.21736,126.64611,288.0,0.28672221302986145,6,88.04838709677419,Bajo,0.5185714285714286,Normal
2026-08-31 07:00:00,(10008) San Diego,88.917175,59.519302,133.41995,288.0,0.30874019861221313,7,76.48387096774194,Bajo,0.49023809523809525,Normal
2026-08-31 08:00:00,(10008) San Diego,80.03117,55.78192,116.19311,288.0,0.2778860330581665,8,74.53225806451613,Bajo,0.49380952380952375,Normal
2026-08-31 09:00:00,(10008) San Diego,100.52973,71.44655,140.37967,288.0,0.3490615785121918,9,97.33870967741936,Bajo,0.52,Normal
2026-08-31 10:00:00,(10008) San Diego,138.92621,99.826126,188.50575,288.0,0.4823826551437378,10,135.16129032258064,Bajo,0.5900000000000001,Normal
2026-08-31 11:00:00,(10008) San Diego,210.88637,155.78299,273.52408,288.0,0.7322443127632141,11,189.25806451612902,Bajo,0.6130952380952381,ALTO: considerar refuerzo
2026-08-31 12:00:00,(10008) San Diego,285.3199,213.11813,366.87244,288.0,0.9906940460205078,12,254.1290322580645,Bajo,0.6273809523809524,CRITICO: refuerzo inmediato
2026-08-31 13:00:00,(10008) San Diego,311.49112,234.39978,391.5764,288.0,1.081566333770752,13,305.35483870967744,Bajo,0.616904761904762,CRITICO: refuerzo inmediato
2026-08-31 14:00:00,(10008) San Diego,345.50696,264.9355,432.8125,288.0,1.1996769905090332,14,324.258064516129,Bajo,0.5854761904761905,CRITICO: refuerzo inmediato
2026-08-31 15:00:00,(10008) San Diego,493.95294,371.68573,625.7522,288.0,1.7151143550872803,15,422.83870967741933,Medio,0.6170476190476192,CRITICO: refuerzo inmediato
2026-08-31 16:00:00,(10008) San Diego,935.8126,684.0635,1129.0759,288.0,3.249349355697632,16,705.3225806451613,Medio,0.5429285714285715,CRITICO: refuerzo inmediato
2026-08-31 17:00:00,(10008) San Diego,1253.7476,896.9119,1502.7535,288.0,4.35329008102417,17,983.8387096774194,Medio,0.5025952380952382,CRITICO: refuerzo inmediato
2026-08-31 18:00:00,(10008) San Diego,784.96484,555.56665,994.05536,288.0,2.725572347640991,18,636.9354838709677,Medio,0.5128095238095238,CRITICO: refuerzo inmediato
2026-08-31 19:00:00,(10008) San Diego,350.85605,239.19516,488.4231,288.0,1.2182501554489136,19,360.53225806451616,Medio,0.5672857142857143,CRITICO: refuerzo inmediato
2026-08-31 20:00:00,(10008) San Diego,180.73499,117.82323,269.35696,288.0,0.6275520324707031,20,145.66129032258064,Bajo,0.5985714285714285,Normal
2026-08-31 21:00:00,(10008) San Diego,88.80273,47.571762,156.55466,288.0,0.3083428144454956,21,119.06451612903226,Bajo,0.6928571428571428,Normal
2026-08-31 22:00:00,(10008) San Diego,37.480606,10.525955,78.73642,288.0,0.1301409900188446,22,48.64150943396226,Bajo,0.8394444444444444,Normal
2026-08-31 23:00:00,(10008) San Diego,0.31079102,0.0,12.297836,288.0,0.0010791354579851031,23,2.3157894736842106,Bajo,1.5554545454545454,Normal
2026-08-31 00:00:00,(10009) Museo Nacional - FNG,0.0,0.0,0.0,240.0,0.0,0,,Bajo,,Normal
2026-08-31 01:00:00,(10009) Museo Nacional - FNG,0.0,0.0,0.0,240.0,0.0,1,,Bajo,,Normal
2026-08-31 02:00:00,(10009) Museo Nacional - FNG,0.0,0.0,11.760437,240.0,0.0,2,,Bajo,,Normal
2026-08-31 03:00:00,(10009) Museo Nacional - FNG,0.0,0.0,21.35498,240.0,0.0,3,2.3333333333333335,Bajo,,Normal
2026-08-31 04:00:00,(10009) Museo Nacional - FNG,0.0,0.0,44.112244,240.0,0.0,4,22.903225806451612,Bajo,2.4561904761904763,Normal
2026-08-31 05:00:00,(10009) Museo Nacional - FNG,77.460205,28.014587,176.81656,240.0,0.32275086641311646,5,100.95161290322581,Bajo,0.6076190476190477,Normal
2026-08-31 06:00:00,(10009) Museo Nacional - FNG,209.93796,131.98236,349.56342,240.0,0.8747414946556091,6,243.75806451612902,Bajo,0.42333333333333334,ALTO: considerar refuerzo
2026-08-31 07:00:00,(10009) Museo Nacional - FNG,242.48737,149.7713,388.32996,240.0,1.010364055633545,7,201.70967741935485,Bajo,0.3919047619047619,CRITICO: refuerzo inmediato
2026-08-31 08:00:00,(10009) Museo Nacional - FNG,246.88074,151.918,378.1023,240.0,1.0286697149276733,8,200.53225806451613,Bajo,0.3857142857142857,CRITICO: refuerzo inmediato
2026-08-31 09:00:00,(10009) Museo Nacional - FNG,311.7703,199.63153,462.04327,240.0,1.2990429401397705,9,262.11290322580646,Medio,0.48007142857142854,CRITICO: refuerzo inmediato
2026-08-31 10:00:00,(10009) Museo Nacional - FNG,423.94516,281.00882,606.1755,240.0,1.7664381265640259,10,365.80645161290323,Medio,0.5251190476190477,CRITICO: refuerzo inmediato
2026-08-31 11:00:00,(10009) Museo Nacional - FNG,636.15424,436.01233,860.27716,240.0,2.6506426334381104,11,477.33870967741933,Medio,0.5397857142857143,CRITICO: refuerzo inmediato
2026-08-31 12:00:00,(10009) Museo Nacional - FNG,882.7992,606.02344,1187.4102,240.0,3.6783299446105957,12,790.8387096774194,Medio,0.5486904761904763,CRITICO: refuerzo inmediato
2026-08-31 13:00:00,(10009) Museo Nacional - FNG,963.4082,654.45996,1263.4553,240.0,4.014200687408447,13,827.3225806451613,Medio,0.5350714285714286,CRITICO: refuerzo inmediato
2026-08-31 14:00:00,(10009) Museo Nacional - FNG,1108.9994,777.9625,1441.7311,240.0,4.62083101272583,14,928.1451612903226,Alto,0.6041904761904762,CRITICO: refuerzo inmediato
2026-08-31 15:00:00,(10009) Museo Nacional - FNG,1663.2605,1164.2117,2168.999,240.0,6.9302520751953125,15,1168.6774193548388,Alto,0.5989285714285715,CRITICO: refuerzo inmediato
2026-08-31 16:00:00,(10009) Museo Nacional - FNG,3331.2527,2315.458,4087.2825,240.0,13.880219459533691,16,2210.3225806451615,Alto,0.5243333333333334,CRITICO: refuerzo inmediato
2026-08-31 17:00:00,(10009) Museo Nacional - FNG,4407.588,3055.2283,5371.5684,240.0,18.36495018005371,17,3046.935483870968,Alto,0.4930714285714286,CRITICO: refuerzo inmediato
2026-08-31 18:00:00,(10009) Museo Nacional - FNG,2969.0203,2030.2166,3805.8657,240.0,12.370917320251465,18,2100.9032258064517,Alto,0.5060714285714286,CRITICO: refuerzo inmediato
2026-08-31 19:00:00,(10009) Museo Nacional - FNG,1153.217,711.0039,1702.7456,240.0,4.805070877075195,19,993.7741935483871,Alto,0.5469285714285715,CRITICO: refuerzo inmediato
2026-08-31 20:00:00,(10009) Museo Nacional - FNG,346.08295,165.28198,657.281,240.0,1.4420123100280762,20,290.48387096774195,Medio,0.5510476190476191,CRITICO: refuerzo inmediato
2026-08-31 21:00:00,(10009) Museo Nacional - FNG,91.90753,0.0,284.02582,240.0,0.38294804096221924,21,171.43548387096774,Bajo,0.6061904761904762,Normal
2026-08-31 22:00:00,(10009) Museo Nacional - FNG,55.033875,0.0,157.87723,240.0,0.22930781543254852,22,73.4,Bajo,0.8874358974358975,Normal
2026-08-31 23:00:00,(10009) Museo Nacional - FNG,0.0,0.0,15.96991,240.0,0.0,23,2.130434782608696,Bajo,1.4613333333333334,Normal
2026-08-31 00:00:00,(10010) San Bernardo,0.0,0.0,0.8977814,264.0,0.0,0,1.0,Bajo,,Normal
2026-08-31 01:00:00,(10010) San Bernardo,0.0,0.0,8.27504,264.0,0.0,1,,Bajo,,Normal
2026-08-31 02:00:00,(10010) San Bernardo,0.0,0.0,7.5260468,264.0,0.0,2,,Bajo,,Normal
2026-08-31 03:00:00,(10010) San Bernardo,3.8309326,0.0,18.338364,264.0,0.0145111083984375,3,1.3333333333333333,Bajo,,Normal
2026-08-31 04:00:00,(10010) San Bernardo,111.42369,74.02942,146.64548,264.0,0.42205944657325745,4,77.88709677419355,Bajo,2.5895238095238096,Normal
2026-08-31 05:00:00,(10010) San Bernardo,307.65228,226.94476,373.6949,264.0,1.1653496026992798,5,267.9193548387097,Bajo,1.1161904761904762,CRITICO: refuerzo inmediato
2026-08-31 06:00:00,(10010) San Bernardo,558.53015,420.98233,655.1011,264.0,2.1156444549560547,6,428.0483870967742,Medio,0.8050952380952382,CRITICO: refuerzo inmediato
2026-08-31 07:00:00,(10010) San Bernardo,557.22595,439.4436,637.5533,264.0,2.1107044219970703,7,426.69354838709677,Medio,0.790952380952381,CRITICO: refuerzo inmediato
2026-08-31 08:00:00,(10010) San Bernardo,366.8573,290.87817,435.7021,264.0,1.389611005783081,8,319.0806451612903,Medio,0.8192380952380953,CRITICO: refuerzo inmediato
2026-08-31 09:00:00,(10010) San Bernardo,316.95996,255.09196,374.85522,264.0,1.200605869293213,9,272.30645161290323,Bajo,0.8476190476190476,CRITICO: refuerzo inmediato
2026-08-31 10:00:00,(10010) San Bernardo,296.22174,240.43887,354.18396,264.0,1.1220520734786987,10,266.8225806451613,Bajo,0.8595238095238096,CRITICO: refuerzo inmediato
2026-08-31 11:00:00,(10010) San Bernardo,324.71405,266.85742,385.0158,264.0,1.2299774885177612,11,273.5,Medio,0.9467857142857143,CRITICO: refuerzo inmediato
2026-08-31 12:00:00,(10010) San Bernardo,339.51538,277.75473,403.4439,264.0,1.2860431671142578,12,300.88709677419354,Medio,0.9533333333333334,CRITICO: refuerzo inmediato
2026-08-31 13:00:00,(10010) San Bernardo,326.18045,265.12018,387.39844,264.0,1.2355320453643799,13,318.11290322580646,Medio,0.9470476190476192,CRITICO: refuerzo inmediato
2026-08-31 14:00:00,(10010) San Bernardo,296.68768,245.0271,353.32532,264.0,1.123816967010498,14,268.35483870967744,Bajo,0.8673809523809524,CRITICO: refuerzo inmediato
2026-08-31 15:00:00,(10010) San Bernardo,346.1801,279.71692,431.23737,264.0,1.3112883567810059,15,283.1774193548387,Medio,0.952809523809524,CRITICO: refuerzo inmediato
2026-08-31 16:00:00,(10010) San Bernardo,657.60986,477.9876,775.9722,264.0,2.4909465312957764,16,496.5483870967742,Medio,0.9014761904761905,CRITICO: refuerzo inmediato
2026-08-31 17:00:00,(10010) San Bernardo,372.05493,280.98508,461.3242,264.0,1.4092990159988403,17,292.93548387096774,Medio,0.8236904761904763,CRITICO: refuerzo inmediato
2026-08-31 18:00:00,(10010) San Bernardo,213.7432,158.22803,273.40692,264.0,0.8096333146095276,18,187.5,Bajo,0.6935714285714285,ALTO: considerar refuerzo
2026-08-31 19:00:00,(10010) San Bernardo,154.26106,110.25159,207.45813,264.0,0.5843222141265869,19,172.43548387096774,Bajo,0.763095238095238,Normal
2026-08-31 20:00:00,(10010) San Bernardo,78.1938,46.56665,121.48155,264.0,0.2961886525154114,20,74.69354838709677,Bajo,0.8416666666666667,Normal
2026-08-31 21:00:00,(10010) San Bernardo,20.70543,3.0608673,49.5981,264.0,0.07842965424060822,21,37.17741935483871,Bajo,0.9621428571428571,Normal
2026-08-31 22:00:00,(10010) San Bernardo,4.7124176,0.0,21.210373,264.0,0.01785006746649742,22,10.4,Bajo,1.4335714285714285,Normal
2026-08-31 23:00:00,(10010) San Bernardo,0.87158203,0.0,15.114471,264.0,0.0033014470245689154,23,1.55,Bajo,3.25,Normal
2026-08-31 00:00:00,(12000) Puente Aranda,0.0,0.0,0.0,168.0,0.0,0,,Bajo,,Normal
2026-08-31 01:00:00,(12000) Puente Aranda,0.0,0.0,0.0,168.0,0.0,1,,Bajo,,Normal
2026-08-31 02:00:00,(12000) Puente Aranda,0.0,0.0,4.3634415,168.0,0.0,2,,Bajo,,Normal
2026-08-31 03:00:00,(12000) Puente Aranda,0.0,0.0,2.492012,168.0,0.0,3,1.0,Bajo,,Normal
2026-08-31 04:00:00,(12000) Puente Aranda,0.0,0.0,8.275108,168.0,0.0,4,2.84,Bajo,2.615142857142857,Normal
2026-08-31 05:00:00,(12000) Puente Aranda,46.38986,21.4757,79.331665,168.0,0.2761301100254059,5,29.64516129032258,Bajo,1.012857142857143,Normal
2026-08-31 06:00:00,(12000) Puente Aranda,124.49713,79.25743,176.7131,168.0,0.741054356098175,6,98.61290322580645,Bajo,0.7428571428571429,ALTO: considerar refuerzo
2026-08-31 07:00:00,(12000) Puente Aranda,166.4209,110.29365,226.88882,168.0,0.9906005859375,7,111.51612903225806,Bajo,0.74,CRITICO: refuerzo inmediato
2026-08-31 08:00:00,(12000) Puente Aranda,134.73973,91.41897,182.71408,168.0,0.8020222187042236,8,100.33870967741936,Bajo,0.8016666666666667,ALTO: considerar refuerzo
2026-08-31 09:00:00,(12000) Puente Aranda,99.509285,64.39526,137.51215,168.0,0.5923171639442444,9,84.33870967741936,Bajo,0.9057142857142857,Normal
2026-08-31 10:00:00,(12000) Puente Aranda,86.34512,53.725864,122.46883,168.0,0.5139590501785278,10,85.83870967741936,Bajo,0.8678571428571429,Normal
2026-08-31 11:00:00,(12000) Puente Aranda,89.13229,56.014904,124.21686,168.0,0.5305493474006653,11,87.7258064516129,Bajo,0.8866666666666667,Normal
2026-08-31 12:00:00,(12000) Puente Aranda,97.388535,60.69413,136.28734,168.0,0.5796936750411987,12,109.20967741935483,Bajo,0.8711904761904761,Normal
2026-08-31 13:00:00,(12000) Puente Aranda,92.005646,52.806572,130.2649,168.0,0.5476526618003845,13,98.48387096774194,Bajo,0.8738095238095239,Normal
2026-08-31 14:00:00,(12000) Puente Aranda,111.10879,69.81816,161.17426,168.0,0.661361813545227,14,113.74193548387096,Bajo,0.8726190476190476,Normal
2026-08-31 15:00:00,(12000) Puente Aranda,177.67117,113.56314,267.18234,168.0,1.057566523551941,15,132.69354838709677,Bajo,0.8397619047619048,CRITICO: refuerzo inmediato
2026-08-31 16:00:00,(12000) Puente Aranda,476.9672,309.0831,631.2484,168.0,2.839090347290039,16,289.7096774193548,Medio,0.8446428571428573,CRITICO: refuerzo inmediato
2026-08-31 17:00:00,(12000) Puente Aranda,735.5205,470.35736,946.2474,168.0,4.378098487854004,17,487.30645161290323,Medio,0.7736666666666667,CRITICO: refuerzo inmediato
2026-08-31 18:00:00,(12000) Puente Aranda,366.96158,213.93292,540.63416,168.0,2.184295177459717,18,236.3709677419355,Medio,0.792,CRITICO: refuerzo inmediato
2026-08-31 19:00:00,(12000) Puente Aranda,119.998886,53.82005,226.15482,168.0,0.714279055595398,19,114.29032258064517,Bajo,0.7833333333333333,ALTO: considerar refuerzo
2026-08-31 20:00:00,(12000) Puente Aranda,41.343365,10.761002,103.606606,168.0,0.24609145522117615,20,19.096774193548388,Bajo,0.9383333333333332,Normal
2026-08-31 21:00:00,(12000) Puente Aranda,5.0499725,0.0,44.40419,168.0,0.030059359967708588,21,13.209677419354838,Bajo,1.1645238095238095,Normal
2026-08-31 22:00:00,(12000) Puente Aranda,2.6109772,0.0,28.179752,168.0,0.015541531145572662,22,8.49090909090909,Bajo,1.4322222222222223,Normal
2026-08-31 23:00:00,(12000) Puente Aranda,0.0,0.0,12.993401,168.0,0.0,23,1.6666666666666667,Bajo,2.67,Normal
2026-08-31 00:00:00,(12001) Carrera 43 - COMAPAN,0.0,0.0,0.0,168.0,0.0,0,,Bajo,,Normal
2026-08-31 01:00:00,(12001) Carrera 43 - COMAPAN,0.0,0.0,0.0,168.0,0.0,1,,Bajo,,Normal
2026-08-31 02:00:00,(12001) Carrera 43 - COMAPAN,0.0,0.0,13.008064,168.0,0.0,2,,Bajo,,Normal
2026-08-31 03:00:00,(12001) Carrera 43 - COMAPAN,0.0,0.0,14.328735,168.0,0.0,3,,Bajo,,Normal
2026-08-31 04:00:00,(12001) Carrera 43 - COMAPAN,7.1575775,0.0,43.622917,168.0,0.04260462895035744,4,10.807017543859649,Bajo,5.195,Normal
2026-08-31 05:00:00,(12001) Carrera 43 - COMAPAN,112.51781,56.558876,177.89497,168.0,0.669748842716217,5,76.14516129032258,Bajo,1.5273809523809525,Normal
2026-08-31 06:00:00,(12001) Carrera 43 - COMAPAN,281.91626,192.51427,372.32687,168.0,1.6780729293823242,6,215.7258064516129,Medio,1.3461904761904762,CRITICO: refuerzo inmediato
2026-08-31 07:00:00,(12001) Carrera 43 - COMAPAN,325.39783,230.42407,417.9395,168.0,1.936891794204712,7,199.01612903225808,Medio,1.2356666666666667,CRITICO: refuerzo inmediato
2026-08-31 08:00:00,(12001) Carrera 43 - COMAPAN,221.85332,158.5528,297.21533,168.0,1.3205554485321045,8,150.0483870967742,Medio,1.2450952380952383,CRITICO: refuerzo inmediato
2026-08-31 09:00:00,(12001) Carrera 43 - COMAPAN,172.02458,121.967316,236.50903,168.0,1.0239558219909668,9,127.83870967741936,Bajo,1.3033333333333335,CRITICO: refuerzo inmediato
2026-08-31 10:00:00,(12001) Carrera 43 - COMAPAN,150.44647,101.999794,217.36034,168.0,0.895514726638794,10,136.79032258064515,Bajo,1.2704761904761905,ALTO: considerar refuerzo
2026-08-31 11:00:00,(12001) Carrera 43 - COMAPAN,140.90901,92.632034,203.18103,168.0,0.8387441039085388,11,133.69354838709677,Bajo,1.303809523809524,ALTO: considerar refuerzo
2026-08-31 12:00:00,(12001) Carrera 43 - COMAPAN,184.32205,120.249,256.68097,168.0,1.0971550941467285,12,158.01612903225808,Bajo,1.2909523809523809,CRITICO: refuerzo inmediato
2026-08-31 13:00:00,(12001) Carrera 43 - COMAPAN,297.62372,202.53564,379.45477,168.0,1.7715697288513184,13,217.59677419354838,Medio,1.4142857142857146,CRITICO: refuerzo inmediato
2026-08-31 14:00:00,(12001) Carrera 43 - COMAPAN,359.79358,250.02905,455.5442,168.0,2.1416285037994385,14,241.48387096774192,Medio,1.3773571428571432,CRITICO: refuerzo inmediato
2026-08-31 15:00:00,(12001) Carrera 43 - COMAPAN,435.8056,293.7221,575.7026,168.0,2.594080924987793,15,230.90322580645162,Medio,1.3582380952380952,CRITICO: refuerzo inmediato
2026-08-31 16:00:00,(12001) Carrera 43 - COMAPAN,815.05835,542.4138,1019.11487,168.0,4.851537704467773,16,450.3225806451613,Alto,1.5668095238095239,CRITICO: refuerzo inmediato
2026-08-31 17:00:00,(12001) Carrera 43 - COMAPAN,927.2994,615.50323,1154.0554,168.0,5.519639015197754,17,560.8225806451613,Alto,1.4454761904761906,CRITICO: refuerzo inmediato
2026-08-31 18:00:00,(12001) Carrera 43 - COMAPAN,394.96588,242.51088,562.79895,168.0,2.350987434387207,18,221.69354838709677,Medio,1.2008333333333336,CRITICO: refuerzo inmediato
2026-08-31 19:00:00,(12001) Carrera 43 - COMAPAN,155.96385,87.810776,251.08627,168.0,0.9283562898635864,19,102.35483870967742,Bajo,1.1771428571428573,CRITICO: refuerzo inmediato
2026-08-31 20:00:00,(12001) Carrera 43 - COMAPAN,70.69653,25.768578,137.8737,168.0,0.4208126962184906,20,50.016129032258064,Bajo,1.2623809523809524,Normal
2026-08-31 21:00:00,(12001) Carrera 43 - COMAPAN,23.786285,0.0,67.492676,168.0,0.14158503711223602,21,23.322580645161292,Bajo,1.435952380952381,Normal
2026-08-31 22:00:00,(12001) Carrera 43 - COMAPAN,10.356705,0.0,37.094078,168.0,0.06164705008268356,22,15.827586206896552,Bajo,1.9477499999999999,Normal
2026-08-31 23:00:00,(12001) Carrera 43 - COMAPAN,2.2154083,0.0,20.934326,168.0,0.013186953961849213,23,1.0,Bajo,3.695,Normal
2026-08-31 00:00:00,(12002) CDS - Carrera 32,0.0,0.0,0.0,168.0,0.0,0,1.0,Bajo,,Normal
2026-08-31 01:00:00,(12002) CDS - Carrera 32,0.0,0.0,0.0,168.0,0.0,1,,Bajo,,Normal
2026-08-31 02:00:00,(12002) CDS - Carrera 32,0.0,0.0,5.4194565,168.0,0.0,2,,Bajo,,Normal
2026-08-31 03:00:00,(12002) CDS - Carrera 32,0.0,0.0,9.265495,168.0,0.0,3,,Bajo,,Normal
2026-08-31 04:00:00,(12002) CDS - Carrera 32,0.0,0.0,18.778793,168.0,0.0,4,3.327272727272727,Bajo,3.4347368421052633,Normal
2026-08-31 05:00:00,(12002) CDS - Carrera 32,40.265007,17.936066,74.477905,168.0,0.23967266082763672,5,33.08064516129032,Bajo,1.5509523809523809,Normal
2026-08-31 06:00:00,(12002) CDS - Carrera 32,82.38898,49.917328,127.44081,168.0,0.49041056632995605,6,81.09677419354838,Bajo,1.0661904761904761,Normal
2026-08-31 07:00:00,(12002) CDS - Carrera 32,79.16412,49.17891,123.05105,168.0,0.47121500968933105,7,51.95161290322581,Bajo,1.002857142857143,Normal
2026-08-31 08:00:00,(12002) CDS - Carrera 32,76.26181,51.493256,115.49875,168.0,0.4539393484592438,8,61.08064516129032,Bajo,1.1292857142857142,Normal
2026-08-31 09:00:00,(12002) CDS - Carrera 32,96.407166,66.1915,139.59232,168.0,0.5738521814346313,9,79.30645161290323,Bajo,1.1776190476190476,Normal
2026-08-31 10:00:00,(12002) CDS - Carrera 32,123.689674,85.08373,174.53928,168.0,0.7362480759620667,10,107.88709677419355,Bajo,1.2704761904761905,ALTO: considerar refuerzo
2026-08-31 11:00:00,(12002) CDS - Carrera 32,155.96909,109.84296,209.20154,168.0,0.9283874034881592,11,127.5,Bajo,1.2819047619047619,CRITICO: refuerzo inmediato
2026-08-31 12:00:00,(12002) CDS - Carrera 32,200.09842,141.47104,263.09583,168.0,1.1910619735717773,12,184.24193548387098,Bajo,1.2654761904761904,CRITICO: refuerzo inmediato
2026-08-31 13:00:00,(12002) CDS - Carrera 32,224.44824,156.30354,282.80014,168.0,1.3360013961791992,13,197.59677419354838,Medio,1.4032857142857142,CRITICO: refuerzo inmediato
2026-08-31 14:00:00,(12002) CDS - Carrera 32,254.34279,180.7952,316.2257,168.0,1.51394522190094,14,215.01612903225808,Medio,1.3867857142857143,CRITICO: refuerzo inmediato
2026-08-31 15:00:00,(12002) CDS - Carrera 32,328.7063,224.90314,427.3297,168.0,1.956585168838501,15,228.70967741935485,Medio,1.372119047619048,CRITICO: refuerzo inmediato
2026-08-31 16:00:00,(12002) CDS - Carrera 32,735.5607,502.85236,884.05255,168.0,4.378337860107422,16,483.1290322580645,Medio,1.3236666666666668,CRITICO: refuerzo inmediato
2026-08-31 17:00:00,(12002) CDS - Carrera 32,778.7632,533.6,938.2837,168.0,4.635495185852051,17,516.0,Alto,1.4064761904761907,CRITICO: refuerzo inmediato
2026-08-31 18:00:00,(12002) CDS - Carrera 32,350.73203,226.26167,466.38702,168.0,2.087690591812134,18,238.53225806451613,Medio,1.1502857142857146,CRITICO: refuerzo inmediato
2026-08-31 19:00:00,(12002) CDS - Carrera 32,115.73865,63.893448,175.74728,168.0,0.6889204978942871,19,100.38709677419355,Bajo,1.148095238095238,Normal
2026-08-31 20:00:00,(12002) CDS - Carrera 32,53.074127,18.978523,95.290184,168.0,0.315917432308197,20,49.16129032258065,Bajo,1.301904761904762,Normal
2026-08-31 21:00:00,(12002) CDS - Carrera 32,28.820114,0.9498825,59.728462,168.0,0.1715482920408249,21,32.903225806451616,Bajo,1.8050000000000002,Normal
2026-08-31 22:00:00,(12002) CDS - Carrera 32,8.882156,0.0,22.868683,168.0,0.05286997929215431,22,12.169491525423728,Bajo,2.0709756097560974,Normal
2026-08-31 23:00:00,(12002) CDS - Carrera 32,0.0,0.0,5.5958023,168.0,0.0,23,1.3076923076923077,Bajo,3.6439999999999997,Normal
2026-08-31 00:00:00,(12003) Ricaurte,0.0,0.0,0.0,312.0,0.0,0,,Bajo,,Normal
2026-08-31 01:00:00,(12003) Ricaurte,0.0,0.0,0.0,312.0,0.0,1,,Bajo,,Normal
2026-08-31 02:00:00,(12003) Ricaurte,0.0,0.0,7.8752747,312.0,0.0,2,,Bajo,,Normal
2026-08-31 03:00:00,(12003) Ricaurte,0.0,0.0,3.2294464,312.0,0.0,3,,Bajo,,Normal
2026-08-31 04:00:00,(12003) Ricaurte,0.0,0.0,16.257599,312.0,0.0,4,5.45,Bajo,,Normal
2026-08-31 05:00:00,(12003) Ricaurte,35.297424,15.849075,71.50699,312.0,0.1131327673792839,5,32.61290322580645,Bajo,,Normal
2026-08-31 06:00:00,(12003) Ricaurte,97.626335,62.7836,147.52312,312.0,0.3129049241542816,6,94.8225806451613,Bajo,,Normal
2026-08-31 07:00:00,(12003) Ricaurte,105.0976,67.5207,154.9917,312.0,0.3368512988090515,7,75.01612903225806,Bajo,,Normal
2026-08-31 08:00:00,(12003) Ricaurte,92.01246,62.948837,132.76941,312.0,0.2949117124080658,8,71.95161290322581,Bajo,,Normal
2026-08-31 09:00:00,(12003) Ricaurte,103.9879,70.30449,142.25627,312.0,0.333294540643692,9,90.62903225806451,Bajo,,Normal
2026-08-31 10:00:00,(12003) Ricaurte,136.22597,91.61576,184.5224,312.0,0.43662169575691223,10,123.48387096774194,Bajo,,Normal
2026-08-31 11:00:00,(12003) Ricaurte,162.48795,112.67605,217.26025,312.0,0.520794689655304,11,162.43548387096774,Bajo,,Normal
2026-08-31 12:00:00,(12003) Ricaurte,197.17194,143.721,260.88293,312.0,0.6319613456726074,12,225.33870967741936,Bajo,,Normal
2026-08-31 13:00:00,(12003) Ricaurte,218.55508,159.80821,282.2246,312.0,0.7004970908164978,13,250.6451612903226,Bajo,,ALTO: considerar refuerzo
2026-08-31 14:00:00,(12003) Ricaurte,257.82016,195.3758,332.2373,312.0,0.8263466954231262,14,280.35483870967744,Bajo,,ALTO: considerar refuerzo
2026-08-31 15:00:00,(12003) Ricaurte,345.47766,261.61588,448.98566,312.0,1.1073001623153687,15,298.758064516129,Bajo,,CRITICO: refuerzo inmediato
2026-08-31 16:00:00,(12003) Ricaurte,701.66394,517.24115,867.6639,312.0,2.248922824859619,16,516.7096774193549,Medio,,CRITICO: refuerzo inmediato
2026-08-31 17:00:00,(12003) Ricaurte,1170.0374,818.04865,1421.3945,312.0,3.750119686126709,17,875.2096774193549,Medio,,CRITICO: refuerzo inmediato
2026-08-31 18:00:00,(12003) Ricaurte,690.1292,473.56085,895.05365,312.0,2.2119526863098145,18,496.9032258064516,Medio,,CRITICO: refuerzo inmediato
2026-08-31 19:00:00,(12003) Ricaurte,214.21494,126.13705,335.84222,312.0,0.686586320400238,19,200.6451612903226,Bajo,,Normal
2026-08-31 20:00:00,(12003) Ricaurte,85.971016,42.493828,155.30042,312.0,0.27554813027381897,20,87.66129032258064,Bajo,,Normal
2026-08-31 21:00:00,(12003) Ricaurte,23.469116,0.0,66.8818,312.0,0.07522152364253998,21,42.24193548387097,Bajo,,Normal
2026-08-31 22:00:00,(12003) Ricaurte,17.470535,0.0,43.389175,312.0,0.05599530413746834,22,31.647058823529413,Bajo,,Normal
2026-08-31 23:00:00,(12003) Ricaurte,0.0,0.0,6.1107635,312.0,0.0,23,1.5384615384615385,Bajo,,Normal
2026-08-31 00:00:00,(12004) Carrera 22,0.0,0.0,0.100112915,272.0,0.0,0,1.0,Bajo,,Normal
2026-08-31 01:00:00,(12004) Carrera 22,0.0,0.0,3.6692047,272.0,0.0,1,,Bajo,,Normal
2026-08-31 02:00:00,(12004) Carrera 22,0.0,0.0,3.179367,272.0,0.0,2,,Bajo,,Normal
2026-08-31 03:00:00,(12004) Carrera 22,0.0,0.0,2.1786346,272.0,0.0,3,,Bajo,,Normal
2026-08-31 04:00:00,(12004) Carrera 22,5.384735,0.0,16.727295,272.0,0.019796820357441902,4,9.457627118644067,Bajo,3.903333333333333,Normal
2026-08-31 05:00:00,(12004) Carrera 22,34.97026,21.152435,55.904907,272.0,0.12856712937355042,5,33.83870967741935,Bajo,1.5876190476190477,Normal
2026-08-31 06:00:00,(12004) Carrera 22,86.58778,62.408173,119.36207,272.0,0.31833744049072266,6,72.29032258064517,Bajo,1.1564285714285714,Normal
2026-08-31 07:00:00,(12004) Carrera 22,107.936485,80.18756,140.44006,272.0,0.39682531356811523,7,83.59677419354838,Bajo,1.1133333333333333,Normal
2026-08-31 08:00:00,(12004) Carrera 22,105.35765,79.11876,132.67345,272.0,0.3873443007469177,8,78.59677419354838,Bajo,1.1354761904761905,Normal
2026-08-31 09:00:00,(12004) Carrera 22,118.54354,92.82348,148.16959,272.0,0.4358218312263489,9,104.7741935483871,Bajo,1.2492857142857143,Normal
2026-08-31 10:00:00,(12004) Carrera 22,159.358,124.90056,198.52693,272.0,0.5858750343322754,10,158.83870967741936,Bajo,1.204047619047619,Normal
2026-08-31 11:00:00,(12004) Carrera 22,210.62167,163.85922,260.4456,272.0,0.7743443846702576,11,229.33870967741936,Bajo,1.188095238095238,ALTO: considerar refuerzo
2026-08-31 12:00:00,(12004) Carrera 22,262.932,203.07692,324.21796,272.0,0.966661810874939,12,308.9193548387097,Bajo,1.198095238095238,CRITICO: refuerzo inmediato
2026-08-31 13:00:00,(12004) Carrera 22,301.0443,232.5599,368.67877,272.0,1.1067805290222168,13,363.1290322580645,Bajo,1.1738095238095236,CRITICO: refuerzo inmediato
2026-08-31 14:00:00,(12004) Carrera 22,336.74252,262.3246,409.17102,272.0,1.2380239963531494,14,411.7903225806452,Medio,1.3194761904761907,CRITICO: refuerzo inmediato
2026-08-31 15:00:00,(12004) Carrera 22,404.00568,313.34042,491.9481,272.0,1.485314965248108,15,440.9516129032258,Medio,1.276,CRITICO: refuerzo inmediato
2026-08-31 16:00:00,(12004) Carrera 22,585.4256,444.6352,708.7527,272.0,2.1522998809814453,16,568.8709677419355,Medio,1.1602380952380953,CRITICO: refuerzo inmediato
2026-08-31 17:00:00,(12004) Carrera 22,863.82684,639.2771,1036.6292,272.0,3.1758339405059814,17,712.6129032258065,Medio,1.0491904761904765,CRITICO: refuerzo inmediato
2026-08-31 18:00:00,(12004) Carrera 22,740.0673,541.98627,912.45355,272.0,2.7208356857299805,18,649.4354838709677,Medio,1.1020952380952382,CRITICO: refuerzo inmediato
2026-08-31 19:00:00,(12004) Carrera 22,289.30862,193.33891,407.66464,272.0,1.0636346340179443,19,309.64516129032256,Bajo,1.1238095238095238,CRITICO: refuerzo inmediato
2026-08-31 20:00:00,(12004) Carrera 22,52.837723,26.559525,111.24329,272.0,0.19425633549690247,20,65.91935483870968,Bajo,1.279047619047619,Normal
2026-08-31 21:00:00,(12004) Carrera 22,13.93837,0.0,46.54167,272.0,0.05124400556087494,21,31.516129032258064,Bajo,1.4807142857142856,Normal
2026-08-31 22:00:00,(12004) Carrera 22,10.854584,0.0,30.276245,272.0,0.03990655764937401,22,15.934426229508198,Bajo,1.6278048780487804,Normal
2026-08-31 23:00:00,(12004) Carrera 22,0.0,0.0,0.70474243,272.0,0.0,23,2.0,Bajo,2.541578947368421,Normal
2026-08-31 00:00:00,(12007) Zona Industrial,0.0,0.0,0.0,168.0,0.0,0,3.0,Bajo,,Normal
2026-08-31 01:00:00,(12007) Zona Industrial,0.0,0.0,0.0,168.0,0.0,1,,Bajo,,Normal
2026-08-31 02:00:00,(12007) Zona Industrial,0.0,0.0,10.1548,168.0,0.0,2,,Bajo,,Normal
2026-08-31 03:00:00,(12007) Zona Industrial,0.0,0.0,7.906128,168.0,0.0,3,1.0,Bajo,,Normal
2026-08-31 04:00:00,(12007) Zona Industrial,0.0,0.0,23.531845,168.0,0.0,4,6.236363636363636,Bajo,2.663684210526316,Normal
2026-08-31 05:00:00,(12007) Zona Industrial,73.15202,37.567764,123.108154,168.0,0.4354287087917328,5,53.70967741935484,Bajo,1.0733333333333333,Normal
2026-08-31 06:00:00,(12007) Zona Industrial,209.92264,149.63052,280.01343,168.0,1.2495394945144653,6,191.09677419354838,Medio,0.8255238095238097,CRITICO: refuerzo inmediato
2026-08-31 07:00:00,(12007) Zona Industrial,217.25565,158.13225,285.08908,168.0,1.2931883335113525,7,149.3548387096774,Medio,0.7948809523809525,CRITICO: refuerzo inmediato
2026-08-31 08:00:00,(12007) Zona Industrial,142.17587,99.16496,196.71074,168.0,0.8462849855422974,8,112.48387096774194,Bajo,0.8114285714285714,ALTO: considerar refuerzo
2026-08-31 09:00:00,(12007) Zona Industrial,139.79572,97.08019,194.01491,168.0,0.8321173787117004,9,123.70967741935483,Bajo,0.9573809523809524,ALTO: considerar refuerzo
2026-08-31 10:00:00,(12007) Zona Industrial,157.36066,112.44936,216.77644,168.0,0.9366706013679504,10,155.20967741935485,Bajo,1.0626190476190476,CRITICO: refuerzo inmediato
2026-08-31 11:00:00,(12007) Zona Industrial,182.00008,131.14195,237.43927,168.0,1.0833337306976318,11,192.8709677419355,Bajo,1.08,CRITICO: refuerzo inmediato
2026-08-31 12:00:00,(12007) Zona Industrial,241.4762,171.9027,310.1612,168.0,1.4373582601547241,12,257.83870967741933,Medio,1.1853809523809524,CRITICO: refuerzo inmediato
2026-08-31 13:00:00,(12007) Zona Industrial,297.6043,210.81204,370.92712,168.0,1.7714542150497437,13,294.19354838709677,Medio,1.1874761904761906,CRITICO: refuerzo inmediato
2026-08-31 14:00:00,(12007) Zona Industrial,346.81268,254.26634,428.80597,168.0,2.064361095428467,14,337.4032258064516,Medio,1.1767380952380952,CRITICO: refuerzo inmediato
2026-08-31 15:00:00,(12007) Zona Industrial,438.2574,306.99323,573.81976,168.0,2.608675003051758,15,334.01612903225805,Medio,1.0918809523809523,CRITICO: refuerzo inmediato
2026-08-31 16:00:00,(12007) Zona Industrial,963.0104,659.2301,1173.2694,168.0,5.732204437255859,16,712.3709677419355,Alto,1.1322380952380953,CRITICO: refuerzo inmediato
2026-08-31 17:00:00,(12007) Zona Industrial,1017.6553,698.40063,1249.3613,168.0,6.057471752166748,17,760.8064516129032,Alto,1.0331904761904762,CRITICO: refuerzo inmediato
2026-08-31 18:00:00,(12007) Zona Industrial,613.35175,410.3946,804.09326,168.0,3.6509032249450684,18,455.5806451612903,Medio,0.8352142857142858,CRITICO: refuerzo inmediato
2026-08-31 19:00:00,(12007) Zona Industrial,284.44952,178.23985,411.5965,168.0,1.6931519508361816,19,293.2903225806452,Medio,0.8970238095238096,CRITICO: refuerzo inmediato
2026-08-31 20:00:00,(12007) Zona Industrial,99.574715,45.90094,178.90726,168.0,0.5927066206932068,20,80.2741935483871,Bajo,1.0938095238095238,Normal
2026-08-31 21:00:00,(12007) Zona Industrial,28.415863,0.0,78.91848,168.0,0.16914203763008118,21,38.24193548387097,Bajo,1.8364285714285713,Normal
2026-08-31 22:00:00,(12007) Zona Industrial,18.19162,0.0,48.01767,168.0,0.10828345268964767,22,38.40350877192982,Bajo,2.5023684210526316,Normal
2026-08-31 23:00:00,(12007) Zona Industrial,6.7128906,0.0,20.652771,168.0,0.0399576835334301,23,1.3076923076923077,Bajo,3.53,Normal
2026-08-31 00:00:00,(14001) La Sabana,0.0,0.0,0.0,168.0,0.0,0,1.0,Bajo,,Normal
2026-08-31 01:00:00,(14001) La Sabana,0.0,0.0,5.098709,168.0,0.0,1,,Bajo,,Normal
2026-08-31 02:00:00,(14001) La Sabana,0.0,0.0,0.22923279,168.0,0.0,2,,Bajo,,Normal
2026-08-31 03:00:00,(14001) La Sabana,0.0,0.0,0.0,168.0,0.0,3,,Bajo,,Normal
2026-08-31 04:00:00,(14001) La Sabana,0.0,0.0,10.96138,168.0,0.0,4,3.2542372881355934,Bajo,3.6651282051282053,Normal
2026-08-31 05:00:00,(14001) La Sabana,19.291595,12.46933,39.516037,168.0,0.11483092606067657,5,26.032258064516128,Bajo,0.9619047619047618,Normal
2026-08-31 06:00:00,(14001) La Sabana,65.12013,47.00299,98.41342,168.0,0.38761982321739197,6,62.83870967741935,Bajo,0.6461904761904762,Normal
2026-08-31 07:00:00,(14001) La Sabana,89.69223,66.68608,127.655876,168.0,0.5338823199272156,7,83.6774193548387,Bajo,0.6085714285714287,Normal
2026-08-31 08:00:00,(14001) La Sabana,100.13421,77.745834,133.49869,168.0,0.596036970615387,8,89.5,Bajo,0.6240476190476191,Normal
2026-08-31 09:00:00,(14001) La Sabana,164.51617,133.96567,206.12555,168.0,0.9792629480361938,9,130.16129032258064,Bajo,0.695952380952381,CRITICO: refuerzo inmediato
2026-08-31 10:00:00,(14001) La Sabana,233.90451,189.07584,287.33127,168.0,1.3922888040542603,10,207.53225806451613,Medio,0.763452380952381,CRITICO: refuerzo inmediato
2026-08-31 11:00:00,(14001) La Sabana,307.61026,248.05403,374.23996,168.0,1.8310134410858154,11,295.4516129032258,Medio,0.7587380952380952,CRITICO: refuerzo inmediato
2026-08-31 12:00:00,(14001) La Sabana,383.4286,307.9245,465.7072,168.0,2.282313108444214,12,379.0967741935484,Medio,0.7592619047619048,CRITICO: refuerzo inmediato
2026-08-31 13:00:00,(14001) La Sabana,436.23737,348.27582,527.3553,168.0,2.596651077270508,13,460.16129032258067,Medio,0.7506190476190477,CRITICO: refuerzo inmediato
2026-08-31 14:00:00,(14001) La Sabana,448.99896,357.81467,545.55524,168.0,2.6726129055023193,14,473.5483870967742,Medio,0.7590000000000001,CRITICO: refuerzo inmediato
2026-08-31 15:00:00,(14001) La Sabana,477.8246,377.19998,588.6171,168.0,2.844193935394287,15,463.758064516129,Medio,0.7333333333333334,CRITICO: refuerzo inmediato
2026-08-31 16:00:00,(14001) La Sabana,682.8235,520.1963,839.40955,168.0,4.064425468444824,16,597.3548387096774,Medio,0.6751904761904762,CRITICO: refuerzo inmediato
2026-08-31 17:00:00,(14001) La Sabana,1003.042,728.3341,1219.9167,168.0,5.97048807144165,17,747.1451612903226,Alto,0.7338809523809524,CRITICO: refuerzo inmediato
2026-08-31 18:00:00,(14001) La Sabana,819.5659,584.54865,1032.0502,168.0,4.878368377685547,18,631.5806451612904,Alto,0.7589523809523809,CRITICO: refuerzo inmediato
2026-08-31 19:00:00,(14001) La Sabana,397.55908,262.95782,557.03,168.0,2.3664231300354004,19,370.1290322580645,Medio,0.7134285714285715,CRITICO: refuerzo inmediato
2026-08-31 20:00:00,(14001) La Sabana,208.98708,136.89919,317.07712,168.0,1.2439706325531006,20,124.79032258064517,Medio,0.8215952380952383,CRITICO: refuerzo inmediato
2026-08-31 21:00:00,(14001) La Sabana,174.66666,109.11688,266.30392,168.0,1.0396825075149536,21,138.29032258064515,Bajo,0.8311904761904763,CRITICO: refuerzo inmediato
2026-08-31 22:00:00,(14001) La Sabana,61.59082,16.966827,127.583084,168.0,0.3666120171546936,22,28.716666666666665,Bajo,1.08,Normal
2026-08-31 23:00:00,(14001) La Sabana,0.0,0.0,19.513138,168.0,0.0,23,2.696969696969697,Bajo,2.477272727272727,Normal
2026-08-31 00:00:00,(14004) Museo del Oro,0.0,0.0,5.624878,144.0,0.0,0,,Bajo,,Normal
2026-08-31 01:00:00,(14004) Museo del Oro,0.0,0.0,14.242615,144.0,0.0,1,,Bajo,,Normal
2026-08-31 02:00:00,(14004) Museo del Oro,0.0,0.0,8.777771,144.0,0.0,2,,Bajo,,Normal
2026-08-31 03:00:00,(14004) Museo del Oro,0.0,0.0,15.787445,144.0,0.0,3,,Bajo,,Normal
2026-08-31 04:00:00,(14004) Museo del Oro,0.0,0.0,16.184631,144.0,0.0,4,3.311111111111111,Bajo,12.0,Normal
2026-08-31 05:00:00,(14004) Museo del Oro,12.547119,0.0,45.441772,144.0,0.0871327742934227,5,16.596774193548388,Bajo,4.1276190476190475,Normal
2026-08-31 06:00:00,(14004) Museo del Oro,44.328217,20.845703,88.57762,144.0,0.30783483386039734,6,46.354838709677416,Bajo,1.9030952380952382,Normal
2026-08-31 07:00:00,(14004) Museo del Oro,71.70636,40.67383,131.7198,144.0,0.4979608356952667,7,57.983870967741936,Bajo,1.7492857142857143,Normal
2026-08-31 08:00:00,(14004) Museo del Oro,103.62547,64.971695,168.32253,144.0,0.7196213603019714,8,80.74193548387096,Bajo,1.8123809523809524,ALTO: considerar refuerzo
2026-08-31 09:00:00,(14004) Museo del Oro,165.60576,115.29999,246.21375,144.0,1.1500400304794312,9,124.66129032258064,Bajo,1.9935714285714288,CRITICO: refuerzo inmediato
2026-08-31 10:00:00,(14004) Museo del Oro,269.07486,194.74042,370.63382,144.0,1.8685754537582397,10,200.91935483870967,Medio,2.4585,CRITICO: refuerzo inmediato
2026-08-31 11:00:00,(14004) Museo del Oro,420.23828,307.00754,549.3965,144.0,2.918321371078491,11,316.69354838709677,Medio,2.461380952380953,CRITICO: refuerzo inmediato
2026-08-31 12:00:00,(14004) Museo del Oro,560.1288,397.48,725.9693,144.0,3.8897831439971924,12,456.7903225806452,Medio,2.552,CRITICO: refuerzo inmediato
2026-08-31 13:00:00,(14004) Museo del Oro,558.7511,391.1858,716.3323,144.0,3.880215883255005,13,507.06451612903226,Medio,2.443571428571429,CRITICO: refuerzo inmediato
2026-08-31 14:00:00,(14004) Museo del Oro,598.568,419.33273,773.23676,144.0,4.156722068786621,14,527.3387096774194,Medio,2.5158571428571435,CRITICO: refuerzo inmediato
2026-08-31 15:00:00,(14004) Museo del Oro,921.3196,640.1976,1193.9987,144.0,6.39805269241333,15,700.0322580645161,Alto,2.8940476190476194,CRITICO: refuerzo inmediato
2026-08-31 16:00:00,(14004) Museo del Oro,1713.698,1162.3047,2108.5579,144.0,11.900680541992188,16,1181.6774193548388,Alto,2.695333333333333,CRITICO: refuerzo inmediato
2026-08-31 17:00:00,(14004) Museo del Oro,1857.713,1255.0427,2311.9705,144.0,12.900784492492676,17,1269.9354838709678,Alto,2.6860476190476192,CRITICO: refuerzo inmediato
2026-08-31 18:00:00,(14004) Museo del Oro,1161.056,753.2361,1554.958,144.0,8.062889099121094,18,866.016129032258,Alto,2.944809523809524,CRITICO: refuerzo inmediato
2026-08-31 19:00:00,(14004) Museo del Oro,535.57275,326.93182,812.1301,144.0,3.719255208969116,19,459.5806451612903,Medio,2.7342857142857144,CRITICO: refuerzo inmediato
2026-08-31 20:00:00,(14004) Museo del Oro,243.06781,134.4589,431.55026,144.0,1.6879708766937256,20,214.70967741935485,Medio,2.9519285714285712,CRITICO: refuerzo inmediato
2026-08-31 21:00:00,(14004) Museo del Oro,104.90234,41.952484,235.32565,144.0,0.7284885048866272,21,135.7741935483871,Bajo,3.356666666666667,ALTO: considerar refuerzo
2026-08-31 22:00:00,(14004) Museo del Oro,35.198334,0.0,104.46237,144.0,0.24443286657333374,22,51.490566037735846,Bajo,3.5997142857142856,Normal
2026-08-31 23:00:00,(14004) Museo del Oro,0.0,0.0,28.344055,144.0,0.0,23,2.411764705882353,Bajo,7.5,Normal
2026-08-31 00:00:00,(14005) Las Aguas - Centro Colombo Americano,0.0,0.0,0.0,120.0,0.0,0,,Bajo,,Normal
2026-08-31 01:00:00,(14005) Las Aguas - Centro Colombo Americano,0.0,0.0,0.684845,120.0,0.0,1,,Bajo,,Normal
2026-08-31 02:00:00,(14005) Las Aguas - Centro Colombo Americano,0.0,0.0,0.0,120.0,0.0,2,,Bajo,,Normal
2026-08-31 03:00:00,(14005) Las Aguas - Centro Colombo Americano,0.0,0.0,5.3483276,120.0,0.0,3,,Bajo,,Normal
2026-08-31 04:00:00,(14005) Las Aguas - Centro Colombo Americano,0.0,0.0,23.816101,120.0,0.0,4,9.639344262295081,Bajo,10.941176470588236,Normal
2026-08-31 05:00:00,(14005) Las Aguas - Centro Colombo Americano,74.30533,42.984985,128.73029,120.0,0.6192110776901245,5,69.79032258064517,Bajo,4.013809523809524,Normal
2026-08-31 06:00:00,(14005) Las Aguas - Centro Colombo Americano,215.5428,157.57181,295.9601,120.0,1.7961900234222412,6,177.19354838709677,Medio,2.130595238095238,CRITICO: refuerzo inmediato
2026-08-31 07:00:00,(14005) Las Aguas - Centro Colombo Americano,287.61136,218.61874,376.41617,120.0,2.396761417388916,7,222.90322580645162,Medio,1.9488333333333334,CRITICO: refuerzo inmediato
2026-08-31 08:00:00,(14005) Las Aguas - Centro Colombo Americano,267.1889,213.56197,336.57626,120.0,2.226574182510376,8,201.0483870967742,Medio,2.023214285714286,CRITICO: refuerzo inmediato
2026-08-31 09:00:00,(14005) Las Aguas - Centro Colombo Americano,264.40085,216.03178,332.8946,120.0,2.2033402919769287,9,229.08064516129033,Medio,2.0839761904761906,CRITICO: refuerzo inmediato
2026-08-31 10:00:00,(14005) Las Aguas - Centro Colombo Americano,339.81564,271.90222,427.30878,120.0,2.8317971229553223,10,301.9516129032258,Medio,2.481809523809524,CRITICO: refuerzo inmediato
2026-08-31 11:00:00,(14005) Las Aguas - Centro Colombo Americano,485.71985,385.34753,596.9073,120.0,4.047665596008301,11,429.758064516129,Medio,2.462428571428572,CRITICO: refuerzo inmediato
2026-08-31 12:00:00,(14005) Las Aguas - Centro Colombo Americano,688.1531,544.824,839.0947,120.0,5.734609127044678,12,593.4032258064516,Alto,2.9695714285714288,CRITICO: refuerzo inmediato
2026-08-31 13:00:00,(14005) Las Aguas - Centro Colombo Americano,695.34314,563.49524,841.8031,120.0,5.794526100158691,13,686.9516129032259,Alto,2.936142857142857,CRITICO: refuerzo inmediato
2026-08-31 14:00:00,(14005) Las Aguas - Centro Colombo Americano,727.045,595.22125,883.8402,120.0,6.058708190917969,14,658.1774193548387,Alto,2.9500714285714285,CRITICO: refuerzo inmediato
2026-08-31 15:00:00,(14005) Las Aguas - Centro Colombo Americano,967.5991,757.937,1215.5818,120.0,8.063325881958008,15,771.6451612903226,Alto,2.8624761904761904,CRITICO: refuerzo inmediato
2026-08-31 16:00:00,(14005) Las Aguas - Centro Colombo Americano,1842.4124,1378.8931,2192.317,120.0,15.353436470031738,16,1367.8225806451612,Alto,2.6835714285714283,CRITICO: refuerzo inmediato
2026-08-31 17:00:00,(14005) Las Aguas - Centro Colombo Americano,2125.6968,1576.6346,2517.0537,120.0,17.714139938354492,17,1581.3870967741937,Alto,2.6532380952380956,CRITICO: refuerzo inmediato
2026-08-31 18:00:00,(14005) Las Aguas - Centro Colombo Americano,1329.5599,985.95874,1649.5707,120.0,11.079666137695312,18,1114.8064516129032,Alto,2.972047619047619,CRITICO: refuerzo inmediato
2026-08-31 19:00:00,(14005) Las Aguas - Centro Colombo Americano,734.50903,549.578,948.3871,120.0,6.120908737182617,19,664.7096774193549,Alto,3.2580476190476197,CRITICO: refuerzo inmediato
2026-08-31 20:00:00,(14005) Las Aguas - Centro Colombo Americano,474.87402,352.1975,634.5126,120.0,3.9572834968566895,20,424.9032258064516,Medio,3.128714285714286,CRITICO: refuerzo inmediato
2026-08-31 21:00:00,(14005) Las Aguas - Centro Colombo Americano,309.81155,204.62535,449.33545,120.0,2.5817630290985107,21,320.19354838709677,Medio,3.504809523809524,CRITICO: refuerzo inmediato
2026-08-31 22:00:00,(14005) Las Aguas - Centro Colombo Americano,82.51465,24.75531,173.38303,120.0,0.6876220703125,22,162.08928571428572,Bajo,3.8752631578947367,Normal
2026-08-31 23:00:00,(14005) Las Aguas - Centro Colombo Americano,0.0,0.0,12.382294,120.0,0.0,23,4.636363636363637,Bajo,7.652857142857143,Normal
2026-08-31 00:00:00,(50003) Corral Molinos,0.0,0.0,0.47489262,0.0,,0,,Bajo,,Normal
2026-08-31 01:00:00,(50003) Corral Molinos,0.0,0.0,0.78799057,0.0,,1,,Bajo,,Normal
2026-08-31 02:00:00,(50003) Corral Molinos,0.0,0.0,0.7366066,0.0,,2,,Bajo,,Normal
2026-08-31 03:00:00,(50003) Corral Molinos,0.8310385,0.0,2.7313151,0.0,,3,,Bajo,,Normal
2026-08-31 04:00:00,(50003) Corral Molinos,11.229214,6.2387085,16.141132,0.0,,4,9.098360655737705,Bajo,1.2238095238095237,Normal
2026-08-31 05:00:00,(50003) Corral Molinos,34.1997,22.549747,42.56791,0.0,,5,26.852459016393443,Bajo,0.6585714285714286,Normal
2026-08-31 06:00:00,(50003) Corral Molinos,46.604813,31.313152,56.465218,0.0,,6,34.95161290322581,Bajo,0.4992857142857143,Normal
2026-08-31 07:00:00,(50003) Corral Molinos,33.94349,22.602432,41.14981,0.0,,7,27.57377049180328,Bajo,0.49023809523809525,Normal
2026-08-31 08:00:00,(50003) Corral Molinos,19.294157,11.319397,24.773436,0.0,,8,17.262295081967213,Bajo,0.5171428571428571,Normal
2026-08-31 09:00:00,(50003) Corral Molinos,11.544006,5.6843643,15.800692,0.0,,9,11.774193548387096,Bajo,0.540952380952381,Normal
2026-08-31 10:00:00,(50003) Corral Molinos,8.752142,4.0359936,12.710909,0.0,,10,9.193548387096774,Bajo,0.5866666666666667,Normal
2026-08-31 11:00:00,(50003) Corral Molinos,8.3146305,4.372059,12.412397,0.0,,11,8.451612903225806,Bajo,0.6071428571428571,Normal
2026-08-31 12:00:00,(50003) Corral Molinos,7.7446575,4.158712,11.832771,0.0,,12,7.951612903225806,Bajo,0.6192857142857143,Normal
2026-08-31 13:00:00,(50003) Corral Molinos,6.4070067,3.1820564,10.389204,0.0,,13,5.919354838709677,Bajo,0.6104761904761905,Normal
2026-08-31 14:00:00,(50003) Corral Molinos,5.58965,2.6061006,9.488069,0.0,,14,6.049180327868853,Bajo,0.6095121951219512,Normal
2026-08-31 15:00:00,(50003) Corral Molinos,5.5820146,2.4782228,9.540032,0.0,,15,4.983870967741935,Bajo,0.6142857142857143,Normal
2026-08-31 16:00:00,(50003) Corral Molinos,6.4951444,3.188838,10.88431,0.0,,16,6.161290322580645,Bajo,0.5738095238095238,Normal
2026-08-31 17:00:00,(50003) Corral Molinos,5.5799737,2.7558622,9.790767,0.0,,17,6.278688524590164,Bajo,0.5402439024390243,Normal
2026-08-31 18:00:00,(50003) Corral Molinos,3.405355,1.2585411,7.161835,0.0,,18,4.586206896551724,Bajo,0.5025000000000001,Normal
2026-08-31 19:00:00,(50003) Corral Molinos,1.7064233,0.58058214,4.5595484,0.0,,19,2.8421052631578947,Bajo,0.5141025641025642,Normal
2026-08-31 20:00:00,(50003) Corral Molinos,0.84466743,0.0,3.1212544,0.0,,20,2.0,Bajo,0.618125,Normal
2026-08-31 21:00:00,(50003) Corral Molinos,0.2280469,0.0,1.8785157,0.0,,21,1.5945945945945945,Bajo,0.732,Normal
2026-08-31 22:00:00,(50003) Corral Molinos,0.0,0.0,1.0756955,0.0,,22,1.3703703703703705,Bajo,0.8194117647058823,Normal
2026-08-31 23:00:00,(50003) Corral Molinos,0.0,0.0,0.69811916,0.0,,23,1.0,Bajo,5.45,Normal
2026-08-31 00:00:00,(50008) Corral Portal Dorado,0.0,0.0,7.4223633,0.0,,0,,Bajo,,Normal
2026-08-31 01:00:00,(50008) Corral Portal Dorado,0.0,0.0,48.23114,0.0,,1,,Bajo,,Normal
2026-08-31 02:00:00,(50008) Corral Portal Dorado,0.0,0.0,63.441956,0.0,,2,,Bajo,,Normal
2026-08-31 03:00:00,(50008) Corral Portal Dorado,38.082397,0.0,170.60541,0.0,,3,,Bajo,,Normal
2026-08-31 04:00:00,(50008) Corral Portal Dorado,392.34723,120.569824,652.3212,0.0,,4,324.88709677419354,Bajo,0.47619047619047616,Normal
2026-08-31 05:00:00,(50008) Corral Portal Dorado,2380.1318,1648.1895,2866.1914,0.0,,5,1822.7903225806451,Bajo,0.2119047619047619,Normal
2026-08-31 06:00:00,(50008) Corral Portal Dorado,4500.1484,3208.9849,5226.0312,0.0,,6,3406.8870967741937,Bajo,0.1823809523809524,Normal
2026-08-31 07:00:00,(50008) Corral Portal Dorado,4469.0933,3249.802,5070.1494,0.0,,7,3363.9032258064517,Bajo,0.16952380952380952,Normal
2026-08-31 08:00:00,(50008) Corral Portal Dorado,2767.8376,1953.3972,3214.0337,0.0,,8,2196.1451612903224,Bajo,0.17333333333333334,Normal
2026-08-31 09:00:00,(50008) Corral Portal Dorado,1885.1978,1329.8513,2185.055,0.0,,9,1602.6290322580646,Bajo,0.19047619047619047,Normal
2026-08-31 10:00:00,(50008) Corral Portal Dorado,1389.7578,989.29675,1639.5537,0.0,,10,1306.532258064516,Bajo,0.20380952380952383,Normal
2026-08-31 11:00:00,(50008) Corral Portal Dorado,1195.7584,912.87244,1440.5159,0.0,,11,1209.532258064516,Bajo,0.21571428571428572,Normal
2026-08-31 12:00:00,(50008) Corral Portal Dorado,1195.063,960.77435,1431.762,0.0,,12,1165.5483870967741,Bajo,0.21523809523809523,Normal
2026-08-31 13:00:00,(50008) Corral Portal Dorado,1114.0093,923.67413,1350.2982,0.0,,13,1149.6290322580646,Bajo,0.21476190476190476,Normal
2026-08-31 14:00:00,(50008) Corral Portal Dorado,969.52356,802.8501,1180.1011,0.0,,14,1033.5967741935483,Bajo,0.21619047619047618,Normal
2026-08-31 15:00:00,(50008) Corral Portal Dorado,1055.361,832.1997,1319.45,0.0,,15,992.5967741935484,Bajo,0.2119047619047619,Normal
2026-08-31 16:00:00,(50008) Corral Portal Dorado,1427.3452,1059.529,1774.5842,0.0,,16,1181.5806451612902,Bajo,0.1961904761904762,Normal
2026-08-31 17:00:00,(50008) Corral Portal Dorado,1881.0757,1445.788,2268.992,0.0,,17,1476.467741935484,Bajo,0.18619047619047618,Normal
2026-08-31 18:00:00,(50008) Corral Portal Dorado,1222.6755,916.91235,1547.5813,0.0,,18,1098.3225806451612,Bajo,0.18357142857142858,Normal
2026-08-31 19:00:00,(50008) Corral Portal Dorado,600.5249,450.39178,834.58813,0.0,,19,672.483870967742,Bajo,0.19119047619047622,Normal
2026-08-31 20:00:00,(50008) Corral Portal Dorado,207.86084,114.085815,392.62433,0.0,,20,312.8225806451613,Bajo,0.22238095238095237,Normal
2026-08-31 21:00:00,(50008) Corral Portal Dorado,85.777954,0.0,250.92737,0.0,,21,192.51612903225808,Bajo,0.2642857142857143,Normal
2026-08-31 22:00:00,(50008) Corral Portal Dorado,10.689148,0.0,142.80286,0.0,,22,75.12903225806451,Bajo,0.35214285714285715,Normal
2026-08-31 23:00:00,(50008) Corral Portal Dorado,0.0,0.0,93.5083,0.0,,23,1.6785714285714286,Bajo,0.485,Normal
2026-08-31 00:00:00,(57503) Ampliacion San Mateo,0.0,0.0,37.130493,0.0,,0,1.0,Bajo,,Normal
2026-08-31 01:00:00,(57503) Ampliacion San Mateo,9.564148,0.0,69.46341,0.0,,1,,Bajo,,Normal
2026-08-31 02:00:00,(57503) Ampliacion San Mateo,14.001099,0.0,76.513336,0.0,,2,,Bajo,,Normal
2026-08-31 03:00:00,(57503) Ampliacion San Mateo,164.52032,0.0,334.5171,0.0,,3,57.32258064516129,Bajo,,Normal
2026-08-31 04:00:00,(57503) Ampliacion San Mateo,1370.4778,881.3523,1786.2246,0.0,,4,1204.3225806451612,Bajo,,Normal
2026-08-31 05:00:00,(57503) Ampliacion San Mateo,3095.4033,2136.2495,3772.355,0.0,,5,2482.8387096774195,Bajo,,Normal
2026-08-31 06:00:00,(57503) Ampliacion San Mateo,3361.3345,2363.8408,4054.1094,0.0,,6,2834.0967741935483,Bajo,,Normal
2026-08-31 07:00:00,(57503) Ampliacion San Mateo,1882.4397,1280.968,2370.7798,0.0,,7,1621.0806451612902,Bajo,,Normal
2026-08-31 08:00:00,(57503) Ampliacion San Mateo,1178.154,799.8682,1497.9655,0.0,,8,1015.2903225806451,Bajo,,Normal
2026-08-31 09:00:00,(57503) Ampliacion San Mateo,783.1154,508.56555,1015.56683,0.0,,9,721.8709677419355,Bajo,,Normal
2026-08-31 10:00:00,(57503) Ampliacion San Mateo,627.10913,400.8816,823.83777,0.0,,10,625.483870967742,Bajo,,Normal
2026-08-31 11:00:00,(57503) Ampliacion San Mateo,555.72974,362.21442,727.537,0.0,,11,580.3709677419355,Bajo,,Normal
2026-08-31 12:00:00,(57503) Ampliacion San Mateo,466.68002,302.0634,634.5695,0.0,,12,526.9032258064516,Bajo,,Normal
2026-08-31 13:00:00,(57503) Ampliacion San Mateo,317.6105,182.09207,457.06226,0.0,,13,365.741935483871,Bajo,,Normal
2026-08-31 14:00:00,(57503) Ampliacion San Mateo,257.10886,143.52298,388.66473,0.0,,14,295.38709677419354,Bajo,,Normal
2026-08-31 15:00:00,(57503) Ampliacion San Mateo,305.9988,169.10257,458.76047,0.0,,15,324.7741935483871,Bajo,,Normal
2026-08-31 16:00:00,(57503) Ampliacion San Mateo,353.0783,227.09052,558.26416,0.0,,16,367.2096774193548,Bajo,,Normal
2026-08-31 17:00:00,(57503) Ampliacion San Mateo,259.51727,148.29965,446.7651,0.0,,17,299.64516129032256,Bajo,,Normal
2026-08-31 18:00:00,(57503) Ampliacion San Mateo,178.82132,101.76285,382.90228,0.0,,18,203.6290322580645,Bajo,,Normal
2026-08-31 19:00:00,(57503) Ampliacion San Mateo,114.83154,52.955444,267.26556,0.0,,19,180.48387096774192,Bajo,,Normal
2026-08-31 20:00:00,(57503) Ampliacion San Mateo,71.47662,17.824097,210.64178,0.0,,20,75.56451612903226,Bajo,,Normal
2026-08-31 21:00:00,(57503) Ampliacion San Mateo,4.8773804,0.0,101.39227,0.0,,21,23.56451612903226,Bajo,,Normal
2026-08-31 22:00:00,(57503) Ampliacion San Mateo,0.0,0.0,77.15512,0.0,,22,4.589285714285714,Bajo,,Normal
2026-08-31 23:00:00,(57503) Ampliacion San Mateo,0.0,0.0,66.57126,0.0,,23,1.25,Bajo,,Normal
