Fecha_Hora,sistema,serie_id,unidad,Validaciones_pron,Val_q10,Val_q90,Headway_base_min,Cap_hora,Ocupacion_proxy,crowding_index,franja,aforo,ETA_pron,modelo_pron,recomendacion
2025-12-09 00:00:00,troncal,2 de Mayo,2 de Mayo,0.0,0.0,0.0,4.0,2460.0,0.0,0.0,noche,Asientos,4.0,autoets,abordar
2025-12-09 00:00:00,troncal,22 De Agosto,22 De Agosto,0.0,0.0,0.0,4.0,2460.0,0.0,0.0008648914540073652,noche,Asientos,4.0,autoets,abordar
2025-12-09 00:00:00,troncal,28 de Julio,28 de Julio,0.0,0.0,0.0,4.0,2460.0,0.0,0.0,noche,Asientos,4.0,autoets,abordar
2025-12-09 00:00:00,troncal,Andres Belaunde,Andres Belaunde,0.0,0.0,0.0,4.0,2460.0,0.0,0.0008648914540073652,noche,Asientos,4.0,autoets,abordar
2025-12-09 00:00:00,troncal,Andrés Reyes,Andrés Reyes,0.0,0.0,0.0,4.0,2460.0,0.0,0.0,noche,Asientos,4.0,autoets,abordar
2025-12-09 00:00:00,troncal,Angamos,Angamos,0.0,0.0,0.0,4.0,2460.0,0.0,0.0004476686646497835,noche,Asientos,4.0,autoets,abordar
2025-12-09 00:00:00,troncal,Aramburu,Aramburu,0.0,0.0,0.0,4.0,2460.0,0.0,0.0,noche,Asientos,4.0,autoets,abordar
2025-12-09 00:00:00,troncal,Balta,Balta,0.0,0.0,0.0,4.0,2460.0,0.0,0.0,noche,Asientos,4.0,autoets,abordar
2025-12-09 00:00:00,troncal,Benavides,Benavides,0.0,0.0,0.0,4.0,2460.0,0.0,0.0,noche,Asientos,4.0,autoets,abordar
2025-12-09 00:00:00,troncal,Bulevar,Bulevar,14.18421984572079,12.056586868862672,16.311852822578906,4.0,2460.0,0.005765943026715768,0.005765943026715768,noche,Asientos,4.0,autoets,abordar
2025-12-09 00:00:00,troncal,Canadá,Canadá,0.0,0.0,0.0,4.0,2460.0,0.0,0.0,noche,Asientos,4.0,autoets,abordar
2025-12-09 00:00:00,troncal,Canaval y Moreyra,Canaval y Moreyra,0.0,0.0,0.0,4.0,2460.0,0.0,0.0,noche,Asientos,4.0,autoets,abordar
2025-12-09 00:00:00,troncal,Caqueta,Caqueta,0.0,0.0,0.0,4.0,2460.0,0.0,0.0,noche,Asientos,4.0,autoets,abordar
2025-12-09 00:00:00,troncal,Chimpu Ocllo,Chimpu Ocllo,0.0,0.0,0.0,4.0,2460.0,0.0,0.0,noche,Asientos,4.0,autoets,abordar
2025-12-09 00:00:00,troncal,Colmena,Colmena,7.34176610025645,6.240501185217982,8.443031015294917,4.0,2460.0,0.00298445776433189,0.00298445776433189,noche,Asientos,4.0,autoets,abordar
2025-12-09 00:00:00,troncal,Domingo Orué,Domingo Orué,0.0,0.0,0.0,4.0,2460.0,0.0,0.0,noche,Asientos,4.0,autoets,abordar
2025-12-09 00:00:00,troncal,El Milagro,El Milagro,0.0,0.0,0.0,4.0,2460.0,0.0,0.0,noche,Asientos,4.0,autoets,abordar
2025-12-09 00:00:00,troncal,Escuela Militar,Escuela Militar,0.0,0.0,0.0,4.0,2460.0,0.0,0.0,noche,Asientos,4.0,autoets,abordar
2025-12-09 00:00:00,troncal,España,España,0.0,0.0,0.0,4.0,2460.0,0.0,0.0,noche,Asientos,4.0,autoets,abordar
2025-12-09 00:00:00,troncal,Estacion Central,Estacion Central,0.0,0.0,0.0,4.0,2460.0,0.0,0.0,noche,Asientos,4.0,autoets,abordar
2025-12-09 00:00:00,troncal,Estadio Nacional,Estadio Nacional,0.0,0.0,0.0,4.0,2460.0,0.0,0.0,noche,Asientos,4.0,autoets,abordar
2025-12-09 00:00:00,troncal,Honorio Delgado,Honorio Delgado,0.0,0.0,0.0,4.0,2460.0,0.0,0.0,noche,Asientos,4.0,autoets,abordar
2025-12-09 00:00:00,troncal,Independencia,Independencia,0.0,0.0,0.0,4.0,2460.0,0.0,0.0,noche,Asientos,4.0,autoets,abordar
2025-12-09 00:00:00,troncal,Izaguirre,Izaguirre,0.0,0.0,0.0,4.0,2460.0,0.0,0.0,noche,Asientos,4.0,autoets,abordar
2025-12-09 00:00:00,troncal,Javier Prado,Javier Prado,0.0,0.0,0.0,4.0,2460.0,0.0,0.0,noche,Asientos,4.0,autoets,abordar
2025-12-09 00:00:00,troncal,Jiron de la Unión,Jiron de la Unión,0.0,0.0,0.0,4.0,2460.0,0.0,0.0,noche,Asientos,4.0,autoets,abordar
2025-12-09 00:00:00,troncal,Los Incas,Los Incas,0.0,0.0,0.0,4.0,2460.0,0.0,0.0,noche,Asientos,4.0,autoets,abordar
2025-12-09 00:00:00,troncal,Los jazmines,Los jazmines,0.0,0.0,0.0,4.0,2460.0,0.0,0.0,noche,Asientos,4.0,autoets,abordar
2025-12-09 00:00:00,troncal,Matellini,Matellini,0.0,0.0,0.0,4.0,2460.0,0.0,0.0,noche,Asientos,4.0,autoets,abordar
2025-12-09 00:00:00,troncal,México,México,0.0,0.0,0.0,4.0,2460.0,0.0,0.0,noche,Asientos,4.0,autoets,abordar
2025-12-09 00:00:00,troncal,Naranjal,Naranjal,0.0,0.0,0.0,4.0,2460.0,0.0,0.0,noche,Asientos,4.0,autoets,abordar
2025-12-09 00:00:00,troncal,Naranjal Alimentador,Naranjal Alimentador,0.0,0.0,0.0,4.0,2460.0,0.0,0.0,noche,Asientos,4.0,autoets,abordar
2025-12-09 00:00:00,troncal,Pacifico,Pacifico,0.0,0.0,0.0,4.0,2460.0,0.0,0.0,noche,Asientos,4.0,autoets,abordar
2025-12-09 00:00:00,troncal,Parque del Trabajo,Parque del Trabajo,0.0,0.0,0.0,4.0,2460.0,0.0,0.0,noche,Asientos,4.0,autoets,abordar
2025-12-09 00:00:00,troncal,Plaza de Flores,Plaza de Flores,0.0,0.0,0.0,4.0,2460.0,0.0,0.0,noche,Asientos,4.0,autoets,abordar
2025-12-09 00:00:00,troncal,Quilca,Quilca,0.0,0.0,0.0,4.0,2460.0,0.0,0.0,noche,Asientos,4.0,autoets,abordar
2025-12-09 00:00:00,troncal,Ramon Castilla,Ramon Castilla,0.0,0.0,0.0,4.0,2460.0,0.0,0.0,noche,Asientos,4.0,autoets,abordar
2025-12-09 00:00:00,troncal,Ricardo Palma,Ricardo Palma,0.0,0.0,0.0,4.0,2460.0,0.0,0.0004476686646497835,noche,Asientos,4.0,autoets,abordar
2025-12-09 00:00:00,troncal,Rosario de Villa,Rosario de Villa,0.0,0.0,0.0,4.0,2460.0,0.0,0.0,noche,Asientos,4.0,autoets,abordar
2025-12-09 00:00:00,troncal,Tacna,Tacna,0.0,0.0,0.0,4.0,2460.0,0.0,0.0,noche,Asientos,4.0,autoets,abordar
2025-12-09 00:00:00,troncal,Terán,Terán,0.0,0.0,0.0,4.0,2460.0,0.0,0.0,noche,Asientos,4.0,autoets,abordar
2025-12-09 00:00:00,troncal,Tomas Valle,Tomas Valle,0.0,0.0,0.0,4.0,2460.0,0.0,0.0,noche,Asientos,4.0,autoets,abordar
2025-12-09 00:00:00,troncal,Uni,Uni,0.0,0.0,0.0,4.0,2460.0,0.0,0.0,noche,Asientos,4.0,autoets,abordar
2025-12-09 00:00:00,troncal,Union,Union,0.0,0.0,0.0,4.0,2460.0,0.0,0.0,noche,Asientos,4.0,autoets,abordar
2025-12-09 00:00:00,troncal,Universidad,Universidad,0.0,0.0,0.0,4.0,2460.0,0.0,0.0,noche,Asientos,4.0,autoets,abordar
2025-12-09 01:00:00,troncal,2 de Mayo,2 de Mayo,0.0,0.0,0.0,4.0,2460.0,0.0,0.0,noche,Asientos,4.0,autoets,abordar
2025-12-09 01:00:00,troncal,22 De Agosto,22 De Agosto,0.0,0.0,0.0,4.0,2460.0,0.0,0.0007489786317475494,noche,Asientos,4.0,autoets,abordar
2025-12-09 01:00:00,troncal,28 de Julio,28 de Julio,0.0,0.0,0.0,4.0,2460.0,0.0,0.0,noche,Asientos,4.0,autoets,abordar
2025-12-09 01:00:00,troncal,Andres Belaunde,Andres Belaunde,0.0,0.0,0.0,4.0,2460.0,0.0,0.0007489786317475494,noche,Asientos,4.0,autoets,abordar
2025-12-09 01:00:00,troncal,Andrés Reyes,Andrés Reyes,0.0,0.0,0.0,4.0,2460.0,0.0,0.0,noche,Asientos,4.0,autoets,abordar
2025-12-09 01:00:00,troncal,Angamos,Angamos,0.0,0.0,0.0,4.0,2460.0,0.0,0.00048190347907761265,noche,Asientos,4.0,autoets,abordar
2025-12-09 01:00:00,troncal,Aramburu,Aramburu,0.0,0.0,0.0,4.0,2460.0,0.0,0.0,noche,Asientos,4.0,autoets,abordar
2025-12-09 01:00:00,troncal,Balta,Balta,0.0,0.0,0.0,4.0,2460.0,0.0,0.0,noche,Asientos,4.0,autoets,abordar
2025-12-09 01:00:00,troncal,Benavides,Benavides,0.0,0.0,0.0,4.0,2460.0,0.0,0.0,noche,Asientos,4.0,autoets,abordar
2025-12-09 01:00:00,troncal,Bulevar,Bulevar,12.283249560659812,10.44076212656084,14.125736994758782,4.0,2460.0,0.004993190878316996,0.004993190878316996,noche,Asientos,4.0,autoets,abordar
2025-12-09 01:00:00,troncal,Canadá,Canadá,0.0,0.0,0.0,4.0,2460.0,0.0,0.0,noche,Asientos,4.0,autoets,abordar
2025-12-09 01:00:00,troncal,Canaval y Moreyra,Canaval y Moreyra,0.0,0.0,0.0,4.0,2460.0,0.0,0.0,noche,Asientos,4.0,autoets,abordar
2025-12-09 01:00:00,troncal,Caqueta,Caqueta,0.0,0.0,0.0,4.0,2460.0,0.0,0.0,noche,Asientos,4.0,autoets,abordar
2025-12-09 01:00:00,troncal,Chimpu Ocllo,Chimpu Ocllo,0.0,0.0,0.0,4.0,2460.0,0.0,0.0,noche,Asientos,4.0,autoets,abordar
2025-12-09 01:00:00,troncal,Colmena,Colmena,7.9032170568728475,6.71773449834192,9.088699615403774,4.0,2460.0,0.0032126898605174176,0.0032126898605174176,noche,Asientos,4.0,autoets,abordar
2025-12-09 01:00:00,troncal,Domingo Orué,Domingo Orué,0.0,0.0,0.0,4.0,2460.0,0.0,0.0,noche,Asientos,4.0,autoets,abordar
2025-12-09 01:00:00,troncal,El Milagro,El Milagro,0.0,0.0,0.0,4.0,2460.0,0.0,0.0,noche,Asientos,4.0,autoets,abordar
2025-12-09 01:00:00,troncal,Escuela Militar,Escuela Militar,0.0,0.0,0.0,4.0,2460.0,0.0,0.0,noche,Asientos,4.0,autoets,abordar
2025-12-09 01:00:00,troncal,España,España,0.0,0.0,0.0,4.0,2460.0,0.0,0.0,noche,Asientos,4.0,autoets,abordar
2025-12-09 01:00:00,troncal,Estacion Central,Estacion Central,0.0,0.0,0.0,4.0,2460.0,0.0,0.0,noche,Asientos,4.0,autoets,abordar
2025-12-09 01:00:00,troncal,Estadio Nacional,Estadio Nacional,0.0,0.0,0.0,4.0,2460.0,0.0,0.0,noche,Asientos,4.0,autoets,abordar
2025-12-09 01:00:00,troncal,Honorio Delgado,Honorio Delgado,0.0,0.0,0.0,4.0,2460.0,0.0,0.0,noche,Asientos,4.0,autoets,abordar
2025-12-09 01:00:00,troncal,Independencia,Independencia,0.0,0.0,0.0,4.0,2460.0,0.0,0.0,noche,Asientos,4.0,autoets,abordar
2025-12-09 01:00:00,troncal,Izaguirre,Izaguirre,0.0,0.0,0.0,4.0,2460.0,0.0,0.0,noche,Asientos,4.0,autoets,abordar
2025-12-09 01:00:00,troncal,Javier Prado,Javier Prado,0.0,0.0,0.0,4.0,2460.0,0.0,0.0,noche,Asientos,4.0,autoets,abordar
2025-12-09 01:00:00,troncal,Jiron de la Unión,Jiron de la Unión,0.0,0.0,0.0,4.0,2460.0,0.0,0.0,noche,Asientos,4.0,autoets,abordar
2025-12-09 01:00:00,troncal,Los Incas,Los Incas,0.0,0.0,0.0,4.0,2460.0,0.0,0.0,noche,Asientos,4.0,autoets,abordar
2025-12-09 01:00:00,troncal,Los jazmines,Los jazmines,0.0,0.0,0.0,4.0,2460.0,0.0,0.0,noche,Asientos,4.0,autoets,abordar
2025-12-09 01:00:00,troncal,Matellini,Matellini,0.0,0.0,0.0,4.0,2460.0,0.0,0.0,noche,Asientos,4.0,autoets,abordar
2025-12-09 01:00:00,troncal,México,México,0.0,0.0,0.0,4.0,2460.0,0.0,0.0,noche,Asientos,4.0,autoets,abordar
2025-12-09 01:00:00,troncal,Naranjal,Naranjal,0.0,0.0,0.0,4.0,2460.0,0.0,0.0,noche,Asientos,4.0,autoets,abordar
2025-12-09 01:00:00,troncal,Naranjal Alimentador,Naranjal Alimentador,0.0,0.0,0.0,4.0,2460.0,0.0,0.0,noche,Asientos,4.0,autoets,abordar
2025-12-09 01:00:00,troncal,Pacifico,Pacifico,0.0,0.0,0.0,4.0,2460.0,0.0,0.0,noche,Asientos,4.0,autoets,abordar
2025-12-09 01:00:00,troncal,Parque del Trabajo,Parque del Trabajo,0.0,0.0,0.0,4.0,2460.0,0.0,0.0,noche,Asientos,4.0,autoets,abordar
2025-12-09 01:00:00,troncal,Plaza de Flores,Plaza de Flores,0.0,0.0,0.0,4.0,2460.0,0.0,0.0,noche,Asientos,4.0,autoets,abordar
2025-12-09 01:00:00,troncal,Quilca,Quilca,0.0,0.0,0.0,4.0,2460.0,0.0,0.0,noche,Asientos,4.0,autoets,abordar
2025-12-09 01:00:00,troncal,Ramon Castilla,Ramon Castilla,0.0,0.0,0.0,4.0,2460.0,0.0,0.0,noche,Asientos,4.0,autoets,abordar
2025-12-09 01:00:00,troncal,Ricardo Palma,Ricardo Palma,0.0,0.0,0.0,4.0,2460.0,0.0,0.00048190347907761265,noche,Asientos,4.0,autoets,abordar
2025-12-09 01:00:00,troncal,Rosario de Villa,Rosario de Villa,0.0,0.0,0.0,4.0,2460.0,0.0,0.0,noche,Asientos,4.0,autoets,abordar
2025-12-09 01:00:00,troncal,Tacna,Tacna,0.0,0.0,0.0,4.0,2460.0,0.0,0.0,noche,Asientos,4.0,autoets,abordar
2025-12-09 01:00:00,troncal,Terán,Terán,0.0,0.0,0.0,4.0,2460.0,0.0,0.0,noche,Asientos,4.0,autoets,abordar
2025-12-09 01:00:00,troncal,Tomas Valle,Tomas Valle,0.0,0.0,0.0,4.0,2460.0,0.0,0.0,noche,Asientos,4.0,autoets,abordar
2025-12-09 01:00:00,troncal,Uni,Uni,0.0,0.0,0.0,4.0,2460.0,0.0,0.0,noche,Asientos,4.0,autoets,abordar
2025-12-09 01:00:00,troncal,Union,Union,0.0,0.0,0.0,4.0,2460.0,0.0,0.0,noche,Asientos,4.0,autoets,abordar
2025-12-09 01:00:00,troncal,Universidad,Universidad,0.0,0.0,0.0,4.0,2460.0,0.0,0.0,noche,Asientos,4.0,autoets,abordar
2025-12-09 02:00:00,troncal,2 de Mayo,2 de Mayo,0.0,0.0,0.0,4.0,2460.0,0.0,0.0,noche,Asientos,4.0,autoets,abordar
2025-12-09 02:00:00,troncal,22 De Agosto,22 De Agosto,0.0,0.0,0.0,4.0,2460.0,0.0,0.0013607335247597353,noche,Asientos,4.0,autoets,abordar
2025-12-09 02:00:00,troncal,28 de Julio,28 de Julio,0.0,0.0,0.0,4.0,2460.0,0.0,0.0,noche,Asientos,4.0,autoets,abordar
2025-12-09 02:00:00,troncal,Andres Belaunde,Andres Belaunde,0.0,0.0,0.0,4.0,2460.0,0.0,0.0013607335247597353,noche,Asientos,4.0,autoets,abordar
2025-12-09 02:00:00,troncal,Andrés Reyes,Andrés Reyes,0.0,0.0,0.0,4.0,2460.0,0.0,0.0,noche,Asientos,4.0,autoets,abordar
2025-12-09 02:00:00,troncal,Angamos,Angamos,0.0,0.0,0.0,4.0,2460.0,0.0,0.0004916491530998296,noche,Asientos,4.0,autoets,abordar
2025-12-09 02:00:00,troncal,Aramburu,Aramburu,0.0,0.0,0.0,4.0,2460.0,0.0,0.0,noche,Asientos,4.0,autoets,abordar
2025-12-09 02:00:00,troncal,Balta,Balta,0.0,0.0,0.0,4.0,2460.0,0.0,0.0,noche,Asientos,4.0,autoets,abordar
2025-12-09 02:00:00,troncal,Benavides,Benavides,0.0,0.0,0.0,4.0,2460.0,0.0,0.0,noche,Asientos,4.0,autoets,abordar
2025-12-09 02:00:00,troncal,Bulevar,Bulevar,22.31602980605966,18.968625335150712,25.66343427696861,4.0,2460.0,0.009071556831731569,0.009071556831731569,noche,De_pie,4.4,autoets,abordar
2025-12-09 02:00:00,troncal,Canadá,Canadá,0.0,0.0,0.0,4.0,2460.0,0.0,0.0,noche,Asientos,4.0,autoets,abordar
2025-12-09 02:00:00,troncal,Canaval y Moreyra,Canaval y Moreyra,0.0,0.0,0.0,4.0,2460.0,0.0,0.0,noche,Asientos,4.0,autoets,abordar
2025-12-09 02:00:00,troncal,Caqueta,Caqueta,0.0,0.0,0.0,4.0,2460.0,0.0,0.0,noche,Asientos,4.0,autoets,abordar
2025-12-09 02:00:00,troncal,Chimpu Ocllo,Chimpu Ocllo,0.0,0.0,0.0,4.0,2460.0,0.0,0.0,noche,Asientos,4.0,autoets,abordar
2025-12-09 02:00:00,troncal,Colmena,Colmena,8.063046110837206,6.853589194211625,9.272503027462786,4.0,2460.0,0.0032776610206655308,0.0032776610206655308,noche,Asientos,4.0,autoets,abordar
2025-12-09 02:00:00,troncal,Domingo Orué,Domingo Orué,0.0,0.0,0.0,4.0,2460.0,0.0,0.0,noche,Asientos,4.0,autoets,abordar
2025-12-09 02:00:00,troncal,El Milagro,El Milagro,0.0,0.0,0.0,4.0,2460.0,0.0,0.0,noche,Asientos,4.0,autoets,abordar
2025-12-09 02:00:00,troncal,Escuela Militar,Escuela Militar,0.0,0.0,0.0,4.0,2460.0,0.0,0.0,noche,Asientos,4.0,autoets,abordar
2025-12-09 02:00:00,troncal,España,España,0.0,0.0,0.0,4.0,2460.0,0.0,0.0,noche,Asientos,4.0,autoets,abordar
2025-12-09 02:00:00,troncal,Estacion Central,Estacion Central,0.0,0.0,0.0,4.0,2460.0,0.0,0.0,noche,Asientos,4.0,autoets,abordar
2025-12-09 02:00:00,troncal,Estadio Nacional,Estadio Nacional,0.0,0.0,0.0,4.0,2460.0,0.0,0.0,noche,Asientos,4.0,autoets,abordar
2025-12-09 02:00:00,troncal,Honorio Delgado,Honorio Delgado,0.0,0.0,0.0,4.0,2460.0,0.0,0.0,noche,Asientos,4.0,autoets,abordar
2025-12-09 02:00:00,troncal,Independencia,Independencia,0.0,0.0,0.0,4.0,2460.0,0.0,0.0,noche,Asientos,4.0,autoets,abordar
2025-12-09 02:00:00,troncal,Izaguirre,Izaguirre,0.0,0.0,0.0,4.0,2460.0,0.0,0.0,noche,Asientos,4.0,autoets,abordar
2025-12-09 02:00:00,troncal,Javier Prado,Javier Prado,0.0,0.0,0.0,4.0,2460.0,0.0,0.0,noche,Asientos,4.0,autoets,abordar
2025-12-09 02:00:00,troncal,Jiron de la Unión,Jiron de la Unión,0.0,0.0,0.0,4.0,2460.0,0.0,0.0,noche,Asientos,4.0,autoets,abordar
2025-12-09 02:00:00,troncal,Los Incas,Los Incas,0.0,0.0,0.0,4.0,2460.0,0.0,0.0,noche,Asientos,4.0,autoets,abordar
2025-12-09 02:00:00,troncal,Los jazmines,Los jazmines,0.0,0.0,0.0,4.0,2460.0,0.0,0.0,noche,Asientos,4.0,autoets,abordar
2025-12-09 02:00:00,troncal,Matellini,Matellini,0.0,0.0,0.0,4.0,2460.0,0.0,0.0,noche,Asientos,4.0,autoets,abordar
2025-12-09 02:00:00,troncal,México,México,0.0,0.0,0.0,4.0,2460.0,0.0,0.0,noche,Asientos,4.0,autoets,abordar
2025-12-09 02:00:00,troncal,Naranjal,Naranjal,0.0,0.0,0.0,4.0,2460.0,0.0,0.0,noche,Asientos,4.0,autoets,abordar
2025-12-09 02:00:00,troncal,Naranjal Alimentador,Naranjal Alimentador,0.0,0.0,0.0,4.0,2460.0,0.0,0.0,noche,Asientos,4.0,autoets,abordar
2025-12-09 02:00:00,troncal,Pacifico,Pacifico,0.0,0.0,0.0,4.0,2460.0,0.0,0.0,noche,Asientos,4.0,autoets,abordar
2025-12-09 02:00:00,troncal,Parque del Trabajo,Parque del Trabajo,0.0,0.0,0.0,4.0,2460.0,0.0,0.0,noche,Asientos,4.0,autoets,abordar
2025-12-09 02:00:00,troncal,Plaza de Flores,Plaza de Flores,0.0,0.0,0.0,4.0,2460.0,0.0,0.0,noche,Asientos,4.0,autoets,abordar
2025-12-09 02:00:00,troncal,Quilca,Quilca,0.0,0.0,0.0,4.0,2460.0,0.0,0.0,noche,Asientos,4.0,autoets,abordar
2025-12-09 02:00:00,troncal,Ramon Castilla,Ramon Castilla,0.0,0.0,0.0,4.0,2460.0,0.0,0.0,noche,Asientos,4.0,autoets,abordar
2025-12-09 02:00:00,troncal,Ricardo Palma,Ricardo Palma,0.0,0.0,0.0,4.0,2460.0,0.0,0.0004916491530998296,noche,Asientos,4.0,autoets,abordar
2025-12-09 02:00:00,troncal,Rosario de Villa,Rosario de Villa,0.0,0.0,0.0,4.0,2460.0,0.0,0.0,noche,Asientos,4.0,autoets,abordar
2025-12-09 02:00:00,troncal,Tacna,Tacna,0.0,0.0,0.0,4.0,2460.0,0.0,0.0,noche,Asientos,4.0,autoets,abordar
2025-12-09 02:00:00,troncal,Terán,Terán,0.0,0.0,0.0,4.0,2460.0,0.0,0.0,noche,Asientos,4.0,autoets,abordar
2025-12-09 02:00:00,troncal,Tomas Valle,Tomas Valle,0.0,0.0,0.0,4.0,2460.0,0.0,0.0,noche,Asientos,4.0,autoets,abordar
2025-12-09 02:00:00,troncal,Uni,Uni,0.0,0.0,0.0,4.0,2460.0,0.0,0.0,noche,Asientos,4.0,autoets,abordar
2025-12-09 02:00:00,troncal,Union,Union,0.0,0.0,0.0,4.0,2460.0,0.0,0.0,noche,Asientos,4.0,autoets,abordar
2025-12-09 02:00:00,troncal,Universidad,Universidad,0.0,0.0,0.0,4.0,2460.0,0.0,0.0,noche,Asientos,4.0,autoets,abordar
2025-12-09 03:00:00,troncal,2 de Mayo,2 de Mayo,0.0,0.0,0.0,4.0,2460.0,0.0,0.0,noche,Asientos,4.0,autoets,abordar
2025-12-09 03:00:00,troncal,22 De Agosto,22 De Agosto,0.0,0.0,0.0,4.0,2460.0,0.0,0.0016790305207869888,noche,Asientos,4.0,autoets,abordar
2025-12-09 03:00:00,troncal,28 de Julio,28 de Julio,0.0,0.0,0.0,4.0,2460.0,0.0,0.0,noche,Asientos,4.0,autoets,abordar
2025-12-09 03:00:00,troncal,Andres Belaunde,Andres Belaunde,0.0,0.0,0.0,4.0,2460.0,0.0,0.0016790305207869888,noche,Asientos,4.0,autoets,abordar
2025-12-09 03:00:00,troncal,Andrés Reyes,Andrés Reyes,0.0,0.0,0.0,4.0,2460.0,0.0,0.0,noche,Asientos,4.0,autoets,abordar
2025-12-09 03:00:00,troncal,Angamos,Angamos,0.0,0.0,0.0,4.0,2460.0,0.0,0.0005116932221144466,noche,Asientos,4.0,autoets,abordar
2025-12-09 03:00:00,troncal,Aramburu,Aramburu,0.0,0.0,0.0,4.0,2460.0,0.0,0.0,noche,Asientos,4.0,autoets,abordar
2025-12-09 03:00:00,troncal,Balta,Balta,0.0,0.0,0.0,4.0,2460.0,0.0,0.0,noche,Asientos,4.0,autoets,abordar
2025-12-09 03:00:00,troncal,Benavides,Benavides,0.0,0.0,0.0,4.0,2460.0,0.0,0.0,noche,Asientos,4.0,autoets,abordar
2025-12-09 03:00:00,troncal,Bulevar,Bulevar,27.536100540906617,23.405685459770623,31.666515622042606,4.0,2460.0,0.011193536805246592,0.011193536805246592,noche,De_pie,4.4,autoets,abordar
2025-12-09 03:00:00,troncal,Canadá,Canadá,0.0,0.0,0.0,4.0,2460.0,0.0,0.0,noche,Asientos,4.0,autoets,abordar
2025-12-09 03:00:00,troncal,Canaval y Moreyra,Canaval y Moreyra,0.0,0.0,0.0,4.0,2460.0,0.0,0.0,noche,Asientos,4.0,autoets,abordar
2025-12-09 03:00:00,troncal,Caqueta,Caqueta,0.0,0.0,0.0,4.0,2460.0,0.0,0.0,noche,Asientos,4.0,autoets,abordar
2025-12-09 03:00:00,troncal,Chimpu Ocllo,Chimpu Ocllo,0.0,0.0,0.0,4.0,2460.0,0.0,0.0,noche,Asientos,4.0,autoets,abordar
2025-12-09 03:00:00,troncal,Colmena,Colmena,8.391768842676925,7.1330035162753855,9.650534169078462,4.0,2460.0,0.003411288147429644,0.003411288147429644,noche,Asientos,4.0,autoets,abordar
2025-12-09 03:00:00,troncal,Domingo Orué,Domingo Orué,0.0,0.0,0.0,4.0,2460.0,0.0,0.0,noche,Asientos,4.0,autoets,abordar
2025-12-09 03:00:00,troncal,El Milagro,El Milagro,0.0,0.0,0.0,4.0,2460.0,0.0,0.0,noche,Asientos,4.0,autoets,abordar
2025-12-09 03:00:00,troncal,Escuela Militar,Escuela Militar,0.0,0.0,0.0,4.0,2460.0,0.0,0.0,noche,Asientos,4.0,autoets,abordar
2025-12-09 03:00:00,troncal,España,España,0.0,0.0,0.0,4.0,2460.0,0.0,0.0,noche,Asientos,4.0,autoets,abordar
2025-12-09 03:00:00,troncal,Estacion Central,Estacion Central,0.0,0.0,0.0,4.0,2460.0,0.0,0.0,noche,Asientos,4.0,autoets,abordar
2025-12-09 03:00:00,troncal,Estadio Nacional,Estadio Nacional,0.0,0.0,0.0,4.0,2460.0,0.0,0.0,noche,Asientos,4.0,autoets,abordar
2025-12-09 03:00:00,troncal,Honorio Delgado,Honorio Delgado,0.0,0.0,0.0,4.0,2460.0,0.0,0.0,noche,Asientos,4.0,autoets,abordar
2025-12-09 03:00:00,troncal,Independencia,Independencia,0.0,0.0,0.0,4.0,2460.0,0.0,0.0,noche,Asientos,4.0,autoets,abordar
2025-12-09 03:00:00,troncal,Izaguirre,Izaguirre,0.0,0.0,0.0,4.0,2460.0,0.0,0.0,noche,Asientos,4.0,autoets,abordar
2025-12-09 03:00:00,troncal,Javier Prado,Javier Prado,0.0,0.0,0.0,4.0,2460.0,0.0,0.0,noche,Asientos,4.0,autoets,abordar
2025-12-09 03:00:00,troncal,Jiron de la Unión,Jiron de la Unión,0.0,0.0,0.0,4.0,2460.0,0.0,0.0,noche,Asientos,4.0,autoets,abordar
2025-12-09 03:00:00,troncal,Los Incas,Los Incas,0.0,0.0,0.0,4.0,2460.0,0.0,0.0,noche,Asientos,4.0,autoets,abordar
2025-12-09 03:00:00,troncal,Los jazmines,Los jazmines,0.0,0.0,0.0,4.0,2460.0,0.0,0.0,noche,Asientos,4.0,autoets,abordar
2025-12-09 03:00:00,troncal,Matellini,Matellini,0.0,0.0,0.0,4.0,2460.0,0.0,0.0,noche,Asientos,4.0,autoets,abordar
2025-12-09 03:00:00,troncal,México,México,0.0,0.0,0.0,4.0,2460.0,0.0,0.0,noche,Asientos,4.0,autoets,abordar
2025-12-09 03:00:00,troncal,Naranjal,Naranjal,0.0,0.0,0.0,4.0,2460.0,0.0,0.0,noche,Asientos,4.0,autoets,abordar
2025-12-09 03:00:00,troncal,Naranjal Alimentador,Naranjal Alimentador,0.0,0.0,0.0,4.0,2460.0,0.0,0.0,noche,Asientos,4.0,autoets,abordar
2025-12-09 03:00:00,troncal,Pacifico,Pacifico,0.0,0.0,0.0,4.0,2460.0,0.0,0.0,noche,Asientos,4.0,autoets,abordar
2025-12-09 03:00:00,troncal,Parque del Trabajo,Parque del Trabajo,0.0,0.0,0.0,4.0,2460.0,0.0,0.0,noche,Asientos,4.0,autoets,abordar
2025-12-09 03:00:00,troncal,Plaza de Flores,Plaza de Flores,0.0,0.0,0.0,4.0,2460.0,0.0,0.0,noche,Asientos,4.0,autoets,abordar
2025-12-09 03:00:00,troncal,Quilca,Quilca,0.0,0.0,0.0,4.0,2460.0,0.0,0.0,noche,Asientos,4.0,autoets,abordar
2025-12-09 03:00:00,troncal,Ramon Castilla,Ramon Castilla,0.0,0.0,0.0,4.0,2460.0,0.0,0.0,noche,Asientos,4.0,autoets,abordar
2025-12-09 03:00:00,troncal,Ricardo Palma,Ricardo Palma,0.0,0.0,0.0,4.0,2460.0,0.0,0.0005116932221144466,noche,Asientos,4.0,autoets,abordar
2025-12-09 03:00:00,troncal,Rosario de Villa,Rosario de Villa,0.0,0.0,0.0,4.0,2460.0,0.0,0.0,noche,Asientos,4.0,autoets,abordar
2025-12-09 03:00:00,troncal,Tacna,Tacna,0.0,0.0,0.0,4.0,2460.0,0.0,0.0,noche,Asientos,4.0,autoets,abordar
2025-12-09 03:00:00,troncal,Terán,Terán,0.0,0.0,0.0,4.0,2460.0,0.0,0.0,noche,Asientos,4.0,autoets,abordar
2025-12-09 03:00:00,troncal,Tomas Valle,Tomas Valle,0.0,0.0,0.0,4.0,2460.0,0.0,0.0,noche,Asientos,4.0,autoets,abordar
2025-12-09 03:00:00,troncal,Uni,Uni,0.0,0.0,0.0,4.0,2460.0,0.0,0.0,noche,Asientos,4.0,autoets,abordar
2025-12-09 03:00:00,troncal,Union,Union,0.0,0.0,0.0,4.0,2460.0,0.0,0.0,noche,Asientos,4.0,autoets,abordar
2025-12-09 03:00:00,troncal,Universidad,Universidad,0.0,0.0,0.0,4.0,2460.0,0.0,0.0,noche,Asientos,4.0,autoets,abordar
2025-12-09 04:00:00,troncal,2 de Mayo,2 de Mayo,0.0,0.0,0.0,4.0,2460.0,0.0,0.0,noche,Asientos,4.0,autoets,abordar
2025-12-09 04:00:00,troncal,22 De Agosto,22 De Agosto,0.0,0.0,0.0,4.0,2460.0,0.0,0.0006539417033567591,noche,Asientos,4.0,autoets,abordar
2025-12-09 04:00:00,troncal,28 de Julio,28 de Julio,0.0,0.0,0.0,4.0,2460.0,0.0,0.0,noche,Asientos,4.0,autoets,abordar
2025-12-09 04:00:00,troncal,Andres Belaunde,Andres Belaunde,0.0,0.0,0.0,4.0,2460.0,0.0,0.0006539417033567591,noche,Asientos,4.0,autoets,abordar
2025-12-09 04:00:00,troncal,Andrés Reyes,Andrés Reyes,0.0,0.0,0.0,4.0,2460.0,0.0,0.0,noche,Asientos,4.0,autoets,abordar
2025-12-09 04:00:00,troncal,Angamos,Angamos,0.0,0.0,0.0,4.0,2460.0,0.0,0.0006527429357343633,noche,Asientos,4.0,autoets,abordar
2025-12-09 04:00:00,troncal,Aramburu,Aramburu,0.0,0.0,0.0,4.0,2460.0,0.0,0.0,noche,Asientos,4.0,autoets,abordar
2025-12-09 04:00:00,troncal,Balta,Balta,0.0,0.0,0.0,4.0,2460.0,0.0,0.0,noche,Asientos,4.0,autoets,abordar
2025-12-09 04:00:00,troncal,Benavides,Benavides,0.0,0.0,0.0,4.0,2460.0,0.0,0.0,noche,Asientos,4.0,autoets,abordar
2025-12-09 04:00:00,troncal,Bulevar,Bulevar,10.72464393505085,9.115947344793222,12.333340525308476,4.0,2460.0,0.004359611355711728,0.005687204990775794,noche,Asientos,4.0,autoets,abordar
2025-12-09 04:00:00,troncal,Canadá,Canadá,0.0,0.0,0.0,4.0,2460.0,0.0,0.0,noche,Asientos,4.0,autoets,abordar
2025-12-09 04:00:00,troncal,Canaval y Moreyra,Canaval y Moreyra,0.0,0.0,0.0,4.0,2460.0,0.0,0.0,noche,Asientos,4.0,autoets,abordar
2025-12-09 04:00:00,troncal,Caqueta,Caqueta,0.0,0.0,0.0,4.0,2460.0,0.0,0.0,noche,Asientos,4.0,autoets,abordar
2025-12-09 04:00:00,troncal,Chimpu Ocllo,Chimpu Ocllo,66.93641087472776,56.895949243518594,76.97687250593691,4.0,2460.0,0.027209923119808032,0.027209923119808032,noche,De_pie,4.4,autoets,abordar
2025-12-09 04:00:00,troncal,Colmena,Colmena,10.704984146043557,9.099236524137023,12.31073176795009,4.0,2460.0,0.004351619571562422,0.004351619571562422,noche,Asientos,4.0,autoets,abordar
2025-12-09 04:00:00,troncal,Domingo Orué,Domingo Orué,0.0,0.0,0.0,4.0,2460.0,0.0,0.0,noche,Asientos,4.0,autoets,abordar
2025-12-09 04:00:00,troncal,El Milagro,El Milagro,0.0,0.0,0.0,4.0,2460.0,0.0,0.0,noche,Asientos,4.0,autoets,abordar
2025-12-09 04:00:00,troncal,Escuela Militar,Escuela Militar,0.0,0.0,0.0,4.0,2460.0,0.0,0.0,noche,Asientos,4.0,autoets,abordar
2025-12-09 04:00:00,troncal,España,España,0.0,0.0,0.0,4.0,2460.0,0.0,0.0,noche,Asientos,4.0,autoets,abordar
2025-12-09 04:00:00,troncal,Estacion Central,Estacion Central,0.0,0.0,0.0,4.0,2460.0,0.0,0.0,noche,Asientos,4.0,autoets,abordar
2025-12-09 04:00:00,troncal,Estadio Nacional,Estadio Nacional,0.0,0.0,0.0,4.0,2460.0,0.0,0.0,noche,Asientos,4.0,autoets,abordar
2025-12-09 04:00:00,troncal,Honorio Delgado,Honorio Delgado,0.0,0.0,0.0,4.0,2460.0,0.0,0.0,noche,Asientos,4.0,autoets,abordar
2025-12-09 04:00:00,troncal,Independencia,Independencia,0.0,0.0,0.0,4.0,2460.0,0.0,9.179266283038366e-05,noche,Asientos,4.0,autoets,abordar
2025-12-09 04:00:00,troncal,Izaguirre,Izaguirre,0.0,0.0,0.0,4.0,2460.0,0.0,0.0,noche,Asientos,4.0,autoets,abordar
2025-12-09 04:00:00,troncal,Javier Prado,Javier Prado,0.0,0.0,0.0,4.0,2460.0,0.0,0.0,noche,Asientos,4.0,autoets,abordar
2025-12-09 04:00:00,troncal,Jiron de la Unión,Jiron de la Unión,0.0,0.0,0.0,4.0,2460.0,0.0,0.0,noche,Asientos,4.0,autoets,abordar
2025-12-09 04:00:00,troncal,Los Incas,Los Incas,21.772535615050685,18.506655272793083,25.038415957308285,4.0,2460.0,0.008850624233760441,0.017013601169702852,noche,De_pie,4.4,autoets,abordar
2025-12-09 04:00:00,troncal,Los jazmines,Los jazmines,0.0,0.0,0.0,4.0,2460.0,0.0,9.179266283038366e-05,noche,Asientos,4.0,autoets,abordar
2025-12-09 04:00:00,troncal,Matellini,Matellini,0.0,0.0,0.0,4.0,2460.0,0.0,0.0,noche,Asientos,4.0,autoets,abordar
2025-12-09 04:00:00,troncal,México,México,0.0,0.0,0.0,4.0,2460.0,0.0,0.0,noche,Asientos,4.0,autoets,abordar
2025-12-09 04:00:00,troncal,Naranjal,Naranjal,0.0,0.0,0.0,4.0,2460.0,0.0,0.0,noche,Asientos,4.0,autoets,abordar
2025-12-09 04:00:00,troncal,Naranjal Alimentador,Naranjal Alimentador,0.0,0.0,0.0,4.0,2460.0,0.0,0.0,noche,Asientos,4.0,autoets,abordar
2025-12-09 04:00:00,troncal,Pacifico,Pacifico,1.5053996704182921,1.2795897198555484,1.731209620981036,4.0,2460.0,0.0006119510855358911,0.0006119510855358911,noche,Asientos,4.0,autoets,abordar
2025-12-09 04:00:00,troncal,Parque del Trabajo,Parque del Trabajo,0.0,0.0,0.0,4.0,2460.0,0.0,0.0,noche,Asientos,4.0,autoets,abordar
2025-12-09 04:00:00,troncal,Plaza de Flores,Plaza de Flores,0.0,0.0,0.0,4.0,2460.0,0.0,0.0,noche,Asientos,4.0,autoets,abordar
2025-12-09 04:00:00,troncal,Quilca,Quilca,0.0,0.0,0.0,4.0,2460.0,0.0,0.0,noche,Asientos,4.0,autoets,abordar
2025-12-09 04:00:00,troncal,Ramon Castilla,Ramon Castilla,0.0,0.0,0.0,4.0,2460.0,0.0,0.00540908210303527,noche,Asientos,4.0,autoets,abordar
2025-12-09 04:00:00,troncal,Ricardo Palma,Ricardo Palma,0.0,0.0,0.0,4.0,2460.0,0.0,0.0006527429357343633,noche,Asientos,4.0,autoets,abordar
2025-12-09 04:00:00,troncal,Rosario de Villa,Rosario de Villa,0.0,0.0,0.0,4.0,2460.0,0.0,0.0,noche,Asientos,4.0,autoets,abordar
2025-12-09 04:00:00,troncal,Tacna,Tacna,0.0,0.0,0.0,4.0,2460.0,0.0,0.0,noche,Asientos,4.0,autoets,abordar
2025-12-09 04:00:00,troncal,Terán,Terán,0.0,0.0,0.0,4.0,2460.0,0.0,0.0,noche,Asientos,4.0,autoets,abordar
2025-12-09 04:00:00,troncal,Tomas Valle,Tomas Valle,0.0,0.0,0.0,4.0,2460.0,0.0,0.0,noche,Asientos,4.0,autoets,abordar
2025-12-09 04:00:00,troncal,Uni,Uni,0.0,0.0,0.0,4.0,2460.0,0.0,0.0,noche,Asientos,4.0,autoets,abordar
2025-12-09 04:00:00,troncal,Union,Union,0.0,0.0,0.0,4.0,2460.0,0.0,0.0,noche,Asientos,4.0,autoets,abordar
2025-12-09 04:00:00,troncal,Universidad,Universidad,0.0,0.0,0.0,4.0,2460.0,0.0,0.0,noche,Asientos,4.0,autoets,abordar
2025-12-09 05:00:00,troncal,2 de Mayo,2 de Mayo,0.0,0.0,0.0,4.0,2460.0,0.0,0.0,noche,Asientos,4.0,autoets,abordar
2025-12-09 05:00:00,troncal,22 De Agosto,22 De Agosto,193.4817645252438,164.45949984645722,222.50402920403033,4.0,2460.0,0.07865112379074951,0.10723733779088378,noche,De_pie,4.4,autoets,abordar
2025-12-09 05:00:00,troncal,28 de Julio,28 de Julio,0.0,0.0,0.0,4.0,2460.0,0.0,0.0,noche,Asientos,4.0,autoets,abordar
2025-12-09 05:00:00,troncal,Andres Belaunde,Andres Belaunde,415.0425597838633,352.7861758162838,477.2989437514427,4.0,2460.0,0.16871648771701758,0.17739223857515626,noche,Saturado,5.2,autoets,esperar_siguiente
2025-12-09 05:00:00,troncal,Andrés Reyes,Andrés Reyes,0.0,0.0,0.0,4.0,2460.0,0.0,0.0,noche,Asientos,4.0,autoets,abordar
2025-12-09 05:00:00,troncal,Angamos,Angamos,0.0,0.0,0.0,4.0,2460.0,0.0,0.0022599636931393175,noche,Asientos,4.0,autoets,abordar
2025-12-09 05:00:00,troncal,Aramburu,Aramburu,0.0,0.0,0.0,4.0,2460.0,0.0,0.0,noche,Asientos,4.0,autoets,abordar
2025-12-09 05:00:00,troncal,Balta,Balta,42.54694259397691,36.16490120488037,48.928983983073444,4.0,2460.0,0.01729550511950281,0.01729550511950281,noche,De_pie,4.4,autoets,abordar
2025-12-09 05:00:00,troncal,Benavides,Benavides,0.0,0.0,0.0,4.0,2460.0,0.0,0.0,noche,Asientos,4.0,autoets,abordar
2025-12-09 05:00:00,troncal,Bulevar,Bulevar,53.77134981833865,45.70564734558785,61.83705229108944,4.0,2460.0,0.0218582722838775,0.06283887459127019,noche,De_pie,4.4,autoets,abordar
2025-12-09 05:00:00,troncal,Canadá,Canadá,0.0,0.0,0.0,4.0,2460.0,0.0,0.0009882313455703486,noche,Asientos,4.0,autoets,abordar
2025-12-09 05:00:00,troncal,Canaval y Moreyra,Canaval y Moreyra,0.0,0.0,0.0,4.0,2460.0,0.0,0.0,noche,Asientos,4.0,autoets,abordar
2025-12-09 05:00:00,troncal,Caqueta,Caqueta,108.17582034341318,91.9494472919012,124.40219339492515,4.0,2460.0,0.043973910708704544,0.04416169130406732,noche,De_pie,4.4,autoets,abordar
2025-12-09 05:00:00,troncal,Chimpu Ocllo,Chimpu Ocllo,1222.0995147354208,1038.7845875251078,1405.4144419457339,4.0,2460.0,0.4967884206241548,0.4967884206241548,noche,Saturado,5.2,autoets,abordar
2025-12-09 05:00:00,troncal,Colmena,Colmena,37.06340456748481,31.50389388236209,42.62291525260753,4.0,2460.0,0.015066424620928784,0.015066424620928784,noche,De_pie,4.4,autoets,abordar
2025-12-09 05:00:00,troncal,Domingo Orué,Domingo Orué,0.0,0.0,0.0,4.0,2460.0,0.0,0.0,noche,Asientos,4.0,autoets,abordar
2025-12-09 05:00:00,troncal,El Milagro,El Milagro,38.27392848865811,32.53283921535939,44.01501776195682,4.0,2460.0,0.015558507515714678,0.03900608037102689,noche,De_pie,4.4,autoets,abordar
2025-12-09 05:00:00,troncal,Escuela Militar,Escuela Militar,0.0,0.0,0.0,4.0,2460.0,0.0,0.0025943257679254214,noche,Asientos,4.0,autoets,abordar
2025-12-09 05:00:00,troncal,España,España,0.0,0.0,0.0,4.0,2460.0,0.0,0.0,noche,Asientos,4.0,autoets,abordar
2025-12-09 05:00:00,troncal,Estacion Central,Estacion Central,0.0,0.0,0.0,4.0,2460.0,0.0,0.0055820562948305915,noche,Asientos,4.0,autoets,abordar
2025-12-09 05:00:00,troncal,Estadio Nacional,Estadio Nacional,0.0,0.0,0.0,4.0,2460.0,0.0,0.0,noche,Asientos,4.0,autoets,abordar
2025-12-09 05:00:00,troncal,Honorio Delgado,Honorio Delgado,0.0,0.0,0.0,4.0,2460.0,0.0,0.031894404559348,noche,De_pie,4.4,autoets,abordar
2025-12-09 05:00:00,troncal,Independencia,Independencia,301.32081279785905,256.1226908781802,346.5189347175379,4.0,2460.0,0.12248813528368253,0.14429421997701763,noche,Saturado,5.2,autoets,esperar_siguiente
2025-12-09 05:00:00,troncal,Izaguirre,Izaguirre,294.21900883458073,250.08615750939362,338.3518601597678,4.0,2460.0,0.1196012231034881,0.3087406385892297,noche,Saturado,5.2,autoets,abordar
2025-12-09 05:00:00,troncal,Javier Prado,Javier Prado,0.0,0.0,0.0,4.0,2460.0,0.0,0.0009882313455703486,noche,Asientos,4.0,autoets,abordar
2025-12-09 05:00:00,troncal,Jiron de la Unión,Jiron de la Unión,0.0,0.0,0.0,4.0,2460.0,0.0,0.006596086606305681,noche,Asientos,4.0,autoets,abordar
2025-12-09 05:00:00,troncal,Los Incas,Los Incas,583.5709135861046,496.03527654818885,671.1065506240202,4.0,2460.0,0.2372239486122376,0.38626047479948405,noche,Saturado,5.2,autoets,abordar
2025-12-09 05:00:00,troncal,Los jazmines,Los jazmines,83.21938202926114,70.73647472487197,95.7022893336503,4.0,2460.0,0.033829017085065506,0.056068138605429765,noche,De_pie,4.4,autoets,abordar
2025-12-09 05:00:00,troncal,Matellini,Matellini,453.95921407059376,385.8653319600047,522.0530961811828,4.0,2460.0,0.1845362658823552,0.18844033184640036,noche,Saturado,5.2,autoets,abordar
2025-12-09 05:00:00,troncal,México,México,16.20699406735372,13.77594495725066,18.638043177456776,4.0,2460.0,0.0065882089704689915,0.0065882089704689915,noche,Asientos,4.0,autoets,abordar
2025-12-09 05:00:00,troncal,Naranjal,Naranjal,3101.886413966162,2636.6034518712377,3567.169376061086,4.0,2460.0,1.2609294365716106,1.2637204647190259,noche,Saturado,5.2,autoets,abordar
2025-12-09 05:00:00,troncal,Naranjal Alimentador,Naranjal Alimentador,0.0,0.0,0.0,4.0,2460.0,0.0,0.1891394154857416,noche,Saturado,5.2,autoets,esperar_siguiente
2025-12-09 05:00:00,troncal,Pacifico,Pacifico,63.40078013611475,53.890663115697535,72.91089715653196,4.0,2460.0,0.025772674852079167,0.04371285831760238,noche,De_pie,4.4,autoets,abordar
2025-12-09 05:00:00,troncal,Parque del Trabajo,Parque del Trabajo,3.079601763949583,2.6176614993571454,3.54154202854202,4.0,2460.0,0.001251870635751863,0.005092323165411533,noche,Asientos,4.0,autoets,abordar
2025-12-09 05:00:00,troncal,Plaza de Flores,Plaza de Flores,0.0,0.0,0.0,4.0,2460.0,0.0,0.0,noche,Asientos,4.0,autoets,abordar
2025-12-09 05:00:00,troncal,Quilca,Quilca,0.0,0.0,0.0,4.0,2460.0,0.0,0.0,noche,Asientos,4.0,autoets,abordar
2025-12-09 05:00:00,troncal,Ramon Castilla,Ramon Castilla,88.51096425513555,75.2343196168652,101.78760889340587,4.0,2460.0,0.035980066770380306,0.14608192215583918,noche,Saturado,5.2,autoets,esperar_siguiente
2025-12-09 05:00:00,troncal,Ricardo Palma,Ricardo Palma,0.0,0.0,0.0,4.0,2460.0,0.0,0.0022599636931393175,noche,Asientos,4.0,autoets,abordar
2025-12-09 05:00:00,troncal,Rosario de Villa,Rosario de Villa,26.99319937937475,22.94421947246854,31.042179286280962,4.0,2460.0,0.010972845276168599,0.013230984448788471,noche,De_pie,4.4,autoets,abordar
2025-12-09 05:00:00,troncal,Tacna,Tacna,0.0,0.0,0.0,4.0,2460.0,0.0,0.006783867201668461,noche,Asientos,4.0,autoets,abordar
2025-12-09 05:00:00,troncal,Terán,Terán,37.03348243096591,31.478460066321023,42.588504795610795,4.0,2460.0,0.01505426115079915,0.017648586918724573,noche,De_pie,4.4,autoets,abordar
2025-12-09 05:00:00,troncal,Tomas Valle,Tomas Valle,460.0848132868887,391.07209129385535,529.0975352799219,4.0,2460.0,0.18702634686458888,0.19443447555470592,noche,Saturado,5.2,autoets,esperar_siguiente
2025-12-09 05:00:00,troncal,Uni,Uni,62.98342148641859,53.5359082634558,72.43093470938138,4.0,2460.0,0.025603016864397803,0.05599074502144334,noche,De_pie,4.4,autoets,abordar
2025-12-09 05:00:00,troncal,Union,Union,21.115347081179337,17.948045019002436,24.282649143356235,4.0,2460.0,0.008583474423243634,0.0379098410970222,noche,De_pie,4.4,autoets,abordar
2025-12-09 05:00:00,troncal,Universidad,Universidad,45.77286161761086,38.90693237496923,52.638790860252485,4.0,2460.0,0.018606854316101974,0.04220219145332683,noche,De_pie,4.4,autoets,abordar
2025-12-09 06:00:00,troncal,2 de Mayo,2 de Mayo,11.897301743880718,10.11270648229861,13.681897005462824,4.0,2460.0,0.0048363015219027305,0.00532140236488136,punta_am,Asientos,4.0,autoets,abordar
2025-12-09 06:00:00,troncal,22 De Agosto,22 De Agosto,670.8697538539532,570.2392907758601,771.5002169320461,4.0,2460.0,0.2727112820544525,0.34680474566913394,punta_am,De_pie,4.4,autoets,abordar
2025-12-09 06:00:00,troncal,28 de Julio,28 de Julio,0.0,0.0,0.0,4.0,2460.0,0.0,0.0,punta_am,Asientos,4.0,autoets,abordar
2025-12-09 06:00:00,troncal,Andres Belaunde,Andres Belaunde,1130.7809922690142,961.1638434286621,1300.3981411093662,4.0,2460.0,0.45966707002805457,0.4871755829377238,punta_am,De_pie,4.4,autoets,abordar
2025-12-09 06:00:00,troncal,Andrés Reyes,Andrés Reyes,0.0,0.0,0.0,4.0,2460.0,0.0,0.0,punta_am,Asientos,4.0,autoets,abordar
2025-12-09 06:00:00,troncal,Angamos,Angamos,0.0,0.0,0.0,4.0,2460.0,0.0,0.005944626164288564,punta_am,Asientos,4.0,autoets,abordar
2025-12-09 06:00:00,troncal,Aramburu,Aramburu,0.0,0.0,0.0,4.0,2460.0,0.0,0.0007254452282854096,punta_am,Asientos,4.0,autoets,abordar
2025-12-09 06:00:00,troncal,Balta,Balta,154.24370404959137,131.10714844215266,177.38025965703005,4.0,2460.0,0.06270069270308593,0.06995663644685876,punta_am,Asientos,4.0,autoets,abordar
2025-12-09 06:00:00,troncal,Benavides,Benavides,0.0,0.0,0.0,4.0,2460.0,0.0,0.0,punta_am,Asientos,4.0,autoets,abordar
2025-12-09 06:00:00,troncal,Bulevar,Bulevar,84.35181101176147,71.69903935999724,97.00458266352568,4.0,2460.0,0.03428935406982173,0.12278370650792816,punta_am,Asientos,4.0,autoets,abordar
2025-12-09 06:00:00,troncal,Canadá,Canadá,7.95565382484952,6.762305751122092,9.149001898576948,4.0,2460.0,0.0032340056198575285,0.01188636100184106,punta_am,Asientos,4.0,autoets,abordar
2025-12-09 06:00:00,troncal,Canaval y Moreyra,Canaval y Moreyra,0.0,0.0,0.0,4.0,2460.0,0.0,0.0007254452282854096,punta_am,Asientos,4.0,autoets,abordar
2025-12-09 06:00:00,troncal,Caqueta,Caqueta,352.32668226861693,299.4776799283244,405.1756846089094,4.0,2460.0,0.14322222856447842,0.14939692460284137,punta_am,Asientos,4.0,autoets,abordar
2025-12-09 06:00:00,troncal,Chimpu Ocllo,Chimpu Ocllo,2431.9833457745463,2067.1858439083644,2796.780847640728,4.0,2460.0,0.9886111161685147,0.9886111161685147,punta_am,Saturado,5.2,autoets,abordar
2025-12-09 06:00:00,troncal,Colmena,Colmena,86.16445873023093,73.2397899206963,99.08912753976557,4.0,2460.0,0.035026202735866235,0.03571689848977486,punta_am,Asientos,4.0,autoets,abordar
2025-12-09 06:00:00,troncal,Domingo Orué,Domingo Orué,11.327410364101517,9.628298809486289,13.026521918716744,4.0,2460.0,0.004604638359390861,0.004604638359390861,punta_am,Asientos,4.0,autoets,abordar
2025-12-09 06:00:00,troncal,El Milagro,El Milagro,158.08594165094456,134.37305040330287,181.79883289858623,4.0,2460.0,0.06426257790688804,0.11626855859650524,punta_am,Asientos,4.0,autoets,abordar
2025-12-09 06:00:00,troncal,Escuela Militar,Escuela Militar,12.245067917893609,10.408307730209566,14.08182810557765,4.0,2460.0,0.004977669885322605,0.02163871753455833,punta_am,Asientos,4.0,autoets,abordar
2025-12-09 06:00:00,troncal,España,España,27.73179929968657,23.572029404733584,31.891569194639555,4.0,2460.0,0.011273089146214053,0.013055774094568165,punta_am,Asientos,4.0,autoets,abordar
2025-12-09 06:00:00,troncal,Estacion Central,Estacion Central,0.0,0.0,0.0,4.0,2460.0,0.0,0.02715211287865386,punta_am,Asientos,4.0,autoets,abordar
2025-12-09 06:00:00,troncal,Estadio Nacional,Estadio Nacional,12.328378263248425,10.47912152376116,14.177635002735688,4.0,2460.0,0.005011535879369278,0.006702499251301386,punta_am,Asientos,4.0,autoets,abordar
2025-12-09 06:00:00,troncal,Honorio Delgado,Honorio Delgado,49.878092148393975,42.39637832613488,57.35980597065306,4.0,2460.0,0.020275647214794298,0.15637458711490934,punta_am,Asientos,4.0,autoets,abordar
2025-12-09 06:00:00,troncal,Independencia,Independencia,661.2623494174723,562.0729970048513,760.451701830093,4.0,2460.0,0.26880583309653344,0.3541833679865285,punta_am,De_pie,4.4,autoets,abordar
2025-12-09 06:00:00,troncal,Izaguirre,Izaguirre,1216.782747795644,1034.2653356262972,1399.3001599649904,4.0,2460.0,0.49462713325026175,1.121247075497483,punta_am,Saturado,5.2,autoets,abordar
2025-12-09 06:00:00,troncal,Javier Prado,Javier Prado,0.0,0.0,0.0,4.0,2460.0,0.0,0.008385725843056769,punta_am,Asientos,4.0,autoets,abordar
2025-12-09 06:00:00,troncal,Jiron de la Unión,Jiron de la Unión,29.23603315300744,24.850628180056322,33.621438125958555,4.0,2460.0,0.011884566322360748,0.034591520864656014,punta_am,Asientos,4.0,autoets,abordar
2025-12-09 06:00:00,troncal,Los Incas,Los Incas,1084.5195792781324,921.8416423864124,1247.1975161698522,4.0,2460.0,0.44086161759273673,0.7374449524432911,punta_am,Saturado,5.2,autoets,esperar_siguiente
2025-12-09 06:00:00,troncal,Los jazmines,Los jazmines,191.63573389224996,162.89037380841245,220.38109397608744,4.0,2460.0,0.07790070483424795,0.1294050447011838,punta_am,Asientos,4.0,autoets,abordar
2025-12-09 06:00:00,troncal,Matellini,Matellini,2403.8814699329387,2043.2992494429977,2764.463690422879,4.0,2460.0,0.9771875894036336,0.9966995720627868,punta_am,Saturado,5.2,autoets,abordar
2025-12-09 06:00:00,troncal,México,México,129.5702500012815,110.13471250108927,149.00578750147372,4.0,2460.0,0.052670833333854264,0.055113527087691766,punta_am,Asientos,4.0,autoets,abordar
2025-12-09 06:00:00,troncal,Naranjal,Naranjal,10273.450344356479,8732.432792703006,11814.46789600995,4.0,2460.0,4.176199326974179,4.189775383413505,punta_am,Saturado,5.2,autoets,abordar
2025-12-09 06:00:00,troncal,Naranjal Alimentador,Naranjal Alimentador,3.116708497948906,2.64920222325657,3.584214772641242,4.0,2460.0,0.0012669546739629699,0.6276968537200898,punta_am,De_pie,4.4,autoets,abordar
2025-12-09 06:00:00,troncal,Pacifico,Pacifico,183.40882440027553,155.8975007402342,210.92014806031685,4.0,2460.0,0.07455643268303884,0.14894054587167255,punta_am,Asientos,4.0,autoets,abordar
2025-12-09 06:00:00,troncal,Parque del Trabajo,Parque del Trabajo,51.38692288075864,43.678884448644844,59.09496131287243,4.0,2460.0,0.020888993040958797,0.06245436422279725,punta_am,Asientos,4.0,autoets,abordar
2025-12-09 06:00:00,troncal,Plaza de Flores,Plaza de Flores,118.99747739787455,101.14785578819337,136.84709900755573,4.0,2460.0,0.048372958291818924,0.048372958291818924,punta_am,Asientos,4.0,autoets,abordar
2025-12-09 06:00:00,troncal,Quilca,Quilca,0.0,0.0,0.0,4.0,2460.0,0.0,0.003006305205977614,punta_am,Asientos,4.0,autoets,abordar
2025-12-09 06:00:00,troncal,Ramon Castilla,Ramon Castilla,366.78780070681324,311.76963060079123,421.8059708128352,4.0,2460.0,0.14910073199463952,0.3635216420588272,punta_am,De_pie,4.4,autoets,abordar
2025-12-09 06:00:00,troncal,Ricardo Palma,Ricardo Palma,0.0,0.0,0.0,4.0,2460.0,0.0,0.005253930410379935,punta_am,Asientos,4.0,autoets,abordar
2025-12-09 06:00:00,troncal,Rosario de Villa,Rosario de Villa,110.89228991709311,94.25844642952914,127.52613340465706,4.0,2460.0,0.04507816663296468,0.05857507477997158,punta_am,Asientos,4.0,autoets,abordar
2025-12-09 06:00:00,troncal,Tacna,Tacna,20.067372225025423,17.057266391271607,23.077478058779235,4.0,2460.0,0.008157468384156676,0.032774151624972256,punta_am,Asientos,4.0,autoets,abordar
2025-12-09 06:00:00,troncal,Terán,Terán,209.10422569301963,177.7385918390667,240.46985954697254,4.0,2460.0,0.0850017177613901,0.09515347214965138,punta_am,Asientos,4.0,autoets,abordar
2025-12-09 06:00:00,troncal,Tomas Valle,Tomas Valle,1600.22861912813,1360.1943262589105,1840.2629119973494,4.0,2460.0,0.6504994386699716,0.671823931081142,punta_am,De_pie,4.4,autoets,abordar
2025-12-09 06:00:00,troncal,Uni,Uni,631.7939952337567,537.0248959486933,726.5630945188202,4.0,2460.0,0.2568268273307954,0.36404112981732434,punta_am,De_pie,4.4,autoets,abordar
2025-12-09 06:00:00,troncal,Union,Union,142.5253488770091,121.14654654545772,163.90415120856045,4.0,2460.0,0.057937133689841096,0.21127699709533082,punta_am,De_pie,4.4,autoets,abordar
2025-12-09 06:00:00,troncal,Universidad,Universidad,222.64732560496165,189.2502267642174,256.0444244457059,4.0,2460.0,0.0905070429288462,0.17232042754518195,punta_am,Asientos,4.0,autoets,abordar
2025-12-09 07:00:00,troncal,2 de Mayo,2 de Mayo,182.78075258458816,155.36363969689992,210.19786547227636,4.0,2460.0,0.07430111893682445,0.08837082872600197,punta_am,Asientos,4.0,autoets,abordar
2025-12-09 07:00:00,troncal,22 De Agosto,22 De Agosto,742.4422623409423,631.0759229898009,853.8086016920836,4.0,2460.0,0.30180579769957006,0.3578711630780949,punta_am,De_pie,4.4,autoets,abordar
2025-12-09 07:00:00,troncal,28 de Julio,28 de Julio,31.1636924107191,26.489138549111235,35.83824627232696,4.0,2460.0,0.01266816764663378,0.029557031930762326,punta_am,Asientos,4.0,autoets,abordar
2025-12-09 07:00:00,troncal,Andres Belaunde,Andres Belaunde,801.0007067197608,680.8506007117967,921.1508127277249,4.0,2460.0,0.3256100433820166,0.3718414089243446,punta_am,De_pie,4.4,autoets,abordar
2025-12-09 07:00:00,troncal,Andrés Reyes,Andrés Reyes,0.0,0.0,0.0,4.0,2460.0,0.0,0.0,punta_am,Asientos,4.0,autoets,abordar
2025-12-09 07:00:00,troncal,Angamos,Angamos,276.9773742597082,235.43076812075196,318.5239803986644,4.0,2460.0,0.112592428560857,0.12418617549551059,punta_am,Asientos,4.0,autoets,abordar
2025-12-09 07:00:00,troncal,Aramburu,Aramburu,0.0,0.0,0.0,4.0,2460.0,0.0,0.011145167840523667,punta_am,Asientos,4.0,autoets,abordar
2025-12-09 07:00:00,troncal,Balta,Balta,279.2399813379485,237.35398413725622,321.12597853864077,4.0,2460.0,0.11351218753575143,0.1474234855590005,punta_am,Asientos,4.0,autoets,abordar
2025-12-09 07:00:00,troncal,Benavides,Benavides,45.25849938634721,38.46972447839513,52.047274294299285,4.0,2460.0,0.018397763978189922,0.02029798912518499,punta_am,Asientos,4.0,autoets,abordar
2025-12-09 07:00:00,troncal,Bulevar,Bulevar,118.47128548804677,100.70059266483976,136.24197831125377,4.0,2460.0,0.04815905914148243,0.13670295193531817,punta_am,Asientos,4.0,autoets,abordar
2025-12-09 07:00:00,troncal,Canadá,Canadá,230.74324054251124,196.13175446113456,265.3547266238879,4.0,2460.0,0.09379806526118344,0.11870862667838526,punta_am,Asientos,4.0,autoets,abordar
2025-12-09 07:00:00,troncal,Canaval y Moreyra,Canaval y Moreyra,0.0,0.0,0.0,4.0,2460.0,0.0,0.011145167840523667,punta_am,Asientos,4.0,autoets,abordar
2025-12-09 07:00:00,troncal,Caqueta,Caqueta,530.2764071425049,450.7349460711292,609.8178682138806,4.0,2460.0,0.21555951509857924,0.2267455415549498,punta_am,De_pie,4.4,autoets,abordar
2025-12-09 07:00:00,troncal,Chimpu Ocllo,Chimpu Ocllo,2101.8337192555787,1786.5586613672417,2417.108777143915,4.0,2460.0,0.8544039509169019,0.8544039509169019,punta_am,Saturado,5.2,autoets,esperar_siguiente
2025-12-09 07:00:00,troncal,Colmena,Colmena,119.03651931165578,101.18104141490741,136.89199720840415,4.0,2460.0,0.04838882898847796,0.052724251574859854,punta_am,Asientos,4.0,autoets,abordar
2025-12-09 07:00:00,troncal,Domingo Orué,Domingo Orué,71.10093041666303,60.43579085416358,81.76606997916248,4.0,2460.0,0.02890281724254595,0.02890281724254595,punta_am,Asientos,4.0,autoets,abordar
2025-12-09 07:00:00,troncal,El Milagro,El Milagro,227.1520205897597,193.07921750129574,261.22482367822363,4.0,2460.0,0.09233821975193483,0.14811724170368637,punta_am,Asientos,4.0,autoets,abordar
2025-12-09 07:00:00,troncal,Escuela Militar,Escuela Militar,37.419241488048115,31.806355264840896,43.03212771125533,4.0,2460.0,0.015211073775629315,0.06338953533251261,punta_am,Asientos,4.0,autoets,abordar
2025-12-09 07:00:00,troncal,España,España,369.9627796649502,314.46836271520766,425.4571966146927,4.0,2460.0,0.15039137384754073,0.16070195171247398,punta_am,Asientos,4.0,autoets,abordar
2025-12-09 07:00:00,troncal,Estacion Central,Estacion Central,233.60461481731562,198.56392259471826,268.64530703991295,4.0,2460.0,0.09496122553549416,0.12256450901251503,punta_am,Asientos,4.0,autoets,abordar
2025-12-09 07:00:00,troncal,Estadio Nacional,Estadio Nacional,139.40035771325392,118.49030405626583,160.310411370242,4.0,2460.0,0.056666812078558504,0.0838973502412991,punta_am,Asientos,4.0,autoets,abordar
2025-12-09 07:00:00,troncal,Honorio Delgado,Honorio Delgado,82.0839334147548,69.77134340254158,94.396523426968,4.0,2460.0,0.0333674526076239,0.23840963355746325,punta_am,De_pie,4.4,autoets,abordar
2025-12-09 07:00:00,troncal,Independencia,Independencia,741.9244515766159,630.6357838401235,853.2131193131082,4.0,2460.0,0.30159530551894953,0.41574774348904553,punta_am,De_pie,4.4,autoets,abordar
2025-12-09 07:00:00,troncal,Izaguirre,Izaguirre,1647.8771753868145,1400.6955990787924,1895.0587516948365,4.0,2460.0,0.669868770482445,1.3605275637559926,punta_am,Saturado,5.2,autoets,abordar
2025-12-09 07:00:00,troncal,Javier Prado,Javier Prado,0.0,0.0,0.0,4.0,2460.0,0.0,0.03048024939459556,punta_am,Asientos,4.0,autoets,abordar
2025-12-09 07:00:00,troncal,Jiron de la Unión,Jiron de la Unión,92.47543078090993,78.60411616377344,106.34674539804641,4.0,2460.0,0.037591638528825175,0.0748878358698481,punta_am,Asientos,4.0,autoets,abordar
2025-12-09 07:00:00,troncal,Los Incas,Los Incas,812.3967324127739,690.5372225508578,934.2562422746898,4.0,2460.0,0.3302425741515341,0.5865637594266047,punta_am,De_pie,4.4,autoets,abordar
2025-12-09 07:00:00,troncal,Los jazmines,Los jazmines,172.85150843210943,146.923782167293,198.7792346969258,4.0,2460.0,0.07026484082606074,0.12917625905163244,punta_am,Asientos,4.0,autoets,abordar
2025-12-09 07:00:00,troncal,Matellini,Matellini,3477.3664747802986,2955.761503563254,3998.971445997343,4.0,2460.0,1.4135636076342677,1.4433512816941587,punta_am,Saturado,5.2,autoets,abordar
2025-12-09 07:00:00,troncal,México,México,269.13284952885596,228.76292209952754,309.5027769581843,4.0,2460.0,0.10940359736945364,0.14046232525836852,punta_am,Asientos,4.0,autoets,abordar
2025-12-09 07:00:00,troncal,Naranjal,Naranjal,11317.830762455022,9620.156148086768,13015.505376823274,4.0,2460.0,4.60074421238009,4.628790037948924,punta_am,Saturado,5.2,autoets,abordar
2025-12-09 07:00:00,troncal,Naranjal Alimentador,Naranjal Alimentador,8.97344723115899,7.627430146485142,10.319464315832839,4.0,2460.0,0.003647742776893899,0.7080035584642316,punta_am,Saturado,5.2,autoets,esperar_siguiente
2025-12-09 07:00:00,troncal,Pacifico,Pacifico,224.22280732276,190.589386224346,257.85622842117397,4.0,2460.0,0.09114748265152846,0.1921749596404293,punta_am,Asientos,4.0,autoets,abordar
2025-12-09 07:00:00,troncal,Parque del Trabajo,Parque del Trabajo,101.36690046972231,86.16186539926396,116.57193554018065,4.0,2460.0,0.041206057101513135,0.12285283784318932,punta_am,Asientos,4.0,autoets,abordar
2025-12-09 07:00:00,troncal,Plaza de Flores,Plaza de Flores,510.8867881949377,434.253769965697,587.5198064241783,4.0,2460.0,0.20767755617680395,0.2123374459205275,punta_am,De_pie,4.4,autoets,abordar
2025-12-09 07:00:00,troncal,Quilca,Quilca,76.61804620399553,65.12533927339621,88.11075313459486,4.0,2460.0,0.03114554723739656,0.04174656309295638,punta_am,Asientos,4.0,autoets,abordar
2025-12-09 07:00:00,troncal,Ramon Castilla,Ramon Castilla,639.7231094061326,543.7646429952127,735.6815758170525,4.0,2460.0,0.2600500444740376,0.43774702323430303,punta_am,De_pie,4.4,autoets,abordar
2025-12-09 07:00:00,troncal,Ricardo Palma,Ricardo Palma,0.0,0.0,0.0,4.0,2460.0,0.0,0.02414718863240024,punta_am,Asientos,4.0,autoets,abordar
2025-12-09 07:00:00,troncal,Rosario de Villa,Rosario de Villa,131.895527847491,112.11119867036734,151.67985702461462,4.0,2460.0,0.053616068230687396,0.07764299312231966,punta_am,Asientos,4.0,autoets,abordar
2025-12-09 07:00:00,troncal,Tacna,Tacna,81.38122925027108,69.17404486273041,93.58841363781173,4.0,2460.0,0.03308180050824028,0.07159663633825414,punta_am,Asientos,4.0,autoets,abordar
2025-12-09 07:00:00,troncal,Terán,Terán,356.622326734721,303.1289777245129,410.11567574492915,4.0,2460.0,0.1449684255019191,0.1642769146986262,punta_am,Asientos,4.0,autoets,abordar
2025-12-09 07:00:00,troncal,Tomas Valle,Tomas Valle,2105.7684968286308,1789.9032223043362,2421.633771352925,4.0,2460.0,0.8560034539953784,0.8803939130820777,punta_am,Saturado,5.2,autoets,esperar_siguiente
2025-12-09 07:00:00,troncal,Uni,Uni,1256.9232707487347,1068.3847801364245,1445.4617613610449,4.0,2460.0,0.5109444190035507,0.6531956700656476,punta_am,De_pie,4.4,autoets,abordar
2025-12-09 07:00:00,troncal,Union,Union,247.3304107697891,210.23084915432074,284.42997238525743,4.0,2460.0,0.10054081738609313,0.32061776876583636,punta_am,De_pie,4.4,autoets,abordar
2025-12-09 07:00:00,troncal,Universidad,Universidad,226.3469245115711,192.39488583483543,260.29896318830674,4.0,2460.0,0.0920109449234029,0.18255268423327392,punta_am,Asientos,4.0,autoets,abordar
2025-12-09 08:00:00,troncal,2 de Mayo,2 de Mayo,187.8916414802558,159.70789525821743,216.07538770229417,4.0,2460.0,0.07637871604888447,0.09333757968082498,punta_am,Asientos,4.0,autoets,abordar
2025-12-09 08:00:00,troncal,22 De Agosto,22 De Agosto,332.3777120686813,282.52105525837914,382.2343688789835,4.0,2460.0,0.1351128910848298,0.17603955840350852,punta_am,Asientos,4.0,autoets,abordar
2025-12-09 08:00:00,troncal,28 de Julio,28 de Julio,40.26905175123689,34.228693988551356,46.30940951392242,4.0,2460.0,0.016369533232210118,0.035965692347244366,punta_am,Asientos,4.0,autoets,abordar
2025-12-09 08:00:00,troncal,Andres Belaunde,Andres Belaunde,547.5271896850725,465.3981112323116,629.6562681378333,4.0,2460.0,0.22257202832726522,0.26174655569294725,punta_am,De_pie,4.4,autoets,abordar
2025-12-09 08:00:00,troncal,Andrés Reyes,Andrés Reyes,0.0,0.0,0.0,4.0,2460.0,0.0,0.0,punta_am,Asientos,4.0,autoets,abordar
2025-12-09 08:00:00,troncal,Angamos,Angamos,297.1229062658614,252.55447032598218,341.69134220574057,4.0,2460.0,0.12078166921376479,0.13416393407385313,punta_am,Asientos,4.0,autoets,abordar
2025-12-09 08:00:00,troncal,Aramburu,Aramburu,0.0,0.0,0.0,4.0,2460.0,0.0,0.011456807407332669,punta_am,Asientos,4.0,autoets,abordar
2025-12-09 08:00:00,troncal,Balta,Balta,229.89377133802512,195.40970563732134,264.37783703872884,4.0,2460.0,0.09345275257643297,0.13253047589551623,punta_am,Asientos,4.0,autoets,abordar
2025-12-09 08:00:00,troncal,Benavides,Benavides,68.99388375683773,58.64480119331207,79.34296632036339,4.0,2460.0,0.02804629421009664,0.031980632927897684,punta_am,Asientos,4.0,autoets,abordar
2025-12-09 08:00:00,troncal,Bulevar,Bulevar,123.67015434125872,105.11963119006991,142.22067749244752,4.0,2460.0,0.05027242046392631,0.11554509513175741,punta_am,Asientos,4.0,autoets,abordar
2025-12-09 08:00:00,troncal,Canadá,Canadá,278.12536356382464,236.40655902925093,319.8441680983983,4.0,2460.0,0.11305909087960352,0.1415302853238306,punta_am,Asientos,4.0,autoets,abordar
2025-12-09 08:00:00,troncal,Canaval y Moreyra,Canaval y Moreyra,0.0,0.0,0.0,4.0,2460.0,0.0,0.011456807407332669,punta_am,Asientos,4.0,autoets,abordar
2025-12-09 08:00:00,troncal,Caqueta,Caqueta,412.7104092587507,350.80384786993807,474.6169706475633,4.0,2460.0,0.16776845904827264,0.17515717959435773,punta_am,Asientos,4.0,autoets,abordar
2025-12-09 08:00:00,troncal,Chimpu Ocllo,Chimpu Ocllo,1190.5751706030646,1011.9888950126049,1369.1614461935242,4.0,2460.0,0.4839736465866116,0.4839736465866116,punta_am,De_pie,4.4,autoets,abordar
2025-12-09 08:00:00,troncal,Colmena,Colmena,147.98362838299408,125.78608412554497,170.18117264044318,4.0,2460.0,0.060155946497152064,0.06451481938266758,punta_am,Asientos,4.0,autoets,abordar
2025-12-09 08:00:00,troncal,Domingo Orué,Domingo Orué,71.48551532245452,60.76268802408634,82.20834262082269,4.0,2460.0,0.029059152570103462,0.029059152570103462,punta_am,Asientos,4.0,autoets,abordar
2025-12-09 08:00:00,troncal,El Milagro,El Milagro,138.69212885159686,117.88830952385733,159.49594817933638,4.0,2460.0,0.056378914167315795,0.09381581630130625,punta_am,Asientos,4.0,autoets,abordar
2025-12-09 08:00:00,troncal,Escuela Militar,Escuela Militar,35.49277660076467,30.16886011064997,40.81669309087937,4.0,2460.0,0.014427957967790516,0.06331665004182421,punta_am,Asientos,4.0,autoets,abordar
2025-12-09 08:00:00,troncal,España,España,370.0137816827021,314.51171443029676,425.51584893510733,4.0,2460.0,0.15041210637508215,0.1620887245226409,punta_am,Asientos,4.0,autoets,abordar
2025-12-09 08:00:00,troncal,Estacion Central,Estacion Central,317.74862659515554,270.0863326058822,365.4109205844288,4.0,2460.0,0.12916610837201445,0.145063775913791,punta_am,Asientos,4.0,autoets,abordar
2025-12-09 08:00:00,troncal,Estadio Nacional,Estadio Nacional,155.70258065339834,132.3471935553886,179.05796775140809,4.0,2460.0,0.06329373197292616,0.09137118942473782,punta_am,Asientos,4.0,autoets,abordar
2025-12-09 08:00:00,troncal,Honorio Delgado,Honorio Delgado,54.618507797694974,46.42573162804073,62.81128396734922,4.0,2460.0,0.02220264544621747,0.16756566283328175,punta_am,Asientos,4.0,autoets,abordar
2025-12-09 08:00:00,troncal,Independencia,Independencia,480.98872411226284,408.84041549542343,553.1370327291022,4.0,2460.0,0.19552387159035076,0.264055105160075,punta_am,De_pie,4.4,autoets,abordar
2025-12-09 08:00:00,troncal,Izaguirre,Izaguirre,954.0916466182433,810.9778996255068,1097.2053936109796,4.0,2460.0,0.38784213277164364,0.8431690363809169,punta_am,Saturado,5.2,autoets,esperar_siguiente
2025-12-09 08:00:00,troncal,Javier Prado,Javier Prado,0.0,0.0,0.0,4.0,2460.0,0.0,0.035935998280228705,punta_am,Asientos,4.0,autoets,abordar
2025-12-09 08:00:00,troncal,Jiron de la Unión,Jiron de la Unión,101.04001709295426,85.88401452901111,116.19601965689739,4.0,2460.0,0.04107317768006271,0.07224179494895142,punta_am,Asientos,4.0,autoets,abordar
2025-12-09 08:00:00,troncal,Los Incas,Los Incas,551.6797700965036,468.92780458202805,634.4317356109791,4.0,2460.0,0.22426006914492017,0.3694521631209037,punta_am,De_pie,4.4,autoets,abordar
2025-12-09 08:00:00,troncal,Los jazmines,Los jazmines,132.97647088518076,113.03000025240364,152.92294151795787,4.0,2460.0,0.054055475969585674,0.09373897036211601,punta_am,Asientos,4.0,autoets,abordar
2025-12-09 08:00:00,troncal,Matellini,Matellini,2766.9010673370763,2351.865907236515,3181.9362274376376,4.0,2460.0,1.1247565314378358,1.1485637333393919,punta_am,Saturado,5.2,autoets,esperar_siguiente
2025-12-09 08:00:00,troncal,México,México,311.22500823192615,264.5412569971372,357.908759466715,4.0,2460.0,0.12651423098858786,0.1585701067407891,punta_am,Asientos,4.0,autoets,abordar
2025-12-09 08:00:00,troncal,Naranjal,Naranjal,7462.057744242127,6342.749082605808,8581.366405878445,4.0,2460.0,3.033356806602491,3.0606805566291815,punta_am,Saturado,5.2,autoets,abordar
2025-12-09 08:00:00,troncal,Naranjal Alimentador,Naranjal Alimentador,5.303474949954011,4.507953707460909,6.098996192447112,4.0,2460.0,0.0021558841259975655,0.4765343213721733,punta_am,De_pie,4.4,autoets,abordar
2025-12-09 08:00:00,troncal,Pacifico,Pacifico,169.82058392523487,144.34749633644964,195.29367151402008,4.0,2460.0,0.06903275769318491,0.1275324602278311,punta_am,Asientos,4.0,autoets,abordar
2025-12-09 08:00:00,troncal,Parque del Trabajo,Parque del Trabajo,66.55650915810017,56.57303278438514,76.53998553181519,4.0,2460.0,0.027055491527682995,0.08380114115660797,punta_am,Asientos,4.0,autoets,abordar
2025-12-09 08:00:00,troncal,Plaza de Flores,Plaza de Flores,571.8807786761276,486.0986618747085,657.6628954775467,4.0,2460.0,0.2324718612504584,0.23913423536680442,punta_am,De_pie,4.4,autoets,abordar
2025-12-09 08:00:00,troncal,Quilca,Quilca,90.45652052700916,76.88804244795779,104.02499860606052,4.0,2460.0,0.03677094330366226,0.04893526836731947,punta_am,Asientos,4.0,autoets,abordar
2025-12-09 08:00:00,troncal,Ramon Castilla,Ramon Castilla,518.7920944559264,440.9732802875374,596.6109086243154,4.0,2460.0,0.21089109530728717,0.31712615266701694,punta_am,De_pie,4.4,autoets,abordar
2025-12-09 08:00:00,troncal,Ricardo Palma,Ricardo Palma,24.254103220700273,20.61598773759523,27.892218703805312,4.0,2460.0,0.009859391553130193,0.03700003390976772,punta_am,Asientos,4.0,autoets,abordar
2025-12-09 08:00:00,troncal,Rosario de Villa,Rosario de Villa,104.94266474108133,89.20126502991913,120.68406445224352,4.0,2460.0,0.042659619813447694,0.06223207243815519,punta_am,Asientos,4.0,autoets,abordar
2025-12-09 08:00:00,troncal,Tacna,Tacna,98.45491395102397,83.68667685837038,113.22315104367756,4.0,2460.0,0.04002232274431869,0.06924591533071203,punta_am,Asientos,4.0,autoets,abordar
2025-12-09 08:00:00,troncal,Terán,Terán,285.4954464444384,242.67112947777264,328.31976341110413,4.0,2460.0,0.11605505953025952,0.13223716611189304,punta_am,Asientos,4.0,autoets,abordar
2025-12-09 08:00:00,troncal,Tomas Valle,Tomas Valle,1507.9433390311797,1281.7518381765026,1734.1348398858565,4.0,2460.0,0.6129850971671462,0.6295502556876814,punta_am,De_pie,4.4,autoets,abordar
2025-12-09 08:00:00,troncal,Uni,Uni,876.0101461166746,744.6086241991734,1007.4116680341757,4.0,2460.0,0.35610168541328235,0.45650628711345165,punta_am,De_pie,4.4,autoets,abordar
2025-12-09 08:00:00,troncal,Union,Union,192.1775028335427,163.35087740851128,221.00412825857407,4.0,2460.0,0.07812093611119622,0.25323335879888875,punta_am,De_pie,4.4,autoets,abordar
2025-12-09 08:00:00,troncal,Universidad,Universidad,130.36087384256768,110.80674276618252,149.91500491895283,4.0,2460.0,0.05299222513925515,0.09352609246470409,punta_am,Asientos,4.0,autoets,abordar
2025-12-09 09:00:00,troncal,2 de Mayo,2 de Mayo,33.43979664057394,28.423827144487845,38.455766136660024,4.0,2460.0,0.013593413268525992,0.022170796077350965,punta_am,Asientos,4.0,autoets,abordar
2025-12-09 09:00:00,troncal,22 De Agosto,22 De Agosto,134.30351152555608,114.15798479672266,154.44903825438948,4.0,2460.0,0.05459492338437239,0.08995239446548003,punta_am,Asientos,4.0,autoets,abordar
2025-12-09 09:00:00,troncal,28 de Julio,28 de Julio,14.402179652247476,12.241852704410354,16.562506600084596,4.0,2460.0,0.00585454457408434,0.019505323810715642,punta_am,Asientos,4.0,autoets,abordar
2025-12-09 09:00:00,troncal,Andres Belaunde,Andres Belaunde,470.6141733704569,400.02204736488835,541.2062993760254,4.0,2460.0,0.19130657454083613,0.20985502503314424,punta_am,De_pie,4.4,autoets,abordar
2025-12-09 09:00:00,troncal,Andrés Reyes,Andrés Reyes,0.0,0.0,0.0,4.0,2460.0,0.0,0.0,punta_am,Asientos,4.0,autoets,abordar
2025-12-09 09:00:00,troncal,Angamos,Angamos,196.43944648360372,166.97352951106316,225.90536345614424,4.0,2460.0,0.0798534335299202,0.09037642348427938,punta_am,Asientos,4.0,autoets,abordar
2025-12-09 09:00:00,troncal,Aramburu,Aramburu,0.0,0.0,0.0,4.0,2460.0,0.0,0.0020390119902788987,punta_am,Asientos,4.0,autoets,abordar
2025-12-09 09:00:00,troncal,Balta,Balta,186.0827725331323,158.17035665316246,213.99518841310214,4.0,2460.0,0.07564340346875296,0.09022815102582912,punta_am,Asientos,4.0,autoets,abordar
2025-12-09 09:00:00,troncal,Benavides,Benavides,0.0,0.0,0.0,4.0,2460.0,0.0,0.0025509458932559204,punta_am,Asientos,4.0,autoets,abordar
2025-12-09 09:00:00,troncal,Bulevar,Bulevar,109.24835235970846,92.8610995057522,125.63560521366472,4.0,2460.0,0.04440989933321482,0.08315113799101624,punta_am,Asientos,4.0,autoets,abordar
2025-12-09 09:00:00,troncal,Canadá,Canadá,140.6690780647296,119.56871635502016,161.76943977443904,4.0,2460.0,0.05718255205883317,0.07337722763244028,punta_am,Asientos,4.0,autoets,abordar
2025-12-09 09:00:00,troncal,Canaval y Moreyra,Canaval y Moreyra,0.0,0.0,0.0,4.0,2460.0,0.0,0.0020390119902788987,punta_am,Asientos,4.0,autoets,abordar
2025-12-09 09:00:00,troncal,Caqueta,Caqueta,206.86487726795372,175.83514567776066,237.89460885814677,4.0,2460.0,0.08409141352355842,0.08996016814558556,punta_am,Asientos,4.0,autoets,abordar
2025-12-09 09:00:00,troncal,Chimpu Ocllo,Chimpu Ocllo,930.1856284500891,790.6577841825757,1069.7134727176024,4.0,2460.0,0.3781242392073533,0.3781242392073533,punta_am,De_pie,4.4,autoets,abordar
2025-12-09 09:00:00,troncal,Colmena,Colmena,124.33161202456338,105.68187022087888,142.98135382824788,4.0,2460.0,0.050541305701042025,0.05348309980024489,punta_am,Asientos,4.0,autoets,abordar
2025-12-09 09:00:00,troncal,Domingo Orué,Domingo Orué,48.245423226927,41.00860974288795,55.48223671096605,4.0,2460.0,0.01961196066135244,0.01961196066135244,punta_am,Asientos,4.0,autoets,abordar
2025-12-09 09:00:00,troncal,El Milagro,El Milagro,90.391316726825,76.83261921780125,103.95001423584874,4.0,2460.0,0.0367444376938313,0.06251381749098608,punta_am,Asientos,4.0,autoets,abordar
2025-12-09 09:00:00,troncal,Escuela Militar,Escuela Militar,35.5784796375502,30.24170769191767,40.91525158318273,4.0,2460.0,0.014462796600630164,0.04039405467801926,punta_am,Asientos,4.0,autoets,abordar
2025-12-09 09:00:00,troncal,España,España,138.26740768102727,117.52729652887317,159.00751883318134,4.0,2460.0,0.056206263284970436,0.06424924032419521,punta_am,Asientos,4.0,autoets,abordar
2025-12-09 09:00:00,troncal,Estacion Central,Estacion Central,157.86064989506082,134.1815524108017,181.53974737931992,4.0,2460.0,0.06417099589230114,0.07182972019903318,punta_am,Asientos,4.0,autoets,abordar
2025-12-09 09:00:00,troncal,Estadio Nacional,Estadio Nacional,91.66300762890458,77.91355648456889,105.41245877324026,4.0,2460.0,0.037261385215001865,0.04745804496918809,punta_am,Asientos,4.0,autoets,abordar
2025-12-09 09:00:00,troncal,Honorio Delgado,Honorio Delgado,46.407364326718536,39.446259677710756,53.368468975726316,4.0,2460.0,0.01886478224663355,0.08916450022853054,punta_am,Asientos,4.0,autoets,abordar
2025-12-09 09:00:00,troncal,Independencia,Independencia,310.383635294747,263.826090000535,356.94118058895907,4.0,2460.0,0.12617220946940935,0.1650475328115217,punta_am,Asientos,4.0,autoets,abordar
2025-12-09 09:00:00,troncal,Izaguirre,Izaguirre,528.5050767526459,449.229315239749,607.7808382655427,4.0,2460.0,0.2148394620945715,0.45348031206565703,punta_am,De_pie,4.4,autoets,abordar
2025-12-09 09:00:00,troncal,Javier Prado,Javier Prado,0.0,0.0,0.0,4.0,2460.0,0.0,0.0191828506001818,punta_am,Asientos,4.0,autoets,abordar
2025-12-09 09:00:00,troncal,Jiron de la Unión,Jiron de la Unión,102.94701115565945,87.50495948231054,118.38906282900837,4.0,2460.0,0.041848378518560755,0.05733713658529282,punta_am,Asientos,4.0,autoets,abordar
2025-12-09 09:00:00,troncal,Los Incas,Los Incas,440.4100782737992,374.3485665327293,506.47159001486904,4.0,2460.0,0.1790284871031704,0.2924657588653764,punta_am,De_pie,4.4,autoets,abordar
2025-12-09 09:00:00,troncal,Los jazmines,Los jazmines,112.23419337859144,95.39906437180272,129.06932238538016,4.0,2460.0,0.04562365584495587,0.0711988912932939,punta_am,Asientos,4.0,autoets,abordar
2025-12-09 09:00:00,troncal,Matellini,Matellini,1619.7540132291622,1376.7909112447878,1862.7171152135363,4.0,2460.0,0.6584365907435619,0.6745548285237289,punta_am,De_pie,4.4,autoets,abordar
2025-12-09 09:00:00,troncal,México,México,173.92967177825193,147.84022101151413,200.0191225449897,4.0,2460.0,0.0707031186090455,0.08472326588404135,punta_am,Asientos,4.0,autoets,abordar
2025-12-09 09:00:00,troncal,Naranjal,Naranjal,3912.3956212905377,3325.536278096957,4499.254964484118,4.0,2460.0,1.5904047241018446,1.6038597356390558,punta_am,Saturado,5.2,autoets,abordar
2025-12-09 09:00:00,troncal,Naranjal Alimentador,Naranjal Alimentador,1.3143182352649512,1.1171704999752086,1.5114659705546938,4.0,2460.0,0.0005342757053922566,0.2487206337045141,punta_am,De_pie,4.4,autoets,abordar
2025-12-09 09:00:00,troncal,Pacifico,Pacifico,109.05022605799677,92.69269214929724,125.40775996669628,4.0,2460.0,0.04432936018617755,0.07663542085617212,punta_am,Asientos,4.0,autoets,abordar
2025-12-09 09:00:00,troncal,Parque del Trabajo,Parque del Trabajo,49.840211474526534,42.36417975334755,57.31624319570551,4.0,2460.0,0.020260248566880704,0.042128015978167274,punta_am,Asientos,4.0,autoets,abordar
2025-12-09 09:00:00,troncal,Plaza de Flores,Plaza de Flores,239.1898599360489,203.31138094564156,275.0683389264562,4.0,2460.0,0.09723165038050768,0.09810983206662033,punta_am,Asientos,4.0,autoets,abordar
2025-12-09 09:00:00,troncal,Quilca,Quilca,28.957812287626815,24.614140444482793,33.30148413077084,4.0,2460.0,0.011771468409604396,0.020923771225586814,punta_am,Asientos,4.0,autoets,abordar
2025-12-09 09:00:00,troncal,Ramon Castilla,Ramon Castilla,194.94623571414428,165.70430035702265,224.1881710712659,4.0,2460.0,0.07924643728217247,0.16281934622875102,punta_am,Asientos,4.0,autoets,abordar
2025-12-09 09:00:00,troncal,Ricardo Palma,Ricardo Palma,27.43333299714962,23.318333047577177,31.54833294672206,4.0,2460.0,0.01115176138095513,0.03071097226559947,punta_am,Asientos,4.0,autoets,abordar
2025-12-09 09:00:00,troncal,Rosario de Villa,Rosario de Villa,94.76139035383707,80.5471818007615,108.97559890691262,4.0,2460.0,0.03852089038773865,0.051030414099839425,punta_am,Asientos,4.0,autoets,abordar
2025-12-09 09:00:00,troncal,Tacna,Tacna,47.15075502645216,40.07814177248434,54.22336828041998,4.0,2460.0,0.019166973587988682,0.03481972290155455,punta_am,Asientos,4.0,autoets,abordar
2025-12-09 09:00:00,troncal,Terán,Terán,169.5777092409025,144.1410528547671,195.01436562703785,4.0,2460.0,0.06893402814670833,0.08244995815711581,punta_am,Asientos,4.0,autoets,abordar
2025-12-09 09:00:00,troncal,Tomas Valle,Tomas Valle,840.6913536847294,714.58765063202,966.7950567374387,4.0,2460.0,0.3417444527173697,0.35409966674818777,punta_am,De_pie,4.4,autoets,abordar
2025-12-09 09:00:00,troncal,Uni,Uni,312.22402121838115,265.39041803562395,359.0576244011383,4.0,2460.0,0.12692033382861023,0.18369366739029036,punta_am,Asientos,4.0,autoets,abordar
2025-12-09 09:00:00,troncal,Union,Union,120.81514005269501,102.69286904479075,138.93741106059926,4.0,2460.0,0.04911184554987602,0.15365546771957111,punta_am,Asientos,4.0,autoets,abordar
2025-12-09 09:00:00,troncal,Universidad,Universidad,62.80153931520268,53.38130841792228,72.22177021248308,4.0,2460.0,0.025529081022440114,0.04190755803775183,punta_am,Asientos,4.0,autoets,abordar
2025-12-09 10:00:00,troncal,2 de Mayo,2 de Mayo,10.270158445339192,8.729634678538313,11.810682212140069,4.0,2460.0,0.004174861156641948,0.010034631020315148,valle,Asientos,4.0,autoets,abordar
2025-12-09 10:00:00,troncal,22 De Agosto,22 De Agosto,104.52055570696382,88.84247235091924,120.19863906300839,4.0,2460.0,0.04248803077518854,0.07310988628283584,valle,Asientos,4.0,autoets,abordar
2025-12-09 10:00:00,troncal,28 de Julio,28 de Julio,7.77411604102835,6.6079986348740976,8.940233447182601,4.0,2460.0,0.003160209772775752,0.01847580445979241,valle,Asientos,4.0,autoets,abordar
2025-12-09 10:00:00,troncal,Andres Belaunde,Andres Belaunde,381.1839629374041,324.00636849679347,438.36155737801465,4.0,2460.0,0.1549528304623594,0.170914137941552,valle,Asientos,4.0,autoets,abordar
2025-12-09 10:00:00,troncal,Andrés Reyes,Andrés Reyes,0.0,0.0,0.0,4.0,2460.0,0.0,0.0,valle,Asientos,4.0,autoets,abordar
2025-12-09 10:00:00,troncal,Angamos,Angamos,175.9235613175245,149.53502711989583,202.31209551515317,4.0,2460.0,0.07151364281200183,0.08261405792583455,valle,Asientos,4.0,autoets,abordar
2025-12-09 10:00:00,troncal,Aramburu,Aramburu,0.0,0.0,0.0,4.0,2460.0,0.0,0.0006262291734962922,valle,Asientos,4.0,autoets,abordar
2025-12-09 10:00:00,troncal,Balta,Balta,165.29626779951855,140.50182762959076,190.0907079694463,4.0,2460.0,0.06719360479655226,0.07376731216910426,valle,Asientos,4.0,autoets,abordar
2025-12-09 10:00:00,troncal,Benavides,Benavides,0.0,0.0,0.0,4.0,2460.0,0.0,0.005062579731132747,valle,Asientos,4.0,autoets,abordar
2025-12-09 10:00:00,troncal,Bulevar,Bulevar,121.01446738801154,102.86229727980981,139.16663749621327,4.0,2460.0,0.04919287292195591,0.07722935065946152,valle,Asientos,4.0,autoets,abordar
2025-12-09 10:00:00,troncal,Canadá,Canadá,96.10022576424049,81.68519189960442,110.51525962887655,4.0,2460.0,0.039065132424488,0.05440984819077938,valle,Asientos,4.0,autoets,abordar
2025-12-09 10:00:00,troncal,Canaval y Moreyra,Canaval y Moreyra,0.0,0.0,0.0,4.0,2460.0,0.0,0.0006262291734962922,valle,Asientos,4.0,autoets,abordar
2025-12-09 10:00:00,troncal,Caqueta,Caqueta,139.21563151339492,118.33328678638568,160.09797624040417,4.0,2460.0,0.056591720127396314,0.06267794523055423,valle,Asientos,4.0,autoets,abordar
2025-12-09 10:00:00,troncal,Chimpu Ocllo,Chimpu Ocllo,757.0987338791323,643.5339237972624,870.663543961002,4.0,2460.0,0.30776371295899685,0.30776371295899685,valle,De_pie,4.4,autoets,abordar
2025-12-09 10:00:00,troncal,Colmena,Colmena,151.38084631896106,128.6737193711169,174.08797326680522,4.0,2460.0,0.06153692939795165,0.06340680510209162,valle,Asientos,4.0,autoets,abordar
2025-12-09 10:00:00,troncal,Domingo Orué,Domingo Orué,30.665961547895677,26.066067315711326,35.265855780080024,4.0,2460.0,0.012465838027599868,0.012465838027599868,valle,Asientos,4.0,autoets,abordar
2025-12-09 10:00:00,troncal,El Milagro,El Milagro,68.48308208820903,58.21061977497767,78.75554440144037,4.0,2460.0,0.027838651255369523,0.04478866099026569,valle,Asientos,4.0,autoets,abordar
2025-12-09 10:00:00,troncal,Escuela Militar,Escuela Militar,39.970459285297395,33.974890392502786,45.966028178092,4.0,2460.0,0.0162481541810152,0.03290090227305004,valle,Asientos,4.0,autoets,abordar
2025-12-09 10:00:00,troncal,España,España,80.91670541649748,68.77919960402285,93.0542112289721,4.0,2460.0,0.03289296968150304,0.04400625255627491,valle,Asientos,4.0,autoets,abordar
2025-12-09 10:00:00,troncal,Estacion Central,Estacion Central,171.7789709922339,146.0121253433988,197.54581664106897,4.0,2460.0,0.06982884999684305,0.07644744493718113,valle,Asientos,4.0,autoets,abordar
2025-12-09 10:00:00,troncal,Estadio Nacional,Estadio Nacional,119.1450705858573,101.2733099979787,137.01683117373588,4.0,2460.0,0.04843295552270622,0.055384040552199955,valle,Asientos,4.0,autoets,abordar
2025-12-09 10:00:00,troncal,Honorio Delgado,Honorio Delgado,52.096210447079486,44.28177888001756,59.9106420141414,4.0,2460.0,0.02117732131995101,0.07110036901445624,valle,Asientos,4.0,autoets,abordar
2025-12-09 10:00:00,troncal,Independencia,Independencia,188.90080779874194,160.56568662893065,217.23592896855322,4.0,2460.0,0.0767889462596512,0.10135046472397052,valle,Asientos,4.0,autoets,abordar
2025-12-09 10:00:00,troncal,Izaguirre,Izaguirre,324.0882071457942,275.47497607392506,372.7014382176633,4.0,2460.0,0.1317431736365017,0.2785997248000207,valle,De_pie,4.4,autoets,abordar
2025-12-09 10:00:00,troncal,Javier Prado,Javier Prado,0.0,0.0,0.0,4.0,2460.0,0.0,0.013939542301558647,valle,Asientos,4.0,autoets,abordar
2025-12-09 10:00:00,troncal,Jiron de la Unión,Jiron de la Unión,149.1767500790589,126.80023756720007,171.55326259091774,4.0,2460.0,0.060640955316690615,0.07342105708834153,valle,Asientos,4.0,autoets,abordar
2025-12-09 10:00:00,troncal,Los Incas,Los Incas,319.04725962434446,271.1901706806928,366.9043485679961,4.0,2460.0,0.1296940079773758,0.22202312186507484,valle,De_pie,4.4,autoets,abordar
2025-12-09 10:00:00,troncal,Los jazmines,Los jazmines,89.07935185355517,75.71744907552188,102.44125463158844,4.0,2460.0,0.03621111863965657,0.052529502997448324,valle,Asientos,4.0,autoets,abordar
2025-12-09 10:00:00,troncal,Matellini,Matellini,1076.67369422819,915.1726400939615,1238.1747483624183,4.0,2460.0,0.4376722334260935,0.45022336032548127,valle,Saturado,5.2,autoets,abordar
2025-12-09 10:00:00,troncal,México,México,132.50826798132132,112.63202778412312,152.38450817851952,4.0,2460.0,0.05386514958590298,0.06606403836653436,valle,Asientos,4.0,autoets,abordar
2025-12-09 10:00:00,troncal,Naranjal,Naranjal,2407.8645270279167,2046.6848479737291,2769.0442060821038,4.0,2460.0,0.9788067183040312,0.9925903432737267,valle,Saturado,5.2,autoets,abordar
2025-12-09 10:00:00,troncal,Naranjal Alimentador,Naranjal Alimentador,0.5829120537952714,0.49547524572598073,0.6703488618645621,4.0,2460.0,0.00023695611942897214,0.15753229136456012,valle,Asientos,4.0,autoets,abordar
2025-12-09 10:00:00,troncal,Pacifico,Pacifico,78.72069566904284,66.91259131868641,90.52880001939926,4.0,2460.0,0.03200028279229384,0.051797302255683436,valle,Asientos,4.0,autoets,abordar
2025-12-09 10:00:00,troncal,Parque del Trabajo,Parque del Trabajo,47.71788124471026,40.560199058003725,54.8755634314168,4.0,2460.0,0.019397512701101734,0.03352566538553289,valle,Asientos,4.0,autoets,abordar
2025-12-09 10:00:00,troncal,Plaza de Flores,Plaza de Flores,107.8088009098528,91.63748077337489,123.98012104633072,4.0,2460.0,0.04382471581701334,0.0442987472829297,valle,Asientos,4.0,autoets,abordar
2025-12-09 10:00:00,troncal,Quilca,Quilca,33.08108906719976,28.118925707119796,38.043252427279725,4.0,2460.0,0.013447597181788522,0.02683508423183358,valle,Asientos,4.0,autoets,abordar
2025-12-09 10:00:00,troncal,Ramon Castilla,Ramon Castilla,140.75097527074735,119.63832898013524,161.86362156135942,4.0,2460.0,0.057215843605994854,0.12283450174645076,valle,Asientos,4.0,autoets,abordar
2025-12-09 10:00:00,troncal,Ricardo Palma,Ricardo Palma,75.25219154954868,63.96436281711638,86.54002028198099,4.0,2460.0,0.030590321768109222,0.050547907599602246,valle,Asientos,4.0,autoets,abordar
2025-12-09 10:00:00,troncal,Rosario de Villa,Rosario de Villa,87.4561971311106,74.33776756144401,100.57462670077719,4.0,2460.0,0.035551299646792926,0.04520695472631403,valle,Asientos,4.0,autoets,abordar
2025-12-09 10:00:00,troncal,Tacna,Tacna,70.37803754168004,59.821331910428036,80.93474317293204,4.0,2460.0,0.02860895835027644,0.040007343274551146,valle,Asientos,4.0,autoets,abordar
2025-12-09 10:00:00,troncal,Terán,Terán,118.38228401884876,100.62494141602144,136.13962662167606,4.0,2460.0,0.04812287968245885,0.06063914352909397,valle,Asientos,4.0,autoets,abordar
2025-12-09 10:00:00,troncal,Tomas Valle,Tomas Valle,639.1324886122944,543.2626153204502,735.0023619041385,4.0,2460.0,0.2598099547204449,0.2694174202046988,valle,De_pie,4.4,autoets,abordar
2025-12-09 10:00:00,troncal,Uni,Uni,179.6054935775915,152.66466954095276,206.5463176142302,4.0,2460.0,0.07301036324292337,0.11615765413929553,valle,Asientos,4.0,autoets,abordar
2025-12-09 10:00:00,troncal,Union,Union,101.42441790513146,86.21075521936174,116.63808059090117,4.0,2460.0,0.04122943817281767,0.11221296813375063,valle,Asientos,4.0,autoets,abordar
2025-12-09 10:00:00,troncal,Universidad,Universidad,54.272478510772174,46.13160673415635,62.413350287388,4.0,2460.0,0.022061983134460235,0.0348083923670168,valle,Asientos,4.0,autoets,abordar
2025-12-09 11:00:00,troncal,2 de Mayo,2 de Mayo,47.250594957290325,40.163005713696776,54.338184200883866,4.0,2460.0,0.019207558925727775,0.025679733561010436,valle,Asientos,4.0,autoets,abordar
2025-12-09 11:00:00,troncal,22 De Agosto,22 De Agosto,86.75787724072347,73.74419565461496,99.77155882683199,4.0,2460.0,0.03526742977265182,0.06159532239414518,valle,Asientos,4.0,autoets,abordar
2025-12-09 11:00:00,troncal,28 de Julio,28 de Julio,24.473278139326613,20.80228641842762,28.144269860225602,4.0,2460.0,0.009948487048506753,0.0285986414892417,valle,Asientos,4.0,autoets,abordar
2025-12-09 11:00:00,troncal,Andres Belaunde,Andres Belaunde,322.7771044815563,274.36053880932286,371.1936701537897,4.0,2460.0,0.13121020507380338,0.14673950781717102,valle,Asientos,4.0,autoets,abordar
2025-12-09 11:00:00,troncal,Andrés Reyes,Andrés Reyes,0.0,0.0,0.0,4.0,2460.0,0.0,0.0,valle,Asientos,4.0,autoets,abordar
2025-12-09 11:00:00,troncal,Angamos,Angamos,206.87927353407827,175.84738250396651,237.91116456419,4.0,2460.0,0.08409726566425946,0.09795900851132575,valle,Asientos,4.0,autoets,abordar
2025-12-09 11:00:00,troncal,Aramburu,Aramburu,0.0,0.0,0.0,4.0,2460.0,0.0,0.0028811338388591663,valle,Asientos,4.0,autoets,abordar
2025-12-09 11:00:00,troncal,Balta,Balta,156.165267700197,132.74047754516747,179.59005785522655,4.0,2460.0,0.06348181613829147,0.06826007707892628,valle,Asientos,4.0,autoets,abordar
2025-12-09 11:00:00,troncal,Benavides,Benavides,0.0,0.0,0.0,4.0,2460.0,0.0,0.007527837648372043,valle,Asientos,4.0,autoets,abordar
2025-12-09 11:00:00,troncal,Bulevar,Bulevar,109.00033451093488,92.65028433429464,125.3503846875751,4.0,2460.0,0.044309079069485724,0.06953981845215906,valle,Asientos,4.0,autoets,abordar
2025-12-09 11:00:00,troncal,Canadá,Canadá,106.14366401863562,90.22211441584027,122.06521362143096,4.0,2460.0,0.0431478309018844,0.06058752618610573,valle,Asientos,4.0,autoets,abordar
2025-12-09 11:00:00,troncal,Canaval y Moreyra,Canaval y Moreyra,0.0,0.0,0.0,4.0,2460.0,0.0,0.0028811338388591663,valle,Asientos,4.0,autoets,abordar
2025-12-09 11:00:00,troncal,Caqueta,Caqueta,125.37376413341107,106.5676995133994,144.17982875342273,4.0,2460.0,0.0509649447696793,0.0570543411636336,valle,Asientos,4.0,autoets,abordar
2025-12-09 11:00:00,troncal,Chimpu Ocllo,Chimpu Ocllo,625.5036352762354,531.6780899848001,719.3291805676706,4.0,2460.0,0.25426977043749405,0.25426977043749405,valle,De_pie,4.4,autoets,abordar
2025-12-09 11:00:00,troncal,Colmena,Colmena,200.15422517149926,170.13109139577438,230.17735894722412,4.0,2460.0,0.08136350616727613,0.083020723089251,valle,Asientos,4.0,autoets,abordar
2025-12-09 11:00:00,troncal,Domingo Orué,Domingo Orué,27.178357520387983,23.101603892329784,31.25511114844618,4.0,2460.0,0.011048112813165848,0.011048112813165848,valle,Asientos,4.0,autoets,abordar
2025-12-09 11:00:00,troncal,El Milagro,El Milagro,49.836500915245544,42.36102577795871,57.31197605253237,4.0,2460.0,0.020258740209449407,0.03317613930102735,valle,Asientos,4.0,autoets,abordar
2025-12-09 11:00:00,troncal,Escuela Militar,Escuela Militar,38.964729716046534,33.120020258639556,44.80943917345351,4.0,2460.0,0.015839321022783143,0.030139854384161675,valle,Asientos,4.0,autoets,abordar
2025-12-09 11:00:00,troncal,España,España,96.0747572573591,81.66354366875522,110.48597084596295,4.0,2460.0,0.0390547793729102,0.05538547925575732,valle,Asientos,4.0,autoets,abordar
2025-12-09 11:00:00,troncal,Estacion Central,Estacion Central,316.6228664629003,269.1294364934652,364.1162964323353,4.0,2460.0,0.12870848230199197,0.1350284162209501,valle,Asientos,4.0,autoets,abordar
2025-12-09 11:00:00,troncal,Estadio Nacional,Estadio Nacional,142.9426427155549,121.50124630822167,164.38403912288814,4.0,2460.0,0.05810676533152639,0.06782311669841218,valle,Asientos,4.0,autoets,abordar
2025-12-09 11:00:00,troncal,Honorio Delgado,Honorio Delgado,51.856019967922066,44.07761697273376,59.634422963110374,4.0,2460.0,0.021079682913789456,0.0646204153429509,valle,Asientos,4.0,autoets,abordar
2025-12-09 11:00:00,troncal,Independencia,Independencia,142.00170111915853,120.70144595128474,163.30195628703228,4.0,2460.0,0.057724268747625415,0.07687666631239012,valle,Asientos,4.0,autoets,abordar
2025-12-09 11:00:00,troncal,Izaguirre,Izaguirre,246.34475655965142,209.3930430757037,283.29647004359913,4.0,2460.0,0.10014014494294773,0.20995738813444376,valle,De_pie,4.4,autoets,abordar
2025-12-09 11:00:00,troncal,Javier Prado,Javier Prado,0.0,0.0,0.0,4.0,2460.0,0.0,0.015195855119775037,valle,Asientos,4.0,autoets,abordar
2025-12-09 11:00:00,troncal,Jiron de la Unión,Jiron de la Unión,204.55007291912506,173.8675619812563,235.23258385699378,4.0,2460.0,0.0831504361459858,0.09669679275138145,valle,Asientos,4.0,autoets,abordar
2025-12-09 11:00:00,troncal,Los Incas,Los Incas,268.10389539554825,227.888311086216,308.31947970488045,4.0,2460.0,0.10898532333152368,0.1852662544627719,valle,De_pie,4.4,autoets,abordar
2025-12-09 11:00:00,troncal,Los jazmines,Los jazmines,69.84364398271973,59.367097385311766,80.32019058012767,4.0,2460.0,0.02839172519622753,0.04118174133169389,valle,Asientos,4.0,autoets,abordar
2025-12-09 11:00:00,troncal,Matellini,Matellini,872.7762594345791,741.8598205193922,1003.6926983497658,4.0,2460.0,0.3547870973311297,0.3665024875356071,valle,Saturado,5.2,autoets,esperar_siguiente
2025-12-09 11:00:00,troncal,México,México,143.06835994567498,121.60810595382374,164.52861393752622,4.0,2460.0,0.058157869896615845,0.07273210160228133,valle,Asientos,4.0,autoets,abordar
2025-12-09 11:00:00,troncal,Naranjal,Naranjal,1800.5543972892642,1530.4712376958746,2070.637556882654,4.0,2460.0,0.7319326818249041,0.754398921129682,valle,Saturado,5.2,autoets,abordar
2025-12-09 11:00:00,troncal,Naranjal Alimentador,Naranjal Alimentador,0.44839105127031276,0.38113239357976586,0.5156497089608596,4.0,2460.0,0.00018227278506923283,0.12927844740410366,valle,Asientos,4.0,autoets,abordar
2025-12-09 11:00:00,troncal,Pacifico,Pacifico,67.7545635024898,57.59137897711633,77.91774802786327,4.0,2460.0,0.027542505488816992,0.04259086814801954,valle,Asientos,4.0,autoets,abordar
2025-12-09 11:00:00,troncal,Parque del Trabajo,Parque del Trabajo,48.01008089292849,40.80856875898922,55.21159302686776,4.0,2460.0,0.01951629304590589,0.0320997536706666,valle,Asientos,4.0,autoets,abordar
2025-12-09 11:00:00,troncal,Plaza de Flores,Plaza de Flores,78.36347942641092,66.60895751244928,90.11800134037254,4.0,2460.0,0.03185507293756541,0.033347345994841425,valle,Asientos,4.0,autoets,abordar
2025-12-09 11:00:00,troncal,Quilca,Quilca,63.27340515956777,53.78239438563261,72.76441593350293,4.0,2460.0,0.025720896406328363,0.04409507671816998,valle,Asientos,4.0,autoets,abordar
2025-12-09 11:00:00,troncal,Ramon Castilla,Ramon Castilla,145.68023048029443,123.82819590825027,167.53226505233857,4.0,2460.0,0.05921960588629855,0.11370786995165122,valle,Asientos,4.0,autoets,abordar
2025-12-09 11:00:00,troncal,Ricardo Palma,Ricardo Palma,98.98325929397488,84.13577039987865,113.83074818807111,4.0,2460.0,0.04023709727397353,0.06505621304870386,valle,Asientos,4.0,autoets,abordar
2025-12-09 11:00:00,troncal,Rosario de Villa,Rosario de Villa,86.54250590203854,73.56113001673276,99.52388178734432,4.0,2460.0,0.03517988044798315,0.04399418673868055,valle,Asientos,4.0,autoets,abordar
2025-12-09 11:00:00,troncal,Tacna,Tacna,96.7864841950775,82.26851156581587,111.30445682433913,4.0,2460.0,0.03934409926629167,0.04991628493862944,valle,Asientos,4.0,autoets,abordar
2025-12-09 11:00:00,troncal,Terán,Terán,105.58989345139094,89.7514094336823,121.42837746909957,4.0,2460.0,0.042922720915199566,0.05482089148936076,valle,Asientos,4.0,autoets,abordar
2025-12-09 11:00:00,troncal,Tomas Valle,Tomas Valle,559.5552775600942,475.62198592608,643.4885691941082,4.0,2460.0,0.2274614949431277,0.23475906475397923,valle,De_pie,4.4,autoets,abordar
2025-12-09 11:00:00,troncal,Uni,Uni,154.51273427815357,131.33582413643055,177.6896444198766,4.0,2460.0,0.06281005458461528,0.09996808985750184,valle,Asientos,4.0,autoets,abordar
2025-12-09 11:00:00,troncal,Union,Union,84.34805345254338,71.69584543466188,97.00026147042489,4.0,2460.0,0.034287826606724955,0.09278287327359189,valle,Asientos,4.0,autoets,abordar
2025-12-09 11:00:00,troncal,Universidad,Universidad,51.82345813545661,44.04993941513812,59.5969768557751,4.0,2460.0,0.021066446396527078,0.031646675328322625,valle,Asientos,4.0,autoets,abordar
2025-12-09 12:00:00,troncal,2 de Mayo,2 de Mayo,80.93975504608908,68.79879178917571,93.08071830300243,4.0,2460.0,0.032902339449629704,0.045080329089164164,valle,Asientos,4.0,autoets,abordar
2025-12-09 12:00:00,troncal,22 De Agosto,22 De Agosto,87.08320472224588,74.020724013909,100.14568543058276,4.0,2460.0,0.035399676716360115,0.06146495249091753,valle,Asientos,4.0,autoets,abordar
2025-12-09 12:00:00,troncal,28 de Julio,28 de Julio,54.789058239767044,46.57069950380199,63.0074169757321,4.0,2460.0,0.022271974894214244,0.047787633316548415,valle,Asientos,4.0,autoets,abordar
2025-12-09 12:00:00,troncal,Andres Belaunde,Andres Belaunde,308.949993164076,262.60749418946455,355.29249213868735,4.0,2460.0,0.12558942811547805,0.14451012240242583,valle,Asientos,4.0,autoets,abordar
2025-12-09 12:00:00,troncal,Andrés Reyes,Andrés Reyes,0.0,0.0,0.0,4.0,2460.0,0.0,0.0,valle,Asientos,4.0,autoets,abordar
2025-12-09 12:00:00,troncal,Angamos,Angamos,274.0369030221139,232.93136756879682,315.142438475431,4.0,2460.0,0.1113971150496398,0.1325245565489608,valle,Asientos,4.0,autoets,abordar
2025-12-09 12:00:00,troncal,Aramburu,Aramburu,0.0,0.0,0.0,4.0,2460.0,0.0,0.004935350917444455,valle,Asientos,4.0,autoets,abordar
2025-12-09 12:00:00,troncal,Balta,Balta,152.68508109080847,129.7823189271872,175.5878432544297,4.0,2460.0,0.062067106134474984,0.06741371961494373,valle,Asientos,4.0,autoets,abordar
2025-12-09 12:00:00,troncal,Benavides,Benavides,3.8351936714286268,3.2599146207143326,4.41047272214292,4.0,2460.0,0.0015590218176539134,0.013705909216674252,valle,Asientos,4.0,autoets,abordar
2025-12-09 12:00:00,troncal,Bulevar,Bulevar,118.5205295386656,100.74245010786575,136.29860896946542,4.0,2460.0,0.048179077048238046,0.07628360425839797,valle,Asientos,4.0,autoets,abordar
2025-12-09 12:00:00,troncal,Canadá,Canadá,154.3478347098009,131.19565950333077,177.50000991627104,4.0,2460.0,0.06274302223975646,0.08344640056281984,valle,Asientos,4.0,autoets,abordar
2025-12-09 12:00:00,troncal,Canaval y Moreyra,Canaval y Moreyra,0.0,0.0,0.0,4.0,2460.0,0.0,0.007701887221015443,valle,Asientos,4.0,autoets,abordar
2025-12-09 12:00:00,troncal,Caqueta,Caqueta,127.53812009391248,108.4074020798256,146.66883810799933,4.0,2460.0,0.051844764265818084,0.0612361840563288,valle,Asientos,4.0,autoets,abordar
2025-12-09 12:00:00,troncal,Chimpu Ocllo,Chimpu Ocllo,594.9851152195506,505.737347936618,684.2328825024831,4.0,2460.0,0.24186386797542708,0.24186386797542708,valle,De_pie,4.4,autoets,abordar
2025-12-09 12:00:00,troncal,Colmena,Colmena,307.92880552956433,261.73948470012965,354.11812635899895,4.0,2460.0,0.12517431119087982,0.12752560601156887,valle,Asientos,4.0,autoets,abordar
2025-12-09 12:00:00,troncal,Domingo Orué,Domingo Orué,38.56123505930032,32.77704980040527,44.345420318195366,4.0,2460.0,0.01567529880459363,0.01567529880459363,valle,Asientos,4.0,autoets,abordar
2025-12-09 12:00:00,troncal,El Milagro,El Milagro,69.5480450406305,59.11583828453592,79.98025179672507,4.0,2460.0,0.028271563024646545,0.04065902150853059,valle,Asientos,4.0,autoets,abordar
2025-12-09 12:00:00,troncal,Escuela Militar,Escuela Militar,46.0895605465771,39.17612646459053,53.002994628563656,4.0,2460.0,0.01873559371812077,0.03315841984611268,valle,Asientos,4.0,autoets,abordar
2025-12-09 12:00:00,troncal,España,España,161.1837298425114,137.00617036613468,185.3612893188881,4.0,2460.0,0.06552184139939489,0.09013886014800479,valle,Asientos,4.0,autoets,abordar
2025-12-09 12:00:00,troncal,Estacion Central,Estacion Central,504.15022556780275,428.5276917326323,579.7727594029731,4.0,2460.0,0.20493911608447266,0.21244015990489828,valle,De_pie,4.4,autoets,abordar
2025-12-09 12:00:00,troncal,Estadio Nacional,Estadio Nacional,163.68108534123246,139.1289225400476,188.23324814241732,4.0,2460.0,0.06653702656147661,0.08130851235345772,valle,Asientos,4.0,autoets,abordar
2025-12-09 12:00:00,troncal,Honorio Delgado,Honorio Delgado,94.80124242055882,80.581056057475,109.02142878364263,4.0,2460.0,0.03853709041486131,0.08343959260387582,valle,Asientos,4.0,autoets,abordar
2025-12-09 12:00:00,troncal,Independencia,Independencia,132.8324694746393,112.9075990534434,152.7573398958352,4.0,2460.0,0.05399693881082899,0.07320145761816903,valle,Asientos,4.0,autoets,abordar
2025-12-09 12:00:00,troncal,Izaguirre,Izaguirre,242.4993239397793,206.1244253488124,278.8742225307462,4.0,2460.0,0.09857696095112979,0.19648172042816317,valle,De_pie,4.4,autoets,abordar
2025-12-09 12:00:00,troncal,Javier Prado,Javier Prado,45.371195378564195,38.56551607177956,52.17687468534882,4.0,2460.0,0.018443575357139915,0.038577853031945275,valle,Asientos,4.0,autoets,abordar
2025-12-09 12:00:00,troncal,Jiron de la Unión,Jiron de la Unión,322.65047033122363,274.25289978154007,371.04804088090714,4.0,2460.0,0.13115872777692017,0.14814054192989856,valle,Asientos,4.0,autoets,abordar
2025-12-09 12:00:00,troncal,Los Incas,Los Incas,269.13538947934455,228.76508105744287,309.5056979012462,4.0,2460.0,0.10940462986965226,0.18196379026228038,valle,De_pie,4.4,autoets,abordar
2025-12-09 12:00:00,troncal,Los jazmines,Los jazmines,70.321849661059,59.77357221190015,80.87012711021785,4.0,2460.0,0.02858611774839797,0.04110363323469289,valle,Asientos,4.0,autoets,abordar
2025-12-09 12:00:00,troncal,Matellini,Matellini,805.1112263049415,684.3445423592003,925.8779102506827,4.0,2460.0,0.32728098630282176,0.33958956135462653,valle,De_pie,4.4,autoets,abordar
2025-12-09 12:00:00,troncal,México,México,175.85431915700698,149.47617128345593,202.232467030558,4.0,2460.0,0.07148549559227926,0.09129432578640999,valle,Asientos,4.0,autoets,abordar
2025-12-09 12:00:00,troncal,Naranjal,Naranjal,1604.7912255730225,1364.072541737069,1845.5099094089758,4.0,2460.0,0.652354156737001,0.6868455460598848,valle,Saturado,5.2,autoets,abordar
2025-12-09 12:00:00,troncal,Naranjal Alimentador,Naranjal Alimentador,0.8468298503249005,0.7198053727761654,0.9738543278736356,4.0,2460.0,0.0003442397765548376,0.1289382306997759,valle,Asientos,4.0,autoets,abordar
2025-12-09 12:00:00,troncal,Pacifico,Pacifico,72.45478450059746,61.58656682550784,83.32300217568707,4.0,2460.0,0.02945316443113718,0.04429134454028987,valle,Asientos,4.0,autoets,abordar
2025-12-09 12:00:00,troncal,Parque del Trabajo,Parque del Trabajo,59.218042143816994,50.335335822244446,68.10074846538954,4.0,2460.0,0.02407237485521016,0.04148216324850386,valle,Asientos,4.0,autoets,abordar
2025-12-09 12:00:00,troncal,Plaza de Flores,Plaza de Flores,83.84926740825892,71.27187729702008,96.42665751949775,4.0,2460.0,0.034085068052137776,0.037659717558918,valle,Asientos,4.0,autoets,abordar
2025-12-09 12:00:00,troncal,Quilca,Quilca,81.06863714597884,68.90834157408202,93.22893271787567,4.0,2460.0,0.03295473054714587,0.06183363922678958,valle,Asientos,4.0,autoets,abordar
2025-12-09 12:00:00,troncal,Ramon Castilla,Ramon Castilla,191.77885676727837,163.0120282521866,220.5456852823701,4.0,2460.0,0.07795888486474731,0.1306491595415092,valle,Asientos,4.0,autoets,abordar
2025-12-09 12:00:00,troncal,Ricardo Palma,Ricardo Palma,144.41989510416653,122.75691083854154,166.0828793697915,4.0,2460.0,0.05870727443258802,0.09419298836866596,valle,Asientos,4.0,autoets,abordar
2025-12-09 12:00:00,troncal,Rosario de Villa,Rosario de Villa,91.97638816112925,78.17992993695987,105.77284638529864,4.0,2460.0,0.037388775675255795,0.04689937343349032,valle,Asientos,4.0,autoets,abordar
2025-12-09 12:00:00,troncal,Tacna,Tacna,150.96363201493338,128.31908721269338,173.6081768171734,4.0,2460.0,0.061367330087371295,0.07275490095552553,valle,Asientos,4.0,autoets,abordar
2025-12-09 12:00:00,troncal,Terán,Terán,109.88424268846907,93.40160628519871,126.36687909173942,4.0,2460.0,0.044668391336776046,0.05678879631466541,valle,Asientos,4.0,autoets,abordar
2025-12-09 12:00:00,troncal,Tomas Valle,Tomas Valle,545.68174867038,463.829486369823,627.534010970937,4.0,2460.0,0.221821849053,0.2303505011689567,valle,De_pie,4.4,autoets,abordar
2025-12-09 12:00:00,troncal,Uni,Uni,190.71928722945788,162.11139414503918,219.32718031387654,4.0,2460.0,0.07752816554043003,0.11504217735207702,valle,Asientos,4.0,autoets,abordar
2025-12-09 12:00:00,troncal,Union,Union,97.78989117200523,83.12140749620444,112.458374847806,4.0,2460.0,0.039751988281302934,0.09445245257801457,valle,Asientos,4.0,autoets,abordar
2025-12-09 12:00:00,troncal,Universidad,Universidad,61.50855932749012,52.2822754283666,70.73484322661363,4.0,2460.0,0.025003479401418748,0.03562338241632678,valle,Asientos,4.0,autoets,abordar
2025-12-09 13:00:00,troncal,2 de Mayo,2 de Mayo,135.9926842647633,115.5937816250488,156.3915869044778,4.0,2460.0,0.05528157896941598,0.09131143274457779,valle,Asientos,4.0,autoets,abordar
2025-12-09 13:00:00,troncal,22 De Agosto,22 De Agosto,88.8345317203616,75.50935196230735,102.15971147841583,4.0,2460.0,0.036111598260309595,0.06327514497301223,valle,Asientos,4.0,autoets,abordar
2025-12-09 13:00:00,troncal,28 de Julio,28 de Julio,93.98177658819951,79.88451009996957,108.07904307642943,4.0,2460.0,0.03820397422284533,0.08512584786726551,valle,Asientos,4.0,autoets,abordar
2025-12-09 13:00:00,troncal,Andres Belaunde,Andres Belaunde,306.46698992670576,260.4969414376999,352.4370384157116,4.0,2460.0,0.12458007720597795,0.14676329580183625,valle,Asientos,4.0,autoets,abordar
2025-12-09 13:00:00,troncal,Andrés Reyes,Andrés Reyes,0.0,0.0,0.0,4.0,2460.0,0.0,0.0,valle,Asientos,4.0,autoets,abordar
2025-12-09 13:00:00,troncal,Angamos,Angamos,497.26134968612223,422.6721472332039,571.8505521390405,4.0,2460.0,0.20213876003500902,0.22934707103902757,valle,De_pie,4.4,autoets,abordar
2025-12-09 13:00:00,troncal,Aramburu,Aramburu,22.441225519218516,19.075041691335738,25.80740934710129,4.0,2460.0,0.009122449398056308,0.022114398498013683,valle,Asientos,4.0,autoets,abordar
2025-12-09 13:00:00,troncal,Balta,Balta,181.83736337402564,154.56175886792178,209.11296788012947,4.0,2460.0,0.07391762738781531,0.09154202944623605,valle,Asientos,4.0,autoets,abordar
2025-12-09 13:00:00,troncal,Benavides,Benavides,131.25381404007373,111.56574193406267,150.94188614608478,4.0,2460.0,0.05335520895937957,0.07568686473197521,valle,Asientos,4.0,autoets,abordar
2025-12-09 13:00:00,troncal,Bulevar,Bulevar,139.0151761616174,118.16289973737479,159.86745258586,4.0,2460.0,0.056510234212039594,0.08542727334622337,valle,Asientos,4.0,autoets,abordar
2025-12-09 13:00:00,troncal,Canadá,Canadá,290.56089009742993,246.97675658281543,334.1450236120444,4.0,2460.0,0.11811418296643493,0.14602875583319658,valle,Asientos,4.0,autoets,abordar
2025-12-09 13:00:00,troncal,Canaval y Moreyra,Canaval y Moreyra,77.07528097453766,65.51398882835701,88.63657312071831,4.0,2460.0,0.03133141503029986,0.057936378205908814,valle,Asientos,4.0,autoets,abordar
2025-12-09 13:00:00,troncal,Caqueta,Caqueta,157.60907726371622,133.96771567415877,181.25043885327364,4.0,2460.0,0.06406873059500659,0.07378245794643515,valle,Asientos,4.0,autoets,abordar
2025-12-09 13:00:00,troncal,Chimpu Ocllo,Chimpu Ocllo,535.9560213118641,455.5626181150845,616.3494245086437,4.0,2460.0,0.2178683013462862,0.2178683013462862,valle,De_pie,4.4,autoets,abordar
2025-12-09 13:00:00,troncal,Colmena,Colmena,399.0620719825844,339.2027611851968,458.9213827799721,4.0,2460.0,0.16222035446446523,0.16646397970852242,valle,Asientos,4.0,autoets,abordar
2025-12-09 13:00:00,troncal,Domingo Orué,Domingo Orué,47.15422848331952,40.08109421082159,54.227362755817445,4.0,2460.0,0.01916838556232501,0.025236465226578436,valle,Asientos,4.0,autoets,abordar
2025-12-09 13:00:00,troncal,El Milagro,El Milagro,105.53204886614168,89.70224153622043,121.36185619606292,4.0,2460.0,0.042899206856155156,0.05478469925000004,valle,Asientos,4.0,autoets,abordar
2025-12-09 13:00:00,troncal,Escuela Militar,Escuela Militar,50.1435635846417,42.62202904694544,57.665098122337945,4.0,2460.0,0.020383562432781176,0.041092327255467284,valle,Asientos,4.0,autoets,abordar
2025-12-09 13:00:00,troncal,España,España,356.27274780085986,302.8318356307309,409.71365997098883,4.0,2460.0,0.144826320244252,0.1793528540441997,valle,De_pie,4.4,autoets,abordar
2025-12-09 13:00:00,troncal,Estacion Central,Estacion Central,703.9920677149613,598.3932575577171,809.5908778722054,4.0,2460.0,0.2861756372825046,0.2926540705489838,valle,De_pie,4.4,autoets,abordar
2025-12-09 13:00:00,troncal,Estadio Nacional,Estadio Nacional,230.05576961125024,195.5474041695627,264.56413505293773,4.0,2460.0,0.09351860553302856,0.12238925725611838,valle,Asientos,4.0,autoets,abordar
2025-12-09 13:00:00,troncal,Honorio Delgado,Honorio Delgado,81.14743572974427,68.97532037028263,93.3195510892059,4.0,2460.0,0.032986762491765964,0.07850047929976631,valle,Asientos,4.0,autoets,abordar
2025-12-09 13:00:00,troncal,Independencia,Independencia,128.43609258912528,109.17067870075648,147.70150647749406,4.0,2460.0,0.05220979373541678,0.07102404844147087,valle,Asientos,4.0,autoets,abordar
2025-12-09 13:00:00,troncal,Izaguirre,Izaguirre,234.123832398456,199.00525753868757,269.2424072582244,4.0,2460.0,0.09517228959286829,0.18471699670097125,valle,De_pie,4.4,autoets,abordar
2025-12-09 13:00:00,troncal,Javier Prado,Javier Prado,300.3287118152235,255.27940504294,345.37801858750703,4.0,2460.0,0.12208484220131038,0.153688751683083,valle,Asientos,4.0,autoets,abordar
2025-12-09 13:00:00,troncal,Jiron de la Unión,Jiron de la Unión,449.02921386132937,381.67483178212996,516.3835959405287,4.0,2460.0,0.18253220075663795,0.20427961808033768,valle,De_pie,4.4,autoets,abordar
2025-12-09 13:00:00,troncal,Los Incas,Los Incas,249.4498329901553,212.032358041632,286.86730793867855,4.0,2460.0,0.10140237113420947,0.16676286153809533,valle,Asientos,4.0,autoets,abordar
2025-12-09 13:00:00,troncal,Los jazmines,Los jazmines,66.48598266993082,56.5130852694412,76.45888007042043,4.0,2460.0,0.027026822223549112,0.039396702550985464,valle,Asientos,4.0,autoets,abordar
2025-12-09 13:00:00,troncal,Matellini,Matellini,883.5628695017675,751.0284390765024,1016.0972999270326,4.0,2460.0,0.35917189817145023,0.37225860192338756,valle,Saturado,5.2,autoets,esperar_siguiente
2025-12-09 13:00:00,troncal,México,México,227.74322540364068,193.58174159309456,261.90470921418677,4.0,2460.0,0.09257854691204906,0.12833028577864114,valle,Asientos,4.0,autoets,abordar
2025-12-09 13:00:00,troncal,Naranjal,Naranjal,1467.6120901810161,1247.4702766538637,1687.7539037081683,4.0,2460.0,0.5965902805613886,0.6427558427870039,valle,Saturado,5.2,autoets,abordar
2025-12-09 13:00:00,troncal,Naranjal Alimentador,Naranjal Alimentador,0.921106391872342,0.7829404330914906,1.0592723506531931,4.0,2460.0,0.0003744334926310333,0.13278932116921502,valle,Asientos,4.0,autoets,abordar
2025-12-09 13:00:00,troncal,Pacifico,Pacifico,74.4299447808309,63.26545306370626,85.59443649795553,4.0,2460.0,0.0302560751141589,0.044588083576983795,valle,Asientos,4.0,autoets,abordar
2025-12-09 13:00:00,troncal,Parque del Trabajo,Parque del Trabajo,78.1576928336841,66.43403890863148,89.8813467587367,4.0,2460.0,0.031771419851091096,0.04933077112263046,valle,Asientos,4.0,autoets,abordar
2025-12-09 13:00:00,troncal,Plaza de Flores,Plaza de Flores,157.78637971802647,134.1184227603225,181.45433667573042,4.0,2460.0,0.06414080476342539,0.07787468224075912,valle,Asientos,4.0,autoets,abordar
2025-12-09 13:00:00,troncal,Quilca,Quilca,117.20594045781328,99.6250493891413,134.78683152648526,4.0,2460.0,0.04764469124301353,0.08716162909095795,valle,Asientos,4.0,autoets,abordar
2025-12-09 13:00:00,troncal,Ramon Castilla,Ramon Castilla,224.7896088104586,191.07116748888978,258.50805013202734,4.0,2460.0,0.09137788976034902,0.13926849063242336,valle,Asientos,4.0,autoets,abordar
2025-12-09 13:00:00,troncal,Ricardo Palma,Ricardo Palma,272.2573780823689,231.41877137001356,313.09598479472425,4.0,2460.0,0.11067373092779224,0.16532759810271339,valle,Asientos,4.0,autoets,abordar
2025-12-09 13:00:00,troncal,Rosario de Villa,Rosario de Villa,102.06305479528285,86.75359657599043,117.37251301457528,4.0,2460.0,0.041489046664749125,0.051409927781891226,valle,Asientos,4.0,autoets,abordar
2025-12-09 13:00:00,troncal,Tacna,Tacna,199.04856684495917,169.1912818182153,228.90585187170302,4.0,2460.0,0.08091405156299153,0.09529007412990619,valle,Asientos,4.0,autoets,abordar
2025-12-09 13:00:00,troncal,Terán,Terán,112.55888673648882,95.67505372601549,129.44271974696213,4.0,2460.0,0.045755645014832855,0.059900823487922326,valle,Asientos,4.0,autoets,abordar
2025-12-09 13:00:00,troncal,Tomas Valle,Tomas Valle,539.5990305277044,458.6591759485487,620.53888510686,4.0,2460.0,0.21934919940150585,0.2298381037634615,valle,De_pie,4.4,autoets,abordar
2025-12-09 13:00:00,troncal,Uni,Uni,206.8259251235013,175.80203635497608,237.84981389202648,4.0,2460.0,0.08407557931849646,0.1234128402571456,valle,Asientos,4.0,autoets,abordar
2025-12-09 13:00:00,troncal,Union,Union,122.26533042967057,103.92553086521998,140.60512999412114,4.0,2460.0,0.049701353833199416,0.10980049555862931,valle,Asientos,4.0,autoets,abordar
2025-12-09 13:00:00,troncal,Universidad,Universidad,53.12315278512942,45.15467986736001,61.09162570289883,4.0,2460.0,0.02159477755493066,0.03242825703302354,valle,Asientos,4.0,autoets,abordar
2025-12-09 14:00:00,troncal,2 de Mayo,2 de Mayo,96.10558489174181,81.68974715798053,110.52142262550308,4.0,2460.0,0.039067310931602366,0.064236203321488,valle,Asientos,4.0,autoets,abordar
2025-12-09 14:00:00,troncal,22 De Agosto,22 De Agosto,63.02000676758501,53.56700575244726,72.47300778272276,4.0,2460.0,0.025617888929912607,0.0499575405887695,valle,Asientos,4.0,autoets,abordar
2025-12-09 14:00:00,troncal,28 de Julio,28 de Julio,75.31080142955659,64.0141812151231,86.60742164399008,4.0,2460.0,0.03061414692258398,0.07286135301017992,valle,Asientos,4.0,autoets,abordar
2025-12-09 14:00:00,troncal,Andres Belaunde,Andres Belaunde,262.7235401903806,223.31500916182353,302.1320712189377,4.0,2460.0,0.10679818706926042,0.1275928033956827,valle,Asientos,4.0,autoets,abordar
2025-12-09 14:00:00,troncal,Andrés Reyes,Andrés Reyes,0.0,0.0,0.0,4.0,2460.0,0.0,0.0,valle,Asientos,4.0,autoets,abordar
2025-12-09 14:00:00,troncal,Angamos,Angamos,459.76997091083285,390.8044752742079,528.7354665474577,4.0,2460.0,0.18689836215887515,0.2174197310543896,valle,De_pie,4.4,autoets,abordar
2025-12-09 14:00:00,troncal,Aramburu,Aramburu,0.0,0.0,0.0,4.0,2460.0,0.0,0.005860096639740355,valle,Asientos,4.0,autoets,abordar
2025-12-09 14:00:00,troncal,Balta,Balta,186.96260373737613,158.9182131767697,215.00699429798254,4.0,2460.0,0.0760010584298277,0.08906945740507764,valle,Asientos,4.0,autoets,abordar
2025-12-09 14:00:00,troncal,Benavides,Benavides,74.6625220503669,63.463143742811866,85.86190035792193,4.0,2460.0,0.030350618719661344,0.04915519252181361,valle,Asientos,4.0,autoets,abordar
2025-12-09 14:00:00,troncal,Bulevar,Bulevar,136.44674701487247,115.9797349626416,156.91375906710334,4.0,2460.0,0.05546615732311889,0.08079087393569745,valle,Asientos,4.0,autoets,abordar
2025-12-09 14:00:00,troncal,Canadá,Canadá,242.89491921718297,206.4606813346055,279.3291570997604,4.0,2460.0,0.09873777203950528,0.12620390263510445,valle,Asientos,4.0,autoets,abordar
2025-12-09 14:00:00,troncal,Canaval y Moreyra,Canaval y Moreyra,0.0,0.0,0.0,4.0,2460.0,0.0,0.016218323223700194,valle,Asientos,4.0,autoets,abordar
2025-12-09 14:00:00,troncal,Caqueta,Caqueta,131.6386213245985,111.89282812590871,151.38441452328826,4.0,2460.0,0.05351163468479613,0.06186848919406624,valle,Asientos,4.0,autoets,abordar
2025-12-09 14:00:00,troncal,Chimpu Ocllo,Chimpu Ocllo,463.8107187906445,394.2391109720478,533.3823266092411,4.0,2460.0,0.18854094259782297,0.18854094259782297,valle,De_pie,4.4,autoets,abordar
2025-12-09 14:00:00,troncal,Colmena,Colmena,459.239164438561,390.3532897727768,528.1250391043451,4.0,2460.0,0.18668258717014674,0.18920156799013918,valle,De_pie,4.4,autoets,abordar
2025-12-09 14:00:00,troncal,Domingo Orué,Domingo Orué,41.311285447876195,35.114592630694766,47.50797826505762,4.0,2460.0,0.016793205466616338,0.016793205466616338,valle,Asientos,4.0,autoets,abordar
2025-12-09 14:00:00,troncal,El Milagro,El Milagro,72.21856587670898,61.38578099520263,83.05135075821532,4.0,2460.0,0.0293571406002882,0.038568228939453136,valle,Asientos,4.0,autoets,abordar
2025-12-09 14:00:00,troncal,Escuela Militar,Escuela Militar,45.13556729606163,38.36523220165238,51.90590239047087,4.0,2460.0,0.01834779158376489,0.03826375651553979,valle,Asientos,4.0,autoets,abordar
2025-12-09 14:00:00,troncal,España,España,342.53417802783684,291.1540513236613,393.91430473201234,4.0,2460.0,0.13924153578367351,0.1743768905309414,valle,Asientos,4.0,autoets,abordar
2025-12-09 14:00:00,troncal,Estacion Central,Estacion Central,806.2846824748704,685.3419801036398,927.2273848461008,4.0,2460.0,0.32775800100604485,0.33254336620257596,valle,De_pie,4.4,autoets,abordar
2025-12-09 14:00:00,troncal,Estadio Nacional,Estadio Nacional,201.66132650245638,171.4121275270879,231.91052547782482,4.0,2460.0,0.08197614898473836,0.10859752750565992,valle,Asientos,4.0,autoets,abordar
2025-12-09 14:00:00,troncal,Honorio Delgado,Honorio Delgado,72.55728988735194,61.67369640424915,83.44088337045473,4.0,2460.0,0.02949483328754144,0.07105557080610364,valle,Asientos,4.0,autoets,abordar
2025-12-09 14:00:00,troncal,Independencia,Independencia,96.57132148236823,82.085623260013,111.05701970472346,4.0,2460.0,0.03925663474893017,0.05428445005408554,valle,Asientos,4.0,autoets,abordar
2025-12-09 14:00:00,troncal,Izaguirre,Izaguirre,185.15414939640206,157.38102698694175,212.92727180586235,4.0,2460.0,0.07526591438878133,0.14433723066477772,valle,Asientos,4.0,autoets,abordar
2025-12-09 14:00:00,troncal,Javier Prado,Javier Prado,169.87491597694134,144.39367858040012,195.35615337348253,4.0,2460.0,0.06905484389306558,0.09903521794687978,valle,Asientos,4.0,autoets,abordar
2025-12-09 14:00:00,troncal,Jiron de la Unión,Jiron de la Unión,482.16338813991695,409.8388799189294,554.4878963609044,4.0,2460.0,0.19600137729264916,0.2162833269519975,valle,De_pie,4.4,autoets,abordar
2025-12-09 14:00:00,troncal,Los Incas,Los Incas,210.74039170783507,179.12933295165982,242.35145046401033,4.0,2460.0,0.08566682589749393,0.14222910867684083,valle,Asientos,4.0,autoets,abordar
2025-12-09 14:00:00,troncal,Los jazmines,Los jazmines,54.4905272799367,46.316948187946196,62.6641063719272,4.0,2460.0,0.022150620845502723,0.031777044204680416,valle,Asientos,4.0,autoets,abordar
2025-12-09 14:00:00,troncal,Matellini,Matellini,781.8987160671138,664.6139086570467,899.1835234771808,4.0,2460.0,0.31784500653134706,0.3297915081019426,valle,De_pie,4.4,autoets,abordar
2025-12-09 14:00:00,troncal,México,México,248.7832152653699,211.4657329755644,286.1006975551754,4.0,2460.0,0.10113138831925605,0.13431404103451783,valle,Asientos,4.0,autoets,abordar
2025-12-09 14:00:00,troncal,Naranjal,Naranjal,1131.9368621979188,962.146332868231,1301.7273915276064,4.0,2460.0,0.4601369358528125,0.5116933186019849,valle,Saturado,5.2,autoets,abordar
2025-12-09 14:00:00,troncal,Naranjal Alimentador,Naranjal Alimentador,0.8327247284220791,0.7078160191587672,0.9576334376853909,4.0,2460.0,0.0003385059871634468,0.11852274651599205,valle,Asientos,4.0,autoets,abordar
2025-12-09 14:00:00,troncal,Pacifico,Pacifico,61.30202160814596,52.10671836692406,70.49732484936784,4.0,2460.0,0.024919520978921122,0.03626018403531284,valle,Asientos,4.0,autoets,abordar
2025-12-09 14:00:00,troncal,Parque del Trabajo,Parque del Trabajo,64.49512406467788,54.8208554549762,74.16939267437955,4.0,2460.0,0.026217530107592635,0.04194151685184411,valle,Asientos,4.0,autoets,abordar
2025-12-09 14:00:00,troncal,Plaza de Flores,Plaza de Flores,139.65922114373222,118.71033797217238,160.60810431529205,4.0,2460.0,0.056772041115338304,0.0659167559616751,valle,Asientos,4.0,autoets,abordar
2025-12-09 14:00:00,troncal,Quilca,Quilca,94.0564297152768,79.94796525798529,108.16489417256832,4.0,2460.0,0.03823432102247025,0.07988973207299656,valle,Asientos,4.0,autoets,abordar
2025-12-09 14:00:00,troncal,Ramon Castilla,Ramon Castilla,204.58496073845336,173.89721662768534,235.27270484922136,4.0,2460.0,0.08316461818636316,0.1242957834606607,valle,Asientos,4.0,autoets,abordar
2025-12-09 14:00:00,troncal,Ricardo Palma,Ricardo Palma,233.08420892574057,198.12157758687948,268.04684026460166,4.0,2460.0,0.0947496784250978,0.15078682082445108,valle,Asientos,4.0,autoets,abordar
2025-12-09 14:00:00,troncal,Rosario de Villa,Rosario de Villa,89.90598793841082,76.42008974764919,103.39188612917243,4.0,2460.0,0.03654714956845968,0.04576374744135096,valle,Asientos,4.0,autoets,abordar
2025-12-09 14:00:00,troncal,Tacna,Tacna,200.98535308871453,170.83755012540735,231.1331560520217,4.0,2460.0,0.0817013630441929,0.09366073776305121,valle,Asientos,4.0,autoets,abordar
2025-12-09 14:00:00,troncal,Terán,Terán,106.01663781935532,90.11414214645202,121.91913349225861,4.0,2460.0,0.043096194235510296,0.057248521737549185,valle,Asientos,4.0,autoets,abordar
2025-12-09 14:00:00,troncal,Tomas Valle,Tomas Valle,496.280002586048,421.83800219814077,570.7220029739551,4.0,2460.0,0.20173983844961302,0.20946600266648166,valle,De_pie,4.4,autoets,abordar
2025-12-09 14:00:00,troncal,Uni,Uni,185.31609271837215,157.5186788106163,213.11350662612796,4.0,2460.0,0.07533174500746835,0.10999629186495354,valle,Asientos,4.0,autoets,abordar
2025-12-09 14:00:00,troncal,Union,Union,90.45517373201712,76.88689767221454,104.02344979181967,4.0,2460.0,0.03677039582602322,0.08992921924099423,valle,Asientos,4.0,autoets,abordar
2025-12-09 14:00:00,troncal,Universidad,Universidad,39.23999461155532,33.35399541982202,45.125993803288615,4.0,2460.0,0.015951217321770454,0.023636584000744237,valle,Asientos,4.0,autoets,abordar
2025-12-09 15:00:00,troncal,2 de Mayo,2 de Mayo,92.0411998966843,78.23501991218166,105.84737988118694,4.0,2460.0,0.03741512190922126,0.06646044194434142,valle,Asientos,4.0,autoets,abordar
2025-12-09 15:00:00,troncal,22 De Agosto,22 De Agosto,54.953968761653286,46.71087344740529,63.197064075901274,4.0,2460.0,0.02233901169172898,0.04652766739942992,valle,Asientos,4.0,autoets,abordar
2025-12-09 15:00:00,troncal,28 de Julio,28 de Julio,119.97608754446907,101.9796744127987,137.97250067613942,4.0,2460.0,0.04877076729449962,0.0993204050882737,valle,Asientos,4.0,autoets,abordar
2025-12-09 15:00:00,troncal,Andres Belaunde,Andres Belaunde,233.08996769688292,198.12647254235048,268.05346285141536,4.0,2460.0,0.0947520193889768,0.11610994771705577,valle,Asientos,4.0,autoets,abordar
2025-12-09 15:00:00,troncal,Andrés Reyes,Andrés Reyes,0.0,0.0,0.0,4.0,2460.0,0.0,0.0,valle,Asientos,4.0,autoets,abordar
2025-12-09 15:00:00,troncal,Angamos,Angamos,539.8300600465647,458.85555103957995,620.8045690535494,4.0,2460.0,0.21944311384006693,0.2530594609498825,valle,De_pie,4.4,autoets,abordar
2025-12-09 15:00:00,troncal,Aramburu,Aramburu,11.128778137289505,9.45946141669608,12.79809485788293,4.0,2460.0,0.004523893551743701,0.02109012904820324,valle,Asientos,4.0,autoets,abordar
2025-12-09 15:00:00,troncal,Balta,Balta,192.25312774422548,163.41515858259166,221.09109690585927,4.0,2460.0,0.07815167794480711,0.09433826871096375,valle,Asientos,4.0,autoets,abordar
2025-12-09 15:00:00,troncal,Benavides,Benavides,103.30218510886371,87.80685734253416,118.79751287519326,4.0,2460.0,0.04199275817433484,0.06694154398627382,valle,Asientos,4.0,autoets,abordar
2025-12-09 15:00:00,troncal,Bulevar,Bulevar,163.60398590941261,139.06338802300073,188.1445837958245,4.0,2460.0,0.06650568532902952,0.0896462729352675,valle,Asientos,4.0,autoets,abordar
2025-12-09 15:00:00,troncal,Canadá,Canadá,289.647343225369,246.20024174156364,333.09444470917435,4.0,2460.0,0.117742822449337,0.14704285044937498,valle,Asientos,4.0,autoets,abordar
2025-12-09 15:00:00,troncal,Canaval y Moreyra,Canaval y Moreyra,179.64506224525218,152.69830290846434,206.59182158203998,4.0,2460.0,0.07302644806717568,0.09002261302127848,valle,Asientos,4.0,autoets,abordar
2025-12-09 15:00:00,troncal,Caqueta,Caqueta,122.57252723159164,104.18664814685289,140.95840631633038,4.0,2460.0,0.04982623058194782,0.05879377319805286,valle,Asientos,4.0,autoets,abordar
2025-12-09 15:00:00,troncal,Chimpu Ocllo,Chimpu Ocllo,424.4584811988493,360.7897090190219,488.1272533786767,4.0,2460.0,0.17254409804831272,0.17254409804831272,valle,Asientos,4.0,autoets,abordar
2025-12-09 15:00:00,troncal,Colmena,Colmena,499.8892296200089,424.90584517700756,574.8726140630102,4.0,2460.0,0.20320700391057273,0.20702088446656394,valle,De_pie,4.4,autoets,abordar
2025-12-09 15:00:00,troncal,Domingo Orué,Domingo Orué,51.41886298096639,43.706033533821426,59.13169242811134,4.0,2460.0,0.02090197682153105,0.03253452806436896,valle,Asientos,4.0,autoets,abordar
2025-12-09 15:00:00,troncal,El Milagro,El Milagro,41.11408730995298,34.94697421346003,47.28120040644592,4.0,2460.0,0.016713043621932103,0.025117616209678204,valle,Asientos,4.0,autoets,abordar
2025-12-09 15:00:00,troncal,Escuela Militar,Escuela Militar,55.055053732016034,46.79679567221363,63.313311791818435,4.0,2460.0,0.02238010314309595,0.04399053187482342,valle,Asientos,4.0,autoets,abordar
2025-12-09 15:00:00,troncal,España,España,305.8637869507637,259.98421890814916,351.74335499337826,4.0,2460.0,0.12433487274421288,0.1647169744176858,valle,Asientos,4.0,autoets,abordar
2025-12-09 15:00:00,troncal,Estacion Central,Estacion Central,839.1532971392782,713.2803025683864,965.0262917101697,4.0,2460.0,0.34111922647938137,0.3454528958382266,valle,De_pie,4.4,autoets,abordar
2025-12-09 15:00:00,troncal,Estadio Nacional,Estadio Nacional,218.47103232126742,185.7003774730773,251.24168716945752,4.0,2460.0,0.08880936273222252,0.11259708678448915,valle,Asientos,4.0,autoets,abordar
2025-12-09 15:00:00,troncal,Honorio Delgado,Honorio Delgado,75.23369124278973,63.94863755637127,86.51874492920818,4.0,2460.0,0.030582801318207207,0.0728288694897541,valle,Asientos,4.0,autoets,abordar
2025-12-09 15:00:00,troncal,Independencia,Independencia,84.3447981019329,71.69307838664295,96.99651781722282,4.0,2460.0,0.034286503293468655,0.04769265877524928,valle,Asientos,4.0,autoets,abordar
2025-12-09 15:00:00,troncal,Izaguirre,Izaguirre,162.76910090690836,138.3537357708721,187.1844660429446,4.0,2460.0,0.06616630118167006,0.12699754557032183,valle,Asientos,4.0,autoets,abordar
2025-12-09 15:00:00,troncal,Javier Prado,Javier Prado,186.69590535060172,158.69151954801146,214.70029115319196,4.0,2460.0,0.07589264445146411,0.10953269140906927,valle,Asientos,4.0,autoets,abordar
2025-12-09 15:00:00,troncal,Jiron de la Unión,Jiron de la Unión,578.0115799385467,491.30984294776465,664.7133169293286,4.0,2460.0,0.23496405688558808,0.2551905042470677,valle,De_pie,4.4,autoets,abordar
2025-12-09 15:00:00,troncal,Los Incas,Los Incas,192.83959807122022,163.9136583605372,221.76553778190325,4.0,2460.0,0.0783900805167562,0.13015330993125002,valle,Asientos,4.0,autoets,abordar
2025-12-09 15:00:00,troncal,Los jazmines,Los jazmines,53.49019233710318,45.466663486537705,61.51372118766865,4.0,2460.0,0.02174398062483869,0.03036816642338911,valle,Asientos,4.0,autoets,abordar
2025-12-09 15:00:00,troncal,Matellini,Matellini,744.9112858826501,633.1745930002526,856.6479787650475,4.0,2460.0,0.3028094658059553,0.3151404373488621,valle,De_pie,4.4,autoets,abordar
2025-12-09 15:00:00,troncal,México,México,262.0494268793557,222.74201284745232,301.356840911259,4.0,2460.0,0.10652415726803076,0.13849579258949607,valle,Asientos,4.0,autoets,abordar
2025-12-09 15:00:00,troncal,Naranjal,Naranjal,997.2484890658585,847.6612157059797,1146.8357624257371,4.0,2460.0,0.4053855646609181,0.4587202833122479,valle,Saturado,5.2,autoets,esperar_siguiente
2025-12-09 15:00:00,troncal,Naranjal Alimentador,Naranjal Alimentador,0.3839189080302862,0.3263310718257433,0.4415067442348291,4.0,2460.0,0.00015606459676027894,0.1121317832678052,valle,Asientos,4.0,autoets,abordar
2025-12-09 15:00:00,troncal,Pacifico,Pacifico,57.09184899429396,48.528071645149865,65.65562634343804,4.0,2460.0,0.023208068696867465,0.03315642356363202,valle,Asientos,4.0,autoets,abordar
2025-12-09 15:00:00,troncal,Parque del Trabajo,Parque del Trabajo,71.83400766133292,61.05890651213298,82.60910881053285,4.0,2460.0,0.029200816122493055,0.046817662776575536,valle,Asientos,4.0,autoets,abordar
2025-12-09 15:00:00,troncal,Plaza de Flores,Plaza de Flores,162.15790345610517,137.8342179376894,186.48158897452095,4.0,2460.0,0.06591784693337609,0.07953237575370126,valle,Asientos,4.0,autoets,abordar
2025-12-09 15:00:00,troncal,Quilca,Quilca,84.25488750640896,71.61665438044761,96.8931206323703,4.0,2460.0,0.03424995427089795,0.08224707557792356,valle,Asientos,4.0,autoets,abordar
2025-12-09 15:00:00,troncal,Ramon Castilla,Ramon Castilla,186.66603867108256,158.66613287042017,214.66594447174492,4.0,2460.0,0.0758805035248303,0.11352063030959064,valle,Asientos,4.0,autoets,abordar
2025-12-09 15:00:00,troncal,Ricardo Palma,Ricardo Palma,289.1839997713302,245.80639980563066,332.5615997370297,4.0,2460.0,0.11755447145176025,0.1809519891143562,valle,De_pie,4.4,autoets,abordar
2025-12-09 15:00:00,troncal,Rosario de Villa,Rosario de Villa,100.62332131816855,85.52982312044327,115.71681951589382,4.0,2460.0,0.040903789153727055,0.050456207795039204,valle,Asientos,4.0,autoets,abordar
2025-12-09 15:00:00,troncal,Tacna,Tacna,209.1412094966734,177.7700280721724,240.51239092117441,4.0,2460.0,0.08501675182791602,0.09687080883358215,valle,Asientos,4.0,autoets,abordar
2025-12-09 15:00:00,troncal,Terán,Terán,101.60461198550325,86.36392018767776,116.84530378332873,4.0,2460.0,0.04130268779898506,0.05638245496217052,valle,Asientos,4.0,autoets,abordar
2025-12-09 15:00:00,troncal,Tomas Valle,Tomas Valle,479.1529241292061,407.27998550982517,551.025862748587,4.0,2460.0,0.19477761143463662,0.20054616507165224,valle,De_pie,4.4,autoets,abordar
2025-12-09 15:00:00,troncal,Uni,Uni,213.6825938841629,181.63020480153847,245.73498296678733,4.0,2460.0,0.08686284304234265,0.11858644130082796,valle,Asientos,4.0,autoets,abordar
2025-12-09 15:00:00,troncal,Union,Union,96.27664106436416,81.83514490470954,110.71813722401878,4.0,2460.0,0.03913684596112364,0.09069383420507598,valle,Asientos,4.0,autoets,abordar
2025-12-09 15:00:00,troncal,Universidad,Universidad,35.53608874253079,30.205675431151167,40.8665020539104,4.0,2460.0,0.01444556452948406,0.021147268037002752,valle,Asientos,4.0,autoets,abordar
2025-12-09 16:00:00,troncal,2 de Mayo,2 de Mayo,128.38506162425367,109.12730238061562,147.64282086789171,4.0,2460.0,0.052189049440753525,0.1098759140238269,punta_pm,Asientos,4.0,autoets,abordar
2025-12-09 16:00:00,troncal,22 De Agosto,22 De Agosto,52.234338550212954,44.399187767681006,60.069489332744894,4.0,2460.0,0.02123347095537112,0.04674467213663618,punta_pm,Asientos,4.0,autoets,abordar
2025-12-09 16:00:00,troncal,28 de Julio,28 de Julio,189.98192569997315,161.48463684497716,218.4792145549691,4.0,2460.0,0.0772284250812899,0.15664400611766732,punta_pm,Asientos,4.0,autoets,abordar
2025-12-09 16:00:00,troncal,Andres Belaunde,Andres Belaunde,229.91145758393117,195.42473894634148,264.3981762215208,4.0,2460.0,0.0934599421072891,0.11887753704283947,punta_pm,Asientos,4.0,autoets,abordar
2025-12-09 16:00:00,troncal,Andrés Reyes,Andrés Reyes,79.46427868574327,67.54463688288178,91.38392048860474,4.0,2460.0,0.03230255231127775,0.03230255231127775,punta_pm,Asientos,4.0,autoets,abordar
2025-12-09 16:00:00,troncal,Angamos,Angamos,837.6582943601521,712.0095502061292,963.3070385141749,4.0,2460.0,0.34051150177241957,0.38372578551226993,punta_pm,De_pie,4.4,autoets,abordar
2025-12-09 16:00:00,troncal,Aramburu,Aramburu,177.74397786229338,151.08238118294938,204.40557454163738,4.0,2460.0,0.07225364953751763,0.10983048164821448,punta_pm,Asientos,4.0,autoets,abordar
2025-12-09 16:00:00,troncal,Balta,Balta,219.14895115811615,186.2766084843987,252.02129383183356,4.0,2460.0,0.08908493949516917,0.125841836538521,punta_pm,Asientos,4.0,autoets,abordar
2025-12-09 16:00:00,troncal,Benavides,Benavides,312.54534660871593,265.66354461740855,359.4271486000233,4.0,2460.0,0.1270509539059821,0.16697407343869006,punta_pm,Asientos,4.0,autoets,abordar
2025-12-09 16:00:00,troncal,Bulevar,Bulevar,188.47224178881584,160.20140552049347,216.7430780571382,4.0,2460.0,0.07661473243447799,0.10318777194677752,punta_pm,Asientos,4.0,autoets,abordar
2025-12-09 16:00:00,troncal,Canadá,Canadá,437.7356850382655,372.07533228252566,503.3960377940053,4.0,2460.0,0.17794133538140874,0.21385479409757852,punta_pm,Asientos,4.0,autoets,abordar
2025-12-09 16:00:00,troncal,Canaval y Moreyra,Canaval y Moreyra,487.87498499117453,414.69373724249834,561.0562327398507,4.0,2460.0,0.19832316463055874,0.23714718632253384,punta_pm,Asientos,4.0,autoets,abordar
2025-12-09 16:00:00,troncal,Caqueta,Caqueta,133.1430377387233,113.1715820779148,153.1144933995318,4.0,2460.0,0.05412318607265175,0.06490097173608375,punta_pm,Asientos,4.0,autoets,abordar
2025-12-09 16:00:00,troncal,Chimpu Ocllo,Chimpu Ocllo,439.7719048867947,373.80611915377546,505.73769061981386,4.0,2460.0,0.1787690670271523,0.1787690670271523,punta_pm,Asientos,4.0,autoets,abordar
2025-12-09 16:00:00,troncal,Colmena,Colmena,621.2542773287149,528.0661357294076,714.4424189280221,4.0,2460.0,0.2525423891580142,0.26871336195479006,punta_pm,De_pie,4.4,autoets,abordar
2025-12-09 16:00:00,troncal,Domingo Orué,Domingo Orué,87.45997600483106,74.34097960410641,100.57897240555572,4.0,2460.0,0.03555283577432157,0.07613935789953302,punta_pm,Asientos,4.0,autoets,abordar
2025-12-09 16:00:00,troncal,El Milagro,El Milagro,38.68290748575189,32.880471362889104,44.48534360861467,4.0,2460.0,0.01572475914054955,0.024389487691716026,punta_pm,Asientos,4.0,autoets,abordar
2025-12-09 16:00:00,troncal,Escuela Militar,Escuela Militar,66.08068907915745,56.16858571728383,75.99279244103106,4.0,2460.0,0.02686206873136482,0.05792406361309471,punta_pm,Asientos,4.0,autoets,abordar
2025-12-09 16:00:00,troncal,España,España,404.718375529846,344.0106192003691,465.4261318593229,4.0,2460.0,0.1645196648495309,0.21409929471747835,punta_pm,Asientos,4.0,autoets,abordar
2025-12-09 16:00:00,troncal,Estacion Central,Estacion Central,1126.848046688855,957.8208396855267,1295.8752536921832,4.0,2460.0,0.4580683116621362,0.46215776490404487,punta_pm,De_pie,4.4,autoets,abordar
2025-12-09 16:00:00,troncal,Estadio Nacional,Estadio Nacional,283.3593673218151,240.85546222354284,325.86327242008736,4.0,2460.0,0.11518673468366468,0.14621536401162052,punta_pm,Asientos,4.0,autoets,abordar
2025-12-09 16:00:00,troncal,Honorio Delgado,Honorio Delgado,98.80783978484723,83.98666381712015,113.6290157525743,4.0,2460.0,0.040165788530425704,0.0834036500373196,punta_pm,Asientos,4.0,autoets,abordar
2025-12-09 16:00:00,troncal,Independencia,Independencia,90.29571143249377,76.7513547176197,103.84006814736783,4.0,2460.0,0.03670557375304625,0.05213793273005941,punta_pm,Asientos,4.0,autoets,abordar
2025-12-09 16:00:00,troncal,Izaguirre,Izaguirre,191.7690813004141,163.00371910535196,220.53444349547618,4.0,2460.0,0.0779549110977293,0.14624327168455462,punta_pm,Asientos,4.0,autoets,abordar
2025-12-09 16:00:00,troncal,Javier Prado,Javier Prado,508.32889412413795,432.07956000551724,584.5782282427585,4.0,2460.0,0.20663776183908047,0.2519644106599119,punta_pm,Asientos,4.0,autoets,abordar
2025-12-09 16:00:00,troncal,Jiron de la Unión,Jiron de la Unión,708.9547843857083,602.611566727852,815.2980020435645,4.0,2460.0,0.28819300178280827,0.31137132932167255,punta_pm,De_pie,4.4,autoets,abordar
2025-12-09 16:00:00,troncal,Los Incas,Los Incas,207.42153284750196,176.30830292037666,238.53476277462724,4.0,2460.0,0.08431769627947235,0.13794841638761804,punta_pm,Asientos,4.0,autoets,abordar
2025-12-09 16:00:00,troncal,Los jazmines,Los jazmines,51.80583680663649,44.03496128564102,59.57671232763196,4.0,2460.0,0.02105928325473028,0.03030424163004098,punta_pm,Asientos,4.0,autoets,abordar
2025-12-09 16:00:00,troncal,Matellini,Matellini,866.1780603602421,736.2513513062057,996.1047694142783,4.0,2460.0,0.35210490258546423,0.3655104830467661,punta_pm,De_pie,4.4,autoets,abordar
2025-12-09 16:00:00,troncal,México,México,305.62135562336914,259.7781522798638,351.4645589668745,4.0,2460.0,0.1242363234241338,0.16619228335411312,punta_pm,Asientos,4.0,autoets,abordar
2025-12-09 16:00:00,troncal,Naranjal,Naranjal,1119.6801062643167,951.7280903246692,1287.6321222039642,4.0,2460.0,0.45515451474159213,0.5259094881118669,punta_pm,De_pie,4.4,autoets,abordar
2025-12-09 16:00:00,troncal,Naranjal Alimentador,Naranjal Alimentador,0.2490073596187048,0.21165625567589907,0.2863584635615105,4.0,2460.0,0.0001012225039100426,0.13708464646446927,punta_pm,Asientos,4.0,autoets,abordar
2025-12-09 16:00:00,troncal,Pacifico,Pacifico,61.32160592260169,52.12336503421144,70.51984681099194,4.0,2460.0,0.024927482082358413,0.036635902122604314,punta_pm,Asientos,4.0,autoets,abordar
2025-12-09 16:00:00,troncal,Parque del Trabajo,Parque del Trabajo,77.94784509543773,66.25566833112207,89.64002185975338,4.0,2460.0,0.03168611589245436,0.05176516912806082,punta_pm,Asientos,4.0,autoets,abordar
2025-12-09 16:00:00,troncal,Plaza de Flores,Plaza de Flores,290.2677649022541,246.72760016691598,333.80792963759217,4.0,2460.0,0.11799502638303012,0.14863693323112093,punta_pm,Asientos,4.0,autoets,abordar
2025-12-09 16:00:00,troncal,Quilca,Quilca,104.15114544863002,88.52847363133552,119.7738172659245,4.0,2460.0,0.042337864003508134,0.10062666389889585,punta_pm,Asientos,4.0,autoets,abordar
2025-12-09 16:00:00,troncal,Ramon Castilla,Ramon Castilla,228.37631515421026,194.1198678810787,262.6327624273418,4.0,2460.0,0.09283590046919116,0.13229891496518484,punta_pm,Asientos,4.0,autoets,abordar
2025-12-09 16:00:00,troncal,Ricardo Palma,Ricardo Palma,464.75723463643754,395.0436494409719,534.4708198319031,4.0,2460.0,0.18892570513676324,0.2778837887763283,punta_pm,De_pie,4.4,autoets,abordar
2025-12-09 16:00:00,troncal,Rosario de Villa,Rosario de Villa,110.004396839325,93.50373731342624,126.50505636522374,4.0,2460.0,0.04471723448753049,0.05544454008540749,punta_pm,Asientos,4.0,autoets,abordar
2025-12-09 16:00:00,troncal,Tacna,Tacna,246.98153389865053,209.93430381385295,284.0287639834481,4.0,2460.0,0.10039899751977664,0.11327039281454256,punta_pm,Asientos,4.0,autoets,abordar
2025-12-09 16:00:00,troncal,Terán,Terán,109.84712272602528,93.37005431712149,126.32419113492905,4.0,2460.0,0.04465330192114848,0.06204535315512858,punta_pm,Asientos,4.0,autoets,abordar
2025-12-09 16:00:00,troncal,Tomas Valle,Tomas Valle,478.61229543396126,406.8204511188671,550.4041397490554,4.0,2460.0,0.19455784367234197,0.20007545003163393,punta_pm,Asientos,4.0,autoets,abordar
2025-12-09 16:00:00,troncal,Uni,Uni,230.48863327909868,195.91533828723388,265.06192827096345,4.0,2460.0,0.09369456637361735,0.12523695679555108,punta_pm,Asientos,4.0,autoets,abordar
2025-12-09 16:00:00,troncal,Union,Union,128.64520116112283,109.3484209869544,147.94198133529125,4.0,2460.0,0.05229479721996863,0.11181811778091784,punta_pm,Asientos,4.0,autoets,abordar
2025-12-09 16:00:00,troncal,Universidad,Universidad,33.53351658365129,28.503489096103596,38.56354407119898,4.0,2460.0,0.013631510806362313,0.02000155209297365,punta_pm,Asientos,4.0,autoets,abordar
2025-12-09 17:00:00,troncal,2 de Mayo,2 de Mayo,276.87541207606023,235.3441002646512,318.40672388746924,4.0,2460.0,0.11255098051872367,0.27683719973876986,punta_pm,De_pie,4.4,autoets,abordar
2025-12-09 17:00:00,troncal,22 De Agosto,22 De Agosto,62.830372981350216,53.40581703414768,72.25492892855274,4.0,2460.0,0.02554080202493911,0.057626196324761625,punta_pm,Asientos,4.0,autoets,abordar
2025-12-09 17:00:00,troncal,28 de Julio,28 de Julio,389.2723497588544,330.88149729502624,447.6632022226825,4.0,2460.0,0.15824079258490015,0.3334253050728828,punta_pm,De_pie,4.4,autoets,abordar
2025-12-09 17:00:00,troncal,Andres Belaunde,Andres Belaunde,284.81732983870796,242.09473036290177,327.53992931451415,4.0,2460.0,0.11577940237345852,0.1517407425731601,punta_pm,Asientos,4.0,autoets,abordar
2025-12-09 17:00:00,troncal,Andrés Reyes,Andrés Reyes,766.1626412436826,651.2382450571303,881.087037430235,4.0,2460.0,0.31144822814783846,0.31144822814783846,punta_pm,De_pie,4.4,autoets,abordar
2025-12-09 17:00:00,troncal,Angamos,Angamos,1860.498293354192,1581.423549351063,2139.5730373573206,4.0,2460.0,0.7563001192496716,0.8164065488656675,punta_pm,Saturado,5.2,autoets,abordar
2025-12-09 17:00:00,troncal,Aramburu,Aramburu,1019.8950121615138,866.9107603372868,1172.8792639857409,4.0,2460.0,0.41459146835833893,0.5169897860020004,punta_pm,De_pie,4.4,autoets,abordar
2025-12-09 17:00:00,troncal,Balta,Balta,329.91926396824545,280.4313743730086,379.4071535634822,4.0,2460.0,0.13411352193831116,0.24647430587280927,punta_pm,Asientos,4.0,autoets,abordar
2025-12-09 17:00:00,troncal,Benavides,Benavides,1287.6818419472525,1094.5295656551646,1480.8341182393401,4.0,2460.0,0.5234479032305904,0.6089235167188574,punta_pm,De_pie,4.4,autoets,abordar
2025-12-09 17:00:00,troncal,Bulevar,Bulevar,241.3831366783813,205.1756661766241,277.5906071801385,4.0,2460.0,0.09812322629202493,0.13379874188834917,punta_pm,Asientos,4.0,autoets,abordar
2025-12-09 17:00:00,troncal,Canadá,Canadá,1041.2906867382242,885.0970837274905,1197.4842897489577,4.0,2460.0,0.4232888970480586,0.49497758392968394,punta_pm,De_pie,4.4,autoets,abordar
2025-12-09 17:00:00,troncal,Canaval y Moreyra,Canaval y Moreyra,1402.4569972799873,1192.0884476879892,1612.8255468719851,4.0,2460.0,0.5701044704390192,0.6877800021796652,punta_pm,De_pie,4.4,autoets,abordar
2025-12-09 17:00:00,troncal,Caqueta,Caqueta,182.4489810822073,155.0816339198762,209.81632824453837,4.0,2460.0,0.07416625247244199,0.08735803282101857,punta_pm,Asientos,4.0,autoets,abordar
2025-12-09 17:00:00,troncal,Chimpu Ocllo,Chimpu Ocllo,458.60339548406864,389.8128861614583,527.3939048066788,4.0,2460.0,0.18642414450571895,0.18642414450571895,punta_pm,Asientos,4.0,autoets,abordar
2025-12-09 17:00:00,troncal,Colmena,Colmena,789.5439412042886,671.1123500236453,907.9755323849317,4.0,2460.0,0.32095282162775957,0.39510504825334253,punta_pm,De_pie,4.4,autoets,abordar
2025-12-09 17:00:00,troncal,Domingo Orué,Domingo Orué,196.20150449804663,166.77127882333963,225.6317301727536,4.0,2460.0,0.07975670914554742,0.22746109996515113,punta_pm,Asientos,4.0,autoets,abordar
2025-12-09 17:00:00,troncal,El Milagro,El Milagro,47.2398219449911,40.153848653242434,54.32579523673976,4.0,2460.0,0.019203179652435405,0.03180381765202739,punta_pm,Asientos,4.0,autoets,abordar
2025-12-09 17:00:00,troncal,Escuela Militar,Escuela Militar,81.28944562805664,69.09602878384814,93.48286247226513,4.0,2460.0,0.03304449009270595,0.08700511683336215,punta_pm,Asientos,4.0,autoets,abordar
2025-12-09 17:00:00,troncal,España,España,966.2137331423389,821.281673170988,1111.1457931136897,4.0,2460.0,0.392769810220463,0.4847765223603122,punta_pm,De_pie,4.4,autoets,abordar
2025-12-09 17:00:00,troncal,Estacion Central,Estacion Central,2169.047427661143,1843.6903135119715,2494.404541810314,4.0,2460.0,0.8817265966102208,0.8886889615136361,punta_pm,Saturado,5.2,autoets,abordar
2025-12-09 17:00:00,troncal,Estadio Nacional,Estadio Nacional,625.8630245707149,531.9835708851076,719.742478256322,4.0,2460.0,0.25441586364663205,0.325327317217124,punta_pm,De_pie,4.4,autoets,abordar
2025-12-09 17:00:00,troncal,Honorio Delgado,Honorio Delgado,103.572788123111,88.03686990464435,119.10870634157763,4.0,2460.0,0.04210275939963862,0.09420385147653348,punta_pm,Asientos,4.0,autoets,abordar
2025-12-09 17:00:00,troncal,Independencia,Independencia,152.0267492023657,129.22273682201083,174.83076158272053,4.0,2460.0,0.06179949154567711,0.08690700611695568,punta_pm,Asientos,4.0,autoets,abordar
2025-12-09 17:00:00,troncal,Izaguirre,Izaguirre,332.1638265218757,282.33925254359434,381.988400500157,4.0,2460.0,0.13502594574059987,0.20931937615966106,punta_pm,Asientos,4.0,autoets,abordar
2025-12-09 17:00:00,troncal,Javier Prado,Javier Prado,1653.0033084705328,1405.0528121999528,1900.9538047411127,4.0,2460.0,0.6719525644189158,0.7689722063107551,punta_pm,Saturado,5.2,autoets,abordar
2025-12-09 17:00:00,troncal,Jiron de la Unión,Jiron de la Unión,1312.175973679799,1115.3495776278291,1509.0023697317688,4.0,2460.0,0.5334048673495118,0.5664013210658853,punta_pm,De_pie,4.4,autoets,abordar
2025-12-09 17:00:00,troncal,Los Incas,Los Incas,236.6956131829936,201.19127120554455,272.19995516044264,4.0,2460.0,0.09621772893617626,0.15214497228789195,punta_pm,Asientos,4.0,autoets,abordar
2025-12-09 17:00:00,troncal,Los jazmines,Los jazmines,54.623713990942896,46.43015689230146,62.817271089584324,4.0,2460.0,0.022204761784936137,0.03632830822697628,punta_pm,Asientos,4.0,autoets,abordar
2025-12-09 17:00:00,troncal,Matellini,Matellini,1338.951496514307,1138.108772037161,1539.7942209914531,4.0,2460.0,0.544289226225328,0.5618961836003366,punta_pm,De_pie,4.4,autoets,abordar
2025-12-09 17:00:00,troncal,México,México,549.8314402879405,467.3567242447494,632.3061563311315,4.0,2460.0,0.22350871556420346,0.3205865666442677,punta_pm,De_pie,4.4,autoets,abordar
2025-12-09 17:00:00,troncal,Naranjal,Naranjal,1218.2285059909148,1035.4942300922776,1400.962781889552,4.0,2460.0,0.4952148398337052,0.6309550117769459,punta_pm,De_pie,4.4,autoets,abordar
2025-12-09 17:00:00,troncal,Naranjal Alimentador,Naranjal Alimentador,0.1837528816885261,0.1561899494352472,0.21131581394180501,4.0,2460.0,7.469629336931955e-05,0.2066159117599582,punta_pm,Asientos,4.0,autoets,abordar
2025-12-09 17:00:00,troncal,Pacifico,Pacifico,79.59941244709267,67.65950058002878,91.53932431415657,4.0,2460.0,0.03235748473459052,0.052622581039685895,punta_pm,Asientos,4.0,autoets,abordar
2025-12-09 17:00:00,troncal,Parque del Trabajo,Parque del Trabajo,112.77240959354495,95.8565481545132,129.6882710325767,4.0,2460.0,0.045842442924205265,0.07028202420871388,punta_pm,Asientos,4.0,autoets,abordar
2025-12-09 17:00:00,troncal,Plaza de Flores,Plaza de Flores,555.0350145785164,471.779762391739,638.2902667652938,4.0,2460.0,0.2256239896660636,0.32787729403838717,punta_pm,De_pie,4.4,autoets,abordar
2025-12-09 17:00:00,troncal,Quilca,Quilca,196.73410541372897,167.22398960166962,226.2442212257883,4.0,2460.0,0.07997321358281666,0.1818554595307506,punta_pm,Asientos,4.0,autoets,abordar
2025-12-09 17:00:00,troncal,Ramon Castilla,Ramon Castilla,348.38284259672423,296.1254162072156,400.64026898623285,4.0,2460.0,0.14161904170598547,0.18401532272226975,punta_pm,Asientos,4.0,autoets,abordar
2025-12-09 17:00:00,troncal,Ricardo Palma,Ricardo Palma,1012.5277114487237,860.6485547314152,1164.4068681660322,4.0,2460.0,0.4115966306702129,0.5731845718018276,punta_pm,De_pie,4.4,autoets,abordar
2025-12-09 17:00:00,troncal,Rosario de Villa,Rosario de Villa,149.80183483231446,127.33155960746728,172.2721100571616,4.0,2460.0,0.06089505480988393,0.07432442747731571,punta_pm,Asientos,4.0,autoets,abordar
2025-12-09 17:00:00,troncal,Tacna,Tacna,358.6928598663183,304.8889308863706,412.49678884626604,4.0,2460.0,0.14581010563671476,0.16381140994621185,punta_pm,Asientos,4.0,autoets,abordar
2025-12-09 17:00:00,troncal,Terán,Terán,138.95226611782473,118.10942620015102,159.79510603549843,4.0,2460.0,0.05648466102350599,0.08155836282815855,punta_pm,Asientos,4.0,autoets,abordar
2025-12-09 17:00:00,troncal,Tomas Valle,Tomas Valle,557.2215651182456,473.63833035050874,640.8047998859824,4.0,2460.0,0.22651283134888034,0.23272402256448607,punta_pm,Asientos,4.0,autoets,abordar
2025-12-09 17:00:00,troncal,Uni,Uni,297.2363449428302,252.65089320140567,341.8217966842547,4.0,2460.0,0.12082778249708545,0.15768518414728283,punta_pm,Asientos,4.0,autoets,abordar
2025-12-09 17:00:00,troncal,Union,Union,165.71566704272803,140.8583169863188,190.57301709913722,4.0,2460.0,0.06736409229379188,0.1581417344490737,punta_pm,Asientos,4.0,autoets,abordar
2025-12-09 17:00:00,troncal,Universidad,Universidad,57.09139220800526,48.52768337680447,65.65510103920604,4.0,2460.0,0.023207883011384253,0.030870123618865986,punta_pm,Asientos,4.0,autoets,abordar
2025-12-09 18:00:00,troncal,2 de Mayo,2 de Mayo,414.5931147212396,352.40414751305366,476.7820819294255,4.0,2460.0,0.1685337864720486,0.36584209589163086,punta_pm,De_pie,4.4,autoets,abordar
2025-12-09 18:00:00,troncal,22 De Agosto,22 De Agosto,42.44255276487032,36.07616985013977,48.808935679600864,4.0,2460.0,0.01725307022962208,0.04445322267162467,punta_pm,Asientos,4.0,autoets,abordar
2025-12-09 18:00:00,troncal,28 de Julio,28 de Julio,350.8443871318967,298.2177290621122,403.4710452016812,4.0,2460.0,0.14261966956581168,0.3372965930286249,punta_pm,De_pie,4.4,autoets,abordar
2025-12-09 18:00:00,troncal,Andres Belaunde,Andres Belaunde,192.7123576853082,163.80550403251198,221.6192113381044,4.0,2460.0,0.07833835678264561,0.11841773860581031,punta_pm,Asientos,4.0,autoets,abordar
2025-12-09 18:00:00,troncal,Andrés Reyes,Andrés Reyes,1020.0129422415276,867.0110009052985,1173.0148835777568,4.0,2460.0,0.4146394074152551,0.4146394074152551,punta_pm,De_pie,4.4,autoets,abordar
2025-12-09 18:00:00,troncal,Angamos,Angamos,1997.8219373439517,1698.148646742359,2297.4952279455442,4.0,2460.0,0.8121227387577039,0.8701177907723141,punta_pm,Saturado,5.2,autoets,esperar_siguiente
2025-12-09 18:00:00,troncal,Aramburu,Aramburu,1057.0368451023526,898.4813183369996,1215.5923718677054,4.0,2460.0,0.42968977443185064,0.5665814111491427,punta_pm,De_pie,4.4,autoets,abordar
2025-12-09 18:00:00,troncal,Balta,Balta,309.37994637068783,262.97295441508464,355.78693832629097,4.0,2460.0,0.12576420584174303,0.24594029726481742,punta_pm,Asientos,4.0,autoets,abordar
2025-12-09 18:00:00,troncal,Benavides,Benavides,1449.841806761599,1232.365535747359,1667.3180777758387,4.0,2460.0,0.5893665881144711,0.6836180511985004,punta_pm,De_pie,4.4,autoets,abordar
2025-12-09 18:00:00,troncal,Bulevar,Bulevar,253.37014236353426,215.3646210090041,291.37566371806435,4.0,2460.0,0.10299599283070499,0.13695435466189215,punta_pm,Asientos,4.0,autoets,abordar
2025-12-09 18:00:00,troncal,Canadá,Canadá,1131.5494726779916,961.8170517762928,1301.2818935796902,4.0,2460.0,0.459979460438208,0.5328615734153376,punta_pm,De_pie,4.4,autoets,abordar
2025-12-09 18:00:00,troncal,Canaval y Moreyra,Canaval y Moreyra,1830.4297274423511,1555.8652683259984,2104.9941865587034,4.0,2460.0,0.7440771249765655,0.8976685833012239,punta_pm,Saturado,5.2,autoets,esperar_siguiente
2025-12-09 18:00:00,troncal,Caqueta,Caqueta,219.04689291783112,186.18985898015643,251.90392685550577,4.0,2460.0,0.0890434524056224,0.10145350956102865,punta_pm,Asientos,4.0,autoets,abordar
2025-12-09 18:00:00,troncal,Chimpu Ocllo,Chimpu Ocllo,333.9997583426465,283.89979459124953,384.09972209404344,4.0,2460.0,0.1357722594888807,0.1357722594888807,punta_pm,Asientos,4.0,autoets,abordar
2025-12-09 18:00:00,troncal,Colmena,Colmena,771.9989861782483,656.199138251511,887.7988341049854,4.0,2460.0,0.3138207260887188,0.3891961353547988,punta_pm,De_pie,4.4,autoets,abordar
2025-12-09 18:00:00,troncal,Domingo Orué,Domingo Orué,179.11986686135884,152.251886832155,205.98784689056265,4.0,2460.0,0.07281295400868246,0.2488779889199449,punta_pm,Asientos,4.0,autoets,abordar
2025-12-09 18:00:00,troncal,El Milagro,El Milagro,39.2219174930372,33.33862986908162,45.10520511699278,4.0,2460.0,0.01594386889960862,0.024677810198949802,punta_pm,Asientos,4.0,autoets,abordar
2025-12-09 18:00:00,troncal,Escuela Militar,Escuela Militar,70.27360152589358,59.732561297009546,80.81464175477761,4.0,2460.0,0.028566504685322593,0.07920223876748778,punta_pm,Asientos,4.0,autoets,abordar
2025-12-09 18:00:00,troncal,España,España,978.747586561417,831.9354485772045,1125.5597245456295,4.0,2460.0,0.3978648725859419,0.4833703754642088,punta_pm,De_pie,4.4,autoets,abordar
2025-12-09 18:00:00,troncal,Estacion Central,Estacion Central,2506.902338822351,2130.8669879989984,2882.9376896457034,4.0,2460.0,1.0190659913911995,1.0238005813805826,punta_pm,Saturado,5.2,autoets,abordar
2025-12-09 18:00:00,troncal,Estadio Nacional,Estadio Nacional,658.0174497912454,559.3148323225586,756.7200672599322,4.0,2460.0,0.26748676820782336,0.3408080588599231,punta_pm,De_pie,4.4,autoets,abordar
2025-12-09 18:00:00,troncal,Honorio Delgado,Honorio Delgado,105.694232195213,89.84009736593106,121.54836702449495,4.0,2460.0,0.04296513503870447,0.09312203518962883,punta_pm,Asientos,4.0,autoets,abordar
2025-12-09 18:00:00,troncal,Independencia,Independencia,96.28539916301798,81.84258928856528,110.72820903747068,4.0,2460.0,0.039140406163828446,0.059140981715735896,punta_pm,Asientos,4.0,autoets,abordar
2025-12-09 18:00:00,troncal,Izaguirre,Izaguirre,263.3680898978184,223.8628764131456,302.8733033824911,4.0,2460.0,0.10706019914545463,0.16315365808456309,punta_pm,Asientos,4.0,autoets,abordar
2025-12-09 18:00:00,troncal,Javier Prado,Javier Prado,2104.3068018031577,1788.660781532684,2419.952822073631,4.0,2460.0,0.8554092690256738,0.9571652858373612,punta_pm,Saturado,5.2,autoets,esperar_siguiente
2025-12-09 18:00:00,troncal,Jiron de la Unión,Jiron de la Unión,1178.5686670705588,1001.783367009975,1355.3539671311426,4.0,2460.0,0.4790929540937231,0.5144536516036697,punta_pm,De_pie,4.4,autoets,abordar
2025-12-09 18:00:00,troncal,Los Incas,Los Incas,152.98541449510282,130.03760232083738,175.93322666936822,4.0,2460.0,0.06218919288418814,0.10292087073085235,punta_pm,Asientos,4.0,autoets,abordar
2025-12-09 18:00:00,troncal,Los jazmines,Los jazmines,46.951238146177374,39.908552424250765,53.99392386810398,4.0,2460.0,0.019085869165112755,0.028898475769776277,punta_pm,Asientos,4.0,autoets,abordar
2025-12-09 18:00:00,troncal,Matellini,Matellini,1429.5667604659388,1215.131746396048,1644.0017745358296,4.0,2460.0,0.5811246993763979,0.5986940649661395,punta_pm,De_pie,4.4,autoets,abordar
2025-12-09 18:00:00,troncal,México,México,537.2492030336807,456.6618225786286,617.8365834887328,4.0,2460.0,0.21839398497304094,0.3181967310921057,punta_pm,De_pie,4.4,autoets,abordar
2025-12-09 18:00:00,troncal,Naranjal,Naranjal,919.7705342930886,781.8049541491254,1057.7361144370518,4.0,2460.0,0.3738904610947515,0.529117654798123,punta_pm,De_pie,4.4,autoets,abordar
2025-12-09 18:00:00,troncal,Naranjal Alimentador,Naranjal Alimentador,0.16219230829019193,0.13786346204666314,0.1865211545337207,4.0,2460.0,6.59318326382894e-05,0.20900939970553092,punta_pm,Asientos,4.0,autoets,abordar
2025-12-09 18:00:00,troncal,Pacifico,Pacifico,64.64134915346375,54.94514678044418,74.33755152648331,4.0,2460.0,0.02627697120059502,0.042345890847308956,punta_pm,Asientos,4.0,autoets,abordar
2025-12-09 18:00:00,troncal,Parque del Trabajo,Parque del Trabajo,97.83070515344934,83.15609938043194,112.50531092646673,4.0,2460.0,0.03976857933067046,0.06427369995010951,punta_pm,Asientos,4.0,autoets,abordar
2025-12-09 18:00:00,troncal,Plaza de Flores,Plaza de Flores,521.0460925768213,442.889178690298,599.2030064633444,4.0,2460.0,0.2118073547060249,0.3216052933580673,punta_pm,De_pie,4.4,autoets,abordar
2025-12-09 18:00:00,troncal,Quilca,Quilca,223.72158013301882,190.163343113066,257.27981715297165,4.0,2460.0,0.09094373176138977,0.18481185452455154,punta_pm,Asientos,4.0,autoets,abordar
2025-12-09 18:00:00,troncal,Ramon Castilla,Ramon Castilla,403.93171953636676,343.3419616059117,464.52147746682175,4.0,2460.0,0.16419988599039298,0.1938941038463533,punta_pm,Asientos,4.0,autoets,abordar
2025-12-09 18:00:00,troncal,Ricardo Palma,Ricardo Palma,1194.8796074461845,1015.6476663292568,1374.1115485631121,4.0,2460.0,0.48572341766105065,0.6546149373880141,punta_pm,De_pie,4.4,autoets,abordar
2025-12-09 18:00:00,troncal,Rosario de Villa,Rosario de Villa,157.53491781536366,133.9046801430591,181.1651554876682,4.0,2460.0,0.06403858447779011,0.07628713809866162,punta_pm,Asientos,4.0,autoets,abordar
2025-12-09 18:00:00,troncal,Tacna,Tacna,360.8685462452942,306.7382643085001,414.99882818208835,4.0,2460.0,0.14669453099402205,0.16601633575446598,punta_pm,Asientos,4.0,autoets,abordar
2025-12-09 18:00:00,troncal,Terán,Terán,130.6026778563993,111.01227617793941,150.1930795348592,4.0,2460.0,0.05309051945382086,0.0762401260328807,punta_pm,Asientos,4.0,autoets,abordar
2025-12-09 18:00:00,troncal,Tomas Valle,Tomas Valle,526.3834165115722,447.4259040348364,605.3409289883081,4.0,2460.0,0.21397699858193994,0.21923145929164814,punta_pm,Asientos,4.0,autoets,abordar
2025-12-09 18:00:00,troncal,Uni,Uni,296.1897459635873,251.7612840690492,340.6182078581254,4.0,2460.0,0.12040233575755582,0.1548904658797881,punta_pm,Asientos,4.0,autoets,abordar
2025-12-09 18:00:00,troncal,Union,Union,139.4343792045962,118.51922232390677,160.34953608528562,4.0,2460.0,0.05668064195308789,0.15345513453121612,punta_pm,Asientos,4.0,autoets,abordar
2025-12-09 18:00:00,troncal,Universidad,Universidad,38.82363791294221,33.00009222600088,44.64718359988354,4.0,2460.0,0.01578196663127732,0.020957887700163942,punta_pm,Asientos,4.0,autoets,abordar
2025-12-09 19:00:00,troncal,2 de Mayo,2 de Mayo,286.2205052855805,243.2874294927434,329.1535810784175,4.0,2460.0,0.11634979889657743,0.25193043405532733,punta_pm,Asientos,4.0,autoets,abordar
2025-12-09 19:00:00,troncal,22 De Agosto,22 De Agosto,20.841975474573147,17.715679153387175,23.968271795759115,4.0,2460.0,0.008472347753891524,0.03073230247823976,punta_pm,Asientos,4.0,autoets,abordar
2025-12-09 19:00:00,troncal,28 de Julio,28 de Julio,227.25174403609233,193.1639824306785,261.33950564150615,4.0,2460.0,0.09237875773824891,0.23639958887177415,punta_pm,Asientos,4.0,autoets,abordar
2025-12-09 19:00:00,troncal,Andres Belaunde,Andres Belaunde,120.6599546752411,102.56096147395493,138.75894787652726,4.0,2460.0,0.049048762063106134,0.08105779136691482,punta_pm,Asientos,4.0,autoets,abordar
2025-12-09 19:00:00,troncal,Andrés Reyes,Andrés Reyes,537.988876438015,457.2905449723128,618.6872079037172,4.0,2460.0,0.21869466521870531,0.21869466521870531,punta_pm,Asientos,4.0,autoets,abordar
2025-12-09 19:00:00,troncal,Angamos,Angamos,1524.3108705444104,1295.6642399627488,1752.9575011260717,4.0,2460.0,0.6196385652619555,0.6686485981491515,punta_pm,De_pie,4.4,autoets,abordar
2025-12-09 19:00:00,troncal,Aramburu,Aramburu,606.3467695493797,515.3947541169728,697.2987849817866,4.0,2460.0,0.2464824266460893,0.3248234568114582,punta_pm,De_pie,4.4,autoets,abordar
2025-12-09 19:00:00,troncal,Balta,Balta,208.87407037272953,177.5429598168201,240.20518092863895,4.0,2460.0,0.08490815868810143,0.16202540588726155,punta_pm,Asientos,4.0,autoets,abordar
2025-12-09 19:00:00,troncal,Benavides,Benavides,966.7179627820817,821.7102683647695,1111.725657199394,4.0,2460.0,0.3929747816187324,0.45790664162370165,punta_pm,De_pie,4.4,autoets,abordar
2025-12-09 19:00:00,troncal,Bulevar,Bulevar,244.40330280406997,207.74280738345948,281.06379822468045,4.0,2460.0,0.09935093609921543,0.1216645035403906,punta_pm,Asientos,4.0,autoets,abordar
2025-12-09 19:00:00,troncal,Canadá,Canadá,772.2195187546592,656.3865909414603,888.052446567858,4.0,2460.0,0.3139103734775038,0.3677738195629827,punta_pm,De_pie,4.4,autoets,abordar
2025-12-09 19:00:00,troncal,Canaval y Moreyra,Canaval y Moreyra,998.5723894264696,848.7865310124992,1148.35824784044,4.0,2460.0,0.4059237355392153,0.5118702845108263,punta_pm,De_pie,4.4,autoets,abordar
2025-12-09 19:00:00,troncal,Caqueta,Caqueta,142.12845700148665,120.80918845126365,163.44772555170962,4.0,2460.0,0.05777579552905961,0.06717877173351833,punta_pm,Asientos,4.0,autoets,abordar
2025-12-09 19:00:00,troncal,Chimpu Ocllo,Chimpu Ocllo,201.0471930521324,170.89011409431254,231.20427200995223,4.0,2460.0,0.08172650124070423,0.08172650124070423,punta_pm,Asientos,4.0,autoets,abordar
2025-12-09 19:00:00,troncal,Colmena,Colmena,702.4805351604181,597.1084548863554,807.8526154344808,4.0,2460.0,0.2855611931546415,0.3287094110655547,punta_pm,De_pie,4.4,autoets,abordar
2025-12-09 19:00:00,troncal,Domingo Orué,Domingo Orué,101.28400418959586,86.09140356115648,116.47660481803523,4.0,2460.0,0.04117235942666499,0.13903328375446067,punta_pm,Asientos,4.0,autoets,abordar
2025-12-09 19:00:00,troncal,El Milagro,El Milagro,25.001322528470688,21.251124149200084,28.751520907741288,4.0,2460.0,0.010163139239215727,0.013997650677709769,punta_pm,Asientos,4.0,autoets,abordar
2025-12-09 19:00:00,troncal,Escuela Militar,Escuela Militar,48.87244899682476,41.541581647301044,56.203316346348466,4.0,2460.0,0.01986684918570112,0.05077410294526658,punta_pm,Asientos,4.0,autoets,abordar
2025-12-09 19:00:00,troncal,España,España,693.0562752959339,589.0978340015438,797.0147165903239,4.0,2460.0,0.28173019320972925,0.34980866507843145,punta_pm,De_pie,4.4,autoets,abordar
2025-12-09 19:00:00,troncal,Estacion Central,Estacion Central,2108.1106701853123,1791.8940696575155,2424.327270713109,4.0,2460.0,0.8569555569858993,0.8589075370837727,punta_pm,Saturado,5.2,autoets,esperar_siguiente
2025-12-09 19:00:00,troncal,Estadio Nacional,Estadio Nacional,468.8469634012487,398.51991889106137,539.174007911436,4.0,2460.0,0.19058819650457262,0.24500990499929576,punta_pm,Asientos,4.0,autoets,abordar
2025-12-09 19:00:00,troncal,Honorio Delgado,Honorio Delgado,82.62951809682525,70.23509038230146,95.02394581134904,4.0,2460.0,0.03358923499870945,0.07003118148697715,punta_pm,Asientos,4.0,autoets,abordar
2025-12-09 19:00:00,troncal,Independencia,Independencia,34.415465578297486,29.253145741552864,39.57778541504211,4.0,2460.0,0.013990026657844507,0.025305927927186507,punta_pm,Asientos,4.0,autoets,abordar
2025-12-09 19:00:00,troncal,Izaguirre,Izaguirre,142.42763426833227,121.06348912808242,163.7917794085821,4.0,2460.0,0.05789741230420011,0.08688920004621331,punta_pm,Asientos,4.0,autoets,abordar
2025-12-09 19:00:00,troncal,Javier Prado,Javier Prado,1451.3028978488396,1233.6074631715137,1668.9983325261655,4.0,2460.0,0.5899605275808291,0.6623223002122477,punta_pm,De_pie,4.4,autoets,abordar
2025-12-09 19:00:00,troncal,Jiron de la Unión,Jiron de la Unión,917.0271946291903,779.4731154348117,1054.5812738235686,4.0,2460.0,0.3727752823695895,0.39851393898379145,punta_pm,De_pie,4.4,autoets,abordar
2025-12-09 19:00:00,troncal,Los Incas,Los Incas,85.39772825688013,72.58806901834811,98.20738749541214,4.0,2460.0,0.03471452368165859,0.05923247405386986,punta_pm,Asientos,4.0,autoets,abordar
2025-12-09 19:00:00,troncal,Los jazmines,Los jazmines,28.4705220130048,24.19994371105408,32.74110031495552,4.0,2460.0,0.011573382932115772,0.016303176354504435,punta_pm,Asientos,4.0,autoets,abordar
2025-12-09 19:00:00,troncal,Matellini,Matellini,916.2436703377783,778.8071197871116,1053.680220888445,4.0,2460.0,0.3724567765600725,0.3846521370688694,punta_pm,De_pie,4.4,autoets,abordar
2025-12-09 19:00:00,troncal,México,México,414.5135524006063,352.3365195405153,476.69058526069716,4.0,2460.0,0.1685014440652871,0.23934920252243239,punta_pm,Asientos,4.0,autoets,abordar
2025-12-09 19:00:00,troncal,Naranjal,Naranjal,475.4653189690164,404.1455211236639,546.7851168143688,4.0,2460.0,0.19327858494675462,0.32279790854357615,punta_pm,De_pie,4.4,autoets,abordar
2025-12-09 19:00:00,troncal,Naranjal Alimentador,Naranjal Alimentador,0.0,0.0,0.0,4.0,2460.0,0.0,0.15753512128989805,punta_pm,Asientos,4.0,autoets,abordar
2025-12-09 19:00:00,troncal,Pacifico,Pacifico,43.153146548876556,36.68017456654507,49.626118531208036,4.0,2460.0,0.017541929491413234,0.02622654133704325,punta_pm,Asientos,4.0,autoets,abordar
2025-12-09 19:00:00,troncal,Parque del Trabajo,Parque del Trabajo,71.57929165629761,60.84239790785297,82.31618540474224,4.0,2460.0,0.02909727303101529,0.04547874623380819,punta_pm,Asientos,4.0,autoets,abordar
2025-12-09 19:00:00,troncal,Plaza de Flores,Plaza de Flores,298.0048912841441,253.30415759152248,342.7056249767657,4.0,2460.0,0.12114019970900167,0.19394323061254887,punta_pm,Asientos,4.0,autoets,abordar
2025-12-09 19:00:00,troncal,Quilca,Quilca,199.4597440175253,169.5407824148965,229.37870562015408,4.0,2460.0,0.0810811967550916,0.154069776395373,punta_pm,Asientos,4.0,autoets,abordar
2025-12-09 19:00:00,troncal,Ramon Castilla,Ramon Castilla,280.54477777839264,238.46306111163375,322.62649444515154,4.0,2460.0,0.11404259259284254,0.13150874633119697,punta_pm,Asientos,4.0,autoets,abordar
2025-12-09 19:00:00,troncal,Ricardo Palma,Ricardo Palma,837.6307600454038,711.9861460385932,963.2753740522143,4.0,2460.0,0.34050030896154626,0.4762802727240358,punta_pm,De_pie,4.4,autoets,abordar
2025-12-09 19:00:00,troncal,Rosario de Villa,Rosario de Villa,123.06112081418551,104.60195269205768,141.52028893631334,4.0,2460.0,0.05002484585942501,0.057696506867163364,punta_pm,Asientos,4.0,autoets,abordar
2025-12-09 19:00:00,troncal,Tacna,Tacna,279.98551147142496,237.9876847507112,321.98333819213866,4.0,2460.0,0.1138152485656199,0.12684620884963113,punta_pm,Asientos,4.0,autoets,abordar
2025-12-09 19:00:00,troncal,Terán,Terán,76.94279153008422,65.4013728005716,88.48421025959685,4.0,2460.0,0.03127755753255456,0.04699380871362494,punta_pm,Asientos,4.0,autoets,abordar
2025-12-09 19:00:00,troncal,Tomas Valle,Tomas Valle,411.62127997861216,349.87808798182033,473.36447197540394,4.0,2460.0,0.16732572356854153,0.17058620189424126,punta_pm,Asientos,4.0,autoets,abordar
2025-12-09 19:00:00,troncal,Uni,Uni,186.02664242897825,158.1226460646315,213.93063879332496,4.0,2460.0,0.07562058635324319,0.10224391577440678,punta_pm,Asientos,4.0,autoets,abordar
2025-12-09 19:00:00,troncal,Union,Union,88.58879355441105,75.3004745212494,101.87711258757271,4.0,2460.0,0.036011704696915066,0.09938394805983969,punta_pm,Asientos,4.0,autoets,abordar
2025-12-09 19:00:00,troncal,Universidad,Universidad,16.00623680256112,13.605301282176951,18.407172322945286,4.0,2460.0,0.0065066003262443575,0.009048304652411814,punta_pm,Asientos,4.0,autoets,abordar
2025-12-09 20:00:00,troncal,2 de Mayo,2 de Mayo,127.14134096487442,108.07013982014325,146.21254210960558,4.0,2460.0,0.05168347193694082,0.11520504201260462,punta_pm,Asientos,4.0,autoets,abordar
2025-12-09 20:00:00,troncal,22 De Agosto,22 De Agosto,0.0,0.0,0.0,4.0,2460.0,0.0,0.01597832978129995,punta_pm,Asientos,4.0,autoets,abordar
2025-12-09 20:00:00,troncal,28 de Julio,28 de Julio,113.47925961938142,96.45737067647421,130.50114856228862,4.0,2460.0,0.04612978033308188,0.1270069679487764,punta_pm,Asientos,4.0,autoets,abordar
2025-12-09 20:00:00,troncal,Andres Belaunde,Andres Belaunde,84.97785021309238,72.23117268112853,97.72452774505624,4.0,2460.0,0.034543841550037556,0.05246381171426457,punta_pm,Asientos,4.0,autoets,abordar
2025-12-09 20:00:00,troncal,Andrés Reyes,Andrés Reyes,192.61689785447481,163.7243631763036,221.50943253264603,4.0,2460.0,0.07829955197336375,0.07829955197336375,punta_pm,Asientos,4.0,autoets,abordar
2025-12-09 20:00:00,troncal,Angamos,Angamos,781.5586112374646,664.3248195518448,898.7924029230842,4.0,2460.0,0.3177067525355547,0.36216879390307255,punta_pm,De_pie,4.4,autoets,abordar
2025-12-09 20:00:00,troncal,Aramburu,Aramburu,241.83603080432445,205.56062618367577,278.1114354249731,4.0,2460.0,0.09830732959525385,0.1234129944111447,punta_pm,Asientos,4.0,autoets,abordar
2025-12-09 20:00:00,troncal,Balta,Balta,126.28555823640704,107.34272450094598,145.2283919718681,4.0,2460.0,0.05133559277902725,0.08638502978561963,punta_pm,Asientos,4.0,autoets,abordar
2025-12-09 20:00:00,troncal,Benavides,Benavides,437.76480064385964,372.1000805472807,503.42952074043853,4.0,2460.0,0.17795317099343888,0.2180938127787625,punta_pm,Asientos,4.0,autoets,abordar
2025-12-09 20:00:00,troncal,Bulevar,Bulevar,177.06675820022684,150.5067444701928,203.62677193026084,4.0,2460.0,0.07197835699196213,0.08233633551854361,punta_pm,Asientos,4.0,autoets,abordar
2025-12-09 20:00:00,troncal,Canadá,Canadá,426.7770071180199,362.7604560503169,490.7935581857229,4.0,2460.0,0.1734865882593577,0.21318021471796245,punta_pm,Asientos,4.0,autoets,abordar
2025-12-09 20:00:00,troncal,Canaval y Moreyra,Canaval y Moreyra,284.5915620157355,241.9028277133752,327.28029631809585,4.0,2460.0,0.11568762683566484,0.1609387294629661,punta_pm,Asientos,4.0,autoets,abordar
2025-12-09 20:00:00,troncal,Caqueta,Caqueta,67.54911068464034,57.41674408194429,77.68147728733638,4.0,2460.0,0.02745898808318713,0.03294571792021094,punta_pm,Asientos,4.0,autoets,abordar
2025-12-09 20:00:00,troncal,Chimpu Ocllo,Chimpu Ocllo,126.9217359139052,107.88347552681941,145.95999630099095,4.0,2460.0,0.05159420159101837,0.05159420159101837,punta_pm,Asientos,4.0,autoets,abordar
2025-12-09 20:00:00,troncal,Colmena,Colmena,692.578924016995,588.6920854144457,796.4657626195442,4.0,2460.0,0.2815361479743882,0.29851386658503587,punta_pm,De_pie,4.4,autoets,abordar
2025-12-09 20:00:00,troncal,Domingo Orué,Domingo Orué,36.59855441029766,31.10877124875301,42.0883375718423,4.0,2460.0,0.014877461142397422,0.04697670460703523,punta_pm,Asientos,4.0,autoets,abordar
2025-12-09 20:00:00,troncal,El Milagro,El Milagro,43.69269379385585,37.138789724777475,50.24659786293422,4.0,2460.0,0.017761257639778802,0.01959741514328338,punta_pm,Asientos,4.0,autoets,abordar
2025-12-09 20:00:00,troncal,Escuela Militar,Escuela Militar,27.535125058507507,23.40485629973138,31.66539381728363,4.0,2460.0,0.011193140267685978,0.02724994054211661,punta_pm,Asientos,4.0,autoets,abordar
2025-12-09 20:00:00,troncal,España,España,418.1087869270613,355.3924688880021,480.8251049661205,4.0,2460.0,0.16996292151506556,0.21995708443087733,punta_pm,Asientos,4.0,autoets,abordar
2025-12-09 20:00:00,troncal,Estacion Central,Estacion Central,1773.2287791156577,1507.244462248309,2039.2130959830063,4.0,2460.0,0.7208247069575845,0.7219766005770167,punta_pm,De_pie,4.4,autoets,abordar
2025-12-09 20:00:00,troncal,Estadio Nacional,Estadio Nacional,380.89055900534885,323.7569751545465,438.0241428561511,4.0,2460.0,0.15483356057128003,0.187056347083131,punta_pm,Asientos,4.0,autoets,abordar
2025-12-09 20:00:00,troncal,Honorio Delgado,Honorio Delgado,53.96803236928518,45.8728275138924,62.063237224677955,4.0,2460.0,0.02193822454035983,0.047673313306265855,punta_pm,Asientos,4.0,autoets,abordar
2025-12-09 20:00:00,troncal,Independencia,Independencia,9.558019665741796,8.124316715880527,10.991722615603065,4.0,2460.0,0.0038853738478625186,0.007597671396412856,punta_pm,Asientos,4.0,autoets,abordar
2025-12-09 20:00:00,troncal,Izaguirre,Izaguirre,31.848387076739442,27.071129015228525,36.625645138250356,4.0,2460.0,0.0129464988116827,0.020798217215269577,punta_pm,Asientos,4.0,autoets,abordar
2025-12-09 20:00:00,troncal,Javier Prado,Javier Prado,614.9767421228667,522.7302308044366,707.2232534412966,4.0,2460.0,0.24999054557840109,0.29248212619021746,punta_pm,De_pie,4.4,autoets,abordar
2025-12-09 20:00:00,troncal,Jiron de la Unión,Jiron de la Unión,709.559359952018,603.1254559592153,815.9932639448206,4.0,2460.0,0.2884387642081374,0.3036688897683594,punta_pm,De_pie,4.4,autoets,abordar
2025-12-09 20:00:00,troncal,Los Incas,Los Incas,53.050095342839995,45.09258104141399,61.00760964426599,4.0,2460.0,0.021565079407658536,0.03704333988496405,punta_pm,Asientos,4.0,autoets,abordar
2025-12-09 20:00:00,troncal,Los jazmines,Los jazmines,20.55496339173331,17.471718882973313,23.638207900493303,4.0,2460.0,0.008355676175501345,0.010708804979478655,punta_pm,Asientos,4.0,autoets,abordar
2025-12-09 20:00:00,troncal,Matellini,Matellini,356.35561961658607,302.9022766740982,409.80896255907396,4.0,2460.0,0.14486000797422197,0.15266850741631632,punta_pm,Asientos,4.0,autoets,abordar
2025-12-09 20:00:00,troncal,México,México,270.0849149157689,229.57217767840353,310.59765215313416,4.0,2460.0,0.10979061581941825,0.15851008813237008,punta_pm,Asientos,4.0,autoets,abordar
2025-12-09 20:00:00,troncal,Naranjal,Naranjal,128.76818181882481,109.4529545460011,148.08340909164852,4.0,2460.0,0.05234478935724586,0.16104444221059963,punta_pm,Asientos,4.0,autoets,abordar
2025-12-09 20:00:00,troncal,Naranjal Alimentador,Naranjal Alimentador,0.0,0.0,0.0,4.0,2460.0,0.0,0.11597542444722454,punta_pm,Asientos,4.0,autoets,abordar
2025-12-09 20:00:00,troncal,Pacifico,Pacifico,29.03329271948609,24.678298811563177,33.388286627409,4.0,2460.0,0.011802151511986216,0.01374412633373862,punta_pm,Asientos,4.0,autoets,abordar
2025-12-09 20:00:00,troncal,Parque del Trabajo,Parque del Trabajo,36.0143369579053,30.612186414219504,41.41648750159109,4.0,2460.0,0.014639974373132235,0.023721393612787987,punta_pm,Asientos,4.0,autoets,abordar
2025-12-09 20:00:00,troncal,Plaza de Flores,Plaza de Flores,137.04596626425527,116.48907132461697,157.60286120389355,4.0,2460.0,0.0557097423838436,0.08932218508282172,punta_pm,Asientos,4.0,autoets,abordar
2025-12-09 20:00:00,troncal,Quilca,Quilca,110.34491186729505,93.7931750872008,126.8966486473893,4.0,2460.0,0.04485565523060774,0.09923274720957223,punta_pm,Asientos,4.0,autoets,abordar
2025-12-09 20:00:00,troncal,Ramon Castilla,Ramon Castilla,116.82075249309622,99.29763961913179,134.34386536706066,4.0,2460.0,0.04748811076955131,0.05846200291935285,punta_pm,Asientos,4.0,autoets,abordar
2025-12-09 20:00:00,troncal,Ricardo Palma,Ricardo Palma,544.8272656599256,463.10317581093676,626.5513555089144,4.0,2460.0,0.2214744982357421,0.3113609333122335,punta_pm,De_pie,4.4,autoets,abordar
2025-12-09 20:00:00,troncal,Rosario de Villa,Rosario de Villa,80.48831452527116,68.41506734648048,92.56156170406183,4.0,2460.0,0.03271882704279316,0.03729847346862143,punta_pm,Asientos,4.0,autoets,abordar
2025-12-09 20:00:00,troncal,Tacna,Tacna,182.2249485029996,154.89120622754967,209.55869077844955,4.0,2460.0,0.07407518231829252,0.08039002668674043,punta_pm,Asientos,4.0,autoets,abordar
2025-12-09 20:00:00,troncal,Terán,Terán,47.57107632507619,40.43541487631476,54.70673777383762,4.0,2460.0,0.019337835904502516,0.028717145861509502,punta_pm,Asientos,4.0,autoets,abordar
2025-12-09 20:00:00,troncal,Tomas Valle,Tomas Valle,327.08821259978953,278.0249807098211,376.1514444897579,4.0,2460.0,0.13296268804869493,0.13688022812098696,punta_pm,Asientos,4.0,autoets,abordar
2025-12-09 20:00:00,troncal,Uni,Uni,94.9672431610692,80.72215668690882,109.21232963522958,4.0,2460.0,0.038604570390678536,0.0612131622439496,punta_pm,Asientos,4.0,autoets,abordar
2025-12-09 20:00:00,troncal,Union,Union,39.773855371752944,33.80777706599,45.739933677515886,4.0,2460.0,0.016168233890956483,0.04280505914350875,punta_pm,Asientos,4.0,autoets,abordar
2025-12-09 20:00:00,troncal,Universidad,Universidad,9.445527679344131,8.028698527442511,10.86235683124575,4.0,2460.0,0.0038396453981073705,0.0038396453981073705,punta_pm,Asientos,4.0,autoets,abordar
2025-12-09 21:00:00,troncal,2 de Mayo,2 de Mayo,19.266000452508656,16.37610038463236,22.155900520384954,4.0,2460.0,0.00783170750101978,0.019242533602330646,noche,De_pie,4.4,autoets,abordar
2025-12-09 21:00:00,troncal,22 De Agosto,22 De Agosto,0.0,0.0,0.0,4.0,2460.0,0.0,0.01350008517634313,noche,De_pie,4.4,autoets,abordar
2025-12-09 21:00:00,troncal,28 de Julio,28 de Julio,58.22646010382527,49.49249108825148,66.96042911939905,4.0,2460.0,0.023669292725132223,0.045381780289295494,noche,De_pie,4.4,autoets,abordar
2025-12-09 21:00:00,troncal,Andres Belaunde,Andres Belaunde,63.53337367389227,54.003367622808426,73.0633797249761,4.0,2460.0,0.025826574664183848,0.03609160556037503,noche,De_pie,4.4,autoets,abordar
2025-12-09 21:00:00,troncal,Andrés Reyes,Andrés Reyes,0.0,0.0,0.0,4.0,2460.0,0.0,0.0,noche,Asientos,4.0,autoets,abordar
2025-12-09 21:00:00,troncal,Angamos,Angamos,166.95585237521442,141.91247451893224,191.99923023149657,4.0,2460.0,0.06786823267285139,0.09392535752898984,noche,De_pie,4.4,autoets,abordar
2025-12-09 21:00:00,troncal,Aramburu,Aramburu,0.0,0.0,0.0,4.0,2460.0,0.0,0.0011747561251529669,noche,Asientos,4.0,autoets,abordar
2025-12-09 21:00:00,troncal,Balta,Balta,101.04387218340537,85.88729135589456,116.20045301091616,4.0,2460.0,0.041074744790002185,0.045150973754628496,noche,De_pie,4.4,autoets,abordar
2025-12-09 21:00:00,troncal,Benavides,Benavides,66.85015501987144,56.82263176689072,76.87767827285215,4.0,2460.0,0.027174859764175382,0.04225750633618078,noche,De_pie,4.4,autoets,abordar
2025-12-09 21:00:00,troncal,Bulevar,Bulevar,157.86802321813508,134.18781973541482,181.54822670085534,4.0,2460.0,0.0641739931781037,0.06644818531652391,noche,De_pie,4.4,autoets,abordar
2025-12-09 21:00:00,troncal,Canadá,Canadá,143.20238001858908,121.72202301580072,164.68273702137742,4.0,2460.0,0.058212349601052475,0.08368961333977018,noche,De_pie,4.4,autoets,abordar
2025-12-09 21:00:00,troncal,Canaval y Moreyra,Canaval y Moreyra,0.0,0.0,0.0,4.0,2460.0,0.0,0.0038537297863059632,noche,Asientos,4.0,autoets,abordar
2025-12-09 21:00:00,troncal,Caqueta,Caqueta,8.709924131618479,7.403435511875707,10.01641275136125,4.0,2460.0,0.0035406195656985688,0.005202384042046135,noche,Asientos,4.0,autoets,abordar
2025-12-09 21:00:00,troncal,Chimpu Ocllo,Chimpu Ocllo,44.400228018848,37.7401938160208,51.060262221675195,4.0,2460.0,0.018048873178393494,0.018048873178393494,noche,De_pie,4.4,autoets,abordar
2025-12-09 21:00:00,troncal,Colmena,Colmena,416.13598285276555,353.7155854248507,478.55638028068034,4.0,2460.0,0.16916096863933558,0.16984394819957369,noche,Saturado,5.2,autoets,esperar_siguiente
2025-12-09 21:00:00,troncal,Domingo Orué,Domingo Orué,11.200864787905001,9.520735069719251,12.880994506090751,4.0,2460.0,0.004553197068254066,0.004553197068254066,noche,Asientos,4.0,autoets,abordar
2025-12-09 21:00:00,troncal,El Milagro,El Milagro,1.3060588718322848,1.110150041057442,1.5019677026071274,4.0,2460.0,0.0005309182405822296,0.0016085732217555244,noche,Asientos,4.0,autoets,abordar
2025-12-09 21:00:00,troncal,Escuela Militar,Escuela Militar,5.550289330843537,4.7177459312170065,6.382832730470067,4.0,2460.0,0.002256215175139649,0.008417426893639977,noche,De_pie,4.4,autoets,abordar
2025-12-09 21:00:00,troncal,España,España,189.33966023675612,160.93871120124268,217.74060927226952,4.0,2460.0,0.07696734155965695,0.10761609673711273,noche,De_pie,4.4,autoets,abordar
2025-12-09 21:00:00,troncal,Estacion Central,Estacion Central,1122.4853631711073,954.1125586954412,1290.8581676467734,4.0,2460.0,0.4562948630776859,0.4570310034309604,noche,Saturado,5.2,autoets,abordar
2025-12-09 21:00:00,troncal,Estadio Nacional,Estadio Nacional,268.5335339724994,228.2535038766245,308.8135640683743,4.0,2460.0,0.1091599731595526,0.1236508180701205,noche,Saturado,5.2,autoets,esperar_siguiente
2025-12-09 21:00:00,troncal,Honorio Delgado,Honorio Delgado,15.952766644969211,13.559851648223828,18.34568164171459,4.0,2460.0,0.006484864489824883,0.021583023818815456,noche,De_pie,4.4,autoets,abordar
2025-12-09 21:00:00,troncal,Independencia,Independencia,0.0,0.0,0.0,4.0,2460.0,0.0,0.0013796381559859543,noche,Asientos,4.0,autoets,abordar
2025-12-09 21:00:00,troncal,Izaguirre,Izaguirre,0.0,0.0,0.0,4.0,2460.0,0.0,1.9437910121619088e-05,noche,Asientos,4.0,autoets,abordar
2025-12-09 21:00:00,troncal,Javier Prado,Javier Prado,43.93516804290914,37.344892836472766,50.52544324934551,4.0,2460.0,0.01785982440768664,0.03569494461262933,noche,De_pie,4.4,autoets,abordar
2025-12-09 21:00:00,troncal,Jiron de la Unión,Jiron de la Unión,454.32938861371736,386.17998032165974,522.478796905775,4.0,2460.0,0.1846867433389095,0.19088587066213053,noche,Saturado,5.2,autoets,esperar_siguiente
2025-12-09 21:00:00,troncal,Los Incas,Los Incas,26.81826759069125,22.795527452087562,30.841007729294933,4.0,2460.0,0.010901734792963922,0.01631639674648197,noche,De_pie,4.4,autoets,abordar
2025-12-09 21:00:00,troncal,Los jazmines,Los jazmines,17.673541691242036,15.02251043755573,20.32457294492834,4.0,2460.0,0.0071843665411553,0.008564004697141255,noche,De_pie,4.4,autoets,abordar
2025-12-09 21:00:00,troncal,Matellini,Matellini,128.13502920406347,108.91477482345395,147.35528358467297,4.0,2460.0,0.05208741024555426,0.05717620415090615,noche,De_pie,4.4,autoets,abordar
2025-12-09 21:00:00,troncal,México,México,149.29359134247096,126.89955264110031,171.68763004384158,4.0,2460.0,0.0606884517652321,0.08860754897311353,noche,De_pie,4.4,autoets,abordar
2025-12-09 21:00:00,troncal,Naranjal,Naranjal,0.0,0.0,0.0,4.0,2460.0,0.0,0.06881229963829014,noche,De_pie,4.4,autoets,abordar
2025-12-09 21:00:00,troncal,Naranjal Alimentador,Naranjal Alimentador,0.318781725994553,0.27096446709537003,0.36659898489373594,4.0,2460.0,0.00012958606747746058,0.06857381552913033,noche,De_pie,4.4,autoets,abordar
2025-12-09 21:00:00,troncal,Pacifico,Pacifico,22.626065758169652,19.232155894444205,26.0199756218951,4.0,2460.0,0.00919758770657303,0.009217025616694649,noche,De_pie,4.4,autoets,abordar
2025-12-09 21:00:00,troncal,Parque del Trabajo,Parque del Trabajo,11.300170767130862,9.605145152061231,12.99519638220049,4.0,2460.0,0.00459356535249222,0.005566295025965952,noche,Asientos,4.0,autoets,abordar
2025-12-09 21:00:00,troncal,Plaza de Flores,Plaza de Flores,0.0,0.0,0.0,4.0,2460.0,0.0,0.007626622873396141,noche,Asientos,4.0,autoets,abordar
2025-12-09 21:00:00,troncal,Quilca,Quilca,48.31019629655744,41.06366685207382,55.556725741041056,4.0,2460.0,0.019638291177462377,0.05300933706666504,noche,De_pie,4.4,autoets,abordar
2025-12-09 21:00:00,troncal,Ramon Castilla,Ramon Castilla,10.478483479400296,8.906710957490251,12.05025600131034,4.0,2460.0,0.004259546129837519,0.008602137325541132,noche,De_pie,4.4,autoets,abordar
2025-12-09 21:00:00,troncal,Ricardo Palma,Ricardo Palma,189.12894367706326,160.75960212550376,217.49828522862273,4.0,2460.0,0.07688168442157044,0.11243606461839849,noche,De_pie,4.4,autoets,abordar
2025-12-09 21:00:00,troncal,Rosario de Villa,Rosario de Villa,62.27721131683772,52.93562961931206,71.61879301436338,4.0,2460.0,0.02531593955969013,0.02694577480735945,noche,De_pie,4.4,autoets,abordar
2025-12-09 21:00:00,troncal,Tacna,Tacna,92.95576396920626,79.01239937382532,106.89912856458719,4.0,2460.0,0.03778689592244157,0.039007023660170184,noche,De_pie,4.4,autoets,abordar
2025-12-09 21:00:00,troncal,Terán,Terán,21.179008730933262,18.002157421293273,24.355860040573248,4.0,2460.0,0.008609353142655797,0.015108997137427072,noche,De_pie,4.4,autoets,abordar
2025-12-09 21:00:00,troncal,Tomas Valle,Tomas Valle,247.60981299544545,210.46834104612864,284.75128494476223,4.0,2460.0,0.10065439552660384,0.10181168824386447,noche,De_pie,4.4,autoets,abordar
2025-12-09 21:00:00,troncal,Uni,Uni,0.0,0.0,0.0,4.0,2460.0,0.0,0.015177797065077908,noche,De_pie,4.4,autoets,abordar
2025-12-09 21:00:00,troncal,Union,Union,13.330761130105138,11.331146960589367,15.330375299620908,4.0,2460.0,0.005419008589473633,0.017029511060260294,noche,De_pie,4.4,autoets,abordar
2025-12-09 21:00:00,troncal,Universidad,Universidad,6.036350896851005,5.130898262323353,6.941803531378655,4.0,2460.0,0.002453801177581709,0.002453801177581709,noche,Asientos,4.0,autoets,abordar
2025-12-09 22:00:00,troncal,2 de Mayo,2 de Mayo,0.0,0.0,0.0,4.0,2460.0,0.0,0.0,noche,Asientos,4.0,autoets,abordar
2025-12-09 22:00:00,troncal,22 De Agosto,22 De Agosto,0.0,0.0,0.0,4.0,2460.0,0.0,0.008180645206275882,noche,De_pie,4.4,autoets,abordar
2025-12-09 22:00:00,troncal,28 de Julio,28 de Julio,44.603584073456744,37.91304646243823,51.29412168447525,4.0,2460.0,0.01813153824124258,0.022544049390641346,noche,De_pie,4.4,autoets,abordar
2025-12-09 22:00:00,troncal,Andres Belaunde,Andres Belaunde,15.924456040747344,13.535787634635243,18.313124446859444,4.0,2460.0,0.0064733561141249365,0.013682997903282078,noche,De_pie,4.4,autoets,abordar
2025-12-09 22:00:00,troncal,Andrés Reyes,Andrés Reyes,0.0,0.0,0.0,4.0,2460.0,0.0,0.0,noche,Asientos,4.0,autoets,abordar
2025-12-09 22:00:00,troncal,Angamos,Angamos,0.0,0.0,0.0,4.0,2460.0,0.0,0.010282544118981064,noche,De_pie,4.4,autoets,abordar
2025-12-09 22:00:00,troncal,Aramburu,Aramburu,0.0,0.0,0.0,4.0,2460.0,0.0,0.0,noche,Asientos,4.0,autoets,abordar
2025-12-09 22:00:00,troncal,Balta,Balta,66.3713604467317,56.415656379721945,76.32706451374145,4.0,2460.0,0.026980227823874676,0.026980227823874676,noche,De_pie,4.4,autoets,abordar
2025-12-09 22:00:00,troncal,Benavides,Benavides,0.0,0.0,0.0,4.0,2460.0,0.0,0.007132241885585152,noche,Asientos,4.0,autoets,abordar
2025-12-09 22:00:00,troncal,Bulevar,Bulevar,118.23812534217714,100.50240654085057,135.9738441435037,4.0,2460.0,0.04806427859438095,0.04806427859438095,noche,De_pie,4.4,autoets,abordar
2025-12-09 22:00:00,troncal,Canadá,Canadá,0.0,0.0,0.0,4.0,2460.0,0.0,0.01974426634197823,noche,De_pie,4.4,autoets,abordar
2025-12-09 22:00:00,troncal,Canaval y Moreyra,Canaval y Moreyra,0.0,0.0,0.0,4.0,2460.0,0.0,0.0,noche,Asientos,4.0,autoets,abordar
2025-12-09 22:00:00,troncal,Caqueta,Caqueta,0.0,0.0,0.0,4.0,2460.0,0.0,0.0,noche,Asientos,4.0,autoets,abordar
2025-12-09 22:00:00,troncal,Chimpu Ocllo,Chimpu Ocllo,0.0,0.0,0.0,4.0,2460.0,0.0,0.0,noche,Asientos,4.0,autoets,abordar
2025-12-09 22:00:00,troncal,Colmena,Colmena,168.63372355128945,143.33866501859603,193.92878208398284,4.0,2460.0,0.06855029412654043,0.06855029412654043,noche,De_pie,4.4,autoets,abordar
2025-12-09 22:00:00,troncal,Domingo Orué,Domingo Orué,0.0,0.0,0.0,4.0,2460.0,0.0,0.0,noche,Asientos,4.0,autoets,abordar
2025-12-09 22:00:00,troncal,El Milagro,El Milagro,0.0,0.0,0.0,4.0,2460.0,0.0,0.00033509239048961633,noche,Asientos,4.0,autoets,abordar
2025-12-09 22:00:00,troncal,Escuela Militar,Escuela Militar,0.0,0.0,0.0,4.0,2460.0,0.0,0.004047034173581201,noche,Asientos,4.0,autoets,abordar
2025-12-09 22:00:00,troncal,España,España,0.0,0.0,0.0,4.0,2460.0,0.0,0.013060030653795922,noche,De_pie,4.4,autoets,abordar
2025-12-09 22:00:00,troncal,Estacion Central,Estacion Central,466.19520738994254,396.26592628145113,536.1244884984338,4.0,2460.0,0.18951024690648072,0.1904584022668374,noche,Saturado,5.2,autoets,esperar_siguiente
2025-12-09 22:00:00,troncal,Estadio Nacional,Estadio Nacional,262.55268496548814,223.1697822206649,301.9355877103113,4.0,2460.0,0.10672873372580818,0.10678848985611969,noche,De_pie,4.4,autoets,abordar
2025-12-09 22:00:00,troncal,Honorio Delgado,Honorio Delgado,0.0,0.0,0.0,4.0,2460.0,0.0,0.00614071559636311,noche,Asientos,4.0,autoets,abordar
2025-12-09 22:00:00,troncal,Independencia,Independencia,0.0,0.0,0.0,4.0,2460.0,0.0,0.0008855596857625222,noche,Asientos,4.0,autoets,abordar
2025-12-09 22:00:00,troncal,Izaguirre,Izaguirre,0.0,0.0,0.0,4.0,2460.0,0.0,0.0,noche,Asientos,4.0,autoets,abordar
2025-12-09 22:00:00,troncal,Javier Prado,Javier Prado,0.0,0.0,0.0,4.0,2460.0,0.0,0.0037349562831070003,noche,Asientos,4.0,autoets,abordar
2025-12-09 22:00:00,troncal,Jiron de la Unión,Jiron de la Unión,213.2045021851444,181.22382685737273,245.18517751291606,4.0,2460.0,0.08666849682322943,0.08899631977900531,noche,De_pie,4.4,autoets,abordar
2025-12-09 22:00:00,troncal,Los Incas,Los Incas,0.0,0.0,0.0,4.0,2460.0,0.0,0.0,noche,Asientos,4.0,autoets,abordar
2025-12-09 22:00:00,troncal,Los jazmines,Los jazmines,5.495515204029708,4.671187923425252,6.319842484634163,4.0,2460.0,0.0022339492699307755,0.003119508955693298,noche,Asientos,4.0,autoets,abordar
2025-12-09 22:00:00,troncal,Matellini,Matellini,0.0,0.0,0.0,4.0,2460.0,0.0,0.002303207981734013,noche,Asientos,4.0,autoets,abordar
2025-12-09 22:00:00,troncal,México,México,61.253283042954806,52.06529058651159,70.44127549939802,4.0,2460.0,0.02489970855404667,0.040909018612917895,noche,De_pie,4.4,autoets,abordar
2025-12-09 22:00:00,troncal,Naranjal,Naranjal,0.0,0.0,0.0,4.0,2460.0,0.0,0.02890061471615045,noche,De_pie,4.4,autoets,abordar
2025-12-09 22:00:00,troncal,Naranjal Alimentador,Naranjal Alimentador,0.0,0.0,0.0,4.0,2460.0,0.0,0.028426537035972105,noche,De_pie,4.4,autoets,abordar
2025-12-09 22:00:00,troncal,Pacifico,Pacifico,14.523178846505367,12.344702019529562,16.70165567348117,4.0,2460.0,0.0059037312384168155,0.0059037312384168155,noche,Asientos,4.0,autoets,abordar
2025-12-09 22:00:00,troncal,Parque del Trabajo,Parque del Trabajo,0.0,0.0,0.0,4.0,2460.0,0.0,0.0,noche,Asientos,4.0,autoets,abordar
2025-12-09 22:00:00,troncal,Plaza de Flores,Plaza de Flores,0.0,0.0,0.0,4.0,2460.0,0.0,0.002719730736186387,noche,Asientos,4.0,autoets,abordar
2025-12-09 22:00:00,troncal,Quilca,Quilca,0.9800005371087437,0.8330004565424322,1.127000617675055,4.0,2460.0,0.0003983742020767251,0.01572647168133702,noche,De_pie,4.4,autoets,abordar
2025-12-09 22:00:00,troncal,Ramon Castilla,Ramon Castilla,0.0,0.0,0.0,4.0,2460.0,0.0,0.0,noche,Asientos,4.0,autoets,abordar
2025-12-09 22:00:00,troncal,Ricardo Palma,Ricardo Palma,72.36518285013976,61.510405422618796,83.21996027766072,4.0,2460.0,0.029416740995991772,0.03969928511497284,noche,De_pie,4.4,autoets,abordar
2025-12-09 22:00:00,troncal,Rosario de Villa,Rosario de Villa,37.22087779835367,31.637746128600618,42.80400946810671,4.0,2460.0,0.01513043812941206,0.015164080391734265,noche,De_pie,4.4,autoets,abordar
2025-12-09 22:00:00,troncal,Tacna,Tacna,38.176296474724474,32.4498520035158,43.90274094593314,4.0,2460.0,0.01551881970517255,0.01551881970517255,noche,De_pie,4.4,autoets,abordar
2025-12-09 22:00:00,troncal,Terán,Terán,0.5517331020841425,0.46897313677152114,0.6344930673967638,4.0,2460.0,0.0002242817488146921,0.0042713159223958935,noche,Asientos,4.0,autoets,abordar
2025-12-09 22:00:00,troncal,Tomas Valle,Tomas Valle,100.707735780355,85.60157541330175,115.81389614740823,4.0,2460.0,0.040938103975754064,0.04127319636624368,noche,De_pie,4.4,autoets,abordar
2025-12-09 22:00:00,troncal,Uni,Uni,0.0,0.0,0.0,4.0,2460.0,0.0,0.00614071559636311,noche,Asientos,4.0,autoets,abordar
2025-12-09 22:00:00,troncal,Union,Union,0.0,0.0,0.0,4.0,2460.0,0.0,0.002269565719411809,noche,Asientos,4.0,autoets,abordar
2025-12-09 22:00:00,troncal,Universidad,Universidad,7.774873954924821,6.608642861686098,8.941105048163545,4.0,2460.0,0.0031605178678556184,0.0031605178678556184,noche,Asientos,4.0,autoets,abordar
2025-12-09 23:00:00,troncal,2 de Mayo,2 de Mayo,0.0,0.0,0.0,4.0,2460.0,0.0,0.0,noche,Asientos,4.0,autoets,abordar
2025-12-09 23:00:00,troncal,22 De Agosto,22 De Agosto,0.0,0.0,0.0,4.0,2460.0,0.0,0.0016757248404246795,noche,Asientos,4.0,autoets,abordar
2025-12-09 23:00:00,troncal,28 de Julio,28 de Julio,0.0,0.0,0.0,4.0,2460.0,0.0,0.0,noche,Asientos,4.0,autoets,abordar
2025-12-09 23:00:00,troncal,Andres Belaunde,Andres Belaunde,0.0,0.0,0.0,4.0,2460.0,0.0,0.0016757248404246795,noche,Asientos,4.0,autoets,abordar
2025-12-09 23:00:00,troncal,Andrés Reyes,Andrés Reyes,0.0,0.0,0.0,4.0,2460.0,0.0,0.0,noche,Asientos,4.0,autoets,abordar
2025-12-09 23:00:00,troncal,Angamos,Angamos,0.0,0.0,0.0,4.0,2460.0,0.0,0.0007423489172645728,noche,Asientos,4.0,autoets,abordar
2025-12-09 23:00:00,troncal,Aramburu,Aramburu,0.0,0.0,0.0,4.0,2460.0,0.0,0.0,noche,Asientos,4.0,autoets,abordar
2025-12-09 23:00:00,troncal,Balta,Balta,0.0,0.0,0.0,4.0,2460.0,0.0,0.0,noche,Asientos,4.0,autoets,abordar
2025-12-09 23:00:00,troncal,Benavides,Benavides,0.0,0.0,0.0,4.0,2460.0,0.0,0.0,noche,Asientos,4.0,autoets,abordar
2025-12-09 23:00:00,troncal,Bulevar,Bulevar,27.481887382964743,23.35960427552003,31.60417049040945,4.0,2460.0,0.01117149893616453,0.01117149893616453,noche,De_pie,4.4,autoets,abordar
2025-12-09 23:00:00,troncal,Canadá,Canadá,0.0,0.0,0.0,4.0,2460.0,0.0,0.0,noche,Asientos,4.0,autoets,abordar
2025-12-09 23:00:00,troncal,Canaval y Moreyra,Canaval y Moreyra,0.0,0.0,0.0,4.0,2460.0,0.0,0.0,noche,Asientos,4.0,autoets,abordar
2025-12-09 23:00:00,troncal,Caqueta,Caqueta,0.0,0.0,0.0,4.0,2460.0,0.0,0.0,noche,Asientos,4.0,autoets,abordar
2025-12-09 23:00:00,troncal,Chimpu Ocllo,Chimpu Ocllo,0.0,0.0,0.0,4.0,2460.0,0.0,0.0,noche,Asientos,4.0,autoets,abordar
2025-12-09 23:00:00,troncal,Colmena,Colmena,12.174522243138995,10.348343906668145,14.000700579609843,4.0,2460.0,0.004948992781763819,0.004948992781763819,noche,Asientos,4.0,autoets,abordar
2025-12-09 23:00:00,troncal,Domingo Orué,Domingo Orué,0.0,0.0,0.0,4.0,2460.0,0.0,0.0,noche,Asientos,4.0,autoets,abordar
2025-12-09 23:00:00,troncal,El Milagro,El Milagro,0.0,0.0,0.0,4.0,2460.0,0.0,0.0,noche,Asientos,4.0,autoets,abordar
2025-12-09 23:00:00,troncal,Escuela Militar,Escuela Militar,0.0,0.0,0.0,4.0,2460.0,0.0,0.0,noche,Asientos,4.0,autoets,abordar
2025-12-09 23:00:00,troncal,España,España,0.0,0.0,0.0,4.0,2460.0,0.0,0.0003126556594292205,noche,Asientos,4.0,autoets,abordar
2025-12-09 23:00:00,troncal,Estacion Central,Estacion Central,0.0,0.0,0.0,4.0,2460.0,0.0,0.0,noche,Asientos,4.0,autoets,abordar
2025-12-09 23:00:00,troncal,Estadio Nacional,Estadio Nacional,0.0,0.0,0.0,4.0,2460.0,0.0,0.0,noche,Asientos,4.0,autoets,abordar
2025-12-09 23:00:00,troncal,Honorio Delgado,Honorio Delgado,0.0,0.0,0.0,4.0,2460.0,0.0,0.0,noche,Asientos,4.0,autoets,abordar
2025-12-09 23:00:00,troncal,Independencia,Independencia,0.0,0.0,0.0,4.0,2460.0,0.0,0.0,noche,Asientos,4.0,autoets,abordar
2025-12-09 23:00:00,troncal,Izaguirre,Izaguirre,0.0,0.0,0.0,4.0,2460.0,0.0,0.0,noche,Asientos,4.0,autoets,abordar
2025-12-09 23:00:00,troncal,Javier Prado,Javier Prado,0.0,0.0,0.0,4.0,2460.0,0.0,0.0,noche,Asientos,4.0,autoets,abordar
2025-12-09 23:00:00,troncal,Jiron de la Unión,Jiron de la Unión,5.127552814639216,4.358419892443334,5.8966857368350984,4.0,2460.0,0.00208437106286147,0.00208437106286147,noche,Asientos,4.0,autoets,abordar
2025-12-09 23:00:00,troncal,Los Incas,Los Incas,0.0,0.0,0.0,4.0,2460.0,0.0,0.0,noche,Asientos,4.0,autoets,abordar
2025-12-09 23:00:00,troncal,Los jazmines,Los jazmines,0.0,0.0,0.0,4.0,2460.0,0.0,0.0,noche,Asientos,4.0,autoets,abordar
2025-12-09 23:00:00,troncal,Matellini,Matellini,0.0,0.0,0.0,4.0,2460.0,0.0,0.0,noche,Asientos,4.0,autoets,abordar
2025-12-09 23:00:00,troncal,México,México,0.0,0.0,0.0,4.0,2460.0,0.0,0.0,noche,Asientos,4.0,autoets,abordar
2025-12-09 23:00:00,troncal,Naranjal,Naranjal,0.0,0.0,0.0,4.0,2460.0,0.0,0.0,noche,Asientos,4.0,autoets,abordar
2025-12-09 23:00:00,troncal,Naranjal Alimentador,Naranjal Alimentador,0.0,0.0,0.0,4.0,2460.0,0.0,0.0,noche,Asientos,4.0,autoets,abordar
2025-12-09 23:00:00,troncal,Pacifico,Pacifico,0.0,0.0,0.0,4.0,2460.0,0.0,0.0,noche,Asientos,4.0,autoets,abordar
2025-12-09 23:00:00,troncal,Parque del Trabajo,Parque del Trabajo,0.0,0.0,0.0,4.0,2460.0,0.0,0.0,noche,Asientos,4.0,autoets,abordar
2025-12-09 23:00:00,troncal,Plaza de Flores,Plaza de Flores,0.0,0.0,0.0,4.0,2460.0,0.0,0.0,noche,Asientos,4.0,autoets,abordar
2025-12-09 23:00:00,troncal,Quilca,Quilca,0.0,0.0,0.0,4.0,2460.0,0.0,0.0003126556594292205,noche,Asientos,4.0,autoets,abordar
2025-12-09 23:00:00,troncal,Ramon Castilla,Ramon Castilla,0.0,0.0,0.0,4.0,2460.0,0.0,0.0,noche,Asientos,4.0,autoets,abordar
2025-12-09 23:00:00,troncal,Ricardo Palma,Ricardo Palma,0.0,0.0,0.0,4.0,2460.0,0.0,0.0007423489172645728,noche,Asientos,4.0,autoets,abordar
2025-12-09 23:00:00,troncal,Rosario de Villa,Rosario de Villa,0.0,0.0,0.0,4.0,2460.0,0.0,0.0,noche,Asientos,4.0,autoets,abordar
2025-12-09 23:00:00,troncal,Tacna,Tacna,0.0,0.0,0.0,4.0,2460.0,0.0,0.0,noche,Asientos,4.0,autoets,abordar
2025-12-09 23:00:00,troncal,Terán,Terán,0.0,0.0,0.0,4.0,2460.0,0.0,0.0,noche,Asientos,4.0,autoets,abordar
2025-12-09 23:00:00,troncal,Tomas Valle,Tomas Valle,0.0,0.0,0.0,4.0,2460.0,0.0,0.0,noche,Asientos,4.0,autoets,abordar
2025-12-09 23:00:00,troncal,Uni,Uni,0.0,0.0,0.0,4.0,2460.0,0.0,0.0,noche,Asientos,4.0,autoets,abordar
2025-12-09 23:00:00,troncal,Union,Union,0.0,0.0,0.0,4.0,2460.0,0.0,0.0,noche,Asientos,4.0,autoets,abordar
2025-12-09 23:00:00,troncal,Universidad,Universidad,0.0,0.0,0.0,4.0,2460.0,0.0,0.0,noche,Asientos,4.0,autoets,abordar
