Fecha_Hora,estacion_id,sistema,unidad,Validaciones_pron,Val_q10,Val_q90,Headway_base_min,Cap_hora,Ocupacion_proxy,aforo,ETA_pron,modelo_pron,recomendacion
2025-12-09 00:00:00,metro_l1|Angamos,metro_l1,Angamos,0.0,0.0,0.0,3.5,20571.428571428572,0.0,Asientos,3.5,chronos,abordar
2025-12-09 01:00:00,metro_l1|Angamos,metro_l1,Angamos,0.0,0.0,12.1844482421875,3.5,20571.428571428572,0.0,Asientos,3.5,chronos,abordar
2025-12-09 02:00:00,metro_l1|Angamos,metro_l1,Angamos,0.0,0.0,9.425048828125,3.5,20571.428571428572,0.0,Asientos,3.5,chronos,abordar
2025-12-09 03:00:00,metro_l1|Angamos,metro_l1,Angamos,0.0,0.0,24.8563232421875,3.5,20571.428571428572,0.0,Asientos,3.5,chronos,abordar
2025-12-09 04:00:00,metro_l1|Angamos,metro_l1,Angamos,0.0,0.0,20.39208984375,3.5,20571.428571428572,0.0,Asientos,3.5,chronos,abordar
2025-12-09 05:00:00,metro_l1|Angamos,metro_l1,Angamos,77.673095703125,25.51708984375,168.9786376953125,3.5,20571.428571428572,0.003775775485568576,Asientos,3.5,chronos,abordar
2025-12-09 06:00:00,metro_l1|Angamos,metro_l1,Angamos,558.814697265625,401.52215576171875,743.7625732421875,3.5,20571.428571428572,0.027164603339301215,Asientos,3.5,chronos,abordar
2025-12-09 07:00:00,metro_l1|Angamos,metro_l1,Angamos,1059.0350341796875,829.059814453125,1281.2677001953125,3.5,20571.428571428572,0.05148086971706814,Asientos,3.5,chronos,abordar
2025-12-09 08:00:00,metro_l1|Angamos,metro_l1,Angamos,1076.503173828125,862.9412231445312,1263.6650390625,3.5,20571.428571428572,0.05233001539442274,Asientos,3.5,chronos,abordar
2025-12-09 09:00:00,metro_l1|Angamos,metro_l1,Angamos,1116.294677734375,897.30419921875,1289.2874755859375,3.5,20571.428571428572,0.05426432461208767,Asientos,3.5,chronos,abordar
2025-12-09 10:00:00,metro_l1|Angamos,metro_l1,Angamos,1213.602783203125,975.6866455078125,1431.1624755859375,3.5,20571.428571428572,0.05899457973904079,Asientos,3.5,chronos,abordar
2025-12-09 11:00:00,metro_l1|Angamos,metro_l1,Angamos,1271.787841796875,1046.593017578125,1508.800048828125,3.5,20571.428571428572,0.061823020087348086,Asientos,3.5,chronos,abordar
2025-12-09 12:00:00,metro_l1|Angamos,metro_l1,Angamos,1361.2498779296875,1142.248046875,1639.3890380859375,3.5,20571.428571428572,0.06617186906602647,Asientos,3.5,chronos,abordar
2025-12-09 13:00:00,metro_l1|Angamos,metro_l1,Angamos,1510.297119140625,1251.545654296875,1874.675537109375,3.5,20571.428571428572,0.07341722106933593,Asientos,3.5,chronos,abordar
2025-12-09 14:00:00,metro_l1|Angamos,metro_l1,Angamos,1667.9110107421875,1311.650146484375,2109.29345703125,3.5,20571.428571428572,0.08107900746663411,Asientos,3.5,chronos,abordar
2025-12-09 15:00:00,metro_l1|Angamos,metro_l1,Angamos,2035.3514404296875,1524.4033203125,2583.355224609375,3.5,20571.428571428572,0.09894069502088758,Asientos,3.5,chronos,abordar
2025-12-09 16:00:00,metro_l1|Angamos,metro_l1,Angamos,2787.12060546875,2018.575439453125,3437.490234375,3.5,20571.428571428572,0.13548502943250867,De_pie,3.8500000000000005,chronos,abordar
2025-12-09 17:00:00,metro_l1|Angamos,metro_l1,Angamos,3924.4306640625,2820.56005859375,4603.93994140625,3.5,20571.428571428572,0.19077093505859374,De_pie,3.8500000000000005,chronos,abordar
2025-12-09 18:00:00,metro_l1|Angamos,metro_l1,Angamos,3940.443359375,2803.55908203125,4539.0732421875,3.5,20571.428571428572,0.19154932996961804,De_pie,3.8500000000000005,chronos,abordar
2025-12-09 19:00:00,metro_l1|Angamos,metro_l1,Angamos,3700.29833984375,2610.76123046875,4219.4189453125,3.5,20571.428571428572,0.17987561374240452,De_pie,3.8500000000000005,chronos,abordar
2025-12-09 20:00:00,metro_l1|Angamos,metro_l1,Angamos,3274.4755859375,2325.0615234375,3724.91259765625,3.5,20571.428571428572,0.15917589653862846,De_pie,3.8500000000000005,chronos,abordar
2025-12-09 21:00:00,metro_l1|Angamos,metro_l1,Angamos,2370.71484375,1662.689697265625,2778.8876953125,3.5,20571.428571428572,0.11524308268229166,Asientos,3.5,chronos,abordar
2025-12-09 22:00:00,metro_l1|Angamos,metro_l1,Angamos,894.5281982421875,519.61083984375,1178.589599609375,3.5,20571.428571428572,0.043484009636773,Asientos,3.5,chronos,abordar
2025-12-09 23:00:00,metro_l1|Angamos,metro_l1,Angamos,17.7618408203125,0.0,107.283447265625,3.5,20571.428571428572,0.0008634228176540798,Asientos,3.5,chronos,abordar
2025-12-09 00:00:00,metro_l1|Atocongo,metro_l1,Atocongo,0.0,0.0,27.82080078125,3.5,20571.428571428572,0.0,Asientos,3.5,chronos,abordar
2025-12-09 01:00:00,metro_l1|Atocongo,metro_l1,Atocongo,0.0,0.0,55.42822265625,3.5,20571.428571428572,0.0,Asientos,3.5,chronos,abordar
2025-12-09 02:00:00,metro_l1|Atocongo,metro_l1,Atocongo,0.0,0.0,60.9189453125,3.5,20571.428571428572,0.0,Asientos,3.5,chronos,abordar
2025-12-09 03:00:00,metro_l1|Atocongo,metro_l1,Atocongo,0.0,0.0,81.2353515625,3.5,20571.428571428572,0.0,Asientos,3.5,chronos,abordar
2025-12-09 04:00:00,metro_l1|Atocongo,metro_l1,Atocongo,16.6239013671875,0.0,172.6163330078125,3.5,20571.428571428572,0.0008081063164605035,Asientos,3.5,chronos,abordar
2025-12-09 05:00:00,metro_l1|Atocongo,metro_l1,Atocongo,314.91729736328125,138.877197265625,549.283203125,3.5,20571.428571428572,0.015308479732937282,Asientos,3.5,chronos,abordar
2025-12-09 06:00:00,metro_l1|Atocongo,metro_l1,Atocongo,1154.64404296875,853.6133422851562,1439.0244140625,3.5,20571.428571428572,0.05612852986653646,Asientos,3.5,chronos,abordar
2025-12-09 07:00:00,metro_l1|Atocongo,metro_l1,Atocongo,1791.173583984375,1417.648193359375,2094.76806640625,3.5,20571.428571428572,0.08707093811035156,Asientos,3.5,chronos,abordar
2025-12-09 08:00:00,metro_l1|Atocongo,metro_l1,Atocongo,1814.51611328125,1450.165283203125,2111.6484375,3.5,20571.428571428572,0.08820564439561632,Asientos,3.5,chronos,abordar
2025-12-09 09:00:00,metro_l1|Atocongo,metro_l1,Atocongo,1811.4300537109375,1435.467041015625,2131.79736328125,3.5,20571.428571428572,0.08805562761094834,Asientos,3.5,chronos,abordar
2025-12-09 10:00:00,metro_l1|Atocongo,metro_l1,Atocongo,1510.88037109375,1189.8924560546875,1836.8447265625,3.5,20571.428571428572,0.07344557359483507,Asientos,3.5,chronos,abordar
2025-12-09 11:00:00,metro_l1|Atocongo,metro_l1,Atocongo,1388.8037109375,1108.759521484375,1703.31689453125,3.5,20571.428571428572,0.06751129150390625,Asientos,3.5,chronos,abordar
2025-12-09 12:00:00,metro_l1|Atocongo,metro_l1,Atocongo,1322.340087890625,1051.972900390625,1627.3349609375,3.5,20571.428571428572,0.0642804209391276,Asientos,3.5,chronos,abordar
2025-12-09 13:00:00,metro_l1|Atocongo,metro_l1,Atocongo,1319.740478515625,1042.62744140625,1626.628173828125,3.5,20571.428571428572,0.064154051038954,Asientos,3.5,chronos,abordar
2025-12-09 14:00:00,metro_l1|Atocongo,metro_l1,Atocongo,1286.36767578125,1011.5753173828125,1581.0732421875,3.5,20571.428571428572,0.0625317620171441,Asientos,3.5,chronos,abordar
2025-12-09 15:00:00,metro_l1|Atocongo,metro_l1,Atocongo,1279.020263671875,1029.376708984375,1567.164794921875,3.5,20571.428571428572,0.06217459615071614,Asientos,3.5,chronos,abordar
2025-12-09 16:00:00,metro_l1|Atocongo,metro_l1,Atocongo,1381.108154296875,1110.7838134765625,1678.32861328125,3.5,20571.428571428572,0.06713720194498697,Asientos,3.5,chronos,abordar
2025-12-09 17:00:00,metro_l1|Atocongo,metro_l1,Atocongo,1762.549560546875,1404.5059814453125,2085.269287109375,3.5,20571.428571428572,0.0856794925265842,Asientos,3.5,chronos,abordar
2025-12-09 18:00:00,metro_l1|Atocongo,metro_l1,Atocongo,1989.4833984375,1603.052734375,2315.47802734375,3.5,20571.428571428572,0.09671099853515625,Asientos,3.5,chronos,abordar
2025-12-09 19:00:00,metro_l1|Atocongo,metro_l1,Atocongo,1807.8525390625,1470.97314453125,2111.84716796875,3.5,20571.428571428572,0.08788172064887152,Asientos,3.5,chronos,abordar
2025-12-09 20:00:00,metro_l1|Atocongo,metro_l1,Atocongo,1316.554443359375,1063.8499755859375,1581.99755859375,3.5,20571.428571428572,0.06399917432996961,Asientos,3.5,chronos,abordar
2025-12-09 21:00:00,metro_l1|Atocongo,metro_l1,Atocongo,1004.7391967773438,768.078369140625,1252.505126953125,3.5,20571.428571428572,0.048841488732231986,Asientos,3.5,chronos,abordar
2025-12-09 22:00:00,metro_l1|Atocongo,metro_l1,Atocongo,202.3544921875,97.8858642578125,382.84283447265625,3.5,20571.428571428572,0.009836676703559028,Asientos,3.5,chronos,abordar
2025-12-09 23:00:00,metro_l1|Atocongo,metro_l1,Atocongo,8.65020751953125,0.0,91.587158203125,3.5,20571.428571428572,0.0004204961988661024,Asientos,3.5,chronos,abordar
2025-12-09 00:00:00,metro_l1|Ayacucho,metro_l1,Ayacucho,0.0,0.0,0.0,3.5,20571.428571428572,0.0,Asientos,3.5,chronos,abordar
2025-12-09 01:00:00,metro_l1|Ayacucho,metro_l1,Ayacucho,0.0,0.0,5.675689697265625,3.5,20571.428571428572,0.0,Asientos,3.5,chronos,abordar
2025-12-09 02:00:00,metro_l1|Ayacucho,metro_l1,Ayacucho,0.0,0.0,12.203216552734375,3.5,20571.428571428572,0.0,Asientos,3.5,chronos,abordar
2025-12-09 03:00:00,metro_l1|Ayacucho,metro_l1,Ayacucho,0.0,0.0,14.428466796875,3.5,20571.428571428572,0.0,Asientos,3.5,chronos,abordar
2025-12-09 04:00:00,metro_l1|Ayacucho,metro_l1,Ayacucho,3.181640625,0.0,47.819793701171875,3.5,20571.428571428572,0.0001546630859375,Asientos,3.5,chronos,abordar
2025-12-09 05:00:00,metro_l1|Ayacucho,metro_l1,Ayacucho,75.96426391601562,32.14349365234375,151.05242919921875,3.5,20571.428571428572,0.003692707273695204,Asientos,3.5,chronos,abordar
2025-12-09 06:00:00,metro_l1|Ayacucho,metro_l1,Ayacucho,434.8603210449219,323.9688720703125,559.5308227539062,3.5,20571.428571428572,0.021139043384128146,Asientos,3.5,chronos,abordar
2025-12-09 07:00:00,metro_l1|Ayacucho,metro_l1,Ayacucho,879.1365966796875,676.0845947265625,1044.6502685546875,3.5,20571.428571428572,0.04273580678304036,Asientos,3.5,chronos,abordar
2025-12-09 08:00:00,metro_l1|Ayacucho,metro_l1,Ayacucho,744.034423828125,582.0328369140625,881.1146240234375,3.5,20571.428571428572,0.03616834004720052,Asientos,3.5,chronos,abordar
2025-12-09 09:00:00,metro_l1|Ayacucho,metro_l1,Ayacucho,574.1754760742188,432.66766357421875,689.7108154296875,3.5,20571.428571428572,0.027911307864718966,Asientos,3.5,chronos,abordar
2025-12-09 10:00:00,metro_l1|Ayacucho,metro_l1,Ayacucho,503.24505615234375,375.1415710449219,625.2242431640625,3.5,20571.428571428572,0.02446330134073893,Asientos,3.5,chronos,abordar
2025-12-09 11:00:00,metro_l1|Ayacucho,metro_l1,Ayacucho,461.7095947265625,358.2677917480469,581.308349609375,3.5,20571.428571428572,0.02244421641031901,Asientos,3.5,chronos,abordar
2025-12-09 12:00:00,metro_l1|Ayacucho,metro_l1,Ayacucho,471.47088623046875,373.07806396484375,586.0541381835938,3.5,20571.428571428572,0.022918723636203342,Asientos,3.5,chronos,abordar
2025-12-09 13:00:00,metro_l1|Ayacucho,metro_l1,Ayacucho,531.3575439453125,416.6496276855469,668.4453125,3.5,20571.428571428572,0.02582988060845269,Asientos,3.5,chronos,abordar
2025-12-09 14:00:00,metro_l1|Ayacucho,metro_l1,Ayacucho,585.7366943359375,446.0506286621094,741.5133666992188,3.5,20571.428571428572,0.028473311530219182,Asientos,3.5,chronos,abordar
2025-12-09 15:00:00,metro_l1|Ayacucho,metro_l1,Ayacucho,663.5396118164062,501.8577880859375,830.1552734375,3.5,20571.428571428572,0.03225539779663086,Asientos,3.5,chronos,abordar
2025-12-09 16:00:00,metro_l1|Ayacucho,metro_l1,Ayacucho,849.510498046875,625.6325073242188,1058.0155029296875,3.5,20571.428571428572,0.041295649210611976,Asientos,3.5,chronos,abordar
2025-12-09 17:00:00,metro_l1|Ayacucho,metro_l1,Ayacucho,1431.8525390625,1050.4752197265625,1681.6746826171875,3.5,20571.428571428572,0.06960394287109374,Asientos,3.5,chronos,abordar
2025-12-09 18:00:00,metro_l1|Ayacucho,metro_l1,Ayacucho,1501.7177734375,1118.021484375,1729.0560302734375,3.5,20571.428571428572,0.07300016954210069,Asientos,3.5,chronos,abordar
2025-12-09 19:00:00,metro_l1|Ayacucho,metro_l1,Ayacucho,1255.9942626953125,929.801513671875,1449.049072265625,3.5,20571.428571428572,0.06105527665879991,Asientos,3.5,chronos,abordar
2025-12-09 20:00:00,metro_l1|Ayacucho,metro_l1,Ayacucho,949.871337890625,688.0853271484375,1112.302490234375,3.5,20571.428571428572,0.04617430114746093,Asientos,3.5,chronos,abordar
2025-12-09 21:00:00,metro_l1|Ayacucho,metro_l1,Ayacucho,590.935791015625,400.407958984375,726.9745483398438,3.5,20571.428571428572,0.028726045396592882,Asientos,3.5,chronos,abordar
2025-12-09 22:00:00,metro_l1|Ayacucho,metro_l1,Ayacucho,138.5364990234375,54.215850830078125,230.79141235351562,3.5,20571.428571428572,0.006734413146972656,Asientos,3.5,chronos,abordar
2025-12-09 23:00:00,metro_l1|Ayacucho,metro_l1,Ayacucho,12.327789306640625,0.0,42.554473876953125,3.5,20571.428571428572,0.0005992675357394748,Asientos,3.5,chronos,abordar
2025-12-09 00:00:00,metro_l1|Bayóvar,metro_l1,Bayóvar,0.0,0.0,128.99560546875,3.5,20571.428571428572,0.0,Asientos,3.5,chronos,abordar
2025-12-09 01:00:00,metro_l1|Bayóvar,metro_l1,Bayóvar,0.0,0.0,170.3909912109375,3.5,20571.428571428572,0.0,Asientos,3.5,chronos,abordar
2025-12-09 02:00:00,metro_l1|Bayóvar,metro_l1,Bayóvar,0.0,0.0,203.8560791015625,3.5,20571.428571428572,0.0,Asientos,3.5,chronos,abordar
2025-12-09 03:00:00,metro_l1|Bayóvar,metro_l1,Bayóvar,0.0,0.0,270.5552978515625,3.5,20571.428571428572,0.0,Asientos,3.5,chronos,abordar
2025-12-09 04:00:00,metro_l1|Bayóvar,metro_l1,Bayóvar,89.5498046875,0.0,556.3702392578125,3.5,20571.428571428572,0.004353115505642361,Asientos,3.5,chronos,abordar
2025-12-09 05:00:00,metro_l1|Bayóvar,metro_l1,Bayóvar,2873.71630859375,1781.870361328125,3679.39990234375,3.5,20571.428571428572,0.13969454277886284,De_pie,3.8500000000000005,chronos,abordar
2025-12-09 06:00:00,metro_l1|Bayóvar,metro_l1,Bayóvar,6005.1220703125,4124.0283203125,7060.591796875,3.5,20571.428571428572,0.2919156561957465,De_pie,3.8500000000000005,chronos,abordar
2025-12-09 07:00:00,metro_l1|Bayóvar,metro_l1,Bayóvar,6145.6689453125,4396.03662109375,6978.818359375,3.5,20571.428571428572,0.29874779595269096,De_pie,3.8500000000000005,chronos,abordar
2025-12-09 08:00:00,metro_l1|Bayóvar,metro_l1,Bayóvar,5809.49951171875,4250.31005859375,6521.916015625,3.5,20571.428571428572,0.2824062262641059,De_pie,3.8500000000000005,chronos,abordar
2025-12-09 09:00:00,metro_l1|Bayóvar,metro_l1,Bayóvar,5162.02734375,3838.929443359375,5836.384765625,3.5,20571.428571428572,0.250931884765625,De_pie,3.8500000000000005,chronos,abordar
2025-12-09 10:00:00,metro_l1|Bayóvar,metro_l1,Bayóvar,3432.38427734375,2509.100341796875,4071.359375,3.5,20571.428571428572,0.16685201348198783,De_pie,3.8500000000000005,chronos,abordar
2025-12-09 11:00:00,metro_l1|Bayóvar,metro_l1,Bayóvar,2777.723388671875,2109.979736328125,3367.078369140625,3.5,20571.428571428572,0.1350282202826606,De_pie,3.8500000000000005,chronos,abordar
2025-12-09 12:00:00,metro_l1|Bayóvar,metro_l1,Bayóvar,2427.70458984375,1943.9881591796875,2938.87353515625,3.5,20571.428571428572,0.11801341756184895,Asientos,3.5,chronos,abordar
2025-12-09 13:00:00,metro_l1|Bayóvar,metro_l1,Bayóvar,2394.77197265625,1999.837158203125,2843.754150390625,3.5,20571.428571428572,0.1164125264485677,Asientos,3.5,chronos,abordar
2025-12-09 14:00:00,metro_l1|Bayóvar,metro_l1,Bayóvar,2357.056884765625,1988.943359375,2725.597412109375,3.5,20571.428571428572,0.11457915412055121,Asientos,3.5,chronos,abordar
2025-12-09 15:00:00,metro_l1|Bayóvar,metro_l1,Bayóvar,2293.3046875,1911.2459716796875,2642.26123046875,3.5,20571.428571428572,0.11148008897569443,Asientos,3.5,chronos,abordar
2025-12-09 16:00:00,metro_l1|Bayóvar,metro_l1,Bayóvar,2215.598876953125,1767.018798828125,2503.0546875,3.5,20571.428571428572,0.10770272318522135,Asientos,3.5,chronos,abordar
2025-12-09 17:00:00,metro_l1|Bayóvar,metro_l1,Bayóvar,2127.43310546875,1755.4893798828125,2406.906494140625,3.5,20571.428571428572,0.10341688707139757,Asientos,3.5,chronos,abordar
2025-12-09 18:00:00,metro_l1|Bayóvar,metro_l1,Bayóvar,1669.51416015625,1371.092041015625,1892.96044921875,3.5,20571.428571428572,0.08115693834092881,Asientos,3.5,chronos,abordar
2025-12-09 19:00:00,metro_l1|Bayóvar,metro_l1,Bayóvar,1188.211181640625,955.246337890625,1437.541748046875,3.5,20571.428571428572,0.057760265774197045,Asientos,3.5,chronos,abordar
2025-12-09 20:00:00,metro_l1|Bayóvar,metro_l1,Bayóvar,836.532470703125,610.1856689453125,1138.4405517578125,3.5,20571.428571428572,0.040664772881401905,Asientos,3.5,chronos,abordar
2025-12-09 21:00:00,metro_l1|Bayóvar,metro_l1,Bayóvar,469.5301513671875,312.64990234375,713.19580078125,3.5,20571.428571428572,0.022824382358127168,Asientos,3.5,chronos,abordar
2025-12-09 22:00:00,metro_l1|Bayóvar,metro_l1,Bayóvar,62.916748046875,0.0,204.290283203125,3.5,20571.428571428572,0.0030584530300564235,Asientos,3.5,chronos,abordar
2025-12-09 23:00:00,metro_l1|Bayóvar,metro_l1,Bayóvar,0.0,0.0,172.0799560546875,3.5,20571.428571428572,0.0,Asientos,3.5,chronos,abordar
2025-12-09 00:00:00,metro_l1|Cabitos,metro_l1,Cabitos,0.0,0.0,0.0,3.5,20571.428571428572,0.0,Asientos,3.5,chronos,abordar
2025-12-09 01:00:00,metro_l1|Cabitos,metro_l1,Cabitos,0.0,0.0,3.5362548828125,3.5,20571.428571428572,0.0,Asientos,3.5,chronos,abordar
2025-12-09 02:00:00,metro_l1|Cabitos,metro_l1,Cabitos,0.0,0.0,0.0,3.5,20571.428571428572,0.0,Asientos,3.5,chronos,abordar
2025-12-09 03:00:00,metro_l1|Cabitos,metro_l1,Cabitos,0.0,0.0,0.0,3.5,20571.428571428572,0.0,Asientos,3.5,chronos,abordar
2025-12-09 04:00:00,metro_l1|Cabitos,metro_l1,Cabitos,0.0,0.0,0.0,3.5,20571.428571428572,0.0,Asientos,3.5,chronos,abordar
2025-12-09 05:00:00,metro_l1|Cabitos,metro_l1,Cabitos,31.027587890625,1.44146728515625,88.444091796875,3.5,20571.428571428572,0.0015082855224609374,Asientos,3.5,chronos,abordar
2025-12-09 06:00:00,metro_l1|Cabitos,metro_l1,Cabitos,339.79620361328125,219.5726318359375,486.96826171875,3.5,20571.428571428572,0.01651787100897895,Asientos,3.5,chronos,abordar
2025-12-09 07:00:00,metro_l1|Cabitos,metro_l1,Cabitos,816.35205078125,600.3203735351562,1029.0423583984375,3.5,20571.428571428572,0.039683780246310765,Asientos,3.5,chronos,abordar
2025-12-09 08:00:00,metro_l1|Cabitos,metro_l1,Cabitos,756.696533203125,551.4926147460938,928.6826782226562,3.5,20571.428571428572,0.036783859252929686,Asientos,3.5,chronos,abordar
2025-12-09 09:00:00,metro_l1|Cabitos,metro_l1,Cabitos,617.3861694335938,443.3385925292969,749.4967041015625,3.5,20571.428571428572,0.030011827680799696,Asientos,3.5,chronos,abordar
2025-12-09 10:00:00,metro_l1|Cabitos,metro_l1,Cabitos,595.2913208007812,422.7246398925781,755.594970703125,3.5,20571.428571428572,0.028937772538926865,Asientos,3.5,chronos,abordar
2025-12-09 11:00:00,metro_l1|Cabitos,metro_l1,Cabitos,656.7852172851562,499.6083068847656,844.599853515625,3.5,20571.428571428572,0.03192705917358398,Asientos,3.5,chronos,abordar
2025-12-09 12:00:00,metro_l1|Cabitos,metro_l1,Cabitos,758.9907836914062,598.9306640625,956.0882568359375,3.5,20571.428571428572,0.036895385318332245,Asientos,3.5,chronos,abordar
2025-12-09 13:00:00,metro_l1|Cabitos,metro_l1,Cabitos,949.7713012695312,745.7132568359375,1222.9437255859375,3.5,20571.428571428572,0.04616943825615777,Asientos,3.5,chronos,abordar
2025-12-09 14:00:00,metro_l1|Cabitos,metro_l1,Cabitos,1015.0341186523438,751.0962524414062,1334.3759765625,3.5,20571.428571428572,0.04934193632337782,Asientos,3.5,chronos,abordar
2025-12-09 15:00:00,metro_l1|Cabitos,metro_l1,Cabitos,1223.288818359375,875.5897216796875,1591.222900390625,3.5,20571.428571428572,0.05946542867024739,Asientos,3.5,chronos,abordar
2025-12-09 16:00:00,metro_l1|Cabitos,metro_l1,Cabitos,1722.788818359375,1186.2523193359375,2216.749267578125,3.5,20571.428571428572,0.08374667867024739,Asientos,3.5,chronos,abordar
2025-12-09 17:00:00,metro_l1|Cabitos,metro_l1,Cabitos,3273.87890625,2282.0771484375,3883.2490234375,3.5,20571.428571428572,0.15914689127604165,De_pie,3.8500000000000005,chronos,abordar
2025-12-09 18:00:00,metro_l1|Cabitos,metro_l1,Cabitos,3756.5908203125,2634.66162109375,4338.11083984375,3.5,20571.428571428572,0.18261205376519096,De_pie,3.8500000000000005,chronos,abordar
2025-12-09 19:00:00,metro_l1|Cabitos,metro_l1,Cabitos,3212.513671875,2243.423828125,3685.119140625,3.5,20571.428571428572,0.15616385904947916,De_pie,3.8500000000000005,chronos,abordar
2025-12-09 20:00:00,metro_l1|Cabitos,metro_l1,Cabitos,2492.18359375,1722.1337890625,2865.0615234375,3.5,20571.428571428572,0.12114781358506944,Asientos,3.5,chronos,abordar
2025-12-09 21:00:00,metro_l1|Cabitos,metro_l1,Cabitos,1713.371826171875,1154.7874755859375,2028.99951171875,3.5,20571.428571428572,0.08328890821668837,Asientos,3.5,chronos,abordar
2025-12-09 22:00:00,metro_l1|Cabitos,metro_l1,Cabitos,500.7194519042969,245.98345947265625,714.9957885742188,3.5,20571.428571428572,0.02434052891201443,Asientos,3.5,chronos,abordar
2025-12-09 23:00:00,metro_l1|Cabitos,metro_l1,Cabitos,26.5921630859375,0.0,82.27825927734375,3.5,20571.428571428572,0.001292674594455295,Asientos,3.5,chronos,abordar
2025-12-09 00:00:00,metro_l1|Caja de Agua,metro_l1,Caja de Agua,0.0,0.0,30.413330078125,3.5,20571.428571428572,0.0,Asientos,3.5,chronos,abordar
2025-12-09 01:00:00,metro_l1|Caja de Agua,metro_l1,Caja de Agua,0.0,0.0,26.9234619140625,3.5,20571.428571428572,0.0,Asientos,3.5,chronos,abordar
2025-12-09 02:00:00,metro_l1|Caja de Agua,metro_l1,Caja de Agua,0.0,0.0,60.432373046875,3.5,20571.428571428572,0.0,Asientos,3.5,chronos,abordar
2025-12-09 03:00:00,metro_l1|Caja de Agua,metro_l1,Caja de Agua,0.0,0.0,89.234375,3.5,20571.428571428572,0.0,Asientos,3.5,chronos,abordar
2025-12-09 04:00:00,metro_l1|Caja de Agua,metro_l1,Caja de Agua,0.0,0.0,134.44329833984375,3.5,20571.428571428572,0.0,Asientos,3.5,chronos,abordar
2025-12-09 05:00:00,metro_l1|Caja de Agua,metro_l1,Caja de Agua,639.488037109375,409.17523193359375,886.386962890625,3.5,20571.428571428572,0.03108622402615017,Asientos,3.5,chronos,abordar
2025-12-09 06:00:00,metro_l1|Caja de Agua,metro_l1,Caja de Agua,1469.8154296875,1130.4205322265625,1771.9990234375,3.5,20571.428571428572,0.07144936116536459,Asientos,3.5,chronos,abordar
2025-12-09 07:00:00,metro_l1|Caja de Agua,metro_l1,Caja de Agua,1932.4091796875,1559.5357666015625,2239.56005859375,3.5,20571.428571428572,0.09393655734592013,Asientos,3.5,chronos,abordar
2025-12-09 08:00:00,metro_l1|Caja de Agua,metro_l1,Caja de Agua,1991.109375,1634.26220703125,2291.41796875,3.5,20571.428571428572,0.0967900390625,Asientos,3.5,chronos,abordar
2025-12-09 09:00:00,metro_l1|Caja de Agua,metro_l1,Caja de Agua,2031.3074951171875,1667.910888671875,2357.692138671875,3.5,20571.428571428572,0.09874411434597438,Asientos,3.5,chronos,abordar
2025-12-09 10:00:00,metro_l1|Caja de Agua,metro_l1,Caja de Agua,1780.001220703125,1448.853515625,2107.9638671875,3.5,20571.428571428572,0.08652783711751301,Asientos,3.5,chronos,abordar
2025-12-09 11:00:00,metro_l1|Caja de Agua,metro_l1,Caja de Agua,1565.9349365234375,1294.023681640625,1859.168212890625,3.5,20571.428571428572,0.07612183719211155,Asientos,3.5,chronos,abordar
2025-12-09 12:00:00,metro_l1|Caja de Agua,metro_l1,Caja de Agua,1504.8594970703125,1247.146728515625,1785.638671875,3.5,20571.428571428572,0.07315289221869574,Asientos,3.5,chronos,abordar
2025-12-09 13:00:00,metro_l1|Caja de Agua,metro_l1,Caja de Agua,1588.30859375,1313.43994140625,1884.64306640625,3.5,20571.428571428572,0.07720944552951388,Asientos,3.5,chronos,abordar
2025-12-09 14:00:00,metro_l1|Caja de Agua,metro_l1,Caja de Agua,1603.63330078125,1318.242431640625,1896.742431640625,3.5,20571.428571428572,0.0779543965657552,Asientos,3.5,chronos,abordar
2025-12-09 15:00:00,metro_l1|Caja de Agua,metro_l1,Caja de Agua,1642.1641845703125,1360.1376953125,1945.951904296875,3.5,20571.428571428572,0.07982742563883463,Asientos,3.5,chronos,abordar
2025-12-09 16:00:00,metro_l1|Caja de Agua,metro_l1,Caja de Agua,1760.331298828125,1447.7822265625,2084.848388671875,3.5,20571.428571428572,0.08557166035970051,Asientos,3.5,chronos,abordar
2025-12-09 17:00:00,metro_l1|Caja de Agua,metro_l1,Caja de Agua,2200.52685546875,1808.6923828125,2537.1796875,3.5,20571.428571428572,0.10697005547417535,Asientos,3.5,chronos,abordar
2025-12-09 18:00:00,metro_l1|Caja de Agua,metro_l1,Caja de Agua,2097.0224609375,1744.6453857421875,2392.607421875,3.5,20571.428571428572,0.10193859185112847,Asientos,3.5,chronos,abordar
2025-12-09 19:00:00,metro_l1|Caja de Agua,metro_l1,Caja de Agua,1965.8597412109375,1653.98583984375,2239.7177734375,3.5,20571.428571428572,0.09556262630886501,Asientos,3.5,chronos,abordar
2025-12-09 20:00:00,metro_l1|Caja de Agua,metro_l1,Caja de Agua,1770.15380859375,1476.5123291015625,2051.991943359375,3.5,20571.428571428572,0.08604914347330729,Asientos,3.5,chronos,abordar
2025-12-09 21:00:00,metro_l1|Caja de Agua,metro_l1,Caja de Agua,1275.1298828125,998.1746215820312,1543.7161865234375,3.5,20571.428571428572,0.06198548041449652,Asientos,3.5,chronos,abordar
2025-12-09 22:00:00,metro_l1|Caja de Agua,metro_l1,Caja de Agua,212.0020751953125,96.3702392578125,392.568359375,3.5,20571.428571428572,0.010305656433105468,Asientos,3.5,chronos,abordar
2025-12-09 23:00:00,metro_l1|Caja de Agua,metro_l1,Caja de Agua,12.240234375,0.0,87.0889892578125,3.5,20571.428571428572,0.0005950113932291667,Asientos,3.5,chronos,abordar
2025-12-09 00:00:00,metro_l1|El Ángel,metro_l1,El Ángel,0.0,0.0,1.7312850952148438,3.5,20571.428571428572,0.0,Asientos,3.5,chronos,abordar
2025-12-09 01:00:00,metro_l1|El Ángel,metro_l1,El Ángel,0.0,0.0,2.1358108520507812,3.5,20571.428571428572,0.0,Asientos,3.5,chronos,abordar
2025-12-09 02:00:00,metro_l1|El Ángel,metro_l1,El Ángel,0.0,0.0,0.0,3.5,20571.428571428572,0.0,Asientos,3.5,chronos,abordar
2025-12-09 03:00:00,metro_l1|El Ángel,metro_l1,El Ángel,0.0,0.0,3.3754043579101562,3.5,20571.428571428572,0.0,Asientos,3.5,chronos,abordar
2025-12-09 04:00:00,metro_l1|El Ángel,metro_l1,El Ángel,0.34960174560546875,0.0,9.953628540039062,3.5,20571.428571428572,1.6994529300265842e-05,Asientos,3.5,chronos,abordar
2025-12-09 05:00:00,metro_l1|El Ángel,metro_l1,El Ángel,19.4766845703125,7.739509582519531,37.75732421875,3.5,20571.428571428572,0.0009467832777235243,Asientos,3.5,chronos,abordar
2025-12-09 06:00:00,metro_l1|El Ángel,metro_l1,El Ángel,97.83523559570312,68.04818725585938,131.00970458984375,3.5,20571.428571428572,0.004755879508124458,Asientos,3.5,chronos,abordar
2025-12-09 07:00:00,metro_l1|El Ángel,metro_l1,El Ángel,214.59451293945312,153.94786071777344,264.29638671875,3.5,20571.428571428572,0.010431677712334527,Asientos,3.5,chronos,abordar
2025-12-09 08:00:00,metro_l1|El Ángel,metro_l1,El Ángel,196.7440185546875,143.79380798339844,243.27622985839844,3.5,20571.428571428572,0.00956394534640842,Asientos,3.5,chronos,abordar
2025-12-09 09:00:00,metro_l1|El Ángel,metro_l1,El Ángel,135.5234375,94.6783218383789,176.40599060058594,3.5,20571.428571428572,0.006587944878472222,Asientos,3.5,chronos,abordar
2025-12-09 10:00:00,metro_l1|El Ángel,metro_l1,El Ángel,121.14692687988281,86.24356079101562,159.660400390625,3.5,20571.428571428572,0.0058890867233276365,Asientos,3.5,chronos,abordar
2025-12-09 11:00:00,metro_l1|El Ángel,metro_l1,El Ángel,125.45892333984375,91.50184631347656,165.5727081298828,3.5,20571.428571428572,0.006098697662353515,Asientos,3.5,chronos,abordar
2025-12-09 12:00:00,metro_l1|El Ángel,metro_l1,El Ángel,145.92735290527344,107.111083984375,189.1636962890625,3.5,20571.428571428572,0.00709369076622857,Asientos,3.5,chronos,abordar
2025-12-09 13:00:00,metro_l1|El Ángel,metro_l1,El Ángel,153.74066162109375,111.84390258789062,198.5074005126953,3.5,20571.428571428572,0.007473504384358723,Asientos,3.5,chronos,abordar
2025-12-09 14:00:00,metro_l1|El Ángel,metro_l1,El Ángel,144.9510955810547,104.64695739746094,187.84878540039062,3.5,20571.428571428572,0.007046233812967936,Asientos,3.5,chronos,abordar
2025-12-09 15:00:00,metro_l1|El Ángel,metro_l1,El Ángel,144.31703186035156,105.45146942138672,187.26266479492188,3.5,20571.428571428572,0.007015411270989312,Asientos,3.5,chronos,abordar
2025-12-09 16:00:00,metro_l1|El Ángel,metro_l1,El Ángel,158.56015014648438,117.31867980957031,204.36813354492188,3.5,20571.428571428572,0.0077077850765652125,Asientos,3.5,chronos,abordar
2025-12-09 17:00:00,metro_l1|El Ángel,metro_l1,El Ángel,209.28372192382812,156.82638549804688,258.84326171875,3.5,20571.428571428572,0.01017351426018609,Asientos,3.5,chronos,abordar
2025-12-09 18:00:00,metro_l1|El Ángel,metro_l1,El Ángel,190.09420776367188,144.75726318359375,237.0272674560547,3.5,20571.428571428572,0.009240690655178494,Asientos,3.5,chronos,abordar
2025-12-09 19:00:00,metro_l1|El Ángel,metro_l1,El Ángel,142.27557373046875,107.81062316894531,182.67501831054688,3.5,20571.428571428572,0.006916173723008897,Asientos,3.5,chronos,abordar
2025-12-09 20:00:00,metro_l1|El Ángel,metro_l1,El Ángel,93.21907043457031,68.38722229003906,126.65031433105469,3.5,20571.428571428572,0.00453148259056939,Asientos,3.5,chronos,abordar
2025-12-09 21:00:00,metro_l1|El Ángel,metro_l1,El Ángel,49.14718246459961,32.126800537109375,75.3727035522461,3.5,20571.428571428572,0.002389099147584703,Asientos,3.5,chronos,abordar
2025-12-09 22:00:00,metro_l1|El Ángel,metro_l1,El Ángel,14.165428161621094,5.5312042236328125,31.487998962402344,3.5,20571.428571428572,0.0006885972023010253,Asientos,3.5,chronos,abordar
2025-12-09 23:00:00,metro_l1|El Ángel,metro_l1,El Ángel,0.0,0.0,6.270050048828125,3.5,20571.428571428572,0.0,Asientos,3.5,chronos,abordar
2025-12-09 00:00:00,metro_l1|Gamarra,metro_l1,Gamarra,0.0,0.0,0.0,3.5,20571.428571428572,0.0,Asientos,3.5,chronos,abordar
2025-12-09 01:00:00,metro_l1|Gamarra,metro_l1,Gamarra,0.0,0.0,0.0,3.5,20571.428571428572,0.0,Asientos,3.5,chronos,abordar
2025-12-09 02:00:00,metro_l1|Gamarra,metro_l1,Gamarra,0.0,0.0,14.713134765625,3.5,20571.428571428572,0.0,Asientos,3.5,chronos,abordar
2025-12-09 03:00:00,metro_l1|Gamarra,metro_l1,Gamarra,0.0,0.0,0.0,3.5,20571.428571428572,0.0,Asientos,3.5,chronos,abordar
2025-12-09 04:00:00,metro_l1|Gamarra,metro_l1,Gamarra,0.0,0.0,1.56689453125,3.5,20571.428571428572,0.0,Asientos,3.5,chronos,abordar
2025-12-09 05:00:00,metro_l1|Gamarra,metro_l1,Gamarra,51.603271484375,0.0,196.626220703125,3.5,20571.428571428572,0.0025084923638237847,Asientos,3.5,chronos,abordar
2025-12-09 06:00:00,metro_l1|Gamarra,metro_l1,Gamarra,411.27734375,209.7470703125,702.9031982421875,3.5,20571.428571428572,0.01999264865451389,Asientos,3.5,chronos,abordar
2025-12-09 07:00:00,metro_l1|Gamarra,metro_l1,Gamarra,705.5584716796875,409.748291015625,1095.4219970703125,3.5,20571.428571428572,0.03429798126220703,Asientos,3.5,chronos,abordar
2025-12-09 08:00:00,metro_l1|Gamarra,metro_l1,Gamarra,812.720947265625,515.5321044921875,1216.323486328125,3.5,20571.428571428572,0.03950726826985677,Asientos,3.5,chronos,abordar
2025-12-09 09:00:00,metro_l1|Gamarra,metro_l1,Gamarra,984.1893310546875,657.2447509765625,1375.030029296875,3.5,20571.428571428572,0.04784253692626953,Asientos,3.5,chronos,abordar
2025-12-09 10:00:00,metro_l1|Gamarra,metro_l1,Gamarra,1598.070068359375,1101.376220703125,2187.740966796875,3.5,20571.428571428572,0.0776839616563585,Asientos,3.5,chronos,abordar
2025-12-09 11:00:00,metro_l1|Gamarra,metro_l1,Gamarra,2952.073974609375,2168.446044921875,3768.862548828125,3.5,20571.428571428572,0.14350359598795573,De_pie,3.8500000000000005,chronos,abordar
2025-12-09 12:00:00,metro_l1|Gamarra,metro_l1,Gamarra,4467.73876953125,3344.07275390625,5489.4052734375,3.5,20571.428571428572,0.2171817457411024,De_pie,3.8500000000000005,chronos,abordar
2025-12-09 13:00:00,metro_l1|Gamarra,metro_l1,Gamarra,5092.2001953125,3778.92041015625,6364.63720703125,3.5,20571.428571428572,0.24753750949435763,De_pie,3.8500000000000005,chronos,abordar
2025-12-09 14:00:00,metro_l1|Gamarra,metro_l1,Gamarra,5238.541015625,3756.1181640625,6648.8408203125,3.5,20571.428571428572,0.2546512993706597,De_pie,3.8500000000000005,chronos,abordar
2025-12-09 15:00:00,metro_l1|Gamarra,metro_l1,Gamarra,5494.92919921875,3895.6484375,7009.4287109375,3.5,20571.428571428572,0.26711461385091145,De_pie,3.8500000000000005,chronos,abordar
2025-12-09 16:00:00,metro_l1|Gamarra,metro_l1,Gamarra,6089.462890625,4295.6376953125,7694.423828125,3.5,20571.428571428572,0.2960155571831597,De_pie,3.8500000000000005,chronos,abordar
2025-12-09 17:00:00,metro_l1|Gamarra,metro_l1,Gamarra,7453.857421875,5100.77734375,9169.46875,3.5,20571.428571428572,0.3623402913411458,De_pie,3.8500000000000005,chronos,abordar
2025-12-09 18:00:00,metro_l1|Gamarra,metro_l1,Gamarra,8668.2392578125,5738.0068359375,10521.068359375,3.5,20571.428571428572,0.42137274169921873,De_pie,3.8500000000000005,chronos,abordar
2025-12-09 19:00:00,metro_l1|Gamarra,metro_l1,Gamarra,9427.806640625,6177.57421875,11442.89453125,3.5,20571.428571428572,0.45829615614149305,De_pie,3.8500000000000005,chronos,abordar
2025-12-09 20:00:00,metro_l1|Gamarra,metro_l1,Gamarra,9064.7451171875,5807.26708984375,11156.9794921875,3.5,20571.428571428572,0.44064733208550344,De_pie,3.8500000000000005,chronos,abordar
2025-12-09 21:00:00,metro_l1|Gamarra,metro_l1,Gamarra,4687.8837890625,2675.317626953125,6409.30517578125,3.5,20571.428571428572,0.22788323974609373,De_pie,3.8500000000000005,chronos,abordar
2025-12-09 22:00:00,metro_l1|Gamarra,metro_l1,Gamarra,1073.629150390625,363.078857421875,2018.88671875,3.5,20571.428571428572,0.05219030592176649,Asientos,3.5,chronos,abordar
2025-12-09 23:00:00,metro_l1|Gamarra,metro_l1,Gamarra,97.686279296875,0.0,348.88623046875,3.5,20571.428571428572,0.004748638576931423,Asientos,3.5,chronos,abordar
2025-12-09 00:00:00,metro_l1|Jorge Chavez,metro_l1,Jorge Chavez,0.0,0.0,2.18768310546875,3.5,20571.428571428572,0.0,Asientos,3.5,chronos,abordar
2025-12-09 01:00:00,metro_l1|Jorge Chavez,metro_l1,Jorge Chavez,0.0,0.0,7.86077880859375,3.5,20571.428571428572,0.0,Asientos,3.5,chronos,abordar
2025-12-09 02:00:00,metro_l1|Jorge Chavez,metro_l1,Jorge Chavez,0.0,0.0,5.5986328125,3.5,20571.428571428572,0.0,Asientos,3.5,chronos,abordar
2025-12-09 03:00:00,metro_l1|Jorge Chavez,metro_l1,Jorge Chavez,0.0,0.0,21.904296875,3.5,20571.428571428572,0.0,Asientos,3.5,chronos,abordar
2025-12-09 04:00:00,metro_l1|Jorge Chavez,metro_l1,Jorge Chavez,10.0772705078125,0.0,63.349395751953125,3.5,20571.428571428572,0.0004898673163519965,Asientos,3.5,chronos,abordar
2025-12-09 05:00:00,metro_l1|Jorge Chavez,metro_l1,Jorge Chavez,78.412841796875,18.18365478515625,158.27618408203125,3.5,20571.428571428572,0.003811735365125868,Asientos,3.5,chronos,abordar
2025-12-09 06:00:00,metro_l1|Jorge Chavez,metro_l1,Jorge Chavez,476.3277893066406,343.786865234375,597.3063354492188,3.5,20571.428571428572,0.02315482309129503,Asientos,3.5,chronos,abordar
2025-12-09 07:00:00,metro_l1|Jorge Chavez,metro_l1,Jorge Chavez,1037.63623046875,777.040771484375,1210.994140625,3.5,20571.428571428572,0.0504406500922309,Asientos,3.5,chronos,abordar
2025-12-09 08:00:00,metro_l1|Jorge Chavez,metro_l1,Jorge Chavez,886.7809448242188,682.0846557617188,1033.84228515625,3.5,20571.428571428572,0.04310740704006619,Asientos,3.5,chronos,abordar
2025-12-09 09:00:00,metro_l1|Jorge Chavez,metro_l1,Jorge Chavez,737.7767333984375,552.5401611328125,873.321044921875,3.5,20571.428571428572,0.03586414676242404,Asientos,3.5,chronos,abordar
2025-12-09 10:00:00,metro_l1|Jorge Chavez,metro_l1,Jorge Chavez,662.3555297851562,501.4510498046875,804.6370849609375,3.5,20571.428571428572,0.03219783825344509,Asientos,3.5,chronos,abordar
2025-12-09 11:00:00,metro_l1|Jorge Chavez,metro_l1,Jorge Chavez,591.4784545898438,462.66571044921875,730.1715698242188,3.5,20571.428571428572,0.02875242487589518,Asientos,3.5,chronos,abordar
2025-12-09 12:00:00,metro_l1|Jorge Chavez,metro_l1,Jorge Chavez,566.45849609375,447.57147216796875,700.7657470703125,3.5,20571.428571428572,0.02753617689344618,Asientos,3.5,chronos,abordar
2025-12-09 13:00:00,metro_l1|Jorge Chavez,metro_l1,Jorge Chavez,549.2874145507812,427.52984619140625,684.0194091796875,3.5,20571.428571428572,0.026701471540662977,Asientos,3.5,chronos,abordar
2025-12-09 14:00:00,metro_l1|Jorge Chavez,metro_l1,Jorge Chavez,537.9854736328125,412.2914733886719,672.43701171875,3.5,20571.428571428572,0.026152071634928383,Asientos,3.5,chronos,abordar
2025-12-09 15:00:00,metro_l1|Jorge Chavez,metro_l1,Jorge Chavez,566.9928588867188,440.14300537109375,699.3338012695312,3.5,20571.428571428572,0.027562152862548827,Asientos,3.5,chronos,abordar
2025-12-09 16:00:00,metro_l1|Jorge Chavez,metro_l1,Jorge Chavez,679.4181518554688,524.7601928710938,828.8811645507812,3.5,20571.428571428572,0.03302727127075195,Asientos,3.5,chronos,abordar
2025-12-09 17:00:00,metro_l1|Jorge Chavez,metro_l1,Jorge Chavez,959.23974609375,734.4114379882812,1128.7376708984375,3.5,20571.428571428572,0.046629709879557286,Asientos,3.5,chronos,abordar
2025-12-09 18:00:00,metro_l1|Jorge Chavez,metro_l1,Jorge Chavez,1047.28076171875,812.3381958007812,1217.929931640625,3.5,20571.428571428572,0.05090948147243923,Asientos,3.5,chronos,abordar
2025-12-09 19:00:00,metro_l1|Jorge Chavez,metro_l1,Jorge Chavez,885.1480102539062,678.4991455078125,1044.084716796875,3.5,20571.428571428572,0.043028028276231554,Asientos,3.5,chronos,abordar
2025-12-09 20:00:00,metro_l1|Jorge Chavez,metro_l1,Jorge Chavez,595.7700805664062,437.6400146484375,735.6032104492188,3.5,20571.428571428572,0.028961045583089193,Asientos,3.5,chronos,abordar
2025-12-09 21:00:00,metro_l1|Jorge Chavez,metro_l1,Jorge Chavez,391.851806640625,269.64276123046875,511.7674560546875,3.5,20571.428571428572,0.019048351711697047,Asientos,3.5,chronos,abordar
2025-12-09 22:00:00,metro_l1|Jorge Chavez,metro_l1,Jorge Chavez,133.45034790039062,69.56842041015625,222.10523986816406,3.5,20571.428571428572,0.0064871696896023215,Asientos,3.5,chronos,abordar
2025-12-09 23:00:00,metro_l1|Jorge Chavez,metro_l1,Jorge Chavez,6.020263671875,0.0,49.180633544921875,3.5,20571.428571428572,0.0002926517062717014,Asientos,3.5,chronos,abordar
2025-12-09 00:00:00,metro_l1|La Cultura,metro_l1,La Cultura,0.0,0.0,0.0,3.5,20571.428571428572,0.0,Asientos,3.5,chronos,abordar
2025-12-09 01:00:00,metro_l1|La Cultura,metro_l1,La Cultura,0.0,0.0,0.0,3.5,20571.428571428572,0.0,Asientos,3.5,chronos,abordar
2025-12-09 02:00:00,metro_l1|La Cultura,metro_l1,La Cultura,0.0,0.0,0.0,3.5,20571.428571428572,0.0,Asientos,3.5,chronos,abordar
2025-12-09 03:00:00,metro_l1|La Cultura,metro_l1,La Cultura,0.0,0.0,0.052734375,3.5,20571.428571428572,0.0,Asientos,3.5,chronos,abordar
2025-12-09 04:00:00,metro_l1|La Cultura,metro_l1,La Cultura,0.0,0.0,0.0,3.5,20571.428571428572,0.0,Asientos,3.5,chronos,abordar
2025-12-09 05:00:00,metro_l1|La Cultura,metro_l1,La Cultura,117.54931640625,34.320068359375,258.2337646484375,3.5,20571.428571428572,0.005714202880859375,Asientos,3.5,chronos,abordar
2025-12-09 06:00:00,metro_l1|La Cultura,metro_l1,La Cultura,973.5975341796875,679.782470703125,1284.701416015625,3.5,20571.428571428572,0.04732765791151258,Asientos,3.5,chronos,abordar
2025-12-09 07:00:00,metro_l1|La Cultura,metro_l1,La Cultura,1588.434326171875,1180.38916015625,1995.02099609375,3.5,20571.428571428572,0.07721555752224392,Asientos,3.5,chronos,abordar
2025-12-09 08:00:00,metro_l1|La Cultura,metro_l1,La Cultura,1459.884521484375,1086.3272705078125,1766.7813720703125,3.5,20571.428571428572,0.07096660868326822,Asientos,3.5,chronos,abordar
2025-12-09 09:00:00,metro_l1|La Cultura,metro_l1,La Cultura,1369.403076171875,1022.0428466796875,1625.7823486328125,3.5,20571.428571428572,0.06656820509168837,Asientos,3.5,chronos,abordar
2025-12-09 10:00:00,metro_l1|La Cultura,metro_l1,La Cultura,1512.640625,1135.5018310546875,1858.5157470703125,3.5,20571.428571428572,0.07353114149305555,Asientos,3.5,chronos,abordar
2025-12-09 11:00:00,metro_l1|La Cultura,metro_l1,La Cultura,1685.2117919921875,1306.2857666015625,2076.335693359375,3.5,20571.428571428572,0.08192001766628688,Asientos,3.5,chronos,abordar
2025-12-09 12:00:00,metro_l1|La Cultura,metro_l1,La Cultura,1973.183349609375,1576.866943359375,2427.7412109375,3.5,20571.428571428572,0.09591863505045573,Asientos,3.5,chronos,abordar
2025-12-09 13:00:00,metro_l1|La Cultura,metro_l1,La Cultura,2284.706298828125,1802.371337890625,2909.46533203125,3.5,20571.428571428572,0.1110621117485894,Asientos,3.5,chronos,abordar
2025-12-09 14:00:00,metro_l1|La Cultura,metro_l1,La Cultura,2354.152587890625,1748.9876708984375,3081.05615234375,3.5,20571.428571428572,0.11443797302246093,Asientos,3.5,chronos,abordar
2025-12-09 15:00:00,metro_l1|La Cultura,metro_l1,La Cultura,2720.345458984375,1921.147705078125,3574.4365234375,3.5,20571.428571428572,0.132239015367296,De_pie,3.8500000000000005,chronos,abordar
2025-12-09 16:00:00,metro_l1|La Cultura,metro_l1,La Cultura,3913.836181640625,2667.271240234375,5027.044921875,3.5,20571.428571428572,0.19025592549641926,De_pie,3.8500000000000005,chronos,abordar
2025-12-09 17:00:00,metro_l1|La Cultura,metro_l1,La Cultura,6665.00439453125,4567.970703125,7942.50390625,3.5,20571.428571428572,0.32399326917860244,De_pie,3.8500000000000005,chronos,abordar
2025-12-09 18:00:00,metro_l1|La Cultura,metro_l1,La Cultura,7829.73486328125,5351.28857421875,9089.8515625,3.5,20571.428571428572,0.3806121114095052,De_pie,3.8500000000000005,chronos,abordar
2025-12-09 19:00:00,metro_l1|La Cultura,metro_l1,La Cultura,7330.94482421875,4984.162109375,8422.80078125,3.5,20571.428571428572,0.35636537339952257,De_pie,3.8500000000000005,chronos,abordar
2025-12-09 20:00:00,metro_l1|La Cultura,metro_l1,La Cultura,6041.6142578125,4102.7861328125,6937.3955078125,3.5,20571.428571428572,0.2936895819769965,De_pie,3.8500000000000005,chronos,abordar
2025-12-09 21:00:00,metro_l1|La Cultura,metro_l1,La Cultura,4186.359375,2804.21240234375,4938.9052734375,3.5,20571.428571428572,0.20350358072916666,De_pie,3.8500000000000005,chronos,abordar
2025-12-09 22:00:00,metro_l1|La Cultura,metro_l1,La Cultura,1533.901611328125,825.120361328125,2054.944091796875,3.5,20571.428571428572,0.07456466166178385,Asientos,3.5,chronos,abordar
2025-12-09 23:00:00,metro_l1|La Cultura,metro_l1,La Cultura,43.4677734375,0.0,203.04833984375,3.5,20571.428571428572,0.0021130167643229167,Asientos,3.5,chronos,abordar
2025-12-09 00:00:00,metro_l1|Los Jardines,metro_l1,Los Jardines,0.0,0.0,26.4180908203125,3.5,20571.428571428572,0.0,Asientos,3.5,chronos,abordar
2025-12-09 01:00:00,metro_l1|Los Jardines,metro_l1,Los Jardines,0.0,0.0,28.62060546875,3.5,20571.428571428572,0.0,Asientos,3.5,chronos,abordar
2025-12-09 02:00:00,metro_l1|Los Jardines,metro_l1,Los Jardines,0.0,0.0,43.794189453125,3.5,20571.428571428572,0.0,Asientos,3.5,chronos,abordar
2025-12-09 03:00:00,metro_l1|Los Jardines,metro_l1,Los Jardines,0.0,0.0,69.24603271484375,3.5,20571.428571428572,0.0,Asientos,3.5,chronos,abordar
2025-12-09 04:00:00,metro_l1|Los Jardines,metro_l1,Los Jardines,5.88775634765625,0.0,112.97174072265625,3.5,20571.428571428572,0.0002862103780110677,Asientos,3.5,chronos,abordar
2025-12-09 05:00:00,metro_l1|Los Jardines,metro_l1,Los Jardines,586.58837890625,386.3132629394531,761.4236450195312,3.5,20571.428571428572,0.028514712863498264,Asientos,3.5,chronos,abordar
2025-12-09 06:00:00,metro_l1|Los Jardines,metro_l1,Los Jardines,1334.9761962890625,992.8102416992188,1551.2593994140625,3.5,20571.428571428572,0.0648946762084961,Asientos,3.5,chronos,abordar
2025-12-09 07:00:00,metro_l1|Los Jardines,metro_l1,Los Jardines,1399.060791015625,1096.947998046875,1575.42236328125,3.5,20571.428571428572,0.06800989956325955,Asientos,3.5,chronos,abordar
2025-12-09 08:00:00,metro_l1|Los Jardines,metro_l1,Los Jardines,1453.59619140625,1161.398193359375,1625.5745849609375,3.5,20571.428571428572,0.07066092597113714,Asientos,3.5,chronos,abordar
2025-12-09 09:00:00,metro_l1|Los Jardines,metro_l1,Los Jardines,1622.1236572265625,1295.416015625,1831.699951171875,3.5,20571.428571428572,0.07885323333740234,Asientos,3.5,chronos,abordar
2025-12-09 10:00:00,metro_l1|Los Jardines,metro_l1,Los Jardines,1179.941650390625,933.202880859375,1387.451416015625,3.5,20571.428571428572,0.05735827467176649,Asientos,3.5,chronos,abordar
2025-12-09 11:00:00,metro_l1|Los Jardines,metro_l1,Los Jardines,1001.0892944335938,804.096923828125,1186.36474609375,3.5,20571.428571428572,0.04866406292385525,Asientos,3.5,chronos,abordar
2025-12-09 12:00:00,metro_l1|Los Jardines,metro_l1,Los Jardines,898.5992431640625,740.73193359375,1068.3160400390625,3.5,20571.428571428572,0.04368190765380859,Asientos,3.5,chronos,abordar
2025-12-09 13:00:00,metro_l1|Los Jardines,metro_l1,Los Jardines,886.2544555664062,745.644287109375,1041.976806640625,3.5,20571.428571428572,0.043081813812255856,Asientos,3.5,chronos,abordar
2025-12-09 14:00:00,metro_l1|Los Jardines,metro_l1,Los Jardines,879.59423828125,743.1182861328125,1024.6539306640625,3.5,20571.428571428572,0.04275805324978298,Asientos,3.5,chronos,abordar
2025-12-09 15:00:00,metro_l1|Los Jardines,metro_l1,Los Jardines,856.656005859375,721.6350708007812,1003.2667236328125,3.5,20571.428571428572,0.04164300028483073,Asientos,3.5,chronos,abordar
2025-12-09 16:00:00,metro_l1|Los Jardines,metro_l1,Los Jardines,814.4686889648438,671.9683227539062,948.4166259765625,3.5,20571.428571428572,0.039592227935791015,Asientos,3.5,chronos,abordar
2025-12-09 17:00:00,metro_l1|Los Jardines,metro_l1,Los Jardines,923.9619140625,776.8328857421875,1067.357666015625,3.5,20571.428571428572,0.04491481526692708,Asientos,3.5,chronos,abordar
2025-12-09 18:00:00,metro_l1|Los Jardines,metro_l1,Los Jardines,936.0355224609375,781.123291015625,1089.3890380859375,3.5,20571.428571428572,0.04550172678629557,Asientos,3.5,chronos,abordar
2025-12-09 19:00:00,metro_l1|Los Jardines,metro_l1,Los Jardines,799.2651977539062,668.994384765625,934.72509765625,3.5,20571.428571428572,0.03885316933525933,Asientos,3.5,chronos,abordar
2025-12-09 20:00:00,metro_l1|Los Jardines,metro_l1,Los Jardines,610.9921875,515.7906494140625,727.7330322265625,3.5,20571.428571428572,0.029701009114583333,Asientos,3.5,chronos,abordar
2025-12-09 21:00:00,metro_l1|Los Jardines,metro_l1,Los Jardines,507.38885498046875,406.3547058105469,627.3689575195312,3.5,20571.428571428572,0.024664736005995006,Asientos,3.5,chronos,abordar
2025-12-09 22:00:00,metro_l1|Los Jardines,metro_l1,Los Jardines,85.017333984375,25.80792236328125,167.74749755859375,3.5,20571.428571428572,0.004132787068684896,Asientos,3.5,chronos,abordar
2025-12-09 23:00:00,metro_l1|Los Jardines,metro_l1,Los Jardines,1.48779296875,0.0,50.60479736328125,3.5,20571.428571428572,7.23232693142361e-05,Asientos,3.5,chronos,abordar
2025-12-09 00:00:00,metro_l1|Los Postes,metro_l1,Los Postes,0.0,0.0,18.585357666015625,3.5,20571.428571428572,0.0,Asientos,3.5,chronos,abordar
2025-12-09 01:00:00,metro_l1|Los Postes,metro_l1,Los Postes,0.0,0.0,22.228759765625,3.5,20571.428571428572,0.0,Asientos,3.5,chronos,abordar
2025-12-09 02:00:00,metro_l1|Los Postes,metro_l1,Los Postes,0.0,0.0,34.704254150390625,3.5,20571.428571428572,0.0,Asientos,3.5,chronos,abordar
2025-12-09 03:00:00,metro_l1|Los Postes,metro_l1,Los Postes,0.0,0.0,59.560516357421875,3.5,20571.428571428572,0.0,Asientos,3.5,chronos,abordar
2025-12-09 04:00:00,metro_l1|Los Postes,metro_l1,Los Postes,9.212554931640625,0.0,113.76083374023438,3.5,20571.428571428572,0.000447832531399197,Asientos,3.5,chronos,abordar
2025-12-09 05:00:00,metro_l1|Los Postes,metro_l1,Los Postes,580.3106079101562,354.0893249511719,756.6435546875,3.5,20571.428571428572,0.028209543440077037,Asientos,3.5,chronos,abordar
2025-12-09 06:00:00,metro_l1|Los Postes,metro_l1,Los Postes,1357.34375,952.0435791015625,1584.08935546875,3.5,20571.428571428572,0.06598198784722221,Asientos,3.5,chronos,abordar
2025-12-09 07:00:00,metro_l1|Los Postes,metro_l1,Los Postes,1459.12451171875,1070.4794921875,1644.322998046875,3.5,20571.428571428572,0.0709296637641059,Asientos,3.5,chronos,abordar
2025-12-09 08:00:00,metro_l1|Los Postes,metro_l1,Los Postes,1480.1533203125,1111.767578125,1646.628662109375,3.5,20571.428571428572,0.07195189751519097,Asientos,3.5,chronos,abordar
2025-12-09 09:00:00,metro_l1|Los Postes,metro_l1,Los Postes,1431.2122802734375,1086.405029296875,1613.777099609375,3.5,20571.428571428572,0.06957281917995876,Asientos,3.5,chronos,abordar
2025-12-09 10:00:00,metro_l1|Los Postes,metro_l1,Los Postes,998.0458984375,746.2736206054688,1177.708251953125,3.5,20571.428571428572,0.04851612006293402,Asientos,3.5,chronos,abordar
2025-12-09 11:00:00,metro_l1|Los Postes,metro_l1,Los Postes,798.5679321289062,615.845947265625,959.6359252929688,3.5,20571.428571428572,0.0388192744784885,Asientos,3.5,chronos,abordar
2025-12-09 12:00:00,metro_l1|Los Postes,metro_l1,Los Postes,682.835205078125,552.515625,822.6758422851562,3.5,20571.428571428572,0.03319337802463108,Asientos,3.5,chronos,abordar
2025-12-09 13:00:00,metro_l1|Los Postes,metro_l1,Los Postes,655.6945190429688,548.5482788085938,776.084716796875,3.5,20571.428571428572,0.03187403912014431,Asientos,3.5,chronos,abordar
2025-12-09 14:00:00,metro_l1|Los Postes,metro_l1,Los Postes,636.1456909179688,537.0997314453125,737.4091186523438,3.5,20571.428571428572,0.030923748864067922,Asientos,3.5,chronos,abordar
2025-12-09 15:00:00,metro_l1|Los Postes,metro_l1,Los Postes,609.2862548828125,513.1336059570312,703.5073852539062,3.5,20571.428571428572,0.029618081834581162,Asientos,3.5,chronos,abordar
2025-12-09 16:00:00,metro_l1|Los Postes,metro_l1,Los Postes,619.083740234375,502.92779541015625,700.580322265625,3.5,20571.428571428572,0.03009434848361545,Asientos,3.5,chronos,abordar
2025-12-09 17:00:00,metro_l1|Los Postes,metro_l1,Los Postes,651.3281860351562,536.2445068359375,739.109130859375,3.5,20571.428571428572,0.03166178682115343,Asientos,3.5,chronos,abordar
2025-12-09 18:00:00,metro_l1|Los Postes,metro_l1,Los Postes,572.82275390625,472.7800598144531,655.152099609375,3.5,20571.428571428572,0.027845550537109375,Asientos,3.5,chronos,abordar
2025-12-09 19:00:00,metro_l1|Los Postes,metro_l1,Los Postes,414.5789794921875,341.95135498046875,490.69451904296875,3.5,20571.428571428572,0.02015314483642578,Asientos,3.5,chronos,abordar
2025-12-09 20:00:00,metro_l1|Los Postes,metro_l1,Los Postes,279.22076416015625,222.44522094726562,356.3718566894531,3.5,20571.428571428572,0.013573231591118706,Asientos,3.5,chronos,abordar
2025-12-09 21:00:00,metro_l1|Los Postes,metro_l1,Los Postes,198.57229614257812,150.23272705078125,272.89556884765625,3.5,20571.428571428572,0.009652819951375326,Asientos,3.5,chronos,abordar
2025-12-09 22:00:00,metro_l1|Los Postes,metro_l1,Los Postes,26.954681396484375,0.0,71.42254638671875,3.5,20571.428571428572,0.0013102970123291015,Asientos,3.5,chronos,abordar
2025-12-09 23:00:00,metro_l1|Los Postes,metro_l1,Los Postes,0.0,0.0,29.0504150390625,3.5,20571.428571428572,0.0,Asientos,3.5,chronos,abordar
2025-12-09 00:00:00,metro_l1|Maria Auxiliadora,metro_l1,Maria Auxiliadora,0.0,0.0,23.12530517578125,3.5,20571.428571428572,0.0,Asientos,3.5,chronos,abordar
2025-12-09 01:00:00,metro_l1|Maria Auxiliadora,metro_l1,Maria Auxiliadora,0.0,0.0,42.190673828125,3.5,20571.428571428572,0.0,Asientos,3.5,chronos,abordar
2025-12-09 02:00:00,metro_l1|Maria Auxiliadora,metro_l1,Maria Auxiliadora,0.0,0.0,49.626220703125,3.5,20571.428571428572,0.0,Asientos,3.5,chronos,abordar
2025-12-09 03:00:00,metro_l1|Maria Auxiliadora,metro_l1,Maria Auxiliadora,0.0,0.0,81.45330810546875,3.5,20571.428571428572,0.0,Asientos,3.5,chronos,abordar
2025-12-09 04:00:00,metro_l1|Maria Auxiliadora,metro_l1,Maria Auxiliadora,22.1744384765625,0.0,169.2435302734375,3.5,20571.428571428572,0.001077924092610677,Asientos,3.5,chronos,abordar
2025-12-09 05:00:00,metro_l1|Maria Auxiliadora,metro_l1,Maria Auxiliadora,770.2664794921875,448.0805969238281,1037.6240234375,3.5,20571.428571428572,0.03744350941975911,Asientos,3.5,chronos,abordar
2025-12-09 06:00:00,metro_l1|Maria Auxiliadora,metro_l1,Maria Auxiliadora,1968.9796142578125,1371.7567138671875,2332.017578125,3.5,20571.428571428572,0.09571428680419922,Asientos,3.5,chronos,abordar
2025-12-09 07:00:00,metro_l1|Maria Auxiliadora,metro_l1,Maria Auxiliadora,2615.544189453125,1863.5147705078125,3003.50146484375,3.5,20571.428571428572,0.1271445092095269,De_pie,3.8500000000000005,chronos,abordar
2025-12-09 08:00:00,metro_l1|Maria Auxiliadora,metro_l1,Maria Auxiliadora,2418.24072265625,1756.8404541015625,2758.6708984375,3.5,20571.428571428572,0.11755336846245659,Asientos,3.5,chronos,abordar
2025-12-09 09:00:00,metro_l1|Maria Auxiliadora,metro_l1,Maria Auxiliadora,1862.974609375,1359.721435546875,2154.70947265625,3.5,20571.428571428572,0.09056126573350694,Asientos,3.5,chronos,abordar
2025-12-09 10:00:00,metro_l1|Maria Auxiliadora,metro_l1,Maria Auxiliadora,1308.728271484375,968.08447265625,1560.219970703125,3.5,20571.428571428572,0.06361873541937933,Asientos,3.5,chronos,abordar
2025-12-09 11:00:00,metro_l1|Maria Auxiliadora,metro_l1,Maria Auxiliadora,1076.3372802734375,824.8352661132812,1308.6513671875,3.5,20571.428571428572,0.05232195112440321,Asientos,3.5,chronos,abordar
2025-12-09 12:00:00,metro_l1|Maria Auxiliadora,metro_l1,Maria Auxiliadora,1005.0494384765625,796.9703369140625,1223.4697265625,3.5,20571.428571428572,0.048856569925944004,Asientos,3.5,chronos,abordar
2025-12-09 13:00:00,metro_l1|Maria Auxiliadora,metro_l1,Maria Auxiliadora,978.615478515625,791.1522216796875,1174.579345703125,3.5,20571.428571428572,0.04757158576117621,Asientos,3.5,chronos,abordar
2025-12-09 14:00:00,metro_l1|Maria Auxiliadora,metro_l1,Maria Auxiliadora,878.5802612304688,723.3880615234375,1029.37353515625,3.5,20571.428571428572,0.04270876269870334,Asientos,3.5,chronos,abordar
2025-12-09 15:00:00,metro_l1|Maria Auxiliadora,metro_l1,Maria Auxiliadora,792.9625854492188,656.4308471679688,922.6295166015625,3.5,20571.428571428572,0.03854679234822591,Asientos,3.5,chronos,abordar
2025-12-09 16:00:00,metro_l1|Maria Auxiliadora,metro_l1,Maria Auxiliadora,795.0431518554688,642.393310546875,903.1891479492188,3.5,20571.428571428572,0.03864793099297417,Asientos,3.5,chronos,abordar
2025-12-09 17:00:00,metro_l1|Maria Auxiliadora,metro_l1,Maria Auxiliadora,879.846435546875,706.5794067382812,1004.3974609375,3.5,20571.428571428572,0.042770312839084196,Asientos,3.5,chronos,abordar
2025-12-09 18:00:00,metro_l1|Maria Auxiliadora,metro_l1,Maria Auxiliadora,816.1946411132812,659.9229736328125,944.3776245117188,3.5,20571.428571428572,0.03967612838745117,Asientos,3.5,chronos,abordar
2025-12-09 19:00:00,metro_l1|Maria Auxiliadora,metro_l1,Maria Auxiliadora,617.0343017578125,483.2193603515625,750.4165649414062,3.5,20571.428571428572,0.029994723002115885,Asientos,3.5,chronos,abordar
2025-12-09 20:00:00,metro_l1|Maria Auxiliadora,metro_l1,Maria Auxiliadora,390.5666809082031,287.9945068359375,521.9769287109375,3.5,20571.428571428572,0.01898588032192654,Asientos,3.5,chronos,abordar
2025-12-09 21:00:00,metro_l1|Maria Auxiliadora,metro_l1,Maria Auxiliadora,193.38751220703125,118.105712890625,295.8385009765625,3.5,20571.428571428572,0.009400781843397352,Asientos,3.5,chronos,abordar
2025-12-09 22:00:00,metro_l1|Maria Auxiliadora,metro_l1,Maria Auxiliadora,53.026123046875,0.0,126.75872802734375,3.5,20571.428571428572,0.0025776587592230902,Asientos,3.5,chronos,abordar
2025-12-09 23:00:00,metro_l1|Maria Auxiliadora,metro_l1,Maria Auxiliadora,0.0,0.0,63.06787109375,3.5,20571.428571428572,0.0,Asientos,3.5,chronos,abordar
2025-12-09 00:00:00,metro_l1|Miguel Grau,metro_l1,Miguel Grau,0.0,0.0,13.3427734375,3.5,20571.428571428572,0.0,Asientos,3.5,chronos,abordar
2025-12-09 01:00:00,metro_l1|Miguel Grau,metro_l1,Miguel Grau,0.0,0.0,32.368896484375,3.5,20571.428571428572,0.0,Asientos,3.5,chronos,abordar
2025-12-09 02:00:00,metro_l1|Miguel Grau,metro_l1,Miguel Grau,0.0,0.0,38.42236328125,3.5,20571.428571428572,0.0,Asientos,3.5,chronos,abordar
2025-12-09 03:00:00,metro_l1|Miguel Grau,metro_l1,Miguel Grau,0.0,0.0,26.0859375,3.5,20571.428571428572,0.0,Asientos,3.5,chronos,abordar
2025-12-09 04:00:00,metro_l1|Miguel Grau,metro_l1,Miguel Grau,13.982421875,0.0,129.2061767578125,3.5,20571.428571428572,0.0006797010633680555,Asientos,3.5,chronos,abordar
2025-12-09 05:00:00,metro_l1|Miguel Grau,metro_l1,Miguel Grau,190.615234375,56.02978515625,389.5350341796875,3.5,20571.428571428572,0.00926601833767361,Asientos,3.5,chronos,abordar
2025-12-09 06:00:00,metro_l1|Miguel Grau,metro_l1,Miguel Grau,1152.2947998046875,850.031982421875,1429.8587646484375,3.5,20571.428571428572,0.0560143305460612,Asientos,3.5,chronos,abordar
2025-12-09 07:00:00,metro_l1|Miguel Grau,metro_l1,Miguel Grau,1741.610595703125,1373.491943359375,2044.52197265625,3.5,20571.428571428572,0.08466162618001302,Asientos,3.5,chronos,abordar
2025-12-09 08:00:00,metro_l1|Miguel Grau,metro_l1,Miguel Grau,1592.5205078125,1269.3096923828125,1857.553955078125,3.5,20571.428571428572,0.07741419135199652,Asientos,3.5,chronos,abordar
2025-12-09 09:00:00,metro_l1|Miguel Grau,metro_l1,Miguel Grau,1289.0947265625,1039.0206298828125,1498.7589111328125,3.5,20571.428571428572,0.06266432698567707,Asientos,3.5,chronos,abordar
2025-12-09 10:00:00,metro_l1|Miguel Grau,metro_l1,Miguel Grau,1194.993408203125,980.4141845703125,1406.744873046875,3.5,20571.428571428572,0.05808995734320746,Asientos,3.5,chronos,abordar
2025-12-09 11:00:00,metro_l1|Miguel Grau,metro_l1,Miguel Grau,1426.5323486328125,1199.7158203125,1685.4505615234375,3.5,20571.428571428572,0.06934532250298393,Asientos,3.5,chronos,abordar
2025-12-09 12:00:00,metro_l1|Miguel Grau,metro_l1,Miguel Grau,1693.3126220703125,1417.7589111328125,1997.912353515625,3.5,20571.428571428572,0.08231380801730685,Asientos,3.5,chronos,abordar
2025-12-09 13:00:00,metro_l1|Miguel Grau,metro_l1,Miguel Grau,2001.718994140625,1647.604736328125,2390.2197265625,3.5,20571.428571428572,0.09730578443739149,Asientos,3.5,chronos,abordar
2025-12-09 14:00:00,metro_l1|Miguel Grau,metro_l1,Miguel Grau,2118.7705078125,1699.7607421875,2569.07666015625,3.5,20571.428571428572,0.10299578857421875,Asientos,3.5,chronos,abordar
2025-12-09 15:00:00,metro_l1|Miguel Grau,metro_l1,Miguel Grau,2154.774658203125,1719.2425537109375,2616.370849609375,3.5,20571.428571428572,0.10474599032931857,Asientos,3.5,chronos,abordar
2025-12-09 16:00:00,metro_l1|Miguel Grau,metro_l1,Miguel Grau,2335.454345703125,1833.3389892578125,2827.458740234375,3.5,20571.428571428572,0.1135290306939019,Asientos,3.5,chronos,abordar
2025-12-09 17:00:00,metro_l1|Miguel Grau,metro_l1,Miguel Grau,3227.803955078125,2454.050048828125,3746.41650390625,3.5,20571.428571428572,0.15690713670518663,De_pie,3.8500000000000005,chronos,abordar
2025-12-09 18:00:00,metro_l1|Miguel Grau,metro_l1,Miguel Grau,3733.115234375,2819.5537109375,4221.708984375,3.5,20571.428571428572,0.1814708794487847,De_pie,3.8500000000000005,chronos,abordar
2025-12-09 19:00:00,metro_l1|Miguel Grau,metro_l1,Miguel Grau,3661.64501953125,2786.93310546875,4087.69775390625,3.5,20571.428571428572,0.1779966328938802,De_pie,3.8500000000000005,chronos,abordar
2025-12-09 20:00:00,metro_l1|Miguel Grau,metro_l1,Miguel Grau,3360.22802734375,2551.56396484375,3791.71044921875,3.5,20571.428571428572,0.16334441799587673,De_pie,3.8500000000000005,chronos,abordar
2025-12-09 21:00:00,metro_l1|Miguel Grau,metro_l1,Miguel Grau,2442.42578125,1736.89697265625,2891.1220703125,3.5,20571.428571428572,0.1187290310329861,Asientos,3.5,chronos,abordar
2025-12-09 22:00:00,metro_l1|Miguel Grau,metro_l1,Miguel Grau,523.0479125976562,212.274658203125,841.9091186523438,3.5,20571.428571428572,0.0254259401957194,Asientos,3.5,chronos,abordar
2025-12-09 23:00:00,metro_l1|Miguel Grau,metro_l1,Miguel Grau,30.7655029296875,0.0,140.037109375,3.5,20571.428571428572,0.0014955452813042534,Asientos,3.5,chronos,abordar
2025-12-09 00:00:00,metro_l1|Nicolas Arriola,metro_l1,Nicolas Arriola,0.0,0.0,0.0,3.5,20571.428571428572,0.0,Asientos,3.5,chronos,abordar
2025-12-09 01:00:00,metro_l1|Nicolas Arriola,metro_l1,Nicolas Arriola,0.0,0.0,0.0,3.5,20571.428571428572,0.0,Asientos,3.5,chronos,abordar
2025-12-09 02:00:00,metro_l1|Nicolas Arriola,metro_l1,Nicolas Arriola,0.0,0.0,0.0,3.5,20571.428571428572,0.0,Asientos,3.5,chronos,abordar
2025-12-09 03:00:00,metro_l1|Nicolas Arriola,metro_l1,Nicolas Arriola,0.0,0.0,0.0,3.5,20571.428571428572,0.0,Asientos,3.5,chronos,abordar
2025-12-09 04:00:00,metro_l1|Nicolas Arriola,metro_l1,Nicolas Arriola,0.0,0.0,13.2923583984375,3.5,20571.428571428572,0.0,Asientos,3.5,chronos,abordar
2025-12-09 05:00:00,metro_l1|Nicolas Arriola,metro_l1,Nicolas Arriola,65.51629638671875,30.51904296875,146.36053466796875,3.5,20571.428571428572,0.0031848199632432722,Asientos,3.5,chronos,abordar
2025-12-09 06:00:00,metro_l1|Nicolas Arriola,metro_l1,Nicolas Arriola,593.7780151367188,434.990478515625,764.2307739257812,3.5,20571.428571428572,0.02886420906914605,Asientos,3.5,chronos,abordar
2025-12-09 07:00:00,metro_l1|Nicolas Arriola,metro_l1,Nicolas Arriola,980.4393920898438,742.8930053710938,1203.23291015625,3.5,20571.428571428572,0.047660248226589624,Asientos,3.5,chronos,abordar
2025-12-09 08:00:00,metro_l1|Nicolas Arriola,metro_l1,Nicolas Arriola,831.6414794921875,623.76318359375,997.0218505859375,3.5,20571.428571428572,0.04042701636420356,Asientos,3.5,chronos,abordar
2025-12-09 09:00:00,metro_l1|Nicolas Arriola,metro_l1,Nicolas Arriola,623.5853881835938,450.5628356933594,737.4241333007812,3.5,20571.428571428572,0.030313178592258027,Asientos,3.5,chronos,abordar
2025-12-09 10:00:00,metro_l1|Nicolas Arriola,metro_l1,Nicolas Arriola,559.9390258789062,396.405517578125,707.844482421875,3.5,20571.428571428572,0.02721925820244683,Asientos,3.5,chronos,abordar
2025-12-09 11:00:00,metro_l1|Nicolas Arriola,metro_l1,Nicolas Arriola,585.3106079101562,443.56488037109375,748.8710327148438,3.5,20571.428571428572,0.028452598995632593,Asientos,3.5,chronos,abordar
2025-12-09 12:00:00,metro_l1|Nicolas Arriola,metro_l1,Nicolas Arriola,685.0906372070312,531.6753540039062,858.4542846679688,3.5,20571.428571428572,0.033303017086452905,Asientos,3.5,chronos,abordar
2025-12-09 13:00:00,metro_l1|Nicolas Arriola,metro_l1,Nicolas Arriola,850.393798828125,650.7496948242188,1106.33984375,3.5,20571.428571428572,0.04133858744303385,Asientos,3.5,chronos,abordar
2025-12-09 14:00:00,metro_l1|Nicolas Arriola,metro_l1,Nicolas Arriola,932.8272705078125,671.9052124023438,1241.50390625,3.5,20571.428571428572,0.045345770094129774,Asientos,3.5,chronos,abordar
2025-12-09 15:00:00,metro_l1|Nicolas Arriola,metro_l1,Nicolas Arriola,1074.49462890625,758.4744262695312,1416.300537109375,3.5,20571.428571428572,0.05223237779405382,Asientos,3.5,chronos,abordar
2025-12-09 16:00:00,metro_l1|Nicolas Arriola,metro_l1,Nicolas Arriola,1409.341796875,961.692626953125,1845.962158203125,3.5,20571.428571428572,0.0685096706814236,Asientos,3.5,chronos,abordar
2025-12-09 17:00:00,metro_l1|Nicolas Arriola,metro_l1,Nicolas Arriola,2678.46923828125,1847.989990234375,3200.12158203125,3.5,20571.428571428572,0.13020336574978297,De_pie,3.8500000000000005,chronos,abordar
2025-12-09 18:00:00,metro_l1|Nicolas Arriola,metro_l1,Nicolas Arriola,3411.3388671875,2374.3173828125,3949.61669921875,3.5,20571.428571428572,0.16582897271050345,De_pie,3.8500000000000005,chronos,abordar
2025-12-09 19:00:00,metro_l1|Nicolas Arriola,metro_l1,Nicolas Arriola,3350.560546875,2354.1083984375,3832.07275390625,3.5,20571.428571428572,0.16287447102864583,De_pie,3.8500000000000005,chronos,abordar
2025-12-09 20:00:00,metro_l1|Nicolas Arriola,metro_l1,Nicolas Arriola,2684.153564453125,1849.798828125,3102.04296875,3.5,20571.428571428572,0.1304796871609158,De_pie,3.8500000000000005,chronos,abordar
2025-12-09 21:00:00,metro_l1|Nicolas Arriola,metro_l1,Nicolas Arriola,1447.7197265625,920.2138671875,1780.9727783203125,3.5,20571.428571428572,0.07037526448567707,Asientos,3.5,chronos,abordar
2025-12-09 22:00:00,metro_l1|Nicolas Arriola,metro_l1,Nicolas Arriola,310.85760498046875,92.5924072265625,522.5872802734375,3.5,20571.428571428572,0.015111133575439452,Asientos,3.5,chronos,abordar
2025-12-09 23:00:00,metro_l1|Nicolas Arriola,metro_l1,Nicolas Arriola,30.10809326171875,0.0,94.22796630859375,3.5,20571.428571428572,0.0014635878668891058,Asientos,3.5,chronos,abordar
2025-12-09 00:00:00,metro_l1|Parque Industrial,metro_l1,Parque Industrial,0.0,0.0,19.98883056640625,3.5,20571.428571428572,0.0,Asientos,3.5,chronos,abordar
2025-12-09 01:00:00,metro_l1|Parque Industrial,metro_l1,Parque Industrial,0.0,0.0,28.617706298828125,3.5,20571.428571428572,0.0,Asientos,3.5,chronos,abordar
2025-12-09 02:00:00,metro_l1|Parque Industrial,metro_l1,Parque Industrial,0.0,0.0,39.666534423828125,3.5,20571.428571428572,0.0,Asientos,3.5,chronos,abordar
2025-12-09 03:00:00,metro_l1|Parque Industrial,metro_l1,Parque Industrial,0.0,0.0,63.384368896484375,3.5,20571.428571428572,0.0,Asientos,3.5,chronos,abordar
2025-12-09 04:00:00,metro_l1|Parque Industrial,metro_l1,Parque Industrial,30.55194091796875,0.0,145.58065795898438,3.5,20571.428571428572,0.0014851637946234808,Asientos,3.5,chronos,abordar
2025-12-09 05:00:00,metro_l1|Parque Industrial,metro_l1,Parque Industrial,535.9564208984375,283.733642578125,757.8018798828125,3.5,20571.428571428572,0.026053437127007376,Asientos,3.5,chronos,abordar
2025-12-09 06:00:00,metro_l1|Parque Industrial,metro_l1,Parque Industrial,1556.005859375,1038.765869140625,1894.9095458984375,3.5,20571.428571428572,0.07563917371961805,Asientos,3.5,chronos,abordar
2025-12-09 07:00:00,metro_l1|Parque Industrial,metro_l1,Parque Industrial,1890.1895751953125,1283.781494140625,2250.483154296875,3.5,20571.428571428572,0.09188421546088324,Asientos,3.5,chronos,abordar
2025-12-09 08:00:00,metro_l1|Parque Industrial,metro_l1,Parque Industrial,1520.802734375,1033.640380859375,1823.3250732421875,3.5,20571.428571428572,0.07392791069878472,Asientos,3.5,chronos,abordar
2025-12-09 09:00:00,metro_l1|Parque Industrial,metro_l1,Parque Industrial,1023.52294921875,679.6338500976562,1259.44970703125,3.5,20571.428571428572,0.04975458780924479,Asientos,3.5,chronos,abordar
2025-12-09 10:00:00,metro_l1|Parque Industrial,metro_l1,Parque Industrial,714.0546264648438,487.0265808105469,895.1402587890625,3.5,20571.428571428572,0.03471098878648546,Asientos,3.5,chronos,abordar
2025-12-09 11:00:00,metro_l1|Parque Industrial,metro_l1,Parque Industrial,576.7556762695312,409.7145690917969,742.6744384765625,3.5,20571.428571428572,0.02803673426310221,Asientos,3.5,chronos,abordar
2025-12-09 12:00:00,metro_l1|Parque Industrial,metro_l1,Parque Industrial,539.8142700195312,404.9693298339844,687.5082397460938,3.5,20571.428571428572,0.026240971459282766,Asientos,3.5,chronos,abordar
2025-12-09 13:00:00,metro_l1|Parque Industrial,metro_l1,Parque Industrial,522.55322265625,401.3010559082031,655.7413330078125,3.5,20571.428571428572,0.025401892768012153,Asientos,3.5,chronos,abordar
2025-12-09 14:00:00,metro_l1|Parque Industrial,metro_l1,Parque Industrial,489.1231689453125,384.14453125,602.0347290039062,3.5,20571.428571428572,0.023776820712619356,Asientos,3.5,chronos,abordar
2025-12-09 15:00:00,metro_l1|Parque Industrial,metro_l1,Parque Industrial,461.96484375,360.2763366699219,568.9766235351562,3.5,20571.428571428572,0.022456624348958332,Asientos,3.5,chronos,abordar
2025-12-09 16:00:00,metro_l1|Parque Industrial,metro_l1,Parque Industrial,498.08953857421875,375.2655029296875,598.7921142578125,3.5,20571.428571428572,0.024212685902913412,Asientos,3.5,chronos,abordar
2025-12-09 17:00:00,metro_l1|Parque Industrial,metro_l1,Parque Industrial,719.7093505859375,545.3651733398438,850.2172241210938,3.5,20571.428571428572,0.03498587120903863,Asientos,3.5,chronos,abordar
2025-12-09 18:00:00,metro_l1|Parque Industrial,metro_l1,Parque Industrial,646.7266235351562,497.2696533203125,782.7572021484375,3.5,20571.428571428572,0.031438099755181206,Asientos,3.5,chronos,abordar
2025-12-09 19:00:00,metro_l1|Parque Industrial,metro_l1,Parque Industrial,437.75433349609375,315.9146423339844,556.5961303710938,3.5,20571.428571428572,0.021279724544949,Asientos,3.5,chronos,abordar
2025-12-09 20:00:00,metro_l1|Parque Industrial,metro_l1,Parque Industrial,224.7783966064453,142.13323974609375,336.16229248046875,3.5,20571.428571428572,0.010926727612813313,Asientos,3.5,chronos,abordar
2025-12-09 21:00:00,metro_l1|Parque Industrial,metro_l1,Parque Industrial,103.26162719726562,30.527374267578125,200.00079345703125,3.5,20571.428571428572,0.005019662433200412,Asientos,3.5,chronos,abordar
2025-12-09 22:00:00,metro_l1|Parque Industrial,metro_l1,Parque Industrial,26.84014892578125,0.0,92.359375,3.5,20571.428571428572,0.0013047294616699218,Asientos,3.5,chronos,abordar
2025-12-09 23:00:00,metro_l1|Parque Industrial,metro_l1,Parque Industrial,0.0,0.0,47.00384521484375,3.5,20571.428571428572,0.0,Asientos,3.5,chronos,abordar
2025-12-09 00:00:00,metro_l1|Piramides del Sol,metro_l1,Piramides del Sol,0.0,0.0,13.446044921875,3.5,20571.428571428572,0.0,Asientos,3.5,chronos,abordar
2025-12-09 01:00:00,metro_l1|Piramides del Sol,metro_l1,Piramides del Sol,0.0,0.0,32.982421875,3.5,20571.428571428572,0.0,Asientos,3.5,chronos,abordar
2025-12-09 02:00:00,metro_l1|Piramides del Sol,metro_l1,Piramides del Sol,0.0,0.0,41.6297607421875,3.5,20571.428571428572,0.0,Asientos,3.5,chronos,abordar
2025-12-09 03:00:00,metro_l1|Piramides del Sol,metro_l1,Piramides del Sol,0.0,0.0,59.24951171875,3.5,20571.428571428572,0.0,Asientos,3.5,chronos,abordar
2025-12-09 04:00:00,metro_l1|Piramides del Sol,metro_l1,Piramides del Sol,18.89678955078125,0.0,130.37646484375,3.5,20571.428571428572,0.0009185939364963107,Asientos,3.5,chronos,abordar
2025-12-09 05:00:00,metro_l1|Piramides del Sol,metro_l1,Piramides del Sol,408.38299560546875,234.39218139648438,583.3814697265625,3.5,20571.428571428572,0.01985195117526584,Asientos,3.5,chronos,abordar
2025-12-09 06:00:00,metro_l1|Piramides del Sol,metro_l1,Piramides del Sol,1220.147705078125,923.3704833984375,1428.598876953125,3.5,20571.428571428572,0.05931273566351996,Asientos,3.5,chronos,abordar
2025-12-09 07:00:00,metro_l1|Piramides del Sol,metro_l1,Piramides del Sol,1830.5899658203125,1424.716064453125,2060.04833984375,3.5,20571.428571428572,0.0889870122273763,Asientos,3.5,chronos,abordar
2025-12-09 08:00:00,metro_l1|Piramides del Sol,metro_l1,Piramides del Sol,1726.271728515625,1363.072998046875,1942.44482421875,3.5,20571.428571428572,0.08391598680284287,Asientos,3.5,chronos,abordar
2025-12-09 09:00:00,metro_l1|Piramides del Sol,metro_l1,Piramides del Sol,1534.8035888671875,1202.49169921875,1752.689453125,3.5,20571.428571428572,0.07460850779215494,Asientos,3.5,chronos,abordar
2025-12-09 10:00:00,metro_l1|Piramides del Sol,metro_l1,Piramides del Sol,1201.9755859375,943.8184814453125,1420.82275390625,3.5,20571.428571428572,0.05842936876085069,Asientos,3.5,chronos,abordar
2025-12-09 11:00:00,metro_l1|Piramides del Sol,metro_l1,Piramides del Sol,1006.0057983398438,802.962158203125,1211.9478759765625,3.5,20571.428571428572,0.04890305964152018,Asientos,3.5,chronos,abordar
2025-12-09 12:00:00,metro_l1|Piramides del Sol,metro_l1,Piramides del Sol,920.3675537109375,742.9920043945312,1119.2088623046875,3.5,20571.428571428572,0.044740089416503905,Asientos,3.5,chronos,abordar
2025-12-09 13:00:00,metro_l1|Piramides del Sol,metro_l1,Piramides del Sol,922.552734375,744.1928100585938,1117.64990234375,3.5,20571.428571428572,0.0448463134765625,Asientos,3.5,chronos,abordar
2025-12-09 14:00:00,metro_l1|Piramides del Sol,metro_l1,Piramides del Sol,935.4154663085938,755.7158203125,1124.0277099609375,3.5,20571.428571428572,0.04547158516777886,Asientos,3.5,chronos,abordar
2025-12-09 15:00:00,metro_l1|Piramides del Sol,metro_l1,Piramides del Sol,938.1370849609375,771.6243286132812,1121.8670654296875,3.5,20571.428571428572,0.045603886074490015,Asientos,3.5,chronos,abordar
2025-12-09 16:00:00,metro_l1|Piramides del Sol,metro_l1,Piramides del Sol,984.2373657226562,810.363525390625,1162.1077880859375,3.5,20571.428571428572,0.04784487194485134,Asientos,3.5,chronos,abordar
2025-12-09 17:00:00,metro_l1|Piramides del Sol,metro_l1,Piramides del Sol,1245.70947265625,1018.04541015625,1447.7840576171875,3.5,20571.428571428572,0.06055532158745659,Asientos,3.5,chronos,abordar
2025-12-09 18:00:00,metro_l1|Piramides del Sol,metro_l1,Piramides del Sol,1335.35400390625,1104.4791259765625,1550.380126953125,3.5,20571.428571428572,0.06491304185655382,Asientos,3.5,chronos,abordar
2025-12-09 19:00:00,metro_l1|Piramides del Sol,metro_l1,Piramides del Sol,1183.6373291015625,984.5962524414062,1384.926025390625,3.5,20571.428571428572,0.05753792572021484,Asientos,3.5,chronos,abordar
2025-12-09 20:00:00,metro_l1|Piramides del Sol,metro_l1,Piramides del Sol,927.636474609375,769.7259521484375,1106.00439453125,3.5,20571.428571428572,0.04509343973795573,Asientos,3.5,chronos,abordar
2025-12-09 21:00:00,metro_l1|Piramides del Sol,metro_l1,Piramides del Sol,688.7847290039062,544.740966796875,855.592041015625,3.5,20571.428571428572,0.033482590993245444,Asientos,3.5,chronos,abordar
2025-12-09 22:00:00,metro_l1|Piramides del Sol,metro_l1,Piramides del Sol,241.17828369140625,154.82562255859375,369.8116149902344,3.5,20571.428571428572,0.011723944346110026,Asientos,3.5,chronos,abordar
2025-12-09 23:00:00,metro_l1|Piramides del Sol,metro_l1,Piramides del Sol,12.8953857421875,0.0,83.7103271484375,3.5,20571.428571428572,0.0006268590291341145,Asientos,3.5,chronos,abordar
2025-12-09 00:00:00,metro_l1|Presbitero Maestro,metro_l1,Presbitero Maestro,0.0,0.0,8.40386962890625,3.5,20571.428571428572,0.0,Asientos,3.5,chronos,abordar
2025-12-09 01:00:00,metro_l1|Presbitero Maestro,metro_l1,Presbitero Maestro,0.0,0.0,9.079864501953125,3.5,20571.428571428572,0.0,Asientos,3.5,chronos,abordar
2025-12-09 02:00:00,metro_l1|Presbitero Maestro,metro_l1,Presbitero Maestro,0.0,0.0,10.343994140625,3.5,20571.428571428572,0.0,Asientos,3.5,chronos,abordar
2025-12-09 03:00:00,metro_l1|Presbitero Maestro,metro_l1,Presbitero Maestro,0.0,0.0,24.11932373046875,3.5,20571.428571428572,0.0,Asientos,3.5,chronos,abordar
2025-12-09 04:00:00,metro_l1|Presbitero Maestro,metro_l1,Presbitero Maestro,5.421722412109375,0.0,47.968231201171875,3.5,20571.428571428572,0.0002635559505886502,Asientos,3.5,chronos,abordar
2025-12-09 05:00:00,metro_l1|Presbitero Maestro,metro_l1,Presbitero Maestro,98.75120544433594,41.123870849609375,166.88511657714844,3.5,20571.428571428572,0.004800405820210774,Asientos,3.5,chronos,abordar
2025-12-09 06:00:00,metro_l1|Presbitero Maestro,metro_l1,Presbitero Maestro,427.09820556640625,310.0669250488281,518.5042114257812,3.5,20571.428571428572,0.02076171832614475,Asientos,3.5,chronos,abordar
2025-12-09 07:00:00,metro_l1|Presbitero Maestro,metro_l1,Presbitero Maestro,806.655029296875,606.2119140625,924.3343505859375,3.5,20571.428571428572,0.03921239725748698,Asientos,3.5,chronos,abordar
2025-12-09 08:00:00,metro_l1|Presbitero Maestro,metro_l1,Presbitero Maestro,705.9991455078125,542.1082763671875,805.8818359375,3.5,20571.428571428572,0.03431940290662977,Asientos,3.5,chronos,abordar
2025-12-09 09:00:00,metro_l1|Presbitero Maestro,metro_l1,Presbitero Maestro,620.745849609375,468.40130615234375,718.2404174804688,3.5,20571.428571428572,0.030175145467122393,Asientos,3.5,chronos,abordar
2025-12-09 10:00:00,metro_l1|Presbitero Maestro,metro_l1,Presbitero Maestro,493.8397216796875,373.8609619140625,594.1963500976562,3.5,20571.428571428572,0.024006097581651474,Asientos,3.5,chronos,abordar
2025-12-09 11:00:00,metro_l1|Presbitero Maestro,metro_l1,Presbitero Maestro,403.117431640625,314.5710754394531,496.2870788574219,3.5,20571.428571428572,0.01959598626030816,Asientos,3.5,chronos,abordar
2025-12-09 12:00:00,metro_l1|Presbitero Maestro,metro_l1,Presbitero Maestro,379.0111999511719,296.8707275390625,471.015625,3.5,20571.428571428572,0.018424155553181967,Asientos,3.5,chronos,abordar
2025-12-09 13:00:00,metro_l1|Presbitero Maestro,metro_l1,Presbitero Maestro,398.98748779296875,307.36798095703125,497.695068359375,3.5,20571.428571428572,0.01939522510104709,Asientos,3.5,chronos,abordar
2025-12-09 14:00:00,metro_l1|Presbitero Maestro,metro_l1,Presbitero Maestro,415.5339050292969,318.201416015625,516.476318359375,3.5,20571.428571428572,0.02019956482781304,Asientos,3.5,chronos,abordar
2025-12-09 15:00:00,metro_l1|Presbitero Maestro,metro_l1,Presbitero Maestro,429.92218017578125,336.6465148925781,529.1986083984375,3.5,20571.428571428572,0.020898994869656032,Asientos,3.5,chronos,abordar
2025-12-09 16:00:00,metro_l1|Presbitero Maestro,metro_l1,Presbitero Maestro,473.84765625,368.5193176269531,577.189697265625,3.5,20571.428571428572,0.023034261067708332,Asientos,3.5,chronos,abordar
2025-12-09 17:00:00,metro_l1|Presbitero Maestro,metro_l1,Presbitero Maestro,607.804931640625,472.02044677734375,721.18115234375,3.5,20571.428571428572,0.029546073065863713,Asientos,3.5,chronos,abordar
2025-12-09 18:00:00,metro_l1|Presbitero Maestro,metro_l1,Presbitero Maestro,655.7362060546875,523.1077880859375,770.67626953125,3.5,20571.428571428572,0.03187606557210286,Asientos,3.5,chronos,abordar
2025-12-09 19:00:00,metro_l1|Presbitero Maestro,metro_l1,Presbitero Maestro,588.4530029296875,463.61004638671875,704.9880981445312,3.5,20571.428571428572,0.02860535430908203,Asientos,3.5,chronos,abordar
2025-12-09 20:00:00,metro_l1|Presbitero Maestro,metro_l1,Presbitero Maestro,341.7291259765625,251.30029296875,444.12786865234375,3.5,20571.428571428572,0.016611832512749565,Asientos,3.5,chronos,abordar
2025-12-09 21:00:00,metro_l1|Presbitero Maestro,metro_l1,Presbitero Maestro,169.28968811035156,114.80799865722656,243.38858032226562,3.5,20571.428571428572,0.008229359838697645,Asientos,3.5,chronos,abordar
2025-12-09 22:00:00,metro_l1|Presbitero Maestro,metro_l1,Presbitero Maestro,40.60858154296875,13.4866943359375,89.59890747070312,3.5,20571.428571428572,0.0019740282694498696,Asientos,3.5,chronos,abordar
2025-12-09 23:00:00,metro_l1|Presbitero Maestro,metro_l1,Presbitero Maestro,0.0,0.0,30.10333251953125,3.5,20571.428571428572,0.0,Asientos,3.5,chronos,abordar
2025-12-09 00:00:00,metro_l1|Pumacahua,metro_l1,Pumacahua,0.0,0.0,29.42926025390625,3.5,20571.428571428572,0.0,Asientos,3.5,chronos,abordar
2025-12-09 01:00:00,metro_l1|Pumacahua,metro_l1,Pumacahua,0.0,0.0,47.15869140625,3.5,20571.428571428572,0.0,Asientos,3.5,chronos,abordar
2025-12-09 02:00:00,metro_l1|Pumacahua,metro_l1,Pumacahua,0.0,0.0,55.961944580078125,3.5,20571.428571428572,0.0,Asientos,3.5,chronos,abordar
2025-12-09 03:00:00,metro_l1|Pumacahua,metro_l1,Pumacahua,0.0,0.0,72.42584228515625,3.5,20571.428571428572,0.0,Asientos,3.5,chronos,abordar
2025-12-09 04:00:00,metro_l1|Pumacahua,metro_l1,Pumacahua,36.52386474609375,0.0,172.5423583984375,3.5,20571.428571428572,0.0017754656473795572,Asientos,3.5,chronos,abordar
2025-12-09 05:00:00,metro_l1|Pumacahua,metro_l1,Pumacahua,747.6317138671875,419.3295593261719,1014.7685546875,3.5,20571.428571428572,0.036343208312988276,Asientos,3.5,chronos,abordar
2025-12-09 06:00:00,metro_l1|Pumacahua,metro_l1,Pumacahua,1795.735595703125,1163.431640625,2193.45458984375,3.5,20571.428571428572,0.08729270256890191,Asientos,3.5,chronos,abordar
2025-12-09 07:00:00,metro_l1|Pumacahua,metro_l1,Pumacahua,2059.923095703125,1353.6453857421875,2464.907958984375,3.5,20571.428571428572,0.10013515048556858,Asientos,3.5,chronos,abordar
2025-12-09 08:00:00,metro_l1|Pumacahua,metro_l1,Pumacahua,1911.4931640625,1278.603271484375,2269.832275390625,3.5,20571.428571428572,0.09291980658637153,Asientos,3.5,chronos,abordar
2025-12-09 09:00:00,metro_l1|Pumacahua,metro_l1,Pumacahua,1299.22509765625,876.9112548828125,1569.053466796875,3.5,20571.428571428572,0.06315677558051215,Asientos,3.5,chronos,abordar
2025-12-09 10:00:00,metro_l1|Pumacahua,metro_l1,Pumacahua,795.3527221679688,539.9246215820312,990.6580200195312,3.5,20571.428571428572,0.03866297954983181,Asientos,3.5,chronos,abordar
2025-12-09 11:00:00,metro_l1|Pumacahua,metro_l1,Pumacahua,626.062744140625,443.7404479980469,792.7052001953125,3.5,20571.428571428572,0.030433605617947047,Asientos,3.5,chronos,abordar
2025-12-09 12:00:00,metro_l1|Pumacahua,metro_l1,Pumacahua,559.0050048828125,424.16619873046875,700.6693115234375,3.5,20571.428571428572,0.027173854404025605,Asientos,3.5,chronos,abordar
2025-12-09 13:00:00,metro_l1|Pumacahua,metro_l1,Pumacahua,526.273193359375,424.99676513671875,638.7304077148438,3.5,20571.428571428572,0.02558272467719184,Asientos,3.5,chronos,abordar
2025-12-09 14:00:00,metro_l1|Pumacahua,metro_l1,Pumacahua,481.7977600097656,404.50494384765625,562.0521240234375,3.5,20571.428571428572,0.02342072444491916,Asientos,3.5,chronos,abordar
2025-12-09 15:00:00,metro_l1|Pumacahua,metro_l1,Pumacahua,455.3507995605469,377.5345458984375,530.6233520507812,3.5,20571.428571428572,0.022135108311971026,Asientos,3.5,chronos,abordar
2025-12-09 16:00:00,metro_l1|Pumacahua,metro_l1,Pumacahua,475.59869384765625,374.60626220703125,535.2103271484375,3.5,20571.428571428572,0.023119380950927734,Asientos,3.5,chronos,abordar
2025-12-09 17:00:00,metro_l1|Pumacahua,metro_l1,Pumacahua,534.2326049804688,423.2152099609375,610.2169189453125,3.5,20571.428571428572,0.025969640519883895,Asientos,3.5,chronos,abordar
2025-12-09 18:00:00,metro_l1|Pumacahua,metro_l1,Pumacahua,445.97674560546875,351.33270263671875,522.3828125,3.5,20571.428571428572,0.021679425133599176,Asientos,3.5,chronos,abordar
2025-12-09 19:00:00,metro_l1|Pumacahua,metro_l1,Pumacahua,271.7974853515625,198.82821655273438,345.3642883300781,3.5,20571.428571428572,0.013212377760145399,Asientos,3.5,chronos,abordar
2025-12-09 20:00:00,metro_l1|Pumacahua,metro_l1,Pumacahua,136.61187744140625,84.74374389648438,218.11279296875,3.5,20571.428571428572,0.006640855153401693,Asientos,3.5,chronos,abordar
2025-12-09 21:00:00,metro_l1|Pumacahua,metro_l1,Pumacahua,79.64462280273438,26.50299072265625,149.97259521484375,3.5,20571.428571428572,0.0038716136084662543,Asientos,3.5,chronos,abordar
2025-12-09 22:00:00,metro_l1|Pumacahua,metro_l1,Pumacahua,28.263702392578125,0.0,74.0711669921875,3.5,20571.428571428572,0.001373929977416992,Asientos,3.5,chronos,abordar
2025-12-09 23:00:00,metro_l1|Pumacahua,metro_l1,Pumacahua,0.0,0.0,43.02069091796875,3.5,20571.428571428572,0.0,Asientos,3.5,chronos,abordar
2025-12-09 00:00:00,metro_l1|San Borja Sur,metro_l1,San Borja Sur,0.0,0.0,0.0,3.5,20571.428571428572,0.0,Asientos,3.5,chronos,abordar
2025-12-09 01:00:00,metro_l1|San Borja Sur,metro_l1,San Borja Sur,0.0,0.0,0.0,3.5,20571.428571428572,0.0,Asientos,3.5,chronos,abordar
2025-12-09 02:00:00,metro_l1|San Borja Sur,metro_l1,San Borja Sur,0.0,0.0,0.0,3.5,20571.428571428572,0.0,Asientos,3.5,chronos,abordar
2025-12-09 03:00:00,metro_l1|San Borja Sur,metro_l1,San Borja Sur,0.0,0.0,0.0,3.5,20571.428571428572,0.0,Asientos,3.5,chronos,abordar
2025-12-09 04:00:00,metro_l1|San Borja Sur,metro_l1,San Borja Sur,0.0,0.0,0.0,3.5,20571.428571428572,0.0,Asientos,3.5,chronos,abordar
2025-12-09 05:00:00,metro_l1|San Borja Sur,metro_l1,San Borja Sur,18.495330810546875,2.215606689453125,55.9423828125,3.5,20571.428571428572,0.0008990785810682508,Asientos,3.5,chronos,abordar
2025-12-09 06:00:00,metro_l1|San Borja Sur,metro_l1,San Borja Sur,152.6044921875,91.049072265625,233.12384033203125,3.5,20571.428571428572,0.00741827392578125,Asientos,3.5,chronos,abordar
2025-12-09 07:00:00,metro_l1|San Borja Sur,metro_l1,San Borja Sur,414.8741455078125,302.6177978515625,531.1279296875,3.5,20571.428571428572,0.02016749318440755,Asientos,3.5,chronos,abordar
2025-12-09 08:00:00,metro_l1|San Borja Sur,metro_l1,San Borja Sur,392.61944580078125,285.5695495605469,476.29852294921875,3.5,20571.428571428572,0.019085667504204644,Asientos,3.5,chronos,abordar
2025-12-09 09:00:00,metro_l1|San Borja Sur,metro_l1,San Borja Sur,348.04852294921875,246.22763061523438,410.2894592285156,3.5,20571.428571428572,0.016919025421142576,Asientos,3.5,chronos,abordar
2025-12-09 10:00:00,metro_l1|San Borja Sur,metro_l1,San Borja Sur,346.47088623046875,246.77597045898438,431.65283203125,3.5,20571.428571428572,0.016842334747314454,Asientos,3.5,chronos,abordar
2025-12-09 11:00:00,metro_l1|San Borja Sur,metro_l1,San Borja Sur,334.4517822265625,248.28033447265625,422.40582275390625,3.5,20571.428571428572,0.016258072747124565,Asientos,3.5,chronos,abordar
2025-12-09 12:00:00,metro_l1|San Borja Sur,metro_l1,San Borja Sur,357.4419250488281,273.2789306640625,445.5168762207031,3.5,20571.428571428572,0.017375649134318032,Asientos,3.5,chronos,abordar
2025-12-09 13:00:00,metro_l1|San Borja Sur,metro_l1,San Borja Sur,418.4500427246094,314.73028564453125,547.8326416015625,3.5,20571.428571428572,0.020341321521335175,Asientos,3.5,chronos,abordar
2025-12-09 14:00:00,metro_l1|San Borja Sur,metro_l1,San Borja Sur,450.7794189453125,317.1341552734375,611.1307983398438,3.5,20571.428571428572,0.02191288842095269,Asientos,3.5,chronos,abordar
2025-12-09 15:00:00,metro_l1|San Borja Sur,metro_l1,San Borja Sur,554.8129272460938,375.8255920410156,748.8758544921875,3.5,20571.428571428572,0.026970072852240668,Asientos,3.5,chronos,abordar
2025-12-09 16:00:00,metro_l1|San Borja Sur,metro_l1,San Borja Sur,961.6160278320312,627.2242431640625,1255.9569091796875,3.5,20571.428571428572,0.046745223575168186,Asientos,3.5,chronos,abordar
2025-12-09 17:00:00,metro_l1|San Borja Sur,metro_l1,San Borja Sur,1880.234130859375,1260.4697265625,2267.740966796875,3.5,20571.428571428572,0.09140027025010851,Asientos,3.5,chronos,abordar
2025-12-09 18:00:00,metro_l1|San Borja Sur,metro_l1,San Borja Sur,2132.49072265625,1440.0145263671875,2524.633056640625,3.5,20571.428571428572,0.10366274346245659,Asientos,3.5,chronos,abordar
2025-12-09 19:00:00,metro_l1|San Borja Sur,metro_l1,San Borja Sur,1953.153564453125,1304.2991943359375,2301.611328125,3.5,20571.428571428572,0.09494496493869357,Asientos,3.5,chronos,abordar
2025-12-09 20:00:00,metro_l1|San Borja Sur,metro_l1,San Borja Sur,1354.29443359375,869.5662231445312,1625.36669921875,3.5,20571.428571428572,0.06583375718858507,Asientos,3.5,chronos,abordar
2025-12-09 21:00:00,metro_l1|San Borja Sur,metro_l1,San Borja Sur,741.1373901367188,463.7880554199219,928.3688354492188,3.5,20571.428571428572,0.03602751202053494,Asientos,3.5,chronos,abordar
2025-12-09 22:00:00,metro_l1|San Borja Sur,metro_l1,San Borja Sur,336.66217041015625,190.35992431640625,458.9656066894531,3.5,20571.428571428572,0.01636552217271593,Asientos,3.5,chronos,abordar
2025-12-09 23:00:00,metro_l1|San Borja Sur,metro_l1,San Borja Sur,26.800628662109375,0.0,72.98904418945312,3.5,20571.428571428572,0.0013028083377414278,Asientos,3.5,chronos,abordar
2025-12-09 00:00:00,metro_l1|San Carlos,metro_l1,San Carlos,0.0,0.0,16.74822998046875,3.5,20571.428571428572,0.0,Asientos,3.5,chronos,abordar
2025-12-09 01:00:00,metro_l1|San Carlos,metro_l1,San Carlos,0.0,0.0,25.52392578125,3.5,20571.428571428572,0.0,Asientos,3.5,chronos,abordar
2025-12-09 02:00:00,metro_l1|San Carlos,metro_l1,San Carlos,0.0,0.0,35.3553466796875,3.5,20571.428571428572,0.0,Asientos,3.5,chronos,abordar
2025-12-09 03:00:00,metro_l1|San Carlos,metro_l1,San Carlos,0.0,0.0,64.08892822265625,3.5,20571.428571428572,0.0,Asientos,3.5,chronos,abordar
2025-12-09 04:00:00,metro_l1|San Carlos,metro_l1,San Carlos,30.566162109375,0.0,153.517578125,3.5,20571.428571428572,0.0014858551025390624,Asientos,3.5,chronos,abordar
2025-12-09 05:00:00,metro_l1|San Carlos,metro_l1,San Carlos,873.615966796875,582.0974731445312,1085.681884765625,3.5,20571.428571428572,0.04246744283040364,Asientos,3.5,chronos,abordar
2025-12-09 06:00:00,metro_l1|San Carlos,metro_l1,San Carlos,1784.7886962890625,1304.57666015625,2049.2900390625,3.5,20571.428571428572,0.08676056162516275,Asientos,3.5,chronos,abordar
2025-12-09 07:00:00,metro_l1|San Carlos,metro_l1,San Carlos,2072.5048828125,1563.5107421875,2300.69384765625,3.5,20571.428571428572,0.10074676513671875,Asientos,3.5,chronos,abordar
2025-12-09 08:00:00,metro_l1|San Carlos,metro_l1,San Carlos,1919.2288818359375,1470.31103515625,2122.008544921875,3.5,20571.428571428572,0.09329584842258029,Asientos,3.5,chronos,abordar
2025-12-09 09:00:00,metro_l1|San Carlos,metro_l1,San Carlos,1763.20654296875,1371.312744140625,1963.0802001953125,3.5,20571.428571428572,0.08571142917209201,Asientos,3.5,chronos,abordar
2025-12-09 10:00:00,metro_l1|San Carlos,metro_l1,San Carlos,1248.4248046875,962.7322998046875,1448.348388671875,3.5,20571.428571428572,0.060687316894531246,Asientos,3.5,chronos,abordar
2025-12-09 11:00:00,metro_l1|San Carlos,metro_l1,San Carlos,1050.3642578125,836.0921630859375,1239.9736328125,3.5,20571.428571428572,0.05105937364366319,Asientos,3.5,chronos,abordar
2025-12-09 12:00:00,metro_l1|San Carlos,metro_l1,San Carlos,958.14013671875,783.388427734375,1133.0286865234375,3.5,20571.428571428572,0.04657625664605034,Asientos,3.5,chronos,abordar
2025-12-09 13:00:00,metro_l1|San Carlos,metro_l1,San Carlos,966.9425659179688,802.047607421875,1136.39453125,3.5,20571.428571428572,0.047004152509901254,Asientos,3.5,chronos,abordar
2025-12-09 14:00:00,metro_l1|San Carlos,metro_l1,San Carlos,952.0369873046875,786.1240234375,1110.1878662109375,3.5,20571.428571428572,0.04627957577175564,Asientos,3.5,chronos,abordar
2025-12-09 15:00:00,metro_l1|San Carlos,metro_l1,San Carlos,903.8969116210938,738.9549560546875,1056.9439697265625,3.5,20571.428571428572,0.04393943320380317,Asientos,3.5,chronos,abordar
2025-12-09 16:00:00,metro_l1|San Carlos,metro_l1,San Carlos,831.4729614257812,659.1947021484375,967.84033203125,3.5,20571.428571428572,0.040418824513753254,Asientos,3.5,chronos,abordar
2025-12-09 17:00:00,metro_l1|San Carlos,metro_l1,San Carlos,953.7431030273438,778.5520629882812,1096.5830078125,3.5,20571.428571428572,0.046362511952718094,Asientos,3.5,chronos,abordar
2025-12-09 18:00:00,metro_l1|San Carlos,metro_l1,San Carlos,849.740478515625,694.606201171875,978.6976928710938,3.5,20571.428571428572,0.04130682881673177,Asientos,3.5,chronos,abordar
2025-12-09 19:00:00,metro_l1|San Carlos,metro_l1,San Carlos,674.0061645507812,556.490966796875,793.143310546875,3.5,20571.428571428572,0.03276418855455186,Asientos,3.5,chronos,abordar
2025-12-09 20:00:00,metro_l1|San Carlos,metro_l1,San Carlos,514.3240356445312,416.027587890625,635.592041015625,3.5,20571.428571428572,0.02500186284383138,Asientos,3.5,chronos,abordar
2025-12-09 21:00:00,metro_l1|San Carlos,metro_l1,San Carlos,377.1770324707031,290.81976318359375,492.47979736328125,3.5,20571.428571428572,0.01833499463399251,Asientos,3.5,chronos,abordar
2025-12-09 22:00:00,metro_l1|San Carlos,metro_l1,San Carlos,31.0904541015625,0.0,106.33843994140625,3.5,20571.428571428572,0.0015113415188259549,Asientos,3.5,chronos,abordar
2025-12-09 23:00:00,metro_l1|San Carlos,metro_l1,San Carlos,0.0,0.0,38.2830810546875,3.5,20571.428571428572,0.0,Asientos,3.5,chronos,abordar
2025-12-09 00:00:00,metro_l1|San Juan,metro_l1,San Juan,0.0,0.0,15.6661376953125,3.5,20571.428571428572,0.0,Asientos,3.5,chronos,abordar
2025-12-09 01:00:00,metro_l1|San Juan,metro_l1,San Juan,0.0,0.0,19.1400146484375,3.5,20571.428571428572,0.0,Asientos,3.5,chronos,abordar
2025-12-09 02:00:00,metro_l1|San Juan,metro_l1,San Juan,0.0,0.0,24.158935546875,3.5,20571.428571428572,0.0,Asientos,3.5,chronos,abordar
2025-12-09 03:00:00,metro_l1|San Juan,metro_l1,San Juan,0.0,0.0,62.84527587890625,3.5,20571.428571428572,0.0,Asientos,3.5,chronos,abordar
2025-12-09 04:00:00,metro_l1|San Juan,metro_l1,San Juan,6.7686767578125,0.0,124.54852294921875,3.5,20571.428571428572,0.0003290328979492187,Asientos,3.5,chronos,abordar
2025-12-09 05:00:00,metro_l1|San Juan,metro_l1,San Juan,448.44635009765625,223.99981689453125,654.366455078125,3.5,20571.428571428572,0.0217994753519694,Asientos,3.5,chronos,abordar
2025-12-09 06:00:00,metro_l1|San Juan,metro_l1,San Juan,1598.35107421875,1123.08447265625,1876.8994140625,3.5,20571.428571428572,0.07769762166341146,Asientos,3.5,chronos,abordar
2025-12-09 07:00:00,metro_l1|San Juan,metro_l1,San Juan,1965.49462890625,1440.798828125,2231.4853515625,3.5,20571.428571428572,0.09554487779405381,Asientos,3.5,chronos,abordar
2025-12-09 08:00:00,metro_l1|San Juan,metro_l1,San Juan,1941.5078125,1452.7646484375,2183.379150390625,3.5,20571.428571428572,0.09437885199652778,Asientos,3.5,chronos,abordar
2025-12-09 09:00:00,metro_l1|San Juan,metro_l1,San Juan,1775.986572265625,1333.5933837890625,2021.4425048828125,3.5,20571.428571428572,0.08633268059624566,Asientos,3.5,chronos,abordar
2025-12-09 10:00:00,metro_l1|San Juan,metro_l1,San Juan,1345.12109375,1016.4306640625,1589.452392578125,3.5,20571.428571428572,0.06538783094618056,Asientos,3.5,chronos,abordar
2025-12-09 11:00:00,metro_l1|San Juan,metro_l1,San Juan,1079.15966796875,836.0772094726562,1307.74951171875,3.5,20571.428571428572,0.05245915052625868,Asientos,3.5,chronos,abordar
2025-12-09 12:00:00,metro_l1|San Juan,metro_l1,San Juan,953.6168212890625,765.5321655273438,1158.2135009765625,3.5,20571.428571428572,0.0463563732571072,Asientos,3.5,chronos,abordar
2025-12-09 13:00:00,metro_l1|San Juan,metro_l1,San Juan,958.02587890625,776.77001953125,1155.4119873046875,3.5,20571.428571428572,0.0465707024468316,Asientos,3.5,chronos,abordar
2025-12-09 14:00:00,metro_l1|San Juan,metro_l1,San Juan,955.5274658203125,781.3482666015625,1132.619873046875,3.5,20571.428571428572,0.046449251810709635,Asientos,3.5,chronos,abordar
2025-12-09 15:00:00,metro_l1|San Juan,metro_l1,San Juan,914.8948974609375,751.5943603515625,1079.1900634765625,3.5,20571.428571428572,0.04447405751546224,Asientos,3.5,chronos,abordar
2025-12-09 16:00:00,metro_l1|San Juan,metro_l1,San Juan,902.9480590820312,725.775146484375,1045.7332763671875,3.5,20571.428571428572,0.04389330842759874,Asientos,3.5,chronos,abordar
2025-12-09 17:00:00,metro_l1|San Juan,metro_l1,San Juan,966.1033325195312,764.9490966796875,1123.408935546875,3.5,20571.428571428572,0.04696335644192166,Asientos,3.5,chronos,abordar
2025-12-09 18:00:00,metro_l1|San Juan,metro_l1,San Juan,905.8074340820312,727.2699584960938,1067.6439208984375,3.5,20571.428571428572,0.04403230582343207,Asientos,3.5,chronos,abordar
2025-12-09 19:00:00,metro_l1|San Juan,metro_l1,San Juan,682.9697875976562,533.0078125,834.47607421875,3.5,20571.428571428572,0.033199920230441625,Asientos,3.5,chronos,abordar
2025-12-09 20:00:00,metro_l1|San Juan,metro_l1,San Juan,426.42083740234375,314.35797119140625,565.2075805664062,3.5,20571.428571428572,0.020728790707058374,Asientos,3.5,chronos,abordar
2025-12-09 21:00:00,metro_l1|San Juan,metro_l1,San Juan,232.888427734375,150.913818359375,347.2915954589844,3.5,20571.428571428572,0.011320965237087673,Asientos,3.5,chronos,abordar
2025-12-09 22:00:00,metro_l1|San Juan,metro_l1,San Juan,46.55242919921875,0.0,116.46978759765625,3.5,20571.428571428572,0.002262965308295356,Asientos,3.5,chronos,abordar
2025-12-09 23:00:00,metro_l1|San Juan,metro_l1,San Juan,0.0,0.0,41.93121337890625,3.5,20571.428571428572,0.0,Asientos,3.5,chronos,abordar
2025-12-09 00:00:00,metro_l1|San Martin,metro_l1,San Martin,0.0,0.0,30.36279296875,3.5,20571.428571428572,0.0,Asientos,3.5,chronos,abordar
2025-12-09 01:00:00,metro_l1|San Martin,metro_l1,San Martin,0.0,0.0,33.9066162109375,3.5,20571.428571428572,0.0,Asientos,3.5,chronos,abordar
2025-12-09 02:00:00,metro_l1|San Martin,metro_l1,San Martin,0.0,0.0,46.8009033203125,3.5,20571.428571428572,0.0,Asientos,3.5,chronos,abordar
2025-12-09 03:00:00,metro_l1|San Martin,metro_l1,San Martin,0.0,0.0,68.1260986328125,3.5,20571.428571428572,0.0,Asientos,3.5,chronos,abordar
2025-12-09 04:00:00,metro_l1|San Martin,metro_l1,San Martin,27.77447509765625,0.0,154.39239501953125,3.5,20571.428571428572,0.0013501480950249565,Asientos,3.5,chronos,abordar
2025-12-09 05:00:00,metro_l1|San Martin,metro_l1,San Martin,778.7642211914062,487.98583984375,1003.3800048828125,3.5,20571.428571428572,0.037856594085693356,Asientos,3.5,chronos,abordar
2025-12-09 06:00:00,metro_l1|San Martin,metro_l1,San Martin,1836.37939453125,1311.72021484375,2127.55322265625,3.5,20571.428571428572,0.08926844278971353,Asientos,3.5,chronos,abordar
2025-12-09 07:00:00,metro_l1|San Martin,metro_l1,San Martin,2115.664306640625,1570.98095703125,2367.437255859375,3.5,20571.428571428572,0.10284479268391926,Asientos,3.5,chronos,abordar
2025-12-09 08:00:00,metro_l1|San Martin,metro_l1,San Martin,2017.306884765625,1529.9222412109375,2240.6884765625,3.5,20571.428571428572,0.0980635291205512,Asientos,3.5,chronos,abordar
2025-12-09 09:00:00,metro_l1|San Martin,metro_l1,San Martin,1733.51708984375,1328.73193359375,1941.7080078125,3.5,20571.428571428572,0.08426819186740452,Asientos,3.5,chronos,abordar
2025-12-09 10:00:00,metro_l1|San Martin,metro_l1,San Martin,1189.8402099609375,909.1041259765625,1384.56103515625,3.5,20571.428571428572,0.057839454650878905,Asientos,3.5,chronos,abordar
2025-12-09 11:00:00,metro_l1|San Martin,metro_l1,San Martin,1058.0623779296875,839.73681640625,1253.987548828125,3.5,20571.428571428572,0.05143358781602647,Asientos,3.5,chronos,abordar
2025-12-09 12:00:00,metro_l1|San Martin,metro_l1,San Martin,960.4786376953125,792.4335327148438,1134.2708740234375,3.5,20571.428571428572,0.046689933776855465,Asientos,3.5,chronos,abordar
2025-12-09 13:00:00,metro_l1|San Martin,metro_l1,San Martin,912.516845703125,772.249755859375,1060.454833984375,3.5,20571.428571428572,0.04435845777723524,Asientos,3.5,chronos,abordar
2025-12-09 14:00:00,metro_l1|San Martin,metro_l1,San Martin,894.8302001953125,760.3250732421875,1026.299072265625,3.5,20571.428571428572,0.043498690287272136,Asientos,3.5,chronos,abordar
2025-12-09 15:00:00,metro_l1|San Martin,metro_l1,San Martin,864.881591796875,728.4635009765625,990.7060546875,3.5,20571.428571428572,0.042042855156792534,Asientos,3.5,chronos,abordar
2025-12-09 16:00:00,metro_l1|San Martin,metro_l1,San Martin,805.5498046875,658.609375,910.15380859375,3.5,20571.428571428572,0.039158671061197914,Asientos,3.5,chronos,abordar
2025-12-09 17:00:00,metro_l1|San Martin,metro_l1,San Martin,864.3662109375,717.3145141601562,978.452880859375,3.5,20571.428571428572,0.04201780192057292,Asientos,3.5,chronos,abordar
2025-12-09 18:00:00,metro_l1|San Martin,metro_l1,San Martin,762.4888305664062,635.912109375,868.139892578125,3.5,20571.428571428572,0.03706542926364475,Asientos,3.5,chronos,abordar
2025-12-09 19:00:00,metro_l1|San Martin,metro_l1,San Martin,564.3718872070312,474.9300537109375,650.6719360351562,3.5,20571.428571428572,0.02743474451700846,Asientos,3.5,chronos,abordar
2025-12-09 20:00:00,metro_l1|San Martin,metro_l1,San Martin,424.0282287597656,356.14697265625,520.7265625,3.5,20571.428571428572,0.020612483342488604,Asientos,3.5,chronos,abordar
2025-12-09 21:00:00,metro_l1|San Martin,metro_l1,San Martin,347.45721435546875,265.9902038574219,452.5335693359375,3.5,20571.428571428572,0.01689028125339084,Asientos,3.5,chronos,abordar
2025-12-09 22:00:00,metro_l1|San Martin,metro_l1,San Martin,18.62420654296875,0.0,83.1474609375,3.5,20571.428571428572,0.0009053433736165364,Asientos,3.5,chronos,abordar
2025-12-09 23:00:00,metro_l1|San Martin,metro_l1,San Martin,0.0,0.0,32.68719482421875,3.5,20571.428571428572,0.0,Asientos,3.5,chronos,abordar
2025-12-09 00:00:00,metro_l1|Santa Rosa,metro_l1,Santa Rosa,0.0,0.0,32.208984375,3.5,20571.428571428572,0.0,Asientos,3.5,chronos,abordar
2025-12-09 01:00:00,metro_l1|Santa Rosa,metro_l1,Santa Rosa,0.0,0.0,41.62744140625,3.5,20571.428571428572,0.0,Asientos,3.5,chronos,abordar
2025-12-09 02:00:00,metro_l1|Santa Rosa,metro_l1,Santa Rosa,0.0,0.0,43.08038330078125,3.5,20571.428571428572,0.0,Asientos,3.5,chronos,abordar
2025-12-09 03:00:00,metro_l1|Santa Rosa,metro_l1,Santa Rosa,0.0,0.0,72.929931640625,3.5,20571.428571428572,0.0,Asientos,3.5,chronos,abordar
2025-12-09 04:00:00,metro_l1|Santa Rosa,metro_l1,Santa Rosa,22.50689697265625,0.0,140.82916259765625,3.5,20571.428571428572,0.0010940852695041233,Asientos,3.5,chronos,abordar
2025-12-09 05:00:00,metro_l1|Santa Rosa,metro_l1,Santa Rosa,795.9788818359375,527.8131713867188,993.334716796875,3.5,20571.428571428572,0.03869341786702474,Asientos,3.5,chronos,abordar
2025-12-09 06:00:00,metro_l1|Santa Rosa,metro_l1,Santa Rosa,1627.6397705078125,1183.88720703125,1871.746826171875,3.5,20571.428571428572,0.07912137773301865,Asientos,3.5,chronos,abordar
2025-12-09 07:00:00,metro_l1|Santa Rosa,metro_l1,Santa Rosa,1728.701904296875,1302.71044921875,1926.643310546875,3.5,20571.428571428572,0.08403412034776475,Asientos,3.5,chronos,abordar
2025-12-09 08:00:00,metro_l1|Santa Rosa,metro_l1,Santa Rosa,1721.6170654296875,1321.7542724609375,1900.7086181640625,3.5,20571.428571428572,0.08368971845838759,Asientos,3.5,chronos,abordar
2025-12-09 09:00:00,metro_l1|Santa Rosa,metro_l1,Santa Rosa,1628.107666015625,1264.42138671875,1819.3675537109375,3.5,20571.428571428572,0.07914412265353732,Asientos,3.5,chronos,abordar
2025-12-09 10:00:00,metro_l1|Santa Rosa,metro_l1,Santa Rosa,1135.528564453125,872.71044921875,1323.65869140625,3.5,20571.428571428572,0.05519930521647135,Asientos,3.5,chronos,abordar
2025-12-09 11:00:00,metro_l1|Santa Rosa,metro_l1,Santa Rosa,933.8284912109375,737.1759033203125,1103.256591796875,3.5,20571.428571428572,0.04539444054497613,Asientos,3.5,chronos,abordar
2025-12-09 12:00:00,metro_l1|Santa Rosa,metro_l1,Santa Rosa,817.9653930664062,671.2430419921875,964.5380859375,3.5,20571.428571428572,0.03976220660739475,Asientos,3.5,chronos,abordar
2025-12-09 13:00:00,metro_l1|Santa Rosa,metro_l1,Santa Rosa,818.6263427734375,691.475830078125,952.5730590820312,3.5,20571.428571428572,0.0397943361070421,Asientos,3.5,chronos,abordar
2025-12-09 14:00:00,metro_l1|Santa Rosa,metro_l1,Santa Rosa,816.4004516601562,692.63525390625,933.643310546875,3.5,20571.428571428572,0.03968613306681315,Asientos,3.5,chronos,abordar
2025-12-09 15:00:00,metro_l1|Santa Rosa,metro_l1,Santa Rosa,790.7431030273438,661.2183227539062,906.0916748046875,3.5,20571.428571428572,0.038438900841606984,Asientos,3.5,chronos,abordar
2025-12-09 16:00:00,metro_l1|Santa Rosa,metro_l1,Santa Rosa,736.9324951171875,592.272216796875,838.82275390625,3.5,20571.428571428572,0.03582310740152995,Asientos,3.5,chronos,abordar
2025-12-09 17:00:00,metro_l1|Santa Rosa,metro_l1,Santa Rosa,816.2899169921875,671.4380493164062,928.1615600585938,3.5,20571.428571428572,0.03968075985378689,Asientos,3.5,chronos,abordar
2025-12-09 18:00:00,metro_l1|Santa Rosa,metro_l1,Santa Rosa,754.4149780273438,614.8026123046875,868.1405639648438,3.5,20571.428571428572,0.03667295032077365,Asientos,3.5,chronos,abordar
2025-12-09 19:00:00,metro_l1|Santa Rosa,metro_l1,Santa Rosa,579.98095703125,463.6021423339844,692.76513671875,3.5,20571.428571428572,0.028193518744574653,Asientos,3.5,chronos,abordar
2025-12-09 20:00:00,metro_l1|Santa Rosa,metro_l1,Santa Rosa,374.80059814453125,285.9654541015625,478.4064636230469,3.5,20571.428571428572,0.018219473520914714,Asientos,3.5,chronos,abordar
2025-12-09 21:00:00,metro_l1|Santa Rosa,metro_l1,Santa Rosa,218.04791259765625,159.22052001953125,300.9508972167969,3.5,20571.428571428572,0.010599551306830511,Asientos,3.5,chronos,abordar
2025-12-09 22:00:00,metro_l1|Santa Rosa,metro_l1,Santa Rosa,24.293212890625,0.0,72.1090087890625,3.5,20571.428571428572,0.0011809200710720487,Asientos,3.5,chronos,abordar
2025-12-09 23:00:00,metro_l1|Santa Rosa,metro_l1,Santa Rosa,0.0,0.0,47.35626220703125,3.5,20571.428571428572,0.0,Asientos,3.5,chronos,abordar
2025-12-09 00:00:00,metro_l1|Villa El Salvador,metro_l1,Villa El Salvador,0.0,0.0,62.197265625,3.5,20571.428571428572,0.0,Asientos,3.5,chronos,abordar
2025-12-09 01:00:00,metro_l1|Villa El Salvador,metro_l1,Villa El Salvador,0.0,0.0,92.3121337890625,3.5,20571.428571428572,0.0,Asientos,3.5,chronos,abordar
2025-12-09 02:00:00,metro_l1|Villa El Salvador,metro_l1,Villa El Salvador,0.0,0.0,118.334228515625,3.5,20571.428571428572,0.0,Asientos,3.5,chronos,abordar
2025-12-09 03:00:00,metro_l1|Villa El Salvador,metro_l1,Villa El Salvador,0.0,0.0,180.2098388671875,3.5,20571.428571428572,0.0,Asientos,3.5,chronos,abordar
2025-12-09 04:00:00,metro_l1|Villa El Salvador,metro_l1,Villa El Salvador,65.0980224609375,0.0,398.7515869140625,3.5,20571.428571428572,0.0031644872029622396,Asientos,3.5,chronos,abordar
2025-12-09 05:00:00,metro_l1|Villa El Salvador,metro_l1,Villa El Salvador,2022.74951171875,1240.57666015625,2616.09912109375,3.5,20571.428571428572,0.09832810126410589,Asientos,3.5,chronos,abordar
2025-12-09 06:00:00,metro_l1|Villa El Salvador,metro_l1,Villa El Salvador,4597.416015625,3212.86767578125,5381.61572265625,3.5,20571.428571428572,0.2234855007595486,De_pie,3.8500000000000005,chronos,abordar
2025-12-09 07:00:00,metro_l1|Villa El Salvador,metro_l1,Villa El Salvador,5262.4423828125,3790.093505859375,5969.5908203125,3.5,20571.428571428572,0.2558131713867187,De_pie,3.8500000000000005,chronos,abordar
2025-12-09 08:00:00,metro_l1|Villa El Salvador,metro_l1,Villa El Salvador,4788.13916015625,3502.162353515625,5412.09619140625,3.5,20571.428571428572,0.23275676472981768,De_pie,3.8500000000000005,chronos,abordar
2025-12-09 09:00:00,metro_l1|Villa El Salvador,metro_l1,Villa El Salvador,3934.36474609375,2893.74853515625,4503.0888671875,3.5,20571.428571428572,0.19125384182400174,De_pie,3.8500000000000005,chronos,abordar
2025-12-09 10:00:00,metro_l1|Villa El Salvador,metro_l1,Villa El Salvador,2787.063720703125,2052.603515625,3308.83837890625,3.5,20571.428571428572,0.13548226420084636,De_pie,3.8500000000000005,chronos,abordar
2025-12-09 11:00:00,metro_l1|Villa El Salvador,metro_l1,Villa El Salvador,2348.84765625,1793.091552734375,2851.14990234375,3.5,20571.428571428572,0.11418009440104165,Asientos,3.5,chronos,abordar
2025-12-09 12:00:00,metro_l1|Villa El Salvador,metro_l1,Villa El Salvador,2121.723876953125,1690.2938232421875,2567.861083984375,3.5,20571.428571428572,0.1031393551296658,Asientos,3.5,chronos,abordar
2025-12-09 13:00:00,metro_l1|Villa El Salvador,metro_l1,Villa El Salvador,2094.271728515625,1712.1943359375,2499.33740234375,3.5,20571.428571428572,0.10180487569173177,Asientos,3.5,chronos,abordar
2025-12-09 14:00:00,metro_l1|Villa El Salvador,metro_l1,Villa El Salvador,2034.573974609375,1680.635498046875,2382.253173828125,3.5,20571.428571428572,0.09890290154351128,Asientos,3.5,chronos,abordar
2025-12-09 15:00:00,metro_l1|Villa El Salvador,metro_l1,Villa El Salvador,1883.5277099609375,1557.989013671875,2188.159912109375,3.5,20571.428571428572,0.09156037478976779,Asientos,3.5,chronos,abordar
2025-12-09 16:00:00,metro_l1|Villa El Salvador,metro_l1,Villa El Salvador,1842.197998046875,1479.25390625,2092.29833984375,3.5,20571.428571428572,0.08955129157172309,Asientos,3.5,chronos,abordar
2025-12-09 17:00:00,metro_l1|Villa El Salvador,metro_l1,Villa El Salvador,2042.3311767578125,1656.8834228515625,2326.310302734375,3.5,20571.428571428572,0.09927998775906033,Asientos,3.5,chronos,abordar
2025-12-09 18:00:00,metro_l1|Villa El Salvador,metro_l1,Villa El Salvador,1804.30712890625,1463.6983642578125,2072.85009765625,3.5,20571.428571428572,0.0877093743218316,Asientos,3.5,chronos,abordar
2025-12-09 19:00:00,metro_l1|Villa El Salvador,metro_l1,Villa El Salvador,1360.22412109375,1076.3094482421875,1627.091552734375,3.5,20571.428571428572,0.06612200588650173,Asientos,3.5,chronos,abordar
2025-12-09 20:00:00,metro_l1|Villa El Salvador,metro_l1,Villa El Salvador,918.4022216796875,689.2415161132812,1197.47900390625,3.5,20571.428571428572,0.04464455244276259,Asientos,3.5,chronos,abordar
2025-12-09 21:00:00,metro_l1|Villa El Salvador,metro_l1,Villa El Salvador,495.8350830078125,327.07958984375,718.5856323242188,3.5,20571.428571428572,0.024103094312879773,Asientos,3.5,chronos,abordar
2025-12-09 22:00:00,metro_l1|Villa El Salvador,metro_l1,Villa El Salvador,68.933349609375,0.0,194.6064453125,3.5,20571.428571428572,0.0033509267171223955,Asientos,3.5,chronos,abordar
2025-12-09 23:00:00,metro_l1|Villa El Salvador,metro_l1,Villa El Salvador,0.0,0.0,113.182861328125,3.5,20571.428571428572,0.0,Asientos,3.5,chronos,abordar
2025-12-09 00:00:00,metro_l1|Villa Maria,metro_l1,Villa Maria,0.0,0.0,28.8271484375,3.5,20571.428571428572,0.0,Asientos,3.5,chronos,abordar
2025-12-09 01:00:00,metro_l1|Villa Maria,metro_l1,Villa Maria,0.0,0.0,49.97344970703125,3.5,20571.428571428572,0.0,Asientos,3.5,chronos,abordar
2025-12-09 02:00:00,metro_l1|Villa Maria,metro_l1,Villa Maria,0.0,0.0,53.23394775390625,3.5,20571.428571428572,0.0,Asientos,3.5,chronos,abordar
2025-12-09 03:00:00,metro_l1|Villa Maria,metro_l1,Villa Maria,0.0,0.0,87.5885009765625,3.5,20571.428571428572,0.0,Asientos,3.5,chronos,abordar
2025-12-09 04:00:00,metro_l1|Villa Maria,metro_l1,Villa Maria,32.90008544921875,0.0,200.3739013671875,3.5,20571.428571428572,0.0015993097093370224,Asientos,3.5,chronos,abordar
2025-12-09 05:00:00,metro_l1|Villa Maria,metro_l1,Villa Maria,1089.43310546875,701.8819580078125,1370.498291015625,3.5,20571.428571428572,0.05295855373806423,Asientos,3.5,chronos,abordar
2025-12-09 06:00:00,metro_l1|Villa Maria,metro_l1,Villa Maria,2125.005126953125,1511.5439453125,2470.7841796875,3.5,20571.428571428572,0.10329886033799912,Asientos,3.5,chronos,abordar
2025-12-09 07:00:00,metro_l1|Villa Maria,metro_l1,Villa Maria,2522.0986328125,1845.209716796875,2834.05126953125,3.5,20571.428571428572,0.12260201687282986,Asientos,3.5,chronos,abordar
2025-12-09 08:00:00,metro_l1|Villa Maria,metro_l1,Villa Maria,2373.65625,1774.75634765625,2646.736572265625,3.5,20571.428571428572,0.11538606770833333,Asientos,3.5,chronos,abordar
2025-12-09 09:00:00,metro_l1|Villa Maria,metro_l1,Villa Maria,1976.24169921875,1488.79931640625,2229.84765625,3.5,20571.428571428572,0.09606730482313368,Asientos,3.5,chronos,abordar
2025-12-09 10:00:00,metro_l1|Villa Maria,metro_l1,Villa Maria,1436.6151123046875,1087.200439453125,1677.5343017578125,3.5,20571.428571428572,0.06983545684814453,Asientos,3.5,chronos,abordar
2025-12-09 11:00:00,metro_l1|Villa Maria,metro_l1,Villa Maria,1242.8333740234375,973.1088256835938,1481.526123046875,3.5,20571.428571428572,0.06041551123725043,Asientos,3.5,chronos,abordar
2025-12-09 12:00:00,metro_l1|Villa Maria,metro_l1,Villa Maria,1162.869873046875,942.5262451171875,1384.526611328125,3.5,20571.428571428572,0.05652839660644531,Asientos,3.5,chronos,abordar
2025-12-09 13:00:00,metro_l1|Villa Maria,metro_l1,Villa Maria,1103.0440673828125,915.8684692382812,1299.8387451171875,3.5,20571.428571428572,0.05362019771999783,Asientos,3.5,chronos,abordar
2025-12-09 14:00:00,metro_l1|Villa Maria,metro_l1,Villa Maria,999.1966552734375,833.8313598632812,1158.9178466796875,3.5,20571.428571428572,0.048572059631347655,Asientos,3.5,chronos,abordar
2025-12-09 15:00:00,metro_l1|Villa Maria,metro_l1,Villa Maria,932.382080078125,768.8046875,1082.5970458984375,3.5,20571.428571428572,0.04532412889268663,Asientos,3.5,chronos,abordar
2025-12-09 16:00:00,metro_l1|Villa Maria,metro_l1,Villa Maria,936.2628173828125,745.8888549804688,1071.4442138671875,3.5,20571.428571428572,0.04551277584499783,Asientos,3.5,chronos,abordar
2025-12-09 17:00:00,metro_l1|Villa Maria,metro_l1,Villa Maria,1117.057861328125,908.20166015625,1262.373291015625,3.5,20571.428571428572,0.05430142381456163,Asientos,3.5,chronos,abordar
2025-12-09 18:00:00,metro_l1|Villa Maria,metro_l1,Villa Maria,894.7464599609375,736.4962158203125,1012.971435546875,3.5,20571.428571428572,0.04349461958143446,Asientos,3.5,chronos,abordar
2025-12-09 19:00:00,metro_l1|Villa Maria,metro_l1,Villa Maria,610.1549072265625,501.3379211425781,715.3101196289062,3.5,20571.428571428572,0.02966030799018012,Asientos,3.5,chronos,abordar
2025-12-09 20:00:00,metro_l1|Villa Maria,metro_l1,Villa Maria,407.9091491699219,321.89385986328125,519.66845703125,3.5,20571.428571428572,0.019828916973537867,Asientos,3.5,chronos,abordar
2025-12-09 21:00:00,metro_l1|Villa Maria,metro_l1,Villa Maria,231.8099365234375,168.37493896484375,328.5453186035156,3.5,20571.428571428572,0.011268538581000433,Asientos,3.5,chronos,abordar
2025-12-09 22:00:00,metro_l1|Villa Maria,metro_l1,Villa Maria,53.21771240234375,2.70550537109375,116.17401123046875,3.5,20571.428571428572,0.0025869721306694877,Asientos,3.5,chronos,abordar
2025-12-09 23:00:00,metro_l1|Villa Maria,metro_l1,Villa Maria,0.0,0.0,44.0185546875,3.5,20571.428571428572,0.0,Asientos,3.5,chronos,abordar
2025-12-09 00:00:00,troncal|2 de Mayo,troncal,2 de Mayo,0.0,0.0,0.0,9.558823529411764,1029.4153846153847,0.0,Asientos,9.558823529411764,chronos,abordar
2025-12-09 01:00:00,troncal|2 de Mayo,troncal,2 de Mayo,0.0,0.0,2.498779296875,9.558823529411764,1029.4153846153847,0.0,Asientos,9.558823529411764,chronos,abordar
2025-12-09 02:00:00,troncal|2 de Mayo,troncal,2 de Mayo,0.0,0.0,0.0,9.558823529411764,1029.4153846153847,0.0,Asientos,9.558823529411764,chronos,abordar
2025-12-09 03:00:00,troncal|2 de Mayo,troncal,2 de Mayo,0.0,0.0,3.433563232421875,9.558823529411764,1029.4153846153847,0.0,Asientos,9.558823529411764,chronos,abordar
2025-12-09 04:00:00,troncal|2 de Mayo,troncal,2 de Mayo,0.0,0.0,11.850418090820312,9.558823529411764,1029.4153846153847,0.0,Asientos,9.558823529411764,chronos,abordar
2025-12-09 05:00:00,troncal|2 de Mayo,troncal,2 de Mayo,22.654937744140625,7.3145904541015625,49.7464599609375,9.558823529411764,1029.4153846153847,0.022007576419314032,Asientos,9.558823529411764,chronos,abordar
2025-12-09 06:00:00,troncal|2 de Mayo,troncal,2 de Mayo,131.3751983642578,92.72737121582031,182.2481231689453,9.558823529411764,1029.4153846153847,0.12762117249038674,De_pie,10.514705882352942,chronos,cambiar_paradero
2025-12-09 07:00:00,troncal|2 de Mayo,troncal,2 de Mayo,323.89801025390625,240.91156005859375,405.61798095703125,9.558823529411764,1029.4153846153847,0.31464267495372883,De_pie,10.514705882352942,chronos,cambiar_paradero
2025-12-09 08:00:00,troncal|2 de Mayo,troncal,2 de Mayo,345.54266357421875,246.89895629882812,434.4044189453125,9.558823529411764,1029.4153846153847,0.33566883566959915,De_pie,10.514705882352942,chronos,cambiar_paradero
2025-12-09 09:00:00,troncal|2 de Mayo,troncal,2 de Mayo,153.31283569335938,87.68740844726562,229.73828125,9.558823529411764,1029.4153846153847,0.14893194524253286,De_pie,10.514705882352942,chronos,cambiar_paradero
2025-12-09 10:00:00,troncal|2 de Mayo,troncal,2 de Mayo,132.88150024414062,77.87621307373047,199.92022705078125,9.558823529411764,1029.4153846153847,0.1290844320281734,De_pie,10.514705882352942,chronos,cambiar_paradero
2025-12-09 11:00:00,troncal|2 de Mayo,troncal,2 de Mayo,173.23052978515625,110.16654205322266,248.2421875,9.558823529411764,1029.4153846153847,0.16828049432142447,De_pie,10.514705882352942,chronos,cambiar_paradero
2025-12-09 12:00:00,troncal|2 de Mayo,troncal,2 de Mayo,220.02134704589844,143.42909240722656,299.44427490234375,9.558823529411764,1029.4153846153847,0.21373427125154526,De_pie,10.514705882352942,chronos,cambiar_paradero
2025-12-09 13:00:00,troncal|2 de Mayo,troncal,2 de Mayo,221.4170379638672,143.6830596923828,302.8998107910156,9.558823529411764,1029.4153846153847,0.21509008051846254,De_pie,10.514705882352942,chronos,cambiar_paradero
2025-12-09 14:00:00,troncal|2 de Mayo,troncal,2 de Mayo,193.56243896484375,120.802001953125,270.44921875,9.558823529411764,1029.4153846153847,0.1880314223564509,De_pie,10.514705882352942,chronos,cambiar_paradero
2025-12-09 15:00:00,troncal|2 de Mayo,troncal,2 de Mayo,198.7130584716797,125.58491516113281,276.21002197265625,9.558823529411764,1029.4153846153847,0.1930348637114296,De_pie,10.514705882352942,chronos,cambiar_paradero
2025-12-09 16:00:00,troncal|2 de Mayo,troncal,2 de Mayo,249.8939971923828,162.17767333984375,341.8078308105469,9.558823529411764,1029.4153846153847,0.24275331506314085,De_pie,10.514705882352942,chronos,cambiar_paradero
2025-12-09 17:00:00,troncal|2 de Mayo,troncal,2 de Mayo,467.48199462890625,319.751953125,583.009033203125,9.558823529411764,1029.4153846153847,0.4541237692921883,De_pie,10.514705882352942,chronos,cambiar_paradero
2025-12-09 18:00:00,troncal|2 de Mayo,troncal,2 de Mayo,608.2195434570312,418.81884765625,737.6558227539062,9.558823529411764,1029.4153846153847,0.5908397645371088,De_pie,10.514705882352942,chronos,cambiar_paradero
2025-12-09 19:00:00,troncal|2 de Mayo,troncal,2 de Mayo,456.1895751953125,307.166748046875,565.7344970703125,9.558823529411764,1029.4153846153847,0.44315402898875106,De_pie,10.514705882352942,chronos,cambiar_paradero
2025-12-09 20:00:00,troncal|2 de Mayo,troncal,2 de Mayo,261.97894287109375,162.26885986328125,343.0093994140625,9.558823529411764,1029.4153846153847,0.2544929352974219,De_pie,10.514705882352942,chronos,cambiar_paradero
2025-12-09 21:00:00,troncal|2 de Mayo,troncal,2 de Mayo,125.70408630371094,62.91224670410156,183.85914611816406,9.558823529411764,1029.4153846153847,0.12211211157552024,Asientos,9.558823529411764,chronos,abordar
2025-12-09 22:00:00,troncal|2 de Mayo,troncal,2 de Mayo,39.95625305175781,9.424530029296875,80.93843841552734,9.558823529411764,1029.4153846153847,0.038814509331125326,Asientos,9.558823529411764,chronos,abordar
2025-12-09 23:00:00,troncal|2 de Mayo,troncal,2 de Mayo,1.885650634765625,0.0,21.282012939453125,9.558823529411764,1029.4153846153847,0.0018317684609601508,Asientos,9.558823529411764,chronos,abordar
2025-12-09 00:00:00,troncal|22 De Agosto,troncal,22 De Agosto,0.0,0.0,1.1576080322265625,9.558823529411764,1029.4153846153847,0.0,Asientos,9.558823529411764,chronos,abordar
2025-12-09 01:00:00,troncal|22 De Agosto,troncal,22 De Agosto,0.0,0.0,12.9786376953125,9.558823529411764,1029.4153846153847,0.0,Asientos,9.558823529411764,chronos,abordar
2025-12-09 02:00:00,troncal|22 De Agosto,troncal,22 De Agosto,2.295562744140625,0.0,19.811660766601562,9.558823529411764,1029.4153846153847,0.0022299673955215897,Asientos,9.558823529411764,chronos,abordar
2025-12-09 03:00:00,troncal|22 De Agosto,troncal,22 De Agosto,0.0,0.0,20.080352783203125,9.558823529411764,1029.4153846153847,0.0,Asientos,9.558823529411764,chronos,abordar
2025-12-09 04:00:00,troncal|22 De Agosto,troncal,22 De Agosto,38.44749450683594,0.0,85.93875885009766,9.558823529411764,1029.4153846153847,0.03734886332712123,Asientos,9.558823529411764,chronos,abordar
2025-12-09 05:00:00,troncal|22 De Agosto,troncal,22 De Agosto,311.9216613769531,174.2777557373047,427.8311767578125,9.558823529411764,1029.4153846153847,0.3030085483844744,De_pie,10.514705882352942,chronos,cambiar_paradero
2025-12-09 06:00:00,troncal|22 De Agosto,troncal,22 De Agosto,896.19287109375,589.463623046875,1096.05810546875,9.558823529411764,1029.4153846153847,0.8705842990957339,Saturado,12.426470588235293,chronos,cambiar_paradero
2025-12-09 07:00:00,troncal|22 De Agosto,troncal,22 De Agosto,1038.531005859375,695.6005859375,1241.6995849609375,9.558823529411764,1029.4153846153847,1.0088551437837663,Saturado,12.426470588235293,chronos,cambiar_paradero
2025-12-09 08:00:00,troncal|22 De Agosto,troncal,22 De Agosto,530.0216064453125,329.656005859375,669.5138549804688,9.558823529411764,1029.4153846153847,0.5148763214213491,De_pie,10.514705882352942,chronos,cambiar_paradero
2025-12-09 09:00:00,troncal|22 De Agosto,troncal,22 De Agosto,232.53143310546875,122.757080078125,311.4542541503906,9.558823529411764,1029.4153846153847,0.22588688354638134,De_pie,10.514705882352942,chronos,cambiar_paradero
2025-12-09 10:00:00,troncal|22 De Agosto,troncal,22 De Agosto,160.7838592529297,87.86138916015625,211.99974060058594,9.558823529411764,1029.4153846153847,0.15618948546509487,De_pie,10.514705882352942,chronos,cambiar_paradero
2025-12-09 11:00:00,troncal|22 De Agosto,troncal,22 De Agosto,146.90200805664062,94.9833984375,194.23971557617188,9.558823529411764,1029.4153846153847,0.14270430600911108,De_pie,10.514705882352942,chronos,cambiar_paradero
2025-12-09 12:00:00,troncal|22 De Agosto,troncal,22 De Agosto,144.08731079101562,102.42811584472656,186.84869384765625,9.558823529411764,1029.4153846153847,0.13997003828036847,De_pie,10.514705882352942,chronos,cambiar_paradero
2025-12-09 13:00:00,troncal|22 De Agosto,troncal,22 De Agosto,126.87452697753906,89.9698486328125,168.19375610351562,9.558823529411764,1029.4153846153847,0.123249107089013,Asientos,9.558823529411764,chronos,abordar
2025-12-09 14:00:00,troncal|22 De Agosto,troncal,22 De Agosto,107.18079376220703,78.03582763671875,143.24839782714844,9.558823529411764,1029.4153846153847,0.10411811923935103,Asientos,9.558823529411764,chronos,abordar
2025-12-09 15:00:00,troncal|22 De Agosto,troncal,22 De Agosto,97.72615051269531,69.73764038085938,134.28797912597656,9.558823529411764,1029.4153846153847,0.09493364095117758,Asientos,9.558823529411764,chronos,abordar
2025-12-09 16:00:00,troncal|22 De Agosto,troncal,22 De Agosto,97.35938262939453,65.93612670898438,130.04293823242188,9.558823529411764,1029.4153846153847,0.09457735340313612,Asientos,9.558823529411764,chronos,abordar
2025-12-09 17:00:00,troncal|22 De Agosto,troncal,22 De Agosto,97.46238708496094,66.78697204589844,136.2242431640625,9.558823529411764,1029.4153846153847,0.09467741452239449,Asientos,9.558823529411764,chronos,abordar
2025-12-09 18:00:00,troncal|22 De Agosto,troncal,22 De Agosto,69.53563690185547,45.516136169433594,106.11102294921875,9.558823529411764,1029.4153846153847,0.06754866688517164,Asientos,9.558823529411764,chronos,abordar
2025-12-09 19:00:00,troncal|22 De Agosto,troncal,22 De Agosto,44.381675720214844,28.13074493408203,73.80931091308594,9.558823529411764,1029.4153846153847,0.043113476234665896,Asientos,9.558823529411764,chronos,abordar
2025-12-09 20:00:00,troncal|22 De Agosto,troncal,22 De Agosto,27.93732452392578,17.744064331054688,51.9661865234375,9.558823529411764,1029.4153846153847,0.02713901981789777,Asientos,9.558823529411764,chronos,abordar
2025-12-09 21:00:00,troncal|22 De Agosto,troncal,22 De Agosto,15.1275634765625,0.5484771728515625,38.9488525390625,9.558823529411764,1029.4153846153847,0.014695295701467038,Asientos,9.558823529411764,chronos,abordar
2025-12-09 22:00:00,troncal|22 De Agosto,troncal,22 De Agosto,6.9509429931640625,0.0,30.824493408203125,9.558823529411764,1029.4153846153847,0.006752320877505739,Asientos,9.558823529411764,chronos,abordar
2025-12-09 23:00:00,troncal|22 De Agosto,troncal,22 De Agosto,0.0,0.0,22.639785766601562,9.558823529411764,1029.4153846153847,0.0,Asientos,9.558823529411764,chronos,abordar
2025-12-09 00:00:00,troncal|28 de Julio,troncal,28 de Julio,0.0,0.0,0.271453857421875,9.558823529411764,1029.4153846153847,0.0,Asientos,9.558823529411764,chronos,abordar
2025-12-09 01:00:00,troncal|28 de Julio,troncal,28 de Julio,0.0,0.0,1.6833953857421875,9.558823529411764,1029.4153846153847,0.0,Asientos,9.558823529411764,chronos,abordar
2025-12-09 02:00:00,troncal|28 de Julio,troncal,28 de Julio,0.0,0.0,4.0399017333984375,9.558823529411764,1029.4153846153847,0.0,Asientos,9.558823529411764,chronos,abordar
2025-12-09 03:00:00,troncal|28 de Julio,troncal,28 de Julio,0.0,0.0,1.7378692626953125,9.558823529411764,1029.4153846153847,0.0,Asientos,9.558823529411764,chronos,abordar
2025-12-09 04:00:00,troncal|28 de Julio,troncal,28 de Julio,0.0,0.0,6.3643341064453125,9.558823529411764,1029.4153846153847,0.0,Asientos,9.558823529411764,chronos,abordar
2025-12-09 05:00:00,troncal|28 de Julio,troncal,28 de Julio,11.358871459960938,4.33172607421875,24.867202758789062,9.558823529411764,1029.4153846153847,0.011034293473479508,Asientos,9.558823529411764,chronos,abordar
2025-12-09 06:00:00,troncal|28 de Julio,troncal,28 de Julio,53.26593017578125,37.26776885986328,75.50341796875,9.558823529411764,1029.4153846153847,0.05174386450002662,Asientos,9.558823529411764,chronos,abordar
2025-12-09 07:00:00,troncal|28 de Julio,troncal,28 de Julio,130.3523406982422,98.05801391601562,161.6833953857422,9.558823529411764,1029.4153846153847,0.12662754282319677,De_pie,10.514705882352942,chronos,cambiar_paradero
2025-12-09 08:00:00,troncal|28 de Julio,troncal,28 de Julio,143.9464111328125,108.22270202636719,177.00160217285156,9.558823529411764,1029.4153846153847,0.13983316480799873,De_pie,10.514705882352942,chronos,cambiar_paradero
2025-12-09 09:00:00,troncal|28 de Julio,troncal,28 de Julio,121.59236907958984,90.02153015136719,148.7205047607422,9.558823529411764,1029.4153846153847,0.11811788603200232,Asientos,9.558823529411764,chronos,abordar
2025-12-09 10:00:00,troncal|28 de Julio,troncal,28 de Julio,106.61788177490234,80.40962982177734,133.95321655273438,9.558823529411764,1029.4153846153847,0.10357129237459128,Asientos,9.558823529411764,chronos,abordar
2025-12-09 11:00:00,troncal|28 de Julio,troncal,28 de Julio,114.63572692871094,85.74156188964844,146.6925506591797,9.558823529411764,1029.4153846153847,0.11136002884932762,Asientos,9.558823529411764,chronos,abordar
2025-12-09 12:00:00,troncal|28 de Julio,troncal,28 de Julio,138.10870361328125,105.67168426513672,176.14569091796875,9.558823529411764,1029.4153846153847,0.13416226887349475,De_pie,10.514705882352942,chronos,cambiar_paradero
2025-12-09 13:00:00,troncal|28 de Julio,troncal,28 de Julio,149.01556396484375,114.96128845214844,192.02291870117188,9.558823529411764,1029.4153846153847,0.1447574673857431,De_pie,10.514705882352942,chronos,cambiar_paradero
2025-12-09 14:00:00,troncal|28 de Julio,troncal,28 de Julio,164.04550170898438,124.00495910644531,212.27847290039062,9.558823529411764,1029.4153846153847,0.15935792699491846,De_pie,10.514705882352942,chronos,cambiar_paradero
2025-12-09 15:00:00,troncal|28 de Julio,troncal,28 de Julio,213.54653930664062,157.00445556640625,272.01947021484375,9.558823529411764,1029.4153846153847,0.20744448013707018,De_pie,10.514705882352942,chronos,cambiar_paradero
2025-12-09 16:00:00,troncal|28 de Julio,troncal,28 de Julio,310.27508544921875,221.80618286132812,389.2275695800781,9.558823529411764,1029.4153846153847,0.301409023107951,De_pie,10.514705882352942,chronos,cambiar_paradero
2025-12-09 17:00:00,troncal|28 de Julio,troncal,28 de Julio,560.7265625,398.9339294433594,670.1158447265625,9.558823529411764,1029.4153846153847,0.5447038881291846,De_pie,10.514705882352942,chronos,cambiar_paradero
2025-12-09 18:00:00,troncal|28 de Julio,troncal,28 de Julio,518.4864501953125,364.53021240234375,622.61865234375,9.558823529411764,1029.4153846153847,0.5036707804683063,De_pie,10.514705882352942,chronos,cambiar_paradero
2025-12-09 19:00:00,troncal|28 de Julio,troncal,28 de Julio,339.55462646484375,221.45294189453125,423.31829833984375,9.558823529411764,1029.4153846153847,0.32985190578991574,De_pie,10.514705882352942,chronos,cambiar_paradero
2025-12-09 20:00:00,troncal|28 de Julio,troncal,28 de Julio,231.98260498046875,146.78387451171875,291.57098388671875,9.558823529411764,1029.4153846153847,0.22535373809974993,De_pie,10.514705882352942,chronos,cambiar_paradero
2025-12-09 21:00:00,troncal|28 de Julio,troncal,28 de Julio,165.7538299560547,110.78334045410156,211.23736572265625,9.558823529411764,1029.4153846153847,0.16101744002785082,De_pie,10.514705882352942,chronos,cambiar_paradero
2025-12-09 22:00:00,troncal|28 de Julio,troncal,28 de Julio,130.4323272705078,83.95939636230469,171.20252990722656,9.558823529411764,1029.4153846153847,0.12670524379159204,De_pie,10.514705882352942,chronos,cambiar_paradero
2025-12-09 23:00:00,troncal|28 de Julio,troncal,28 de Julio,11.242584228515625,0.0,36.248619079589844,9.558823529411764,1029.4153846153847,0.010921329131598451,Asientos,9.558823529411764,chronos,abordar
2025-12-09 00:00:00,troncal|Andres Belaunde,troncal,Andres Belaunde,0.0,0.0,22.314239501953125,9.558823529411764,1029.4153846153847,0.0,Asientos,9.558823529411764,chronos,abordar
2025-12-09 01:00:00,troncal|Andres Belaunde,troncal,Andres Belaunde,0.0,0.0,31.385269165039062,9.558823529411764,1029.4153846153847,0.0,Asientos,9.558823529411764,chronos,abordar
2025-12-09 02:00:00,troncal|Andres Belaunde,troncal,Andres Belaunde,1.354736328125,0.0,43.85496520996094,9.558823529411764,1029.4153846153847,0.0013160249481128196,Asientos,9.558823529411764,chronos,abordar
2025-12-09 03:00:00,troncal|Andres Belaunde,troncal,Andres Belaunde,4.777618408203125,0.0,53.82008361816406,9.558823529411764,1029.4153846153847,0.004641098704764513,Asientos,9.558823529411764,chronos,abordar
2025-12-09 04:00:00,troncal|Andres Belaunde,troncal,Andres Belaunde,57.463653564453125,0.0,134.99594116210938,9.558823529411764,1029.4153846153847,0.05582163859531105,Asientos,9.558823529411764,chronos,abordar
2025-12-09 05:00:00,troncal|Andres Belaunde,troncal,Andres Belaunde,558.1154174804688,376.0375061035156,705.8197021484375,9.558823529411764,1029.4153846153847,0.5421673561727413,De_pie,10.514705882352942,chronos,cambiar_paradero
2025-12-09 06:00:00,troncal|Andres Belaunde,troncal,Andres Belaunde,1404.920166015625,960.66162109375,1661.91259765625,9.558823529411764,1029.4153846153847,1.3647747906356948,Saturado,12.426470588235293,chronos,cambiar_paradero
2025-12-09 07:00:00,troncal|Andres Belaunde,troncal,Andres Belaunde,918.1063232421875,638.1779174804688,1088.4404296875,9.558823529411764,1029.4153846153847,0.8918715777549944,Saturado,12.426470588235293,chronos,cambiar_paradero
2025-12-09 08:00:00,troncal|Andres Belaunde,troncal,Andres Belaunde,637.4566650390625,436.3488464355469,751.8287353515625,9.558823529411764,1029.4153846153847,0.6192414399142017,Saturado,12.426470588235293,chronos,cambiar_paradero
2025-12-09 09:00:00,troncal|Andres Belaunde,troncal,Andres Belaunde,551.428466796875,380.1337585449219,647.0447998046875,9.558823529411764,1029.4153846153847,0.5356714840655917,De_pie,10.514705882352942,chronos,cambiar_paradero
2025-12-09 10:00:00,troncal|Andres Belaunde,troncal,Andres Belaunde,444.5704345703125,313.4215087890625,534.5831909179688,9.558823529411764,1029.4153846153847,0.43186690350117035,De_pie,10.514705882352942,chronos,cambiar_paradero
2025-12-09 11:00:00,troncal|Andres Belaunde,troncal,Andres Belaunde,376.3846130371094,280.7863464355469,461.16070556640625,9.558823529411764,1029.4153846153847,0.36562948122029093,De_pie,10.514705882352942,chronos,cambiar_paradero
2025-12-09 12:00:00,troncal|Andres Belaunde,troncal,Andres Belaunde,340.1656188964844,266.7768249511719,412.8917541503906,9.558823529411764,1029.4153846153847,0.3304454392077876,De_pie,10.514705882352942,chronos,cambiar_paradero
2025-12-09 13:00:00,troncal|Andres Belaunde,troncal,Andres Belaunde,326.7428283691406,263.1318664550781,393.2195739746094,9.558823529411764,1029.4153846153847,0.31740620283348486,De_pie,10.514705882352942,chronos,cambiar_paradero
2025-12-09 14:00:00,troncal|Andres Belaunde,troncal,Andres Belaunde,290.7470703125,245.74986267089844,340.11083984375,9.558823529411764,1029.4153846153847,0.2824390179685632,De_pie,10.514705882352942,chronos,cambiar_paradero
2025-12-09 15:00:00,troncal|Andres Belaunde,troncal,Andres Belaunde,275.8737487792969,234.47503662109375,324.79193115234375,9.558823529411764,1029.4153846153847,0.2679906992864403,De_pie,10.514705882352942,chronos,cambiar_paradero
2025-12-09 16:00:00,troncal|Andres Belaunde,troncal,Andres Belaunde,295.4583435058594,233.93199157714844,347.7453308105469,9.558823529411764,1029.4153846153847,0.2870156672626862,De_pie,10.514705882352942,chronos,cambiar_paradero
2025-12-09 17:00:00,troncal|Andres Belaunde,troncal,Andres Belaunde,309.3315734863281,247.855712890625,368.709716796875,9.558823529411764,1029.4153846153847,0.30049247185275174,De_pie,10.514705882352942,chronos,cambiar_paradero
2025-12-09 18:00:00,troncal|Andres Belaunde,troncal,Andres Belaunde,216.0979461669922,173.86668395996094,266.6566467285156,9.558823529411764,1029.4153846153847,0.2099229809429473,De_pie,10.514705882352942,chronos,cambiar_paradero
2025-12-09 19:00:00,troncal|Andres Belaunde,troncal,Andres Belaunde,129.5133056640625,107.43190002441406,172.7764434814453,9.558823529411764,1029.4153846153847,0.1258124830847092,Asientos,9.558823529411764,chronos,abordar
2025-12-09 20:00:00,troncal|Andres Belaunde,troncal,Andres Belaunde,68.391357421875,48.0616455078125,125.16703796386719,9.558823529411764,1029.4153846153847,0.06643708501347852,Asientos,9.558823529411764,chronos,abordar
2025-12-09 21:00:00,troncal|Andres Belaunde,troncal,Andres Belaunde,50.08204650878906,27.450714111328125,108.61868286132812,9.558823529411764,1029.4153846153847,0.04865095981395398,Asientos,9.558823529411764,chronos,abordar
2025-12-09 22:00:00,troncal|Andres Belaunde,troncal,Andres Belaunde,18.370452880859375,0.0,59.98356628417969,9.558823529411764,1029.4153846153847,0.017845520045072023,Asientos,9.558823529411764,chronos,abordar
2025-12-09 23:00:00,troncal|Andres Belaunde,troncal,Andres Belaunde,0.0,0.0,35.9227294921875,9.558823529411764,1029.4153846153847,0.0,Asientos,9.558823529411764,chronos,abordar
2025-12-09 00:00:00,troncal|Andrés Reyes,troncal,Andrés Reyes,0.0,0.0,0.0,9.558823529411764,1029.4153846153847,0.0,Asientos,9.558823529411764,chronos,abordar
2025-12-09 01:00:00,troncal|Andrés Reyes,troncal,Andrés Reyes,0.0,0.0,2.427978515625,9.558823529411764,1029.4153846153847,0.0,Asientos,9.558823529411764,chronos,abordar
2025-12-09 02:00:00,troncal|Andrés Reyes,troncal,Andrés Reyes,0.0,0.0,9.851699829101562,9.558823529411764,1029.4153846153847,0.0,Asientos,9.558823529411764,chronos,abordar
2025-12-09 03:00:00,troncal|Andrés Reyes,troncal,Andrés Reyes,0.0,0.0,1.1189727783203125,9.558823529411764,1029.4153846153847,0.0,Asientos,9.558823529411764,chronos,abordar
2025-12-09 04:00:00,troncal|Andrés Reyes,troncal,Andrés Reyes,0.0,0.0,13.1357421875,9.558823529411764,1029.4153846153847,0.0,Asientos,9.558823529411764,chronos,abordar
2025-12-09 05:00:00,troncal|Andrés Reyes,troncal,Andrés Reyes,4.25836181640625,0.0,32.88299560546875,9.558823529411764,1029.4153846153847,0.004136679789371207,Asientos,9.558823529411764,chronos,abordar
2025-12-09 06:00:00,troncal|Andrés Reyes,troncal,Andrés Reyes,23.41400146484375,0.064483642578125,60.87663269042969,9.558823529411764,1029.4153846153847,0.02274495001217784,Asientos,9.558823529411764,chronos,abordar
2025-12-09 07:00:00,troncal|Andrés Reyes,troncal,Andrés Reyes,46.20262145996094,17.419265747070312,94.33306884765625,9.558823529411764,1029.4153846153847,0.044882388732924744,Asientos,9.558823529411764,chronos,abordar
2025-12-09 08:00:00,troncal|Andrés Reyes,troncal,Andrés Reyes,50.29301452636719,14.796493530273438,87.21051025390625,9.558823529411764,1029.4153846153847,0.04885589945322015,Asientos,9.558823529411764,chronos,abordar
2025-12-09 09:00:00,troncal|Andrés Reyes,troncal,Andrés Reyes,35.91539001464844,6.4556427001953125,61.14945983886719,9.558823529411764,1029.4153846153847,0.034889113327237986,Asientos,9.558823529411764,chronos,abordar
2025-12-09 10:00:00,troncal|Andrés Reyes,troncal,Andrés Reyes,40.10511779785156,5.2282867431640625,74.95220184326172,9.558823529411764,1029.4153846153847,0.038959120290237195,Asientos,9.558823529411764,chronos,abordar
2025-12-09 11:00:00,troncal|Andrés Reyes,troncal,Andrés Reyes,53.8031005859375,11.315139770507812,102.24365997314453,9.558823529411764,1029.4153846153847,0.052265685349203984,Asientos,9.558823529411764,chronos,abordar
2025-12-09 12:00:00,troncal|Andrés Reyes,troncal,Andrés Reyes,85.02509307861328,32.181427001953125,133.44992065429688,9.558823529411764,1029.4153846153847,0.08259551425917418,Asientos,9.558823529411764,chronos,abordar
2025-12-09 13:00:00,troncal|Andrés Reyes,troncal,Andrés Reyes,117.38664245605469,51.93861389160156,187.1085205078125,9.558823529411764,1029.4153846153847,0.1140323373930469,Asientos,9.558823529411764,chronos,abordar
2025-12-09 14:00:00,troncal|Andrés Reyes,troncal,Andrés Reyes,109.06581115722656,41.69462585449219,190.27227783203125,9.558823529411764,1029.4153846153847,0.1059492725552924,Asientos,9.558823529411764,chronos,abordar
2025-12-09 15:00:00,troncal|Andrés Reyes,troncal,Andrés Reyes,161.72286987304688,73.9289779663086,258.189453125,9.558823529411764,1029.4153846153847,0.1571016640026908,De_pie,10.514705882352942,chronos,cambiar_paradero
2025-12-09 16:00:00,troncal|Andrés Reyes,troncal,Andrés Reyes,386.3450927734375,200.437255859375,582.734130859375,9.558823529411764,1029.4153846153847,0.37530534179629116,De_pie,10.514705882352942,chronos,cambiar_paradero
2025-12-09 17:00:00,troncal|Andrés Reyes,troncal,Andrés Reyes,1309.1268310546875,828.143798828125,1647.099609375,9.558823529411764,1029.4153846153847,1.2717187353322974,Saturado,12.426470588235293,chronos,cambiar_paradero
2025-12-09 18:00:00,troncal|Andrés Reyes,troncal,Andrés Reyes,1637.8590087890625,1070.1322021484375,1992.3895263671875,9.558823529411764,1029.4153846153847,1.5910574421821055,Saturado,12.426470588235293,chronos,cambiar_paradero
2025-12-09 19:00:00,troncal|Andrés Reyes,troncal,Andrés Reyes,971.4437255859375,575.742431640625,1232.10498046875,9.558823529411764,1029.4153846153847,0.9436848721168988,Saturado,12.426470588235293,chronos,cambiar_paradero
2025-12-09 20:00:00,troncal|Andrés Reyes,troncal,Andrés Reyes,484.7322692871094,242.3258056640625,642.6544189453125,9.558823529411764,1029.4153846153847,0.47088112003320937,De_pie,10.514705882352942,chronos,cambiar_paradero
2025-12-09 21:00:00,troncal|Andrés Reyes,troncal,Andrés Reyes,231.4699249267578,95.92057037353516,318.7071533203125,9.558823529411764,1029.4153846153847,0.22485570779888894,De_pie,10.514705882352942,chronos,cambiar_paradero
2025-12-09 22:00:00,troncal|Andrés Reyes,troncal,Andrés Reyes,79.11649322509766,11.539566040039062,137.45510864257812,9.558823529411764,1029.4153846153847,0.07685575172811077,Asientos,9.558823529411764,chronos,abordar
2025-12-09 23:00:00,troncal|Andrés Reyes,troncal,Andrés Reyes,20.416717529296875,0.0,44.20426940917969,9.558823529411764,1029.4153846153847,0.019833312999227293,Asientos,9.558823529411764,chronos,abordar
2025-12-09 00:00:00,troncal|Angamos,troncal,Angamos,0.0,0.0,0.0,9.558823529411764,1029.4153846153847,0.0,Asientos,9.558823529411764,chronos,abordar
2025-12-09 01:00:00,troncal|Angamos,troncal,Angamos,0.0,0.0,0.0,9.558823529411764,1029.4153846153847,0.0,Asientos,9.558823529411764,chronos,abordar
2025-12-09 02:00:00,troncal|Angamos,troncal,Angamos,0.0,0.0,0.0,9.558823529411764,1029.4153846153847,0.0,Asientos,9.558823529411764,chronos,abordar
2025-12-09 03:00:00,troncal|Angamos,troncal,Angamos,0.0,0.0,0.0,9.558823529411764,1029.4153846153847,0.0,Asientos,9.558823529411764,chronos,abordar
2025-12-09 04:00:00,troncal|Angamos,troncal,Angamos,0.0,0.0,0.0,9.558823529411764,1029.4153846153847,0.0,Asientos,9.558823529411764,chronos,abordar
2025-12-09 05:00:00,troncal|Angamos,troncal,Angamos,93.29290771484375,53.41778564453125,166.097900390625,9.558823529411764,1029.4153846153847,0.09062707737722446,Asientos,9.558823529411764,chronos,abordar
2025-12-09 06:00:00,troncal|Angamos,troncal,Angamos,412.8494567871094,296.0466003417969,556.078369140625,9.558823529411764,1029.4153846153847,0.4010523477277933,De_pie,10.514705882352942,chronos,cambiar_paradero
2025-12-09 07:00:00,troncal|Angamos,troncal,Angamos,828.38525390625,626.3472900390625,1025.112548828125,9.558823529411764,1029.4153846153847,0.8047142740301627,Saturado,12.426470588235293,chronos,cambiar_paradero
2025-12-09 08:00:00,troncal|Angamos,troncal,Angamos,864.314208984375,649.1212768554688,1037.876708984375,9.558823529411764,1029.4153846153847,0.8396165648012968,Saturado,12.426470588235293,chronos,cambiar_paradero
2025-12-09 09:00:00,troncal|Angamos,troncal,Angamos,762.23974609375,564.1323852539062,906.4554443359375,9.558823529411764,1029.4153846153847,0.7404588638225392,Saturado,12.426470588235293,chronos,cambiar_paradero
2025-12-09 10:00:00,troncal|Angamos,troncal,Angamos,698.060302734375,512.2288208007812,868.272705078125,9.558823529411764,1029.4153846153847,0.6781133380818742,Saturado,12.426470588235293,chronos,cambiar_paradero
2025-12-09 11:00:00,troncal|Angamos,troncal,Angamos,677.7678833007812,504.75616455078125,859.9599609375,9.558823529411764,1029.4153846153847,0.6584007713795847,Saturado,12.426470588235293,chronos,cambiar_paradero
2025-12-09 12:00:00,troncal|Angamos,troncal,Angamos,725.53515625,544.1434936523438,907.78955078125,9.558823529411764,1029.4153846153847,0.7048031019286525,Saturado,12.426470588235293,chronos,cambiar_paradero
2025-12-09 13:00:00,troncal|Angamos,troncal,Angamos,821.5938110351562,619.1148681640625,1054.7587890625,9.558823529411764,1029.4153846153847,0.7981168955835298,Saturado,12.426470588235293,chronos,cambiar_paradero
2025-12-09 14:00:00,troncal|Angamos,troncal,Angamos,883.3662719726562,654.0706787109375,1144.035400390625,9.558823529411764,1029.4153846153847,0.8581242180509124,Saturado,12.426470588235293,chronos,cambiar_paradero
2025-12-09 15:00:00,troncal|Angamos,troncal,Angamos,1067.3297119140625,781.602294921875,1364.1636962890625,9.558823529411764,1029.4153846153847,1.0368309312890671,Saturado,12.426470588235293,chronos,cambiar_paradero
2025-12-09 16:00:00,troncal|Angamos,troncal,Angamos,1529.956787109375,1073.9881591796875,1939.572021484375,9.558823529411764,1029.4153846153847,1.4862385097158861,Saturado,12.426470588235293,chronos,cambiar_paradero
2025-12-09 17:00:00,troncal|Angamos,troncal,Angamos,2865.06103515625,2028.4776611328125,3404.24951171875,9.558823529411764,1029.4153846153847,2.783192361387438,Saturado,12.426470588235293,chronos,cambiar_paradero
2025-12-09 18:00:00,troncal|Angamos,troncal,Angamos,3128.302978515625,2243.600341796875,3640.68359375,9.558823529411764,1029.4153846153847,3.038912207130494,Saturado,12.426470588235293,chronos,cambiar_paradero
2025-12-09 19:00:00,troncal|Angamos,troncal,Angamos,2379.261962890625,1670.550537109375,2804.44482421875,9.558823529411764,1029.4153846153847,2.311274922105013,Saturado,12.426470588235293,chronos,cambiar_paradero
2025-12-09 20:00:00,troncal|Angamos,troncal,Angamos,1472.2554931640625,964.8636474609375,1783.66748046875,9.558823529411764,1029.4153846153847,1.4301860212766626,Saturado,12.426470588235293,chronos,cambiar_paradero
2025-12-09 21:00:00,troncal|Angamos,troncal,Angamos,676.1007690429688,405.8594970703125,878.00439453125,9.558823529411764,1029.4153846153847,0.656781294652573,Saturado,12.426470588235293,chronos,cambiar_paradero
2025-12-09 22:00:00,troncal|Angamos,troncal,Angamos,274.49505615234375,139.0579833984375,413.9259948730469,9.558823529411764,1029.4153846153847,0.2666514025870149,De_pie,10.514705882352942,chronos,cambiar_paradero
2025-12-09 23:00:00,troncal|Angamos,troncal,Angamos,49.38275146484375,0.0,114.681396484375,9.558823529411764,1029.4153846153847,0.04797164701719936,Asientos,9.558823529411764,chronos,abordar
2025-12-09 00:00:00,troncal|Aramburu,troncal,Aramburu,0.0,0.0,0.0,9.558823529411764,1029.4153846153847,0.0,Asientos,9.558823529411764,chronos,abordar
2025-12-09 01:00:00,troncal|Aramburu,troncal,Aramburu,0.0,0.0,0.0,9.558823529411764,1029.4153846153847,0.0,Asientos,9.558823529411764,chronos,abordar
2025-12-09 02:00:00,troncal|Aramburu,troncal,Aramburu,0.0,0.0,3.561614990234375,9.558823529411764,1029.4153846153847,0.0,Asientos,9.558823529411764,chronos,abordar
2025-12-09 03:00:00,troncal|Aramburu,troncal,Aramburu,0.0,0.0,0.0,9.558823529411764,1029.4153846153847,0.0,Asientos,9.558823529411764,chronos,abordar
2025-12-09 04:00:00,troncal|Aramburu,troncal,Aramburu,0.0,0.0,3.98193359375,9.558823529411764,1029.4153846153847,0.0,Asientos,9.558823529411764,chronos,abordar
2025-12-09 05:00:00,troncal|Aramburu,troncal,Aramburu,0.0,0.0,28.557891845703125,9.558823529411764,1029.4153846153847,0.0,Asientos,9.558823529411764,chronos,abordar
2025-12-09 06:00:00,troncal|Aramburu,troncal,Aramburu,66.77297973632812,24.794754028320312,116.43299865722656,9.558823529411764,1029.4153846153847,0.06486495221875489,Asientos,9.558823529411764,chronos,abordar
2025-12-09 07:00:00,troncal|Aramburu,troncal,Aramburu,149.6790771484375,83.26971435546875,222.7163848876953,9.558823529411764,1029.4153846153847,0.1454020207832442,De_pie,10.514705882352942,chronos,cambiar_paradero
2025-12-09 08:00:00,troncal|Aramburu,troncal,Aramburu,169.19155883789062,91.97390747070312,229.77957153320312,9.558823529411764,1029.4153846153847,0.1643569363412077,De_pie,10.514705882352942,chronos,cambiar_paradero
2025-12-09 09:00:00,troncal|Aramburu,troncal,Aramburu,154.43145751953125,79.05226135253906,201.40716552734375,9.558823529411764,1029.4153846153847,0.15001860262388705,De_pie,10.514705882352942,chronos,cambiar_paradero
2025-12-09 10:00:00,troncal|Aramburu,troncal,Aramburu,173.06317138671875,89.19052124023438,241.46067810058594,9.558823529411764,1029.4153846153847,0.16811791816321014,De_pie,10.514705882352942,chronos,cambiar_paradero
2025-12-09 11:00:00,troncal|Aramburu,troncal,Aramburu,170.95188903808594,86.77153015136719,246.9842987060547,9.558823529411764,1029.4153846153847,0.16606696537953708,De_pie,10.514705882352942,chronos,cambiar_paradero
2025-12-09 12:00:00,troncal|Aramburu,troncal,Aramburu,187.54461669921875,99.68106079101562,254.43392944335938,9.558823529411764,1029.4153846153847,0.1821855584267279,De_pie,10.514705882352942,chronos,cambiar_paradero
2025-12-09 13:00:00,troncal|Aramburu,troncal,Aramburu,226.76475524902344,123.6005859375,320.6239013671875,9.558823529411764,1029.4153846153847,0.22028498761338058,De_pie,10.514705882352942,chronos,cambiar_paradero
2025-12-09 14:00:00,troncal|Aramburu,troncal,Aramburu,205.59671020507812,104.23774719238281,314.6593017578125,9.558823529411764,1029.4153846153847,0.1997218161664586,De_pie,10.514705882352942,chronos,cambiar_paradero
2025-12-09 15:00:00,troncal|Aramburu,troncal,Aramburu,243.3658905029297,124.91209411621094,372.71856689453125,9.558823529411764,1029.4153846153847,0.23641174800768813,De_pie,10.514705882352942,chronos,cambiar_paradero
2025-12-09 16:00:00,troncal|Aramburu,troncal,Aramburu,557.6326904296875,308.4922180175781,805.5050048828125,9.558823529411764,1029.4153846153847,0.5416984229724068,De_pie,10.514705882352942,chronos,cambiar_paradero
2025-12-09 17:00:00,troncal|Aramburu,troncal,Aramburu,1649.591064453125,1056.49169921875,2059.530517578125,9.558823529411764,1029.4153846153847,1.6024542561790578,Saturado,12.426470588235293,chronos,cambiar_paradero
2025-12-09 18:00:00,troncal|Aramburu,troncal,Aramburu,1785.706298828125,1181.542724609375,2177.564697265625,9.558823529411764,1029.4153846153847,1.7346800188879141,Saturado,12.426470588235293,chronos,cambiar_paradero
2025-12-09 19:00:00,troncal|Aramburu,troncal,Aramburu,1078.7452392578125,663.6527099609375,1367.71923828125,9.558823529411764,1029.4153846153847,1.0479202617132624,Saturado,12.426470588235293,chronos,cambiar_paradero
2025-12-09 20:00:00,troncal|Aramburu,troncal,Aramburu,592.9790649414062,323.95318603515625,778.0120239257812,9.558823529411764,1029.4153846153847,0.5760347803262703,De_pie,10.514705882352942,chronos,cambiar_paradero
2025-12-09 21:00:00,troncal|Aramburu,troncal,Aramburu,247.37498474121094,102.59959411621094,357.0050964355469,9.558823529411764,1029.4153846153847,0.2403062830012361,De_pie,10.514705882352942,chronos,cambiar_paradero
2025-12-09 22:00:00,troncal|Aramburu,troncal,Aramburu,96.32342529296875,17.924057006835938,176.695068359375,9.558823529411764,1029.4153846153847,0.09357099838658191,Asientos,9.558823529411764,chronos,abordar
2025-12-09 23:00:00,troncal|Aramburu,troncal,Aramburu,20.843612670898438,0.0,60.13092041015625,9.558823529411764,1029.4153846153847,0.020248009678509062,Asientos,9.558823529411764,chronos,abordar
2025-12-09 00:00:00,troncal|Balta,troncal,Balta,0.0,0.0,7.995574951171875,9.558823529411764,1029.4153846153847,0.0,Asientos,9.558823529411764,chronos,abordar
2025-12-09 01:00:00,troncal|Balta,troncal,Balta,0.0,0.0,9.34307861328125,9.558823529411764,1029.4153846153847,0.0,Asientos,9.558823529411764,chronos,abordar
2025-12-09 02:00:00,troncal|Balta,troncal,Balta,0.0,0.0,11.02020263671875,9.558823529411764,1029.4153846153847,0.0,Asientos,9.558823529411764,chronos,abordar
2025-12-09 03:00:00,troncal|Balta,troncal,Balta,0.0,0.0,18.521896362304688,9.558823529411764,1029.4153846153847,0.0,Asientos,9.558823529411764,chronos,abordar
2025-12-09 04:00:00,troncal|Balta,troncal,Balta,13.235366821289062,0.0,38.672332763671875,9.558823529411764,1029.4153846153847,0.012857168271517649,Asientos,9.558823529411764,chronos,abordar
2025-12-09 05:00:00,troncal|Balta,troncal,Balta,93.17174530029297,56.65690612792969,130.3933563232422,9.558823529411764,1029.4153846153847,0.09050937715983744,Asientos,9.558823529411764,chronos,abordar
2025-12-09 06:00:00,troncal|Balta,troncal,Balta,231.83457946777344,175.5925750732422,281.3948059082031,9.558823529411764,1029.4153846153847,0.22520994239307257,De_pie,10.514705882352942,chronos,cambiar_paradero
2025-12-09 07:00:00,troncal|Balta,troncal,Balta,395.42327880859375,303.625244140625,458.96112060546875,9.558823529411764,1029.4153846153847,0.3841241200764974,De_pie,10.514705882352942,chronos,cambiar_paradero
2025-12-09 08:00:00,troncal|Balta,troncal,Balta,341.56439208984375,267.9584655761719,397.9791259765625,9.558823529411764,1029.4153846153847,0.33180424267455527,De_pie,10.514705882352942,chronos,cambiar_paradero
2025-12-09 09:00:00,troncal|Balta,troncal,Balta,283.85552978515625,219.41705322265625,335.7362060546875,9.558823529411764,1029.4153846153847,0.2757444021406497,De_pie,10.514705882352942,chronos,cambiar_paradero
2025-12-09 10:00:00,troncal|Balta,troncal,Balta,242.109375,188.1583251953125,293.7849426269531,9.558823529411764,1029.4153846153847,0.23519113723995694,De_pie,10.514705882352942,chronos,cambiar_paradero
2025-12-09 11:00:00,troncal|Balta,troncal,Balta,203.8660888671875,159.4520721435547,253.20523071289062,9.558823529411764,1029.4153846153847,0.19804064706431113,De_pie,10.514705882352942,chronos,cambiar_paradero
2025-12-09 12:00:00,troncal|Balta,troncal,Balta,201.48370361328125,159.77798461914062,251.4913787841797,9.558823529411764,1029.4153846153847,0.19572633809874582,De_pie,10.514705882352942,chronos,cambiar_paradero
2025-12-09 13:00:00,troncal|Balta,troncal,Balta,217.31661987304688,172.90408325195312,270.9254455566406,9.558823529411764,1029.4153846153847,0.21110683123726753,De_pie,10.514705882352942,chronos,cambiar_paradero
2025-12-09 14:00:00,troncal|Balta,troncal,Balta,233.16770935058594,184.0509490966797,287.7573547363281,9.558823529411764,1029.4153846153847,0.22650497829668945,De_pie,10.514705882352942,chronos,cambiar_paradero
2025-12-09 15:00:00,troncal|Balta,troncal,Balta,256.6143493652344,202.79962158203125,312.60284423828125,9.558823529411764,1029.4153846153847,0.24928163421718424,De_pie,10.514705882352942,chronos,cambiar_paradero
2025-12-09 16:00:00,troncal|Balta,troncal,Balta,297.0391845703125,235.89218139648438,355.6572265625,9.558823529411764,1029.4153846153847,0.28855133603942956,De_pie,10.514705882352942,chronos,cambiar_paradero
2025-12-09 17:00:00,troncal|Balta,troncal,Balta,443.09765625,356.5296630859375,509.2054748535156,9.558823529411764,1029.4153846153847,0.43043620959244977,De_pie,10.514705882352942,chronos,cambiar_paradero
2025-12-09 18:00:00,troncal|Balta,troncal,Balta,418.64056396484375,341.138671875,480.5707092285156,9.558823529411764,1029.4153846153847,0.40667797491802427,De_pie,10.514705882352942,chronos,cambiar_paradero
2025-12-09 19:00:00,troncal|Balta,troncal,Balta,281.6072998046875,225.55877685546875,334.81890869140625,9.558823529411764,1029.4153846153847,0.27356041498243494,De_pie,10.514705882352942,chronos,cambiar_paradero
2025-12-09 20:00:00,troncal|Balta,troncal,Balta,189.4445037841797,148.0684814453125,232.19610595703125,9.558823529411764,1029.4153846153847,0.18403115653353178,De_pie,10.514705882352942,chronos,cambiar_paradero
2025-12-09 21:00:00,troncal|Balta,troncal,Balta,136.62010192871094,104.39984893798828,176.01919555664062,9.558823529411764,1029.4153846153847,0.1327162037506906,De_pie,10.514705882352942,chronos,cambiar_paradero
2025-12-09 22:00:00,troncal|Balta,troncal,Balta,98.62374114990234,68.81416320800781,133.54214477539062,9.558823529411764,1029.4153846153847,0.09580558307543717,Asientos,9.558823529411764,chronos,abordar
2025-12-09 23:00:00,troncal|Balta,troncal,Balta,12.727386474609375,0.0,36.52857971191406,9.558823529411764,1029.4153846153847,0.012363703384289952,Asientos,9.558823529411764,chronos,abordar
2025-12-09 00:00:00,troncal|Benavides,troncal,Benavides,0.0,0.0,0.0,9.558823529411764,1029.4153846153847,0.0,Asientos,9.558823529411764,chronos,abordar
2025-12-09 01:00:00,troncal|Benavides,troncal,Benavides,0.0,0.0,0.0,9.558823529411764,1029.4153846153847,0.0,Asientos,9.558823529411764,chronos,abordar
2025-12-09 02:00:00,troncal|Benavides,troncal,Benavides,0.0,0.0,0.0,9.558823529411764,1029.4153846153847,0.0,Asientos,9.558823529411764,chronos,abordar
2025-12-09 03:00:00,troncal|Benavides,troncal,Benavides,0.0,0.0,0.0,9.558823529411764,1029.4153846153847,0.0,Asientos,9.558823529411764,chronos,abordar
2025-12-09 04:00:00,troncal|Benavides,troncal,Benavides,0.0,0.0,0.0,9.558823529411764,1029.4153846153847,0.0,Asientos,9.558823529411764,chronos,abordar
2025-12-09 05:00:00,troncal|Benavides,troncal,Benavides,29.092559814453125,9.021484375,73.13638305664062,9.558823529411764,1029.4153846153847,0.028261244439554235,Asientos,9.558823529411764,chronos,abordar
2025-12-09 06:00:00,troncal|Benavides,troncal,Benavides,198.4005126953125,132.46023559570312,277.8247985839844,9.558823529411764,1029.4153846153847,0.19273124888204374,De_pie,10.514705882352942,chronos,cambiar_paradero
2025-12-09 07:00:00,troncal|Benavides,troncal,Benavides,425.6127624511719,304.9494934082031,550.0592651367188,9.558823529411764,1029.4153846153847,0.4134509439162806,De_pie,10.514705882352942,chronos,cambiar_paradero
2025-12-09 08:00:00,troncal|Benavides,troncal,Benavides,462.4010009765625,321.3476257324219,575.515869140625,9.558823529411764,1029.4153846153847,0.4491879642437315,De_pie,10.514705882352942,chronos,cambiar_paradero
2025-12-09 09:00:00,troncal|Benavides,troncal,Benavides,327.1288757324219,209.6081085205078,409.08184814453125,9.558823529411764,1029.4153846153847,0.3177812189533629,De_pie,10.514705882352942,chronos,cambiar_paradero
2025-12-09 10:00:00,troncal|Benavides,troncal,Benavides,266.114501953125,162.52529907226562,356.89129638671875,9.558823529411764,1029.4153846153847,0.25851032142146585,De_pie,10.514705882352942,chronos,cambiar_paradero
2025-12-09 11:00:00,troncal|Benavides,troncal,Benavides,258.13824462890625,158.34732055664062,358.32373046875,9.558823529411764,1029.4153846153847,0.25076198441055275,De_pie,10.514705882352942,chronos,cambiar_paradero
2025-12-09 12:00:00,troncal|Benavides,troncal,Benavides,307.81329345703125,199.4575653076172,401.14813232421875,9.558823529411764,1029.4153846153847,0.29901757643930876,De_pie,10.514705882352942,chronos,cambiar_paradero
2025-12-09 13:00:00,troncal|Benavides,troncal,Benavides,363.54827880859375,238.81210327148438,492.2557067871094,9.558823529411764,1029.4153846153847,0.35315994324722905,De_pie,10.514705882352942,chronos,cambiar_paradero
2025-12-09 14:00:00,troncal|Benavides,troncal,Benavides,353.6417541503906,221.63934326171875,500.04742431640625,9.558823529411764,1029.4153846153847,0.34353649599138253,De_pie,10.514705882352942,chronos,cambiar_paradero
2025-12-09 15:00:00,troncal|Benavides,troncal,Benavides,436.9933776855469,271.30438232421875,608.015380859375,9.558823529411764,1029.4153846153847,0.42450635983919993,De_pie,10.514705882352942,chronos,cambiar_paradero
2025-12-09 16:00:00,troncal|Benavides,troncal,Benavides,778.0150146484375,471.0032043457031,1073.64013671875,9.558823529411764,1029.4153846153847,0.7557833565301953,Saturado,12.426470588235293,chronos,cambiar_paradero
2025-12-09 17:00:00,troncal|Benavides,troncal,Benavides,2060.40087890625,1367.680908203125,2521.154541015625,9.558823529411764,1029.4153846153847,2.001525244035543,Saturado,12.426470588235293,chronos,cambiar_paradero
2025-12-09 18:00:00,troncal|Benavides,troncal,Benavides,2328.897216796875,1585.508056640625,2781.701904296875,9.558823529411764,1029.4153846153847,2.262349340802799,Saturado,12.426470588235293,chronos,cambiar_paradero
2025-12-09 19:00:00,troncal|Benavides,troncal,Benavides,1610.558349609375,1046.5400390625,1965.518310546875,9.558823529411764,1029.4153846153847,1.5645368950951901,Saturado,12.426470588235293,chronos,cambiar_paradero
2025-12-09 20:00:00,troncal|Benavides,troncal,Benavides,960.2947998046875,573.779296875,1202.1549072265625,9.558823529411764,1029.4153846153847,0.9328545251569925,Saturado,12.426470588235293,chronos,cambiar_paradero
2025-12-09 21:00:00,troncal|Benavides,troncal,Benavides,481.56982421875,257.663330078125,635.5206298828125,9.558823529411764,1029.4153846153847,0.4678090413411458,De_pie,10.514705882352942,chronos,cambiar_paradero
2025-12-09 22:00:00,troncal|Benavides,troncal,Benavides,244.366943359375,110.441162109375,370.3727722167969,9.558823529411764,1029.4153846153847,0.2373841959343522,De_pie,10.514705882352942,chronos,cambiar_paradero
2025-12-09 23:00:00,troncal|Benavides,troncal,Benavides,49.640380859375,0.0,117.15533447265625,9.558823529411764,1029.4153846153847,0.048221914691824706,Asientos,9.558823529411764,chronos,abordar
2025-12-09 00:00:00,troncal|Bulevar,troncal,Bulevar,0.0,0.0,15.608161926269531,9.558823529411764,1029.4153846153847,0.0,Asientos,9.558823529411764,chronos,abordar
2025-12-09 01:00:00,troncal|Bulevar,troncal,Bulevar,0.0,0.0,16.29583740234375,9.558823529411764,1029.4153846153847,0.0,Asientos,9.558823529411764,chronos,abordar
2025-12-09 02:00:00,troncal|Bulevar,troncal,Bulevar,0.0,0.0,15.062065124511719,9.558823529411764,1029.4153846153847,0.0,Asientos,9.558823529411764,chronos,abordar
2025-12-09 03:00:00,troncal|Bulevar,troncal,Bulevar,0.0,0.0,16.94963836669922,9.558823529411764,1029.4153846153847,0.0,Asientos,9.558823529411764,chronos,abordar
2025-12-09 04:00:00,troncal|Bulevar,troncal,Bulevar,8.934989929199219,0.0,26.88292694091797,9.558823529411764,1029.4153846153847,0.008679673980720188,Asientos,9.558823529411764,chronos,abordar
2025-12-09 05:00:00,troncal|Bulevar,troncal,Bulevar,47.6600341796875,30.059356689453125,69.51001739501953,9.558823529411764,1029.4153846153847,0.0462981561107079,Asientos,9.558823529411764,chronos,abordar
2025-12-09 06:00:00,troncal|Bulevar,troncal,Bulevar,96.78555297851562,71.75544738769531,123.9046859741211,9.558823529411764,1029.4153846153847,0.09401992084534187,Asientos,9.558823529411764,chronos,abordar
2025-12-09 07:00:00,troncal|Bulevar,troncal,Bulevar,143.71286010742188,112.60516357421875,172.91876220703125,9.558823529411764,1029.4153846153847,0.13960628746685827,De_pie,10.514705882352942,chronos,cambiar_paradero
2025-12-09 08:00:00,troncal|Bulevar,troncal,Bulevar,138.60499572753906,110.11182403564453,165.74734497070312,9.558823529411764,1029.4153846153847,0.13464437951772534,De_pie,10.514705882352942,chronos,cambiar_paradero
2025-12-09 09:00:00,troncal|Bulevar,troncal,Bulevar,127.77643585205078,102.19812774658203,153.0439453125,9.558823529411764,1029.4153846153847,0.12412524405761746,Asientos,9.558823529411764,chronos,abordar
2025-12-09 10:00:00,troncal|Bulevar,troncal,Bulevar,113.6555404663086,92.83546447753906,138.02537536621094,9.558823529411764,1029.4153846153847,0.11040785106273998,Asientos,9.558823529411764,chronos,abordar
2025-12-09 11:00:00,troncal|Bulevar,troncal,Bulevar,104.09395599365234,84.33309173583984,127.59562683105469,9.558823529411764,1029.4153846153847,0.1011194873802517,Asientos,9.558823529411764,chronos,abordar
2025-12-09 12:00:00,troncal|Bulevar,troncal,Bulevar,109.90302276611328,90.22006225585938,135.63128662109375,9.558823529411764,1029.4153846153847,0.10676256097258134,Asientos,9.558823529411764,chronos,abordar
2025-12-09 13:00:00,troncal|Bulevar,troncal,Bulevar,122.87004089355469,102.39989471435547,151.16070556640625,9.558823529411764,1029.4153846153847,0.11935904857246912,Asientos,9.558823529411764,chronos,abordar
2025-12-09 14:00:00,troncal|Bulevar,troncal,Bulevar,136.4359588623047,112.973388671875,165.6103973388672,9.558823529411764,1029.4153846153847,0.13253732254378592,De_pie,10.514705882352942,chronos,cambiar_paradero
2025-12-09 15:00:00,troncal|Bulevar,troncal,Bulevar,159.70321655273438,131.12554931640625,192.97764587402344,9.558823529411764,1029.4153846153847,0.1551397219620955,De_pie,10.514705882352942,chronos,cambiar_paradero
2025-12-09 16:00:00,troncal|Bulevar,troncal,Bulevar,188.31336975097656,153.15701293945312,225.71099853515625,9.558823529411764,1029.4153846153847,0.1829323444795175,De_pie,10.514705882352942,chronos,cambiar_paradero
2025-12-09 17:00:00,troncal|Bulevar,troncal,Bulevar,242.7158203125,197.63064575195312,283.9785461425781,9.558823529411764,1029.4153846153847,0.23578025347191084,De_pie,10.514705882352942,chronos,cambiar_paradero
2025-12-09 18:00:00,troncal|Bulevar,troncal,Bulevar,241.48394775390625,196.89004516601562,284.01617431640625,9.558823529411764,1029.4153846153847,0.23458358148021138,De_pie,10.514705882352942,chronos,cambiar_paradero
2025-12-09 19:00:00,troncal|Bulevar,troncal,Bulevar,209.6250762939453,167.84112548828125,253.02780151367188,9.558823529411764,1029.4153846153847,0.20363507232045738,De_pie,10.514705882352942,chronos,cambiar_paradero
2025-12-09 20:00:00,troncal|Bulevar,troncal,Bulevar,154.6670684814453,122.12401580810547,194.45339965820312,9.558823529411764,1029.4153846153847,0.15024748103918498,De_pie,10.514705882352942,chronos,cambiar_paradero
2025-12-09 21:00:00,troncal|Bulevar,troncal,Bulevar,122.97428894042969,97.79292297363281,160.32952880859375,9.558823529411764,1029.4153846153847,0.11946031774760774,Asientos,9.558823529411764,chronos,abordar
2025-12-09 22:00:00,troncal|Bulevar,troncal,Bulevar,84.95933532714844,60.50110626220703,120.44367980957031,9.558823529411764,1029.4153846153847,0.08253163552523685,Asientos,9.558823529411764,chronos,abordar
2025-12-09 23:00:00,troncal|Bulevar,troncal,Bulevar,5.307945251464844,0.0,34.061378479003906,9.558823529411764,1029.4153846153847,0.005156271540907682,Asientos,9.558823529411764,chronos,abordar
2025-12-09 00:00:00,troncal|Canadá,troncal,Canadá,0.0,0.0,0.0,9.558823529411764,1029.4153846153847,0.0,Asientos,9.558823529411764,chronos,abordar
2025-12-09 01:00:00,troncal|Canadá,troncal,Canadá,0.0,0.0,0.0,9.558823529411764,1029.4153846153847,0.0,Asientos,9.558823529411764,chronos,abordar
2025-12-09 02:00:00,troncal|Canadá,troncal,Canadá,0.0,0.0,5.0457763671875,9.558823529411764,1029.4153846153847,0.0,Asientos,9.558823529411764,chronos,abordar
2025-12-09 03:00:00,troncal|Canadá,troncal,Canadá,0.0,0.0,0.0,9.558823529411764,1029.4153846153847,0.0,Asientos,9.558823529411764,chronos,abordar
2025-12-09 04:00:00,troncal|Canadá,troncal,Canadá,0.0,0.0,15.8341064453125,9.558823529411764,1029.4153846153847,0.0,Asientos,9.558823529411764,chronos,abordar
2025-12-09 05:00:00,troncal|Canadá,troncal,Canadá,68.20230102539062,33.525360107421875,123.71835327148438,9.558823529411764,1029.4153846153847,0.06625343087413903,Asientos,9.558823529411764,chronos,abordar
2025-12-09 06:00:00,troncal|Canadá,troncal,Canadá,283.987060546875,205.98663330078125,378.28509521484375,9.558823529411764,1029.4153846153847,0.2758721744312959,De_pie,10.514705882352942,chronos,cambiar_paradero
2025-12-09 07:00:00,troncal|Canadá,troncal,Canadá,576.0751953125,445.597412109375,699.6893310546875,9.558823529411764,1029.4153846153847,0.559613936144675,De_pie,10.514705882352942,chronos,cambiar_paradero
2025-12-09 08:00:00,troncal|Canadá,troncal,Canadá,630.2581176757812,482.58917236328125,752.761962890625,9.558823529411764,1029.4153846153847,0.6122485899229702,Saturado,12.426470588235293,chronos,cambiar_paradero
2025-12-09 09:00:00,troncal|Canadá,troncal,Canadá,478.8659362792969,350.49346923828125,585.4356079101562,9.558823529411764,1029.4153846153847,0.4651824165793026,De_pie,10.514705882352942,chronos,cambiar_paradero
2025-12-09 10:00:00,troncal|Canadá,troncal,Canadá,405.65301513671875,297.4476318359375,510.0819091796875,9.558823529411764,1029.4153846153847,0.3940615432790339,De_pie,10.514705882352942,chronos,cambiar_paradero
2025-12-09 11:00:00,troncal|Canadá,troncal,Canadá,391.66253662109375,291.4266052246094,500.9716491699219,9.558823529411764,1029.4153846153847,0.3804708405124804,De_pie,10.514705882352942,chronos,cambiar_paradero
2025-12-09 12:00:00,troncal|Canadá,troncal,Canadá,445.9504089355469,338.533935546875,557.4998779296875,9.558823529411764,1029.4153846153847,0.4332074453134048,De_pie,10.514705882352942,chronos,cambiar_paradero
2025-12-09 13:00:00,troncal|Canadá,troncal,Canadá,497.44964599609375,380.6961975097656,630.0387573242188,9.558823529411764,1029.4153846153847,0.4832350996793713,De_pie,10.514705882352942,chronos,cambiar_paradero
2025-12-09 14:00:00,troncal|Canadá,troncal,Canadá,515.3018188476562,386.75494384765625,655.934814453125,9.558823529411764,1029.4153846153847,0.5005771494664284,De_pie,10.514705882352942,chronos,cambiar_paradero
2025-12-09 15:00:00,troncal|Canadá,troncal,Canadá,615.414306640625,454.6447448730469,770.5689697265625,9.558823529411764,1029.4153846153847,0.5978289384809993,Saturado,12.426470588235293,chronos,cambiar_paradero
2025-12-09 16:00:00,troncal|Canadá,troncal,Canadá,827.72607421875,594.4845581054688,1037.7047119140625,9.558823529411764,1029.4153846153847,0.804073930299778,Saturado,12.426470588235293,chronos,cambiar_paradero
2025-12-09 17:00:00,troncal|Canadá,troncal,Canadá,1608.4095458984375,1166.726318359375,1894.91162109375,9.558823529411764,1029.4153846153847,1.5624494931163084,Saturado,12.426470588235293,chronos,cambiar_paradero
2025-12-09 18:00:00,troncal|Canadá,troncal,Canadá,1763.1131591796875,1287.5166015625,2041.591064453125,9.558823529411764,1029.4153846153847,1.7127324746933237,Saturado,12.426470588235293,chronos,cambiar_paradero
2025-12-09 19:00:00,troncal|Canadá,troncal,Canadá,1263.96533203125,894.6187133789062,1493.2540283203125,9.558823529411764,1029.4153846153847,1.227847719124092,Saturado,12.426470588235293,chronos,cambiar_paradero
2025-12-09 20:00:00,troncal|Canadá,troncal,Canadá,820.4990234375,557.1251831054688,985.5655517578125,9.558823529411764,1029.4153846153847,0.797053391371316,Saturado,12.426470588235293,chronos,cambiar_paradero
2025-12-09 21:00:00,troncal|Canadá,troncal,Canadá,455.4921569824219,301.95257568359375,566.444580078125,9.558823529411764,1029.4153846153847,0.44247653939289544,De_pie,10.514705882352942,chronos,cambiar_paradero
2025-12-09 22:00:00,troncal|Canadá,troncal,Canadá,231.69732666015625,143.01974487304688,318.12371826171875,9.558823529411764,1029.4153846153847,0.2250766115631001,De_pie,10.514705882352942,chronos,cambiar_paradero
2025-12-09 23:00:00,troncal|Canadá,troncal,Canadá,30.833282470703125,0.0,79.22805786132812,9.558823529411764,1029.4153846153847,0.029952226216458974,Asientos,9.558823529411764,chronos,abordar
2025-12-09 00:00:00,troncal|Canaval y Moreyra,troncal,Canaval y Moreyra,0.0,0.0,0.0,9.558823529411764,1029.4153846153847,0.0,Asientos,9.558823529411764,chronos,abordar
2025-12-09 01:00:00,troncal|Canaval y Moreyra,troncal,Canaval y Moreyra,0.0,0.0,0.0,9.558823529411764,1029.4153846153847,0.0,Asientos,9.558823529411764,chronos,abordar
2025-12-09 02:00:00,troncal|Canaval y Moreyra,troncal,Canaval y Moreyra,0.0,0.0,0.0,9.558823529411764,1029.4153846153847,0.0,Asientos,9.558823529411764,chronos,abordar
2025-12-09 03:00:00,troncal|Canaval y Moreyra,troncal,Canaval y Moreyra,0.0,0.0,0.93212890625,9.558823529411764,1029.4153846153847,0.0,Asientos,9.558823529411764,chronos,abordar
2025-12-09 04:00:00,troncal|Canaval y Moreyra,troncal,Canaval y Moreyra,0.0,0.0,9.238494873046875,9.558823529411764,1029.4153846153847,0.0,Asientos,9.558823529411764,chronos,abordar
2025-12-09 05:00:00,troncal|Canaval y Moreyra,troncal,Canaval y Moreyra,7.04559326171875,0.0,53.020416259765625,9.558823529411764,1029.4153846153847,0.006844266529347781,Asientos,9.558823529411764,chronos,abordar
2025-12-09 06:00:00,troncal|Canaval y Moreyra,troncal,Canaval y Moreyra,110.31256103515625,45.92266845703125,197.33712768554688,9.558823529411764,1029.4153846153847,0.10716039674924013,Asientos,9.558823529411764,chronos,abordar
2025-12-09 07:00:00,troncal|Canaval y Moreyra,troncal,Canaval y Moreyra,226.19374084472656,128.64788818359375,345.1982421875,9.558823529411764,1029.4153846153847,0.21973028985693485,De_pie,10.514705882352942,chronos,cambiar_paradero
2025-12-09 08:00:00,troncal|Canaval y Moreyra,troncal,Canaval y Moreyra,222.75079345703125,111.63247680664062,318.455810546875,9.558823529411764,1029.4153846153847,0.21638572415571242,De_pie,10.514705882352942,chronos,cambiar_paradero
2025-12-09 09:00:00,troncal|Canaval y Moreyra,troncal,Canaval y Moreyra,199.9227294921875,94.359375,287.4063720703125,9.558823529411764,1029.4153846153847,0.1942099685705432,De_pie,10.514705882352942,chronos,cambiar_paradero
2025-12-09 10:00:00,troncal|Canaval y Moreyra,troncal,Canaval y Moreyra,228.044921875,115.66000366210938,342.0685729980469,9.558823529411764,1029.4153846153847,0.22152857367699363,De_pie,10.514705882352942,chronos,cambiar_paradero
2025-12-09 11:00:00,troncal|Canaval y Moreyra,troncal,Canaval y Moreyra,276.40118408203125,146.48690795898438,412.7947692871094,9.558823529411764,1029.4153846153847,0.26850306320737727,De_pie,10.514705882352942,chronos,cambiar_paradero
2025-12-09 12:00:00,troncal|Canaval y Moreyra,troncal,Canaval y Moreyra,372.17822265625,225.91104125976562,520.5770263671875,9.558823529411764,1029.4153846153847,0.36154328779077366,De_pie,10.514705882352942,chronos,cambiar_paradero
2025-12-09 13:00:00,troncal|Canaval y Moreyra,troncal,Canaval y Moreyra,475.47723388671875,306.76104736328125,668.1625366210938,9.558823529411764,1029.4153846153847,0.46189054583089306,De_pie,10.514705882352942,chronos,cambiar_paradero
2025-12-09 14:00:00,troncal|Canaval y Moreyra,troncal,Canaval y Moreyra,517.0624389648438,333.52349853515625,732.8346557617188,9.558823529411764,1029.4153846153847,0.5022874601374169,De_pie,10.514705882352942,chronos,cambiar_paradero
2025-12-09 15:00:00,troncal|Canaval y Moreyra,troncal,Canaval y Moreyra,707.4215087890625,461.6881408691406,969.3226318359375,9.558823529411764,1029.4153846153847,0.6872070491285428,Saturado,12.426470588235293,chronos,cambiar_paradero
2025-12-09 16:00:00,troncal|Canaval y Moreyra,troncal,Canaval y Moreyra,1200.088134765625,770.6776123046875,1605.641845703125,9.558823529411764,1029.4153846153847,1.1657958028420257,Saturado,12.426470588235293,chronos,cambiar_paradero
2025-12-09 17:00:00,troncal|Canaval y Moreyra,troncal,Canaval y Moreyra,2513.226318359375,1673.0289306640625,3098.7685546875,9.558823529411764,1029.4153846153847,2.4414112669380583,Saturado,12.426470588235293,chronos,cambiar_paradero
2025-12-09 18:00:00,troncal|Canaval y Moreyra,troncal,Canaval y Moreyra,2958.1796875,1996.393310546875,3558.6982421875,9.558823529411764,1029.4153846153847,2.873650162713713,Saturado,12.426470588235293,chronos,cambiar_paradero
2025-12-09 19:00:00,troncal|Canaval y Moreyra,troncal,Canaval y Moreyra,1847.184814453125,1154.865966796875,2302.2744140625,9.558823529411764,1029.4153846153847,1.794401795484414,Saturado,12.426470588235293,chronos,cambiar_paradero
2025-12-09 20:00:00,troncal|Canaval y Moreyra,troncal,Canaval y Moreyra,946.137451171875,516.5573120117188,1225.7064208984375,9.558823529411764,1029.4153846153847,0.9191017205609139,Saturado,12.426470588235293,chronos,cambiar_paradero
2025-12-09 21:00:00,troncal|Canaval y Moreyra,troncal,Canaval y Moreyra,573.7349853515625,308.50994873046875,750.375732421875,9.558823529411764,1029.4153846153847,0.5573405973196371,De_pie,10.514705882352942,chronos,cambiar_paradero
2025-12-09 22:00:00,troncal|Canaval y Moreyra,troncal,Canaval y Moreyra,324.982177734375,158.16342163085938,454.9736022949219,9.558823529411764,1029.4153846153847,0.3156958625169532,De_pie,10.514705882352942,chronos,cambiar_paradero
2025-12-09 23:00:00,troncal|Canaval y Moreyra,troncal,Canaval y Moreyra,33.409149169921875,0.0,93.07659912109375,9.558823529411764,1029.4153846153847,0.032454487925109424,Asientos,9.558823529411764,chronos,abordar
2025-12-09 00:00:00,troncal|Caqueta,troncal,Caqueta,0.0,0.0,0.867279052734375,9.558823529411764,1029.4153846153847,0.0,Asientos,9.558823529411764,chronos,abordar
2025-12-09 01:00:00,troncal|Caqueta,troncal,Caqueta,0.0,0.0,3.7602996826171875,9.558823529411764,1029.4153846153847,0.0,Asientos,9.558823529411764,chronos,abordar
2025-12-09 02:00:00,troncal|Caqueta,troncal,Caqueta,0.0,0.0,7.414642333984375,9.558823529411764,1029.4153846153847,0.0,Asientos,9.558823529411764,chronos,abordar
2025-12-09 03:00:00,troncal|Caqueta,troncal,Caqueta,0.0,0.0,19.82073974609375,9.558823529411764,1029.4153846153847,0.0,Asientos,9.558823529411764,chronos,abordar
2025-12-09 04:00:00,troncal|Caqueta,troncal,Caqueta,15.865921020507812,0.0,54.67411804199219,9.558823529411764,1029.4153846153847,0.015412554793355567,Asientos,9.558823529411764,chronos,abordar
2025-12-09 05:00:00,troncal|Caqueta,troncal,Caqueta,189.36085510253906,112.11241912841797,260.751220703125,9.558823529411764,1029.4153846153847,0.1839498980999677,De_pie,10.514705882352942,chronos,cambiar_paradero
2025-12-09 06:00:00,troncal|Caqueta,troncal,Caqueta,439.62322998046875,307.4147644042969,536.725341796875,9.558823529411764,1029.4153846153847,0.42706106451354714,De_pie,10.514705882352942,chronos,cambiar_paradero
2025-12-09 07:00:00,troncal|Caqueta,troncal,Caqueta,680.0219116210938,472.2766418457031,805.808349609375,9.558823529411764,1029.4153846153847,0.6605903911909835,Saturado,12.426470588235293,chronos,cambiar_paradero
2025-12-09 08:00:00,troncal|Caqueta,troncal,Caqueta,540.6796875,369.5328674316406,654.2046508789062,9.558823529411764,1029.4153846153847,0.5252298494664633,De_pie,10.514705882352942,chronos,cambiar_paradero
2025-12-09 09:00:00,troncal|Caqueta,troncal,Caqueta,291.0299072265625,184.1053009033203,378.4407653808594,9.558823529411764,1029.4153846153847,0.28271377286176713,De_pie,10.514705882352942,chronos,cambiar_paradero
2025-12-09 10:00:00,troncal|Caqueta,troncal,Caqueta,220.21798706054688,149.09730529785156,286.9130859375,9.558823529411764,1029.4153846153847,0.2139252923083385,De_pie,10.514705882352942,chronos,cambiar_paradero
2025-12-09 11:00:00,troncal|Caqueta,troncal,Caqueta,201.75897216796875,143.5532684326172,266.15277099609375,9.558823529411764,1029.4153846153847,0.19599374089726757,De_pie,10.514705882352942,chronos,cambiar_paradero
2025-12-09 12:00:00,troncal|Caqueta,troncal,Caqueta,211.3068389892578,154.53025817871094,275.1208801269531,9.558823529411764,1029.4153846153847,0.20526877890814438,De_pie,10.514705882352942,chronos,cambiar_paradero
2025-12-09 13:00:00,troncal|Caqueta,troncal,Caqueta,203.75018310546875,150.05438232421875,262.196533203125,9.558823529411764,1029.4153846153847,0.19792805329171848,De_pie,10.514705882352942,chronos,cambiar_paradero
2025-12-09 14:00:00,troncal|Caqueta,troncal,Caqueta,189.95468139648438,141.5637664794922,243.66571044921875,9.558823529411764,1029.4153846153847,0.18452675589986076,De_pie,10.514705882352942,chronos,cambiar_paradero
2025-12-09 15:00:00,troncal|Caqueta,troncal,Caqueta,179.60055541992188,133.18606567382812,231.50523376464844,9.558823529411764,1029.4153846153847,0.1744684974637572,De_pie,10.514705882352942,chronos,cambiar_paradero
2025-12-09 16:00:00,troncal|Caqueta,troncal,Caqueta,184.2687530517578,136.47418212890625,232.89805603027344,9.558823529411764,1029.4153846153847,0.17900330207383214,De_pie,10.514705882352942,chronos,cambiar_paradero
2025-12-09 17:00:00,troncal|Caqueta,troncal,Caqueta,282.41387939453125,214.45285034179688,339.19671630859375,9.558823529411764,1029.4153846153847,0.274343946685864,De_pie,10.514705882352942,chronos,cambiar_paradero
2025-12-09 18:00:00,troncal|Caqueta,troncal,Caqueta,274.35443115234375,211.9630889892578,335.77532958984375,9.558823529411764,1029.4153846153847,0.26651479592453287,De_pie,10.514705882352942,chronos,cambiar_paradero
2025-12-09 19:00:00,troncal|Caqueta,troncal,Caqueta,214.00885009765625,159.2544403076172,271.71234130859375,9.558823529411764,1029.4153846153847,0.20789358046908857,De_pie,10.514705882352942,chronos,cambiar_paradero
2025-12-09 20:00:00,troncal|Caqueta,troncal,Caqueta,125.41722106933594,88.88236999511719,174.37477111816406,9.558823529411764,1029.4153846153847,0.1218334434706306,Asientos,9.558823529411764,chronos,abordar
2025-12-09 21:00:00,troncal|Caqueta,troncal,Caqueta,55.720489501953125,27.848861694335938,93.64382934570312,9.558823529411764,1029.4153846153847,0.05412828517496044,Asientos,9.558823529411764,chronos,abordar
2025-12-09 22:00:00,troncal|Caqueta,troncal,Caqueta,20.011688232421875,2.940826416015625,48.61024475097656,9.558823529411764,1029.4153846153847,0.019439857351557593,Asientos,9.558823529411764,chronos,abordar
2025-12-09 23:00:00,troncal|Caqueta,troncal,Caqueta,0.0,0.0,18.892852783203125,9.558823529411764,1029.4153846153847,0.0,Asientos,9.558823529411764,chronos,abordar
2025-12-09 00:00:00,troncal|Chimpu Ocllo,troncal,Chimpu Ocllo,0.0,0.0,22.5704345703125,9.558823529411764,1029.4153846153847,0.0,Asientos,9.558823529411764,chronos,abordar
2025-12-09 01:00:00,troncal|Chimpu Ocllo,troncal,Chimpu Ocllo,0.0,0.0,51.058349609375,9.558823529411764,1029.4153846153847,0.0,Asientos,9.558823529411764,chronos,abordar
2025-12-09 02:00:00,troncal|Chimpu Ocllo,troncal,Chimpu Ocllo,3.96905517578125,0.0,74.5330810546875,9.558823529411764,1029.4153846153847,0.003855640041035707,Asientos,9.558823529411764,chronos,abordar
2025-12-09 03:00:00,troncal|Chimpu Ocllo,troncal,Chimpu Ocllo,9.9110107421875,0.0,122.88018798828125,9.558823529411764,1029.4153846153847,0.009627805150678315,Asientos,9.558823529411764,chronos,abordar
2025-12-09 04:00:00,troncal|Chimpu Ocllo,troncal,Chimpu Ocllo,171.2098388671875,0.0,414.885009765625,9.558823529411764,1029.4153846153847,0.1663175443323647,De_pie,10.514705882352942,chronos,cambiar_paradero
2025-12-09 05:00:00,troncal|Chimpu Ocllo,troncal,Chimpu Ocllo,1296.2791748046875,800.6967163085938,1738.88330078125,9.558823529411764,1029.4153846153847,1.2592381988627552,Saturado,12.426470588235293,chronos,cambiar_paradero
2025-12-09 06:00:00,troncal|Chimpu Ocllo,troncal,Chimpu Ocllo,2737.865478515625,1750.330322265625,3414.5126953125,9.558823529411764,1029.4153846153847,2.6596313980080644,Saturado,12.426470588235293,chronos,cambiar_paradero
2025-12-09 07:00:00,troncal|Chimpu Ocllo,troncal,Chimpu Ocllo,2293.99462890625,1470.299560546875,2828.1015625,9.558823529411764,1029.4153846153847,2.2284440889363077,Saturado,12.426470588235293,chronos,cambiar_paradero
2025-12-09 08:00:00,troncal|Chimpu Ocllo,troncal,Chimpu Ocllo,1461.593994140625,872.3289794921875,1858.09716796875,9.558823529411764,1029.4153846153847,1.4198291729307242,Saturado,12.426470588235293,chronos,cambiar_paradero
2025-12-09 09:00:00,troncal|Chimpu Ocllo,troncal,Chimpu Ocllo,1202.95751953125,755.3087158203125,1498.772705078125,9.558823529411764,1029.4153846153847,1.1685831953839556,Saturado,12.426470588235293,chronos,cambiar_paradero
2025-12-09 10:00:00,troncal|Chimpu Ocllo,troncal,Chimpu Ocllo,982.4059448242188,642.6873779296875,1228.107666015625,9.558823529411764,1029.4153846153847,0.9543338476442822,Saturado,12.426470588235293,chronos,cambiar_paradero
2025-12-09 11:00:00,troncal|Chimpu Ocllo,troncal,Chimpu Ocllo,845.7696533203125,599.1129150390625,1062.31689453125,9.558823529411764,1029.4153846153847,0.8216019169329912,Saturado,12.426470588235293,chronos,cambiar_paradero
2025-12-09 12:00:00,troncal|Chimpu Ocllo,troncal,Chimpu Ocllo,752.868408203125,562.59814453125,933.9517822265625,9.558823529411764,1029.4153846153847,0.7313553104555703,Saturado,12.426470588235293,chronos,cambiar_paradero
2025-12-09 13:00:00,troncal|Chimpu Ocllo,troncal,Chimpu Ocllo,677.53515625,531.8255004882812,829.81787109375,9.558823529411764,1029.4153846153847,0.6581746944681073,Saturado,12.426470588235293,chronos,cambiar_paradero
2025-12-09 14:00:00,troncal|Chimpu Ocllo,troncal,Chimpu Ocllo,590.52197265625,483.7386474609375,702.0128173828125,9.558823529411764,1029.4153846153847,0.5736478990712615,De_pie,10.514705882352942,chronos,cambiar_paradero
2025-12-09 15:00:00,troncal|Chimpu Ocllo,troncal,Chimpu Ocllo,565.98583984375,466.8110656738281,673.7931518554688,9.558823529411764,1029.4153846153847,0.5498128824402759,De_pie,10.514705882352942,chronos,cambiar_paradero
2025-12-09 16:00:00,troncal|Chimpu Ocllo,troncal,Chimpu Ocllo,601.904296875,468.73687744140625,711.1732788085938,9.558823529411764,1029.4153846153847,0.5847049751445929,De_pie,10.514705882352942,chronos,cambiar_paradero
2025-12-09 17:00:00,troncal|Chimpu Ocllo,troncal,Chimpu Ocllo,585.0875244140625,470.492919921875,701.7572021484375,9.558823529411764,1029.4153846153847,0.5683687393429289,De_pie,10.514705882352942,chronos,cambiar_paradero
2025-12-09 18:00:00,troncal|Chimpu Ocllo,troncal,Chimpu Ocllo,414.6717529296875,312.4646301269531,513.0020751953125,9.558823529411764,1029.4153846153847,0.40282257204133315,De_pie,10.514705882352942,chronos,cambiar_paradero
2025-12-09 19:00:00,troncal|Chimpu Ocllo,troncal,Chimpu Ocllo,256.48870849609375,199.04452514648438,352.1520080566406,9.558823529411764,1029.4153846153847,0.2491595835163512,De_pie,10.514705882352942,chronos,cambiar_paradero
2025-12-09 20:00:00,troncal|Chimpu Ocllo,troncal,Chimpu Ocllo,122.236083984375,69.45538330078125,219.20779418945312,9.558823529411764,1029.4153846153847,0.11874320688343458,Asientos,9.558823529411764,chronos,abordar
2025-12-09 21:00:00,troncal|Chimpu Ocllo,troncal,Chimpu Ocllo,65.8673095703125,23.61993408203125,152.92022705078125,9.558823529411764,1029.4153846153847,0.06398516143696664,Asientos,9.558823529411764,chronos,abordar
2025-12-09 22:00:00,troncal|Chimpu Ocllo,troncal,Chimpu Ocllo,16.62353515625,0.0,71.65216064453125,9.558823529411764,1029.4153846153847,0.01614852022292339,Asientos,9.558823529411764,chronos,abordar
2025-12-09 23:00:00,troncal|Chimpu Ocllo,troncal,Chimpu Ocllo,0.0,0.0,53.4833984375,9.558823529411764,1029.4153846153847,0.0,Asientos,9.558823529411764,chronos,abordar
2025-12-09 00:00:00,troncal|Colmena,troncal,Colmena,0.0,0.0,0.0,9.558823529411764,1029.4153846153847,0.0,Asientos,9.558823529411764,chronos,abordar
2025-12-09 01:00:00,troncal|Colmena,troncal,Colmena,0.0,0.0,0.0,9.558823529411764,1029.4153846153847,0.0,Asientos,9.558823529411764,chronos,abordar
2025-12-09 02:00:00,troncal|Colmena,troncal,Colmena,0.0,0.0,12.11407470703125,9.558823529411764,1029.4153846153847,0.0,Asientos,9.558823529411764,chronos,abordar
2025-12-09 03:00:00,troncal|Colmena,troncal,Colmena,0.0,0.0,2.43060302734375,9.558823529411764,1029.4153846153847,0.0,Asientos,9.558823529411764,chronos,abordar
2025-12-09 04:00:00,troncal|Colmena,troncal,Colmena,0.0,0.0,10.084197998046875,9.558823529411764,1029.4153846153847,0.0,Asientos,9.558823529411764,chronos,abordar
2025-12-09 05:00:00,troncal|Colmena,troncal,Colmena,17.09661865234375,3.0430908203125,37.37959289550781,9.558823529411764,1029.4153846153847,0.016608085431646696,Asientos,9.558823529411764,chronos,abordar
2025-12-09 06:00:00,troncal|Colmena,troncal,Colmena,66.513916015625,36.292572021484375,103.90852355957031,9.558823529411764,1029.4153846153847,0.06461329120360511,Asientos,9.558823529411764,chronos,abordar
2025-12-09 07:00:00,troncal|Colmena,troncal,Colmena,117.27616882324219,74.62193298339844,165.76885986328125,9.558823529411764,1029.4153846153847,0.11392502052712132,Asientos,9.558823529411764,chronos,abordar
2025-12-09 08:00:00,troncal|Colmena,troncal,Colmena,143.8237762451172,97.84532165527344,198.73899841308594,9.558823529411764,1029.4153846153847,0.13971403419315842,De_pie,10.514705882352942,chronos,cambiar_paradero
2025-12-09 09:00:00,troncal|Colmena,troncal,Colmena,130.5819854736328,89.35633850097656,178.8218994140625,9.558823529411764,1029.4153846153847,0.12685062553482382,De_pie,10.514705882352942,chronos,cambiar_paradero
2025-12-09 10:00:00,troncal|Colmena,troncal,Colmena,139.25865173339844,91.10206604003906,193.51849365234375,9.558823529411764,1029.4153846153847,0.13527935740481375,De_pie,10.514705882352942,chronos,cambiar_paradero
2025-12-09 11:00:00,troncal|Colmena,troncal,Colmena,189.93310546875,126.62022399902344,259.36029052734375,9.558823529411764,1029.4153846153847,0.1845057965009079,De_pie,10.514705882352942,chronos,cambiar_paradero
2025-12-09 12:00:00,troncal|Colmena,troncal,Colmena,363.1734619140625,260.62933349609375,449.6434326171875,9.558823529411764,1029.4153846153847,0.352795836687202,De_pie,10.514705882352942,chronos,cambiar_paradero
2025-12-09 13:00:00,troncal|Colmena,troncal,Colmena,520.0112915039062,382.4695739746094,617.7062377929688,9.558823529411764,1029.4153846153847,0.50515204967351,De_pie,10.514705882352942,chronos,cambiar_paradero
2025-12-09 14:00:00,troncal|Colmena,troncal,Colmena,585.284423828125,404.5755615234375,691.9603271484375,9.558823529411764,1029.4153846153847,0.5685600123868383,De_pie,10.514705882352942,chronos,cambiar_paradero
2025-12-09 15:00:00,troncal|Colmena,troncal,Colmena,660.1754150390625,437.0985107421875,776.7107543945312,9.558823529411764,1029.4153846153847,0.641311005164082,Saturado,12.426470588235293,chronos,cambiar_paradero
2025-12-09 16:00:00,troncal|Colmena,troncal,Colmena,774.2730102539062,517.4478149414062,899.4995727539062,9.558823529411764,1029.4153846153847,0.7521482793296255,Saturado,12.426470588235293,chronos,cambiar_paradero
2025-12-09 17:00:00,troncal|Colmena,troncal,Colmena,917.4756469726562,622.4520874023438,1038.345458984375,9.558823529411764,1029.4153846153847,0.8912589229618402,Saturado,12.426470588235293,chronos,cambiar_paradero
2025-12-09 18:00:00,troncal|Colmena,troncal,Colmena,919.1754150390625,612.1931762695312,1024.510498046875,9.558823529411764,1029.4153846153847,0.8929101204199404,Saturado,12.426470588235293,chronos,cambiar_paradero
2025-12-09 19:00:00,troncal|Colmena,troncal,Colmena,884.1175537109375,584.0399780273438,980.91064453125,9.558823529411764,1029.4153846153847,0.8588540320302925,Saturado,12.426470588235293,chronos,cambiar_paradero
2025-12-09 20:00:00,troncal|Colmena,troncal,Colmena,838.083740234375,559.461181640625,944.4144897460938,9.558823529411764,1029.4153846153847,0.814135627618878,Saturado,12.426470588235293,chronos,cambiar_paradero
2025-12-09 21:00:00,troncal|Colmena,troncal,Colmena,573.3834228515625,367.87835693359375,675.8292236328125,9.558823529411764,1029.4153846153847,0.556999080663432,De_pie,10.514705882352942,chronos,cambiar_paradero
2025-12-09 22:00:00,troncal|Colmena,troncal,Colmena,188.25881958007812,86.09013366699219,258.0020751953125,9.558823529411764,1029.4153846153847,0.18287935307127387,De_pie,10.514705882352942,chronos,cambiar_paradero
2025-12-09 23:00:00,troncal|Colmena,troncal,Colmena,8.65185546875,0.0,33.57719421386719,9.558823529411764,1029.4153846153847,0.008404630043471275,Asientos,9.558823529411764,chronos,abordar
2025-12-09 00:00:00,troncal|Domingo Orué,troncal,Domingo Orué,0.0,0.0,0.0,9.558823529411764,1029.4153846153847,0.0,Asientos,9.558823529411764,chronos,abordar
2025-12-09 01:00:00,troncal|Domingo Orué,troncal,Domingo Orué,0.0,0.0,0.0,9.558823529411764,1029.4153846153847,0.0,Asientos,9.558823529411764,chronos,abordar
2025-12-09 02:00:00,troncal|Domingo Orué,troncal,Domingo Orué,0.0,0.0,1.5289993286132812,9.558823529411764,1029.4153846153847,0.0,Asientos,9.558823529411764,chronos,abordar
2025-12-09 03:00:00,troncal|Domingo Orué,troncal,Domingo Orué,0.0,0.0,3.0292587280273438,9.558823529411764,1029.4153846153847,0.0,Asientos,9.558823529411764,chronos,abordar
2025-12-09 04:00:00,troncal|Domingo Orué,troncal,Domingo Orué,0.0,0.0,8.347152709960938,9.558823529411764,1029.4153846153847,0.0,Asientos,9.558823529411764,chronos,abordar
2025-12-09 05:00:00,troncal|Domingo Orué,troncal,Domingo Orué,18.455780029296875,8.376884460449219,32.267208099365234,9.558823529411764,1029.4153846153847,0.017928408983505152,Asientos,9.558823529411764,chronos,abordar
2025-12-09 06:00:00,troncal|Domingo Orué,troncal,Domingo Orué,73.13893127441406,52.74295425415039,96.36164855957031,9.558823529411764,1029.4153846153847,0.0710489976810873,Asientos,9.558823529411764,chronos,abordar
2025-12-09 07:00:00,troncal|Domingo Orué,troncal,Domingo Orué,151.626708984375,115.38306427001953,182.33749389648438,9.558823529411764,1029.4153846153847,0.14729399934218637,De_pie,10.514705882352942,chronos,cambiar_paradero
2025-12-09 08:00:00,troncal|Domingo Orué,troncal,Domingo Orué,151.831298828125,116.80811309814453,180.92787170410156,9.558823529411764,1029.4153846153847,0.1474927430629502,De_pie,10.514705882352942,chronos,cambiar_paradero
2025-12-09 09:00:00,troncal|Domingo Orué,troncal,Domingo Orué,117.55838012695312,87.28626251220703,143.430419921875,9.558823529411764,1029.4153846153847,0.11419916768669226,Asientos,9.558823529411764,chronos,abordar
2025-12-09 10:00:00,troncal|Domingo Orué,troncal,Domingo Orué,94.95132446289062,70.39277648925781,119.08845520019531,9.558823529411764,1029.4153846153847,0.09223810512446033,Asientos,9.558823529411764,chronos,abordar
2025-12-09 11:00:00,troncal|Domingo Orué,troncal,Domingo Orué,84.17721557617188,62.308773040771484,108.15797424316406,9.558823529411764,1029.4153846153847,0.08177186472458112,Asientos,9.558823529411764,chronos,abordar
2025-12-09 12:00:00,troncal|Domingo Orué,troncal,Domingo Orué,91.66888427734375,68.57256317138672,117.38735961914062,9.558823529411764,1029.4153846153847,0.08904946015703227,Asientos,9.558823529411764,chronos,abordar
2025-12-09 13:00:00,troncal|Domingo Orué,troncal,Domingo Orué,95.36470794677734,71.32039642333984,122.59210205078125,9.558823529411764,1029.4153846153847,0.09263967623954637,Asientos,9.558823529411764,chronos,abordar
2025-12-09 14:00:00,troncal|Domingo Orué,troncal,Domingo Orué,95.93693542480469,71.08137512207031,123.22969055175781,9.558823529411764,1029.4153846153847,0.09319555240632928,Asientos,9.558823529411764,chronos,abordar
2025-12-09 15:00:00,troncal|Domingo Orué,troncal,Domingo Orué,116.66337585449219,86.10857391357422,148.13182067871094,9.558823529411764,1029.4153846153847,0.11332973802220815,Asientos,9.558823529411764,chronos,abordar
2025-12-09 16:00:00,troncal|Domingo Orué,troncal,Domingo Orué,169.99691772460938,123.64971923828125,212.52833557128906,9.558823529411764,1029.4153846153847,0.1651392822229138,De_pie,10.514705882352942,chronos,cambiar_paradero
2025-12-09 17:00:00,troncal|Domingo Orué,troncal,Domingo Orué,307.0413818359375,225.0169219970703,365.0776672363281,9.558823529411764,1029.4153846153847,0.2982677220728111,De_pie,10.514705882352942,chronos,cambiar_paradero
2025-12-09 18:00:00,troncal|Domingo Orué,troncal,Domingo Orué,296.11944580078125,219.2663116455078,350.984375,9.558823529411764,1029.4153846153847,0.2876578786622845,De_pie,10.514705882352942,chronos,cambiar_paradero
2025-12-09 19:00:00,troncal|Domingo Orué,troncal,Domingo Orué,183.5595703125,130.2539825439453,227.48036193847656,9.558823529411764,1029.4153846153847,0.17831438412112174,De_pie,10.514705882352942,chronos,cambiar_paradero
2025-12-09 20:00:00,troncal|Domingo Orué,troncal,Domingo Orué,109.96855163574219,75.02816772460938,140.74395751953125,9.558823529411764,1029.4153846153847,0.10682621736494562,Asientos,9.558823529411764,chronos,abordar
2025-12-09 21:00:00,troncal|Domingo Orué,troncal,Domingo Orué,69.51487731933594,46.37183380126953,93.1162109375,9.558823529411764,1029.4153846153847,0.06752850050449599,Asientos,9.558823529411764,chronos,abordar
2025-12-09 22:00:00,troncal|Domingo Orué,troncal,Domingo Orué,46.61118698120117,28.305999755859375,66.33546447753906,9.558823529411764,1029.4153846153847,0.045279279557898074,Asientos,9.558823529411764,chronos,abordar
2025-12-09 23:00:00,troncal|Domingo Orué,troncal,Domingo Orué,4.915473937988281,0.0,15.953544616699219,9.558823529411764,1029.4153846153847,0.004775015034212671,Asientos,9.558823529411764,chronos,abordar
2025-12-09 00:00:00,troncal|El Milagro,troncal,El Milagro,0.0,0.0,4.529487609863281,9.558823529411764,1029.4153846153847,0.0,Asientos,9.558823529411764,chronos,abordar
2025-12-09 01:00:00,troncal|El Milagro,troncal,El Milagro,0.0,0.0,2.9718093872070312,9.558823529411764,1029.4153846153847,0.0,Asientos,9.558823529411764,chronos,abordar
2025-12-09 02:00:00,troncal|El Milagro,troncal,El Milagro,0.41876220703125,0.0,5.529884338378906,9.558823529411764,1029.4153846153847,0.0004067961420527147,Asientos,9.558823529411764,chronos,abordar
2025-12-09 03:00:00,troncal|El Milagro,troncal,El Milagro,0.0,0.0,4.594490051269531,9.558823529411764,1029.4153846153847,0.0,Asientos,9.558823529411764,chronos,abordar
2025-12-09 04:00:00,troncal|El Milagro,troncal,El Milagro,6.6475677490234375,0.0,17.83684539794922,9.558823529411764,1029.4153846153847,0.0064576145338134175,Asientos,9.558823529411764,chronos,abordar
2025-12-09 05:00:00,troncal|El Milagro,troncal,El Milagro,72.97586822509766,41.38398742675781,99.36090087890625,9.558823529411764,1029.4153846153847,0.07089059413306055,Asientos,9.558823529411764,chronos,abordar
2025-12-09 06:00:00,troncal|El Milagro,troncal,El Milagro,229.00384521484375,157.79464721679688,271.65142822265625,9.558823529411764,1029.4153846153847,0.22246009593144492,De_pie,10.514705882352942,chronos,cambiar_paradero
2025-12-09 07:00:00,troncal|El Milagro,troncal,El Milagro,297.1604309082031,207.9884033203125,343.20770263671875,9.558823529411764,1029.4153846153847,0.28866911778206006,De_pie,10.514705882352942,chronos,cambiar_paradero
2025-12-09 08:00:00,troncal|El Milagro,troncal,El Milagro,200.43661499023438,138.43203735351562,234.35604858398438,9.558823529411764,1029.4153846153847,0.19470916987035558,De_pie,10.514705882352942,chronos,cambiar_paradero
2025-12-09 09:00:00,troncal|El Milagro,troncal,El Milagro,142.16807556152344,97.05123901367188,167.9661407470703,9.558823529411764,1029.4153846153847,0.13810564489925609,De_pie,10.514705882352942,chronos,cambiar_paradero
2025-12-09 10:00:00,troncal|El Milagro,troncal,El Milagro,115.81936645507812,80.24034881591797,141.16961669921875,9.558823529411764,1029.4153846153847,0.11250984606019963,Asientos,9.558823529411764,chronos,abordar
2025-12-09 11:00:00,troncal|El Milagro,troncal,El Milagro,85.45417785644531,60.7077522277832,111.28886413574219,9.558823529411764,1029.4153846153847,0.08301233800617146,Asientos,9.558823529411764,chronos,abordar
2025-12-09 12:00:00,troncal|El Milagro,troncal,El Milagro,96.2818832397461,69.47509765625,128.9852294921875,9.558823529411764,1029.4153846153847,0.09353064339107328,Asientos,9.558823529411764,chronos,abordar
2025-12-09 13:00:00,troncal|El Milagro,troncal,El Milagro,177.13697814941406,123.067626953125,222.06561279296875,9.558823529411764,1029.4153846153847,0.17207531653084518,De_pie,10.514705882352942,chronos,cambiar_paradero
2025-12-09 14:00:00,troncal|El Milagro,troncal,El Milagro,113.54524230957031,80.66661071777344,148.90692138671875,9.558823529411764,1029.4153846153847,0.11030070465868708,Asientos,9.558823529411764,chronos,abordar
2025-12-09 15:00:00,troncal|El Milagro,troncal,El Milagro,65.44161224365234,46.873878479003906,90.12861633300781,9.558823529411764,1029.4153846153847,0.06357162834525051,Asientos,9.558823529411764,chronos,abordar
2025-12-09 16:00:00,troncal|El Milagro,troncal,El Milagro,67.21509552001953,48.51731491088867,87.06591796875,9.558823529411764,1029.4153846153847,0.0652944346126445,Asientos,9.558823529411764,chronos,abordar
2025-12-09 17:00:00,troncal|El Milagro,troncal,El Milagro,77.58161926269531,57.90194320678711,96.87594604492188,9.558823529411764,1029.4153846153847,0.07536473655062163,Asientos,9.558823529411764,chronos,abordar
2025-12-09 18:00:00,troncal|El Milagro,troncal,El Milagro,65.79107666015625,51.86274719238281,81.72225952148438,9.558823529411764,1029.4153846153847,0.06391110687036938,Asientos,9.558823529411764,chronos,abordar
2025-12-09 19:00:00,troncal|El Milagro,troncal,El Milagro,54.240081787109375,42.058319091796875,70.46697998046875,9.558823529411764,1029.4153846153847,0.0526901798804715,Asientos,9.558823529411764,chronos,abordar
2025-12-09 20:00:00,troncal|El Milagro,troncal,El Milagro,44.428794860839844,32.360107421875,63.023094177246094,9.558823529411764,1029.4153846153847,0.04315924895317117,Asientos,9.558823529411764,chronos,abordar
2025-12-09 21:00:00,troncal|El Milagro,troncal,El Milagro,24.263336181640625,15.344833374023438,38.33881759643555,9.558823529411764,1029.4153846153847,0.02357001512145266,Asientos,9.558823529411764,chronos,abordar
2025-12-09 22:00:00,troncal|El Milagro,troncal,El Milagro,8.830070495605469,4.3108062744140625,20.993450164794922,9.558823529411764,1029.4153846153847,0.008577752603633958,Asientos,9.558823529411764,chronos,abordar
2025-12-09 23:00:00,troncal|El Milagro,troncal,El Milagro,0.17810821533203125,0.0,9.122711181640625,9.558823529411764,1029.4153846153847,0.00017301880076192656,Asientos,9.558823529411764,chronos,abordar
2025-12-09 00:00:00,troncal|Escuela Militar,troncal,Escuela Militar,0.0,0.0,3.119598388671875,9.558823529411764,1029.4153846153847,0.0,Asientos,9.558823529411764,chronos,abordar
2025-12-09 01:00:00,troncal|Escuela Militar,troncal,Escuela Militar,0.0,0.0,2.3899803161621094,9.558823529411764,1029.4153846153847,0.0,Asientos,9.558823529411764,chronos,abordar
2025-12-09 02:00:00,troncal|Escuela Militar,troncal,Escuela Militar,0.10146331787109375,0.0,3.5520896911621094,9.558823529411764,1029.4153846153847,9.856401933317033e-05,Asientos,9.558823529411764,chronos,abordar
2025-12-09 03:00:00,troncal|Escuela Militar,troncal,Escuela Militar,1.0733871459960938,0.0,6.969303131103516,9.558823529411764,1029.4153846153847,0.0010427152751336993,Asientos,9.558823529411764,chronos,abordar
2025-12-09 04:00:00,troncal|Escuela Militar,troncal,Escuela Militar,3.6688156127929688,0.0,12.540729522705078,9.558823529411764,1029.4153846153847,0.0035639797768941737,Asientos,9.558823529411764,chronos,abordar
2025-12-09 05:00:00,troncal|Escuela Militar,troncal,Escuela Militar,13.404569625854492,4.161983489990234,26.842540740966797,9.558823529411764,1029.4153846153847,0.01302153613224148,Asientos,9.558823529411764,chronos,abordar
2025-12-09 06:00:00,troncal|Escuela Militar,troncal,Escuela Militar,32.56120300292969,18.556753158569336,50.42039108276367,9.558823529411764,1029.4153846153847,0.031630771688044436,Asientos,9.558823529411764,chronos,abordar
2025-12-09 07:00:00,troncal|Escuela Militar,troncal,Escuela Militar,47.699466705322266,30.058029174804688,68.89707946777344,9.558823529411764,1029.4153846153847,0.04633646185805158,Asientos,9.558823529411764,chronos,abordar
2025-12-09 08:00:00,troncal|Escuela Militar,troncal,Escuela Militar,48.974037170410156,31.019817352294922,70.97848510742188,9.558823529411764,1029.4153846153847,0.04757461167020355,Asientos,9.558823529411764,chronos,abordar
2025-12-09 09:00:00,troncal|Escuela Militar,troncal,Escuela Militar,50.061912536621094,31.24892807006836,73.05611419677734,9.558823529411764,1029.4153846153847,0.04863140116691133,Asientos,9.558823529411764,chronos,abordar
2025-12-09 10:00:00,troncal|Escuela Militar,troncal,Escuela Militar,51.219635009765625,31.880949020385742,75.3250732421875,9.558823529411764,1029.4153846153847,0.04975604190032827,Asientos,9.558823529411764,chronos,abordar
2025-12-09 11:00:00,troncal|Escuela Militar,troncal,Escuela Militar,52.42011260986328,32.097312927246094,76.75297546386719,9.558823529411764,1029.4153846153847,0.050922216039590996,Asientos,9.558823529411764,chronos,abordar
2025-12-09 12:00:00,troncal|Escuela Militar,troncal,Escuela Militar,56.05478286743164,33.31843185424805,81.32333374023438,9.558823529411764,1029.4153846153847,0.05445302615947896,Asientos,9.558823529411764,chronos,abordar
2025-12-09 13:00:00,troncal|Escuela Militar,troncal,Escuela Militar,61.22412109375,36.31544876098633,86.53440856933594,9.558823529411764,1029.4153846153847,0.059474651349440306,Asientos,9.558823529411764,chronos,abordar
2025-12-09 14:00:00,troncal|Escuela Militar,troncal,Escuela Militar,64.23613739013672,38.434410095214844,88.87406921386719,9.558823529411764,1029.4153846153847,0.06240059974830951,Asientos,9.558823529411764,chronos,abordar
2025-12-09 15:00:00,troncal|Escuela Militar,troncal,Escuela Militar,71.48334503173828,44.18602752685547,97.51895141601562,9.558823529411764,1029.4153846153847,0.06944071955797149,Asientos,9.558823529411764,chronos,abordar
2025-12-09 16:00:00,troncal|Escuela Militar,troncal,Escuela Militar,88.90261840820312,57.2182502746582,118.06990051269531,9.558823529411764,1029.4153846153847,0.0863622399051471,Asientos,9.558823529411764,chronos,abordar
2025-12-09 17:00:00,troncal|Escuela Militar,troncal,Escuela Militar,99.1400146484375,63.46600341796875,130.78945922851562,9.558823529411764,1029.4153846153847,0.09630710413899506,Asientos,9.558823529411764,chronos,abordar
2025-12-09 18:00:00,troncal|Escuela Militar,troncal,Escuela Militar,80.97164916992188,50.543060302734375,110.43388366699219,9.558823529411764,1029.4153846153847,0.07865789688015486,Asientos,9.558823529411764,chronos,abordar
2025-12-09 19:00:00,troncal|Escuela Militar,troncal,Escuela Militar,58.437599182128906,36.14045333862305,83.36798095703125,9.558823529411764,1029.4153846153847,0.05676775386834019,Asientos,9.558823529411764,chronos,abordar
2025-12-09 20:00:00,troncal|Escuela Militar,troncal,Escuela Militar,34.633140563964844,19.950721740722656,53.79682922363281,9.558823529411764,1029.4153846153847,0.033643503955310176,Asientos,9.558823529411764,chronos,abordar
2025-12-09 21:00:00,troncal|Escuela Militar,troncal,Escuela Militar,17.989656448364258,8.727977752685547,32.111236572265625,9.558823529411764,1029.4153846153847,0.017475604811449018,Asientos,9.558823529411764,chronos,abordar
2025-12-09 22:00:00,troncal|Escuela Militar,troncal,Escuela Militar,8.612327575683594,2.2582855224609375,19.1983642578125,9.558823529411764,1029.4153846153847,0.0083662316538055,Asientos,9.558823529411764,chronos,abordar
2025-12-09 23:00:00,troncal|Escuela Militar,troncal,Escuela Militar,2.6017112731933594,0.0,8.976211547851562,9.558823529411764,1029.4153846153847,0.002527367777940703,Asientos,9.558823529411764,chronos,abordar
2025-12-09 00:00:00,troncal|España,troncal,España,0.0,0.0,0.0,9.558823529411764,1029.4153846153847,0.0,Asientos,9.558823529411764,chronos,abordar
2025-12-09 01:00:00,troncal|España,troncal,España,0.0,0.0,0.0,9.558823529411764,1029.4153846153847,0.0,Asientos,9.558823529411764,chronos,abordar
2025-12-09 02:00:00,troncal|España,troncal,España,0.0,0.0,8.192657470703125,9.558823529411764,1029.4153846153847,0.0,Asientos,9.558823529411764,chronos,abordar
2025-12-09 03:00:00,troncal|España,troncal,España,0.0,0.0,8.80889892578125,9.558823529411764,1029.4153846153847,0.0,Asientos,9.558823529411764,chronos,abordar
2025-12-09 04:00:00,troncal|España,troncal,España,0.0,0.0,37.161407470703125,9.558823529411764,1029.4153846153847,0.0,Asientos,9.558823529411764,chronos,abordar
2025-12-09 05:00:00,troncal|España,troncal,España,77.69131469726562,36.03900146484375,144.49227905273438,9.558823529411764,1029.4153846153847,0.07547129745519884,Asientos,9.558823529411764,chronos,abordar
2025-12-09 06:00:00,troncal|España,troncal,España,319.24169921875,230.7574462890625,428.18524169921875,9.558823529411764,1029.4153846153847,0.31011941728268094,De_pie,10.514705882352942,chronos,cambiar_paradero
2025-12-09 07:00:00,troncal|España,troncal,España,758.0606079101562,582.6323852539062,906.1114501953125,9.558823529411764,1029.4153846153847,0.7363991438629864,Saturado,12.426470588235293,chronos,cambiar_paradero
2025-12-09 08:00:00,troncal|España,troncal,España,746.36767578125,578.5364379882812,881.0280151367188,9.558823529411764,1029.4153846153847,0.7250403354522544,Saturado,12.426470588235293,chronos,cambiar_paradero
2025-12-09 09:00:00,troncal|España,troncal,España,471.7728271484375,338.7552185058594,584.7921142578125,9.558823529411764,1029.4153846153847,0.4582919919393896,De_pie,10.514705882352942,chronos,cambiar_paradero
2025-12-09 10:00:00,troncal|España,troncal,España,396.3724060058594,281.85699462890625,505.6219177246094,9.558823529411764,1029.4153846153847,0.3850461261116221,De_pie,10.514705882352942,chronos,cambiar_paradero
2025-12-09 11:00:00,troncal|España,troncal,España,385.3915710449219,280.52752685546875,501.6182861328125,9.558823529411764,1029.4153846153847,0.3743790668029639,De_pie,10.514705882352942,chronos,cambiar_paradero
2025-12-09 12:00:00,troncal|España,troncal,España,462.14453125,346.5380554199219,585.192626953125,9.558823529411764,1029.4153846153847,0.4489388230997429,De_pie,10.514705882352942,chronos,cambiar_paradero
2025-12-09 13:00:00,troncal|España,troncal,España,596.7005004882812,452.976806640625,745.6783447265625,9.558823529411764,1029.4153846153847,0.5796498764308088,De_pie,10.514705882352942,chronos,cambiar_paradero
2025-12-09 14:00:00,troncal|España,troncal,España,614.5607299804688,457.00115966796875,773.7557373046875,9.558823529411764,1029.4153846153847,0.5969997526412372,Saturado,12.426470588235293,chronos,cambiar_paradero
2025-12-09 15:00:00,troncal|España,troncal,España,662.0994873046875,487.03643798828125,826.079833984375,9.558823529411764,1029.4153846153847,0.6431800973637716,Saturado,12.426470588235293,chronos,cambiar_paradero
2025-12-09 16:00:00,troncal|España,troncal,España,807.6431884765625,582.8696899414062,1010.941650390625,9.558823529411764,1029.4153846153847,0.7845649098962303,Saturado,12.426470588235293,chronos,cambiar_paradero
2025-12-09 17:00:00,troncal|España,troncal,España,1562.789794921875,1148.6439208984375,1833.7286376953125,9.558823529411764,1029.4153846153847,1.5181333194333133,Saturado,12.426470588235293,chronos,cambiar_paradero
2025-12-09 18:00:00,troncal|España,troncal,España,1611.13037109375,1196.92431640625,1860.799072265625,9.558823529411764,1029.4153846153847,1.5650925711545574,Saturado,12.426470588235293,chronos,cambiar_paradero
2025-12-09 19:00:00,troncal|España,troncal,España,1155.2164306640625,831.31201171875,1360.018310546875,9.558823529411764,1029.4153846153847,1.122206300710845,Saturado,12.426470588235293,chronos,cambiar_paradero
2025-12-09 20:00:00,troncal|España,troncal,España,805.841064453125,568.137939453125,956.8045654296875,9.558823529411764,1029.4153846153847,0.7828142812866619,Saturado,12.426470588235293,chronos,cambiar_paradero
2025-12-09 21:00:00,troncal|España,troncal,España,507.881103515625,353.7501220703125,619.2073364257812,9.558823529411764,1029.4153846153847,0.49336847992162275,De_pie,10.514705882352942,chronos,cambiar_paradero
2025-12-09 22:00:00,troncal|España,troncal,España,262.95245361328125,169.56500244140625,350.8196716308594,9.558823529411764,1029.4153846153847,0.25543862812146223,De_pie,10.514705882352942,chronos,cambiar_paradero
2025-12-09 23:00:00,troncal|España,troncal,España,23.546112060546875,0.0,66.9176025390625,9.558823529411764,1029.4153846153847,0.022873285568142436,Asientos,9.558823529411764,chronos,abordar
2025-12-09 00:00:00,troncal|Estacion Central,troncal,Estacion Central,0.0,0.0,0.0,9.558823529411764,1029.4153846153847,0.0,Asientos,9.558823529411764,chronos,abordar
2025-12-09 01:00:00,troncal|Estacion Central,troncal,Estacion Central,0.0,0.0,0.0,9.558823529411764,1029.4153846153847,0.0,Asientos,9.558823529411764,chronos,abordar
2025-12-09 02:00:00,troncal|Estacion Central,troncal,Estacion Central,0.0,0.0,11.66015625,9.558823529411764,1029.4153846153847,0.0,Asientos,9.558823529411764,chronos,abordar
2025-12-09 03:00:00,troncal|Estacion Central,troncal,Estacion Central,0.0,0.0,0.0,9.558823529411764,1029.4153846153847,0.0,Asientos,9.558823529411764,chronos,abordar
2025-12-09 04:00:00,troncal|Estacion Central,troncal,Estacion Central,0.0,0.0,18.3524169921875,9.558823529411764,1029.4153846153847,0.0,Asientos,9.558823529411764,chronos,abordar
2025-12-09 05:00:00,troncal|Estacion Central,troncal,Estacion Central,100.860595703125,52.20782470703125,166.86016845703125,9.558823529411764,1029.4153846153847,0.09797851985747137,Asientos,9.558823529411764,chronos,abordar
2025-12-09 06:00:00,troncal|Estacion Central,troncal,Estacion Central,384.548828125,276.35357666015625,499.4856872558594,9.558823529411764,1029.4153846153847,0.3735604051309929,De_pie,10.514705882352942,chronos,cambiar_paradero
2025-12-09 07:00:00,troncal|Estacion Central,troncal,Estacion Central,724.6139526367188,543.1109619140625,888.7780151367188,9.558823529411764,1029.4153846153847,0.7039082215654399,Saturado,12.426470588235293,chronos,cambiar_paradero
2025-12-09 08:00:00,troncal|Estacion Central,troncal,Estacion Central,792.00634765625,591.9799194335938,971.08251953125,9.558823529411764,1029.4153846153847,0.7693748893719549,Saturado,12.426470588235293,chronos,cambiar_paradero
2025-12-09 09:00:00,troncal|Estacion Central,troncal,Estacion Central,591.2381591796875,431.0011291503906,729.9832153320312,9.558823529411764,1029.4153846153847,0.5743436206761072,De_pie,10.514705882352942,chronos,cambiar_paradero
2025-12-09 10:00:00,troncal|Estacion Central,troncal,Estacion Central,614.3470458984375,456.969482421875,770.601806640625,9.558823529411764,1029.4153846153847,0.5967921745486375,Saturado,12.426470588235293,chronos,cambiar_paradero
2025-12-09 11:00:00,troncal|Estacion Central,troncal,Estacion Central,796.6846923828125,601.5533447265625,1003.3909912109375,9.558823529411764,1029.4153846153847,0.7739195511251017,Saturado,12.426470588235293,chronos,cambiar_paradero
2025-12-09 12:00:00,troncal|Estacion Central,troncal,Estacion Central,1048.3370361328125,823.2765502929688,1292.88134765625,9.558823529411764,1029.4153846153847,1.0183809682662721,Saturado,12.426470588235293,chronos,cambiar_paradero
2025-12-09 13:00:00,troncal|Estacion Central,troncal,Estacion Central,1156.074462890625,916.0035400390625,1449.96435546875,9.558823529411764,1029.4153846153847,1.1230398147998957,Saturado,12.426470588235293,chronos,cambiar_paradero
2025-12-09 14:00:00,troncal|Estacion Central,troncal,Estacion Central,1168.1907958984375,890.8797607421875,1490.1806640625,9.558823529411764,1029.4153846153847,1.1348099254752275,Saturado,12.426470588235293,chronos,cambiar_paradero
2025-12-09 15:00:00,troncal|Estacion Central,troncal,Estacion Central,1276.141845703125,932.047119140625,1618.8212890625,9.558823529411764,1029.4153846153847,1.2396762908103647,Saturado,12.426470588235293,chronos,cambiar_paradero
2025-12-09 16:00:00,troncal|Estacion Central,troncal,Estacion Central,1590.177978515625,1133.390380859375,2011.2425537109375,9.558823529411764,1029.4153846153847,1.5447388899377632,Saturado,12.426470588235293,chronos,cambiar_paradero
2025-12-09 17:00:00,troncal|Estacion Central,troncal,Estacion Central,2936.427734375,2106.45703125,3461.765380859375,9.558823529411764,1029.4153846153847,2.852519768268397,Saturado,12.426470588235293,chronos,cambiar_paradero
2025-12-09 18:00:00,troncal|Estacion Central,troncal,Estacion Central,3413.534912109375,2406.22265625,3942.8310546875,9.558823529411764,1029.4153846153847,3.3159936825548386,Saturado,12.426470588235293,chronos,cambiar_paradero
2025-12-09 19:00:00,troncal|Estacion Central,troncal,Estacion Central,2763.956298828125,1884.786865234375,3205.0517578125,9.558823529411764,1029.4153846153847,2.6849766771853796,Saturado,12.426470588235293,chronos,cambiar_paradero
2025-12-09 20:00:00,troncal|Estacion Central,troncal,Estacion Central,2359.15478515625,1624.9609375,2713.060546875,9.558823529411764,1029.4153846153847,2.2917423038491784,Saturado,12.426470588235293,chronos,cambiar_paradero
2025-12-09 21:00:00,troncal|Estacion Central,troncal,Estacion Central,1698.6328125,1176.3157958984375,1993.0758056640625,9.558823529411764,1029.4153846153847,1.6500946438979553,Saturado,12.426470588235293,chronos,cambiar_paradero
2025-12-09 22:00:00,troncal|Estacion Central,troncal,Estacion Central,834.0470581054688,512.662841796875,1077.598876953125,9.558823529411764,1029.4153846153847,0.8102142930543917,Saturado,12.426470588235293,chronos,cambiar_paradero
2025-12-09 23:00:00,troncal|Estacion Central,troncal,Estacion Central,32.49151611328125,0.0,149.6644287109375,9.558823529411764,1029.4153846153847,0.03156307609043641,Asientos,9.558823529411764,chronos,abordar
2025-12-09 00:00:00,troncal|Estadio Nacional,troncal,Estadio Nacional,0.0,0.0,14.727294921875,9.558823529411764,1029.4153846153847,0.0,Asientos,9.558823529411764,chronos,abordar
2025-12-09 01:00:00,troncal|Estadio Nacional,troncal,Estadio Nacional,0.0,0.0,11.990631103515625,9.558823529411764,1029.4153846153847,0.0,Asientos,9.558823529411764,chronos,abordar
2025-12-09 02:00:00,troncal|Estadio Nacional,troncal,Estadio Nacional,0.0,0.0,10.91497802734375,9.558823529411764,1029.4153846153847,0.0,Asientos,9.558823529411764,chronos,abordar
2025-12-09 03:00:00,troncal|Estadio Nacional,troncal,Estadio Nacional,0.0,0.0,11.427154541015625,9.558823529411764,1029.4153846153847,0.0,Asientos,9.558823529411764,chronos,abordar
2025-12-09 04:00:00,troncal|Estadio Nacional,troncal,Estadio Nacional,0.0,0.0,27.16961669921875,9.558823529411764,1029.4153846153847,0.0,Asientos,9.558823529411764,chronos,abordar
2025-12-09 05:00:00,troncal|Estadio Nacional,troncal,Estadio Nacional,40.43603515625,15.644927978515625,74.33195495605469,9.558823529411764,1029.4153846153847,0.03928058173655323,Asientos,9.558823529411764,chronos,abordar
2025-12-09 06:00:00,troncal|Estadio Nacional,troncal,Estadio Nacional,136.4971160888672,94.06471252441406,187.11837768554688,9.558823529411764,1029.4153846153847,0.13259673221210494,De_pie,10.514705882352942,chronos,cambiar_paradero
2025-12-09 07:00:00,troncal|Estadio Nacional,troncal,Estadio Nacional,299.6974182128906,228.23406982421875,363.3052978515625,9.558823529411764,1029.4153846153847,0.291133611068835,De_pie,10.514705882352942,chronos,cambiar_paradero
2025-12-09 08:00:00,troncal|Estadio Nacional,troncal,Estadio Nacional,324.6039123535156,249.10470581054688,392.7489929199219,9.558823529411764,1029.4153846153847,0.31532840601055884,De_pie,10.514705882352942,chronos,cambiar_paradero
2025-12-09 09:00:00,troncal|Estadio Nacional,troncal,Estadio Nacional,264.58221435546875,196.63204956054688,324.3967590332031,9.558823529411764,1029.4153846153847,0.2570218187037522,De_pie,10.514705882352942,chronos,cambiar_paradero
2025-12-09 10:00:00,troncal|Estadio Nacional,troncal,Estadio Nacional,272.7540588378906,207.51841735839844,338.92681884765625,9.558823529411764,1029.4153846153847,0.2649601540002225,De_pie,10.514705882352942,chronos,cambiar_paradero
2025-12-09 11:00:00,troncal|Estadio Nacional,troncal,Estadio Nacional,281.3625183105469,211.72085571289062,353.1177978515625,9.558823529411764,1029.4153846153847,0.2733226280814435,De_pie,10.514705882352942,chronos,cambiar_paradero
2025-12-09 12:00:00,troncal|Estadio Nacional,troncal,Estadio Nacional,317.0643310546875,246.17648315429688,396.80859375,9.558823529411764,1029.4153846153847,0.3080042670754825,De_pie,10.514705882352942,chronos,cambiar_paradero
2025-12-09 13:00:00,troncal|Estadio Nacional,troncal,Estadio Nacional,375.38214111328125,293.556396484375,470.5755310058594,9.558823529411764,1029.4153846153847,0.36465565477587397,De_pie,10.514705882352942,chronos,cambiar_paradero
2025-12-09 14:00:00,troncal|Estadio Nacional,troncal,Estadio Nacional,378.35772705078125,287.0121765136719,480.09490966796875,9.558823529411764,1029.4153846153847,0.36754621380769936,De_pie,10.514705882352942,chronos,cambiar_paradero
2025-12-09 15:00:00,troncal|Estadio Nacional,troncal,Estadio Nacional,415.4910583496094,302.1187744140625,527.1815185546875,9.558823529411764,1029.4153846153847,0.4036184659362238,De_pie,10.514705882352942,chronos,cambiar_paradero
2025-12-09 16:00:00,troncal|Estadio Nacional,troncal,Estadio Nacional,499.19354248046875,349.76416015625,643.5037841796875,9.558823529411764,1029.4153846153847,0.48492916459275565,De_pie,10.514705882352942,chronos,cambiar_paradero
2025-12-09 17:00:00,troncal|Estadio Nacional,troncal,Estadio Nacional,942.7950439453125,670.8419189453125,1137.743408203125,9.558823529411764,1029.4153846153847,0.9158548221013466,Saturado,12.426470588235293,chronos,cambiar_paradero
2025-12-09 18:00:00,troncal|Estadio Nacional,troncal,Estadio Nacional,975.8929443359375,688.3438720703125,1164.463134765625,9.558823529411764,1029.4153846153847,0.9480069551326509,Saturado,12.426470588235293,chronos,cambiar_paradero
2025-12-09 19:00:00,troncal|Estadio Nacional,troncal,Estadio Nacional,697.656005859375,457.8179931640625,864.7567138671875,9.558823529411764,1029.4153846153847,0.6777205939272384,Saturado,12.426470588235293,chronos,cambiar_paradero
2025-12-09 20:00:00,troncal|Estadio Nacional,troncal,Estadio Nacional,582.7584228515625,382.8773498535156,721.988525390625,9.558823529411764,1029.4153846153847,0.5661061914955697,De_pie,10.514705882352942,chronos,cambiar_paradero
2025-12-09 21:00:00,troncal|Estadio Nacional,troncal,Estadio Nacional,493.788330078125,334.9620666503906,622.6451416015625,9.558823529411764,1029.4153846153847,0.47967840529468736,De_pie,10.514705882352942,chronos,cambiar_paradero
2025-12-09 22:00:00,troncal|Estadio Nacional,troncal,Estadio Nacional,425.002197265625,267.4727478027344,558.40185546875,9.558823529411764,1029.4153846153847,0.4128578255360118,De_pie,10.514705882352942,chronos,cambiar_paradero
2025-12-09 23:00:00,troncal|Estadio Nacional,troncal,Estadio Nacional,41.70280456542969,0.0,137.1715850830078,9.558823529411764,1029.4153846153847,0.040511153406757074,Asientos,9.558823529411764,chronos,abordar
2025-12-09 00:00:00,troncal|Honorio Delgado,troncal,Honorio Delgado,0.0,0.0,0.8031082153320312,9.558823529411764,1029.4153846153847,0.0,Asientos,9.558823529411764,chronos,abordar
2025-12-09 01:00:00,troncal|Honorio Delgado,troncal,Honorio Delgado,0.0,0.0,1.906219482421875,9.558823529411764,1029.4153846153847,0.0,Asientos,9.558823529411764,chronos,abordar
2025-12-09 02:00:00,troncal|Honorio Delgado,troncal,Honorio Delgado,0.0,0.0,3.87005615234375,9.558823529411764,1029.4153846153847,0.0,Asientos,9.558823529411764,chronos,abordar
2025-12-09 03:00:00,troncal|Honorio Delgado,troncal,Honorio Delgado,0.0,0.0,6.58734130859375,9.558823529411764,1029.4153846153847,0.0,Asientos,9.558823529411764,chronos,abordar
2025-12-09 04:00:00,troncal|Honorio Delgado,troncal,Honorio Delgado,5.19866943359375,0.0,17.26738739013672,9.558823529411764,1029.4153846153847,0.00505011826254773,Asientos,9.558823529411764,chronos,abordar
2025-12-09 05:00:00,troncal|Honorio Delgado,troncal,Honorio Delgado,45.17137145996094,25.738319396972656,66.54803466796875,9.558823529411764,1029.4153846153847,0.043880606541389595,Asientos,9.558823529411764,chronos,abordar
2025-12-09 06:00:00,troncal|Honorio Delgado,troncal,Honorio Delgado,142.05209350585938,107.71637725830078,170.38906860351562,9.558823529411764,1029.4153846153847,0.13799297701280575,De_pie,10.514705882352942,chronos,cambiar_paradero
2025-12-09 07:00:00,troncal|Honorio Delgado,troncal,Honorio Delgado,171.50772094726562,136.95855712890625,198.98748779296875,9.558823529411764,1029.4153846153847,0.1666069144783038,De_pie,10.514705882352942,chronos,cambiar_paradero
2025-12-09 08:00:00,troncal|Honorio Delgado,troncal,Honorio Delgado,135.2608184814453,107.84122467041016,160.65419006347656,9.558823529411764,1029.4153846153847,0.13139576161665986,De_pie,10.514705882352942,chronos,cambiar_paradero
2025-12-09 09:00:00,troncal|Honorio Delgado,troncal,Honorio Delgado,127.21440124511719,101.05071258544922,151.96109008789062,9.558823529411764,1029.4153846153847,0.12357926950222108,Asientos,9.558823529411764,chronos,abordar
2025-12-09 10:00:00,troncal|Honorio Delgado,troncal,Honorio Delgado,124.24191284179688,99.36651611328125,151.22698974609375,9.558823529411764,1029.4153846153847,0.12069171949301764,Asientos,9.558823529411764,chronos,abordar
2025-12-09 11:00:00,troncal|Honorio Delgado,troncal,Honorio Delgado,127.77464294433594,100.05599212646484,155.43243408203125,9.558823529411764,1029.4153846153847,0.1241235023819619,Asientos,9.558823529411764,chronos,abordar
2025-12-09 12:00:00,troncal|Honorio Delgado,troncal,Honorio Delgado,154.93844604492188,120.65424346923828,186.66470336914062,9.558823529411764,1029.4153846153847,0.15051110403096488,De_pie,10.514705882352942,chronos,cambiar_paradero
2025-12-09 13:00:00,troncal|Honorio Delgado,troncal,Honorio Delgado,155.68728637695312,122.42597198486328,187.7208251953125,9.558823529411764,1029.4153846153847,0.1512385463668991,De_pie,10.514705882352942,chronos,cambiar_paradero
2025-12-09 14:00:00,troncal|Honorio Delgado,troncal,Honorio Delgado,153.66334533691406,121.66111755371094,184.53485107421875,9.558823529411764,1029.4153846153847,0.149272439127502,De_pie,10.514705882352942,chronos,cambiar_paradero
2025-12-09 15:00:00,troncal|Honorio Delgado,troncal,Honorio Delgado,163.21551513671875,129.10647583007812,197.55352783203125,9.558823529411764,1029.4153846153847,0.15855165715995215,De_pie,10.514705882352942,chronos,cambiar_paradero
2025-12-09 16:00:00,troncal|Honorio Delgado,troncal,Honorio Delgado,200.35940551757812,156.47117614746094,238.420654296875,9.558823529411764,1029.4153846153847,0.19463416664637997,De_pie,10.514705882352942,chronos,cambiar_paradero
2025-12-09 17:00:00,troncal|Honorio Delgado,troncal,Honorio Delgado,210.2965087890625,163.77920532226562,248.2543182373047,9.558823529411764,1029.4153846153847,0.20428731873638603,De_pie,10.514705882352942,chronos,cambiar_paradero
2025-12-09 18:00:00,troncal|Honorio Delgado,troncal,Honorio Delgado,200.1046142578125,156.4794921875,234.5498046875,9.558823529411764,1029.4153846153847,0.19438665600726046,De_pie,10.514705882352942,chronos,cambiar_paradero
2025-12-09 19:00:00,troncal|Honorio Delgado,troncal,Honorio Delgado,177.1474609375,136.29803466796875,209.90806579589844,9.558823529411764,1029.4153846153847,0.17208549977489088,De_pie,10.514705882352942,chronos,cambiar_paradero
2025-12-09 20:00:00,troncal|Honorio Delgado,troncal,Honorio Delgado,136.99359130859375,102.10452270507812,165.79269409179688,9.558823529411764,1029.4153846153847,0.133079020729594,De_pie,10.514705882352942,chronos,cambiar_paradero
2025-12-09 21:00:00,troncal|Honorio Delgado,troncal,Honorio Delgado,95.99723052978516,70.34992980957031,119.83543395996094,9.558823529411764,1029.4153846153847,0.09325412458805647,Asientos,9.558823529411764,chronos,abordar
2025-12-09 22:00:00,troncal|Honorio Delgado,troncal,Honorio Delgado,56.68326950073242,36.71644592285156,75.7527084350586,9.558823529411764,1029.4153846153847,0.05506355388491761,Asientos,9.558823529411764,chronos,abordar
2025-12-09 23:00:00,troncal|Honorio Delgado,troncal,Honorio Delgado,2.916290283203125,0.0,13.940483093261719,9.558823529411764,1029.4153846153847,0.0028329577416338343,Asientos,9.558823529411764,chronos,abordar
2025-12-09 00:00:00,troncal|Independencia,troncal,Independencia,0.0,0.0,7.1124114990234375,9.558823529411764,1029.4153846153847,0.0,Asientos,9.558823529411764,chronos,abordar
2025-12-09 01:00:00,troncal|Independencia,troncal,Independencia,0.0,0.0,12.052947998046875,9.558823529411764,1029.4153846153847,0.0,Asientos,9.558823529411764,chronos,abordar
2025-12-09 02:00:00,troncal|Independencia,troncal,Independencia,0.2174530029296875,0.0,20.690811157226562,9.558823529411764,1029.4153846153847,0.0002112393171692624,Asientos,9.558823529411764,chronos,abordar
2025-12-09 03:00:00,troncal|Independencia,troncal,Independencia,1.4951629638671875,0.0,32.595703125,9.558823529411764,1029.4153846153847,0.0014524389145649087,Asientos,9.558823529411764,chronos,abordar
2025-12-09 04:00:00,troncal|Independencia,troncal,Independencia,30.320266723632812,0.0,91.63743591308594,9.558823529411764,1029.4153846153847,0.029453869814624174,Asientos,9.558823529411764,chronos,abordar
2025-12-09 05:00:00,troncal|Independencia,troncal,Independencia,394.97265625,231.4069366455078,517.26123046875,9.558823529411764,1029.4153846153847,0.38368637398747607,De_pie,10.514705882352942,chronos,cambiar_paradero
2025-12-09 06:00:00,troncal|Independencia,troncal,Independencia,835.5086059570312,529.7302856445312,1025.8118896484375,9.558823529411764,1029.4153846153847,0.8116340774032614,Saturado,12.426470588235293,chronos,cambiar_paradero
2025-12-09 07:00:00,troncal|Independencia,troncal,Independencia,869.7127075195312,550.239990234375,1049.5855712890625,9.558823529411764,1029.4153846153847,0.8448608020798889,Saturado,12.426470588235293,chronos,cambiar_paradero
2025-12-09 08:00:00,troncal|Independencia,troncal,Independencia,607.5065307617188,366.3662109375,751.653076171875,9.558823529411764,1029.4153846153847,0.5901471260687428,De_pie,10.514705882352942,chronos,cambiar_paradero
2025-12-09 09:00:00,troncal|Independencia,troncal,Independencia,435.01739501953125,269.7423095703125,537.5430297851562,9.558823529411764,1029.4153846153847,0.4225868405707426,De_pie,10.514705882352942,chronos,cambiar_paradero
2025-12-09 10:00:00,troncal|Independencia,troncal,Independencia,288.3186950683594,180.38479614257812,362.91204833984375,9.558823529411764,1029.4153846153847,0.2800800331695863,De_pie,10.514705882352942,chronos,cambiar_paradero
2025-12-09 11:00:00,troncal|Independencia,troncal,Independencia,215.6704559326172,142.47579956054688,279.7183837890625,9.558823529411764,1029.4153846153847,0.20950770617557563,De_pie,10.514705882352942,chronos,cambiar_paradero
2025-12-09 12:00:00,troncal|Independencia,troncal,Independencia,202.1197509765625,143.56805419921875,259.66064453125,9.558823529411764,1029.4153846153847,0.19634421050748088,De_pie,10.514705882352942,chronos,cambiar_paradero
2025-12-09 13:00:00,troncal|Independencia,troncal,Independencia,192.04270935058594,144.29440307617188,242.86546325683594,9.558823529411764,1029.4153846153847,0.18655511877971193,De_pie,10.514705882352942,chronos,cambiar_paradero
2025-12-09 14:00:00,troncal|Independencia,troncal,Independencia,158.5364227294922,122.98052215576172,195.9441375732422,9.558823529411764,1029.4153846153847,0.154006269091,De_pie,10.514705882352942,chronos,cambiar_paradero
2025-12-09 15:00:00,troncal|Independencia,troncal,Independencia,145.3848876953125,110.73146057128906,182.72634887695312,9.558823529411764,1029.4153846153847,0.14123053712630487,De_pie,10.514705882352942,chronos,cambiar_paradero
2025-12-09 16:00:00,troncal|Independencia,troncal,Independencia,164.57968139648438,117.39533233642578,200.89134216308594,9.558823529411764,1029.4153846153847,0.15987684258087465,De_pie,10.514705882352942,chronos,cambiar_paradero
2025-12-09 17:00:00,troncal|Independencia,troncal,Independencia,224.0830535888672,170.57672119140625,268.94024658203125,9.558823529411764,1029.4153846153847,0.2176799151613517,De_pie,10.514705882352942,chronos,cambiar_paradero
2025-12-09 18:00:00,troncal|Independencia,troncal,Independencia,165.32408142089844,122.36175537109375,203.72007751464844,9.558823529411764,1029.4153846153847,0.16059997149029168,De_pie,10.514705882352942,chronos,cambiar_paradero
2025-12-09 19:00:00,troncal|Independencia,troncal,Independencia,89.69811248779297,65.47023010253906,121.12877655029297,9.558823529411764,1029.4153846153847,0.08713500286505474,Asientos,9.558823529411764,chronos,abordar
2025-12-09 20:00:00,troncal|Independencia,troncal,Independencia,42.71171569824219,24.989776611328125,73.1041488647461,9.558823529411764,1029.4153846153847,0.04149123506076252,Asientos,9.558823529411764,chronos,abordar
2025-12-09 21:00:00,troncal|Independencia,troncal,Independencia,32.39823913574219,12.879226684570312,63.095855712890625,9.558823529411764,1029.4153846153847,0.03147246448803267,Asientos,9.558823529411764,chronos,abordar
2025-12-09 22:00:00,troncal|Independencia,troncal,Independencia,16.439422607421875,0.0,40.343231201171875,9.558823529411764,1029.4153846153847,0.01596966866156178,Asientos,9.558823529411764,chronos,abordar
2025-12-09 23:00:00,troncal|Independencia,troncal,Independencia,2.7091827392578125,0.0,24.811874389648438,9.558823529411764,1029.4153846153847,0.0026317682635664426,Asientos,9.558823529411764,chronos,abordar
2025-12-09 00:00:00,troncal|Izaguirre,troncal,Izaguirre,0.0,0.0,8.667510986328125,9.558823529411764,1029.4153846153847,0.0,Asientos,9.558823529411764,chronos,abordar
2025-12-09 01:00:00,troncal|Izaguirre,troncal,Izaguirre,0.0,0.0,18.44305419921875,9.558823529411764,1029.4153846153847,0.0,Asientos,9.558823529411764,chronos,abordar
2025-12-09 02:00:00,troncal|Izaguirre,troncal,Izaguirre,0.0,0.0,39.896759033203125,9.558823529411764,1029.4153846153847,0.0,Asientos,9.558823529411764,chronos,abordar
2025-12-09 03:00:00,troncal|Izaguirre,troncal,Izaguirre,0.0,0.0,64.7479248046875,9.558823529411764,1029.4153846153847,0.0,Asientos,9.558823529411764,chronos,abordar
2025-12-09 04:00:00,troncal|Izaguirre,troncal,Izaguirre,53.07037353515625,0.0,171.97332763671875,9.558823529411764,1029.4153846153847,0.051553895860012494,Asientos,9.558823529411764,chronos,abordar
2025-12-09 05:00:00,troncal|Izaguirre,troncal,Izaguirre,552.3916015625,265.7958984375,805.1384887695312,9.558823529411764,1029.4153846153847,0.5366070974049871,De_pie,10.514705882352942,chronos,cambiar_paradero
2025-12-09 06:00:00,troncal|Izaguirre,troncal,Izaguirre,1704.455322265625,1065.933349609375,2130.12255859375,9.558823529411764,1029.4153846153847,1.6557507763520087,Saturado,12.426470588235293,chronos,cambiar_paradero
2025-12-09 07:00:00,troncal|Izaguirre,troncal,Izaguirre,1985.88818359375,1255.8480224609375,2431.967041015625,9.558823529411764,1029.4153846153847,1.9291417374102364,Saturado,12.426470588235293,chronos,cambiar_paradero
2025-12-09 08:00:00,troncal|Izaguirre,troncal,Izaguirre,1293.6739501953125,776.5170288085938,1633.653076171875,9.558823529411764,1029.4153846153847,1.2567074181416682,Saturado,12.426470588235293,chronos,cambiar_paradero
2025-12-09 09:00:00,troncal|Izaguirre,troncal,Izaguirre,832.4149169921875,489.0981140136719,1065.878662109375,9.558823529411764,1029.4153846153847,0.8086287901197421,Saturado,12.426470588235293,chronos,cambiar_paradero
2025-12-09 10:00:00,troncal|Izaguirre,troncal,Izaguirre,579.0867309570312,353.6210632324219,746.5535888671875,9.558823529411764,1029.4153846153847,0.5625394176262408,De_pie,10.514705882352942,chronos,cambiar_paradero
2025-12-09 11:00:00,troncal|Izaguirre,troncal,Izaguirre,453.1119384765625,295.70025634765625,599.1703491210938,9.558823529411764,1029.4153846153847,0.44016433526088833,De_pie,10.514705882352942,chronos,cambiar_paradero
2025-12-09 12:00:00,troncal|Izaguirre,troncal,Izaguirre,444.9552001953125,312.1590576171875,578.6669921875,9.558823529411764,1029.4153846153847,0.43224067450823933,De_pie,10.514705882352942,chronos,cambiar_paradero
2025-12-09 13:00:00,troncal|Izaguirre,troncal,Izaguirre,416.79510498046875,299.03485107421875,538.88427734375,9.558823529411764,1029.4153846153847,0.4048852496372918,De_pie,10.514705882352942,chronos,cambiar_paradero
2025-12-09 14:00:00,troncal|Izaguirre,troncal,Izaguirre,327.7190246582031,243.7879180908203,417.78997802734375,9.558823529411764,1029.4153846153847,0.31835450446531566,De_pie,10.514705882352942,chronos,cambiar_paradero
2025-12-09 15:00:00,troncal|Izaguirre,troncal,Izaguirre,307.648193359375,229.87452697753906,394.6033935546875,9.558823529411764,1029.4153846153847,0.29885719405128186,De_pie,10.514705882352942,chronos,cambiar_paradero
2025-12-09 16:00:00,troncal|Izaguirre,troncal,Izaguirre,394.8411865234375,286.49462890625,489.67218017578125,9.558823529411764,1029.4153846153847,0.383558660987916,De_pie,10.514705882352942,chronos,cambiar_paradero
2025-12-09 17:00:00,troncal|Izaguirre,troncal,Izaguirre,536.163330078125,393.9693603515625,656.8390502929688,9.558823529411764,1029.4153846153847,0.52084254625595,De_pie,10.514705882352942,chronos,cambiar_paradero
2025-12-09 18:00:00,troncal|Izaguirre,troncal,Izaguirre,440.8350524902344,327.0459899902344,553.6182250976562,9.558823529411764,1029.4153846153847,0.4282382593834474,De_pie,10.514705882352942,chronos,cambiar_paradero
2025-12-09 19:00:00,troncal|Izaguirre,troncal,Izaguirre,269.9232177734375,191.82347106933594,364.2131652832031,9.558823529411764,1029.4153846153847,0.26221020377919413,De_pie,10.514705882352942,chronos,cambiar_paradero
2025-12-09 20:00:00,troncal|Izaguirre,troncal,Izaguirre,139.10638427734375,84.04660034179688,227.61349487304688,9.558823529411764,1029.4153846153847,0.1351314409676492,De_pie,10.514705882352942,chronos,cambiar_paradero
2025-12-09 21:00:00,troncal|Izaguirre,troncal,Izaguirre,81.230224609375,26.49627685546875,163.61566162109375,9.558823529411764,1029.4153846153847,0.07890908356661547,Asientos,9.558823529411764,chronos,abordar
2025-12-09 22:00:00,troncal|Izaguirre,troncal,Izaguirre,41.58563232421875,0.0,105.375,9.558823529411764,1029.4153846153847,0.04039732934412689,Asientos,9.558823529411764,chronos,abordar
2025-12-09 23:00:00,troncal|Izaguirre,troncal,Izaguirre,7.94927978515625,0.0,61.245086669921875,9.558823529411764,1029.4153846153847,0.007722130350836265,Asientos,9.558823529411764,chronos,abordar
2025-12-09 00:00:00,troncal|Javier Prado,troncal,Javier Prado,0.0,0.0,0.0,9.558823529411764,1029.4153846153847,0.0,Asientos,9.558823529411764,chronos,abordar
2025-12-09 01:00:00,troncal|Javier Prado,troncal,Javier Prado,0.0,0.0,0.0,9.558823529411764,1029.4153846153847,0.0,Asientos,9.558823529411764,chronos,abordar
2025-12-09 02:00:00,troncal|Javier Prado,troncal,Javier Prado,0.0,0.0,0.0,9.558823529411764,1029.4153846153847,0.0,Asientos,9.558823529411764,chronos,abordar
2025-12-09 03:00:00,troncal|Javier Prado,troncal,Javier Prado,0.0,0.0,0.0,9.558823529411764,1029.4153846153847,0.0,Asientos,9.558823529411764,chronos,abordar
2025-12-09 04:00:00,troncal|Javier Prado,troncal,Javier Prado,0.0,0.0,0.0,9.558823529411764,1029.4153846153847,0.0,Asientos,9.558823529411764,chronos,abordar
2025-12-09 05:00:00,troncal|Javier Prado,troncal,Javier Prado,29.3477783203125,4.33740234375,79.35723876953125,9.558823529411764,1029.4153846153847,0.028509170116276787,Asientos,9.558823529411764,chronos,abordar
2025-12-09 06:00:00,troncal|Javier Prado,troncal,Javier Prado,281.3652648925781,190.44882202148438,391.7154846191406,9.558823529411764,1029.4153846153847,0.2733252961803201,De_pie,10.514705882352942,chronos,cambiar_paradero
2025-12-09 07:00:00,troncal|Javier Prado,troncal,Javier Prado,599.1183471679688,434.7626037597656,770.5780029296875,9.558823529411764,1029.4153846153847,0.5819986335174253,De_pie,10.514705882352942,chronos,cambiar_paradero
2025-12-09 08:00:00,troncal|Javier Prado,troncal,Javier Prado,657.9738159179688,467.2226257324219,807.1060791015625,9.558823529411764,1029.4153846153847,0.6391723163956834,Saturado,12.426470588235293,chronos,cambiar_paradero
2025-12-09 09:00:00,troncal|Javier Prado,troncal,Javier Prado,584.5606689453125,407.3672180175781,710.6138916015625,9.558823529411764,1029.4153846153847,0.5678569386873104,De_pie,10.514705882352942,chronos,cambiar_paradero
2025-12-09 10:00:00,troncal|Javier Prado,troncal,Javier Prado,532.4112548828125,365.0447082519531,683.5482788085938,9.558823529411764,1029.4153846153847,0.5171976860261659,De_pie,10.514705882352942,chronos,cambiar_paradero
2025-12-09 11:00:00,troncal|Javier Prado,troncal,Javier Prado,530.6594848632812,365.3489074707031,694.8423461914062,9.558823529411764,1029.4153846153847,0.5154959725626685,De_pie,10.514705882352942,chronos,cambiar_paradero
2025-12-09 12:00:00,troncal|Javier Prado,troncal,Javier Prado,637.1318359375,452.0667724609375,806.4366455078125,9.558823529411764,1029.4153846153847,0.6189258927537287,Saturado,12.426470588235293,chronos,cambiar_paradero
2025-12-09 13:00:00,troncal|Javier Prado,troncal,Javier Prado,745.2827758789062,533.6527709960938,971.661865234375,9.558823529411764,1029.4153846153847,0.7239864363959962,Saturado,12.426470588235293,chronos,cambiar_paradero
2025-12-09 14:00:00,troncal|Javier Prado,troncal,Javier Prado,710.1310424804688,491.76885986328125,948.604248046875,9.558823529411764,1029.4153846153847,0.6898391583158546,Saturado,12.426470588235293,chronos,cambiar_paradero
2025-12-09 15:00:00,troncal|Javier Prado,troncal,Javier Prado,811.0396728515625,551.119140625,1073.375244140625,9.558823529411764,1029.4153846153847,0.7878643402581235,Saturado,12.426470588235293,chronos,cambiar_paradero
2025-12-09 16:00:00,troncal|Javier Prado,troncal,Javier Prado,1299.990966796875,854.0272216796875,1710.59619140625,9.558823529411764,1029.4153846153847,1.2628439269756826,Saturado,12.426470588235293,chronos,cambiar_paradero
2025-12-09 17:00:00,troncal|Javier Prado,troncal,Javier Prado,2863.458740234375,1955.129638671875,3452.00048828125,9.558823529411764,1029.4153846153847,2.7816358517939137,Saturado,12.426470588235293,chronos,cambiar_paradero
2025-12-09 18:00:00,troncal|Javier Prado,troncal,Javier Prado,3431.775634765625,2368.140380859375,4050.915771484375,9.558823529411764,1029.4153846153847,3.3337131793963057,Saturado,12.426470588235293,chronos,cambiar_paradero
2025-12-09 19:00:00,troncal|Javier Prado,troncal,Javier Prado,2554.881103515625,1690.0958251953125,3067.207275390625,9.558823529411764,1029.4153846153847,2.4818757730827894,Saturado,12.426470588235293,chronos,cambiar_paradero
2025-12-09 20:00:00,troncal|Javier Prado,troncal,Javier Prado,1453.1217041015625,884.7652587890625,1800.81103515625,9.558823529411764,1029.4153846153847,1.4115989772626967,Saturado,12.426470588235293,chronos,cambiar_paradero
2025-12-09 21:00:00,troncal|Javier Prado,troncal,Javier Prado,738.4036865234375,429.5220031738281,946.5652465820312,9.558823529411764,1029.4153846153847,0.7173039159496568,Saturado,12.426470588235293,chronos,cambiar_paradero
2025-12-09 22:00:00,troncal|Javier Prado,troncal,Javier Prado,343.0025634765625,174.5474853515625,494.730712890625,9.558823529411764,1029.4153846153847,0.3332013185374307,De_pie,10.514705882352942,chronos,cambiar_paradero
2025-12-09 23:00:00,troncal|Javier Prado,troncal,Javier Prado,37.33013916015625,0.0,111.4649658203125,9.558823529411764,1029.4153846153847,0.03626343623580458,Asientos,9.558823529411764,chronos,abordar
2025-12-09 00:00:00,troncal|Jiron de la Unión,troncal,Jiron de la Unión,0.0,0.0,12.12371826171875,9.558823529411764,1029.4153846153847,0.0,Asientos,9.558823529411764,chronos,abordar
2025-12-09 01:00:00,troncal|Jiron de la Unión,troncal,Jiron de la Unión,0.0,0.0,12.0833740234375,9.558823529411764,1029.4153846153847,0.0,Asientos,9.558823529411764,chronos,abordar
2025-12-09 02:00:00,troncal|Jiron de la Unión,troncal,Jiron de la Unión,0.0,0.0,25.79541015625,9.558823529411764,1029.4153846153847,0.0,Asientos,9.558823529411764,chronos,abordar
2025-12-09 03:00:00,troncal|Jiron de la Unión,troncal,Jiron de la Unión,0.0,0.0,18.612091064453125,9.558823529411764,1029.4153846153847,0.0,Asientos,9.558823529411764,chronos,abordar
2025-12-09 04:00:00,troncal|Jiron de la Unión,troncal,Jiron de la Unión,0.0,0.0,22.177154541015625,9.558823529411764,1029.4153846153847,0.0,Asientos,9.558823529411764,chronos,abordar
2025-12-09 05:00:00,troncal|Jiron de la Unión,troncal,Jiron de la Unión,15.51416015625,0.0,53.65380859375,9.558823529411764,1029.4153846153847,0.015070845441120426,Asientos,9.558823529411764,chronos,abordar
2025-12-09 06:00:00,troncal|Jiron de la Unión,troncal,Jiron de la Unión,76.91983032226562,38.45263671875,130.51858520507812,9.558823529411764,1029.4153846153847,0.07472185812630418,Asientos,9.558823529411764,chronos,abordar
2025-12-09 07:00:00,troncal|Jiron de la Unión,troncal,Jiron de la Unión,143.89794921875,89.70492553710938,210.68267822265625,9.558823529411764,1029.4153846153847,0.13978608768559825,De_pie,10.514705882352942,chronos,cambiar_paradero
2025-12-09 08:00:00,troncal|Jiron de la Unión,troncal,Jiron de la Unión,177.9776153564453,116.63392639160156,241.23287963867188,9.558823529411764,1029.4153846153847,0.1728919326603441,De_pie,10.514705882352942,chronos,cambiar_paradero
2025-12-09 09:00:00,troncal|Jiron de la Unión,troncal,Jiron de la Unión,183.84092712402344,122.20159912109375,244.03970336914062,9.558823529411764,1029.4153846153847,0.17858770120548664,De_pie,10.514705882352942,chronos,cambiar_paradero
2025-12-09 10:00:00,troncal|Jiron de la Unión,troncal,Jiron de la Unión,185.7030029296875,119.475830078125,258.0626525878906,9.558823529411764,1029.4153846153847,0.18039656848442262,De_pie,10.514705882352942,chronos,cambiar_paradero
2025-12-09 11:00:00,troncal|Jiron de la Unión,troncal,Jiron de la Unión,232.1074676513672,156.57415771484375,323.5614929199219,9.558823529411764,1029.4153846153847,0.2254750328392346,De_pie,10.514705882352942,chronos,cambiar_paradero
2025-12-09 12:00:00,troncal|Jiron de la Unión,troncal,Jiron de la Unión,361.3388671875,266.2257080078125,480.9622802734375,9.558823529411764,1029.4153846153847,0.3510136652198036,De_pie,10.514705882352942,chronos,cambiar_paradero
2025-12-09 13:00:00,troncal|Jiron de la Unión,troncal,Jiron de la Unión,573.2583618164062,442.666259765625,723.0567626953125,9.558823529411764,1029.4153846153847,0.5568775932279173,De_pie,10.514705882352942,chronos,cambiar_paradero
2025-12-09 14:00:00,troncal|Jiron de la Unión,troncal,Jiron de la Unión,624.8117065429688,474.91400146484375,789.8582763671875,9.558823529411764,1029.4153846153847,0.6069578091417528,Saturado,12.426470588235293,chronos,cambiar_paradero
2025-12-09 15:00:00,troncal|Jiron de la Unión,troncal,Jiron de la Unión,733.1964111328125,544.5597534179688,918.108154296875,9.558823529411764,1029.4153846153847,0.7122454376439623,Saturado,12.426470588235293,chronos,cambiar_paradero
2025-12-09 16:00:00,troncal|Jiron de la Unión,troncal,Jiron de la Unión,941.4561767578125,679.768310546875,1171.419189453125,9.558823529411764,1029.4153846153847,0.914554212835632,Saturado,12.426470588235293,chronos,cambiar_paradero
2025-12-09 17:00:00,troncal|Jiron de la Unión,troncal,Jiron de la Unión,1642.4453125,1174.5789794921875,1935.093017578125,9.558823529411764,1029.4153846153847,1.5955126929773433,Saturado,12.426470588235293,chronos,cambiar_paradero
2025-12-09 18:00:00,troncal|Jiron de la Unión,troncal,Jiron de la Unión,1543.106201171875,1093.1448974609375,1804.090087890625,9.558823529411764,1029.4153846153847,1.4990121813153376,Saturado,12.426470588235293,chronos,cambiar_paradero
2025-12-09 19:00:00,troncal|Jiron de la Unión,troncal,Jiron de la Unión,1191.3878173828125,809.873779296875,1398.302490234375,9.558823529411764,1029.4153846153847,1.1573440956761538,Saturado,12.426470588235293,chronos,cambiar_paradero
2025-12-09 20:00:00,troncal|Jiron de la Unión,troncal,Jiron de la Unión,954.729736328125,650.6127319335938,1111.7960205078125,9.558823529411764,1029.4153846153847,0.9274484825043059,Saturado,12.426470588235293,chronos,cambiar_paradero
2025-12-09 21:00:00,troncal|Jiron de la Unión,troncal,Jiron de la Unión,660.98388671875,453.7049255371094,785.4481201171875,9.558823529411764,1029.4153846153847,0.6420963748911817,Saturado,12.426470588235293,chronos,cambiar_paradero
2025-12-09 22:00:00,troncal|Jiron de la Unión,troncal,Jiron de la Unión,293.9108581542969,173.04371643066406,392.7813720703125,9.558823529411764,1029.4153846153847,0.28551240106452197,De_pie,10.514705882352942,chronos,cambiar_paradero
2025-12-09 23:00:00,troncal|Jiron de la Unión,troncal,Jiron de la Unión,31.431854248046875,0.0,77.89242553710938,9.558823529411764,1029.4153846153847,0.030533693898299956,Asientos,9.558823529411764,chronos,abordar
2025-12-09 00:00:00,troncal|Los Incas,troncal,Los Incas,0.0,0.0,12.53546142578125,9.558823529411764,1029.4153846153847,0.0,Asientos,9.558823529411764,chronos,abordar
2025-12-09 01:00:00,troncal|Los Incas,troncal,Los Incas,0.0,0.0,22.448760986328125,9.558823529411764,1029.4153846153847,0.0,Asientos,9.558823529411764,chronos,abordar
2025-12-09 02:00:00,troncal|Los Incas,troncal,Los Incas,1.6942138671875,0.0,34.253387451171875,9.558823529411764,1029.4153846153847,0.001645801969260932,Asientos,9.558823529411764,chronos,abordar
2025-12-09 03:00:00,troncal|Los Incas,troncal,Los Incas,9.006744384765625,0.0,64.6104736328125,9.558823529411764,1029.4153846153847,0.008749378063871436,Asientos,9.558823529411764,chronos,abordar
2025-12-09 04:00:00,troncal|Los Incas,troncal,Los Incas,82.90266418457031,0.0,207.41891479492188,9.558823529411764,1029.4153846153847,0.08053373344089355,Asientos,9.558823529411764,chronos,abordar
2025-12-09 05:00:00,troncal|Los Incas,troncal,Los Incas,678.9400634765625,421.3876953125,905.0439453125,9.558823529411764,1029.4153846153847,0.6595394566890327,Saturado,12.426470588235293,chronos,cambiar_paradero
2025-12-09 06:00:00,troncal|Los Incas,troncal,Los Incas,1269.6488037109375,803.7603759765625,1590.39599609375,9.558823529411764,1029.4153846153847,1.2333687864839031,Saturado,12.426470588235293,chronos,cambiar_paradero
2025-12-09 07:00:00,troncal|Los Incas,troncal,Los Incas,969.349609375,599.6661376953125,1216.659423828125,9.558823529411764,1029.4153846153847,0.9416505949512045,Saturado,12.426470588235293,chronos,cambiar_paradero
2025-12-09 08:00:00,troncal|Los Incas,troncal,Los Incas,721.3133544921875,428.2468566894531,911.485107421875,9.558823529411764,1029.4153846153847,0.7007019374998832,Saturado,12.426470588235293,chronos,cambiar_paradero
2025-12-09 09:00:00,troncal|Los Incas,troncal,Los Incas,572.211181640625,348.70050048828125,719.4410400390625,9.558823529411764,1029.4153846153847,0.5558603360628979,De_pie,10.514705882352942,chronos,cambiar_paradero
2025-12-09 10:00:00,troncal|Los Incas,troncal,Los Incas,424.4815673828125,266.49884033203125,541.0077514648438,9.558823529411764,1029.4153846153847,0.41235207257118023,De_pie,10.514705882352942,chronos,cambiar_paradero
2025-12-09 11:00:00,troncal|Los Incas,troncal,Los Incas,358.32403564453125,242.99911499023438,463.6630859375,9.558823529411764,1029.4153846153847,0.3480849820195859,De_pie,10.514705882352942,chronos,cambiar_paradero
2025-12-09 12:00:00,troncal|Los Incas,troncal,Los Incas,334.02374267578125,238.90875244140625,428.28668212890625,9.558823529411764,1029.4153846153847,0.32447906614547134,De_pie,10.514705882352942,chronos,cambiar_paradero
2025-12-09 13:00:00,troncal|Los Incas,troncal,Los Incas,299.208984375,225.761474609375,375.7615051269531,9.558823529411764,1029.4153846153847,0.29065913415194583,De_pie,10.514705882352942,chronos,cambiar_paradero
2025-12-09 14:00:00,troncal|Los Incas,troncal,Los Incas,249.31442260742188,199.61456298828125,302.920166015625,9.558823529411764,1029.4153846153847,0.24219030173186304,De_pie,10.514705882352942,chronos,cambiar_paradero
2025-12-09 15:00:00,troncal|Los Incas,troncal,Los Incas,240.49722290039062,193.45126342773438,292.3827819824219,9.558823529411764,1029.4153846153847,0.23362505213602028,De_pie,10.514705882352942,chronos,cambiar_paradero
2025-12-09 16:00:00,troncal|Los Incas,troncal,Los Incas,273.5387878417969,206.6240234375,329.729248046875,9.558823529411764,1029.4153846153847,0.26572245949481105,De_pie,10.514705882352942,chronos,cambiar_paradero
2025-12-09 17:00:00,troncal|Los Incas,troncal,Los Incas,275.6822509765625,214.4613800048828,334.7378234863281,9.558823529411764,1029.4153846153847,0.26780467350365494,De_pie,10.514705882352942,chronos,cambiar_paradero
2025-12-09 18:00:00,troncal|Los Incas,troncal,Los Incas,188.80419921875,138.39610290527344,236.973388671875,9.558823529411764,1029.4153846153847,0.18340914857153798,De_pie,10.514705882352942,chronos,cambiar_paradero
2025-12-09 19:00:00,troncal|Los Incas,troncal,Los Incas,104.89181518554688,77.61679077148438,145.71751403808594,9.558823529411764,1029.4153846153847,0.10189454786974753,Asientos,9.558823529411764,chronos,abordar
2025-12-09 20:00:00,troncal|Los Incas,troncal,Los Incas,50.04917907714844,27.005859375,94.8631591796875,9.558823529411764,1029.4153846153847,0.04861903156406397,Asientos,9.558823529411764,chronos,abordar
2025-12-09 21:00:00,troncal|Los Incas,troncal,Los Incas,29.77020263671875,8.596771240234375,69.57536315917969,9.558823529411764,1029.4153846153847,0.028919523723498305,Asientos,9.558823529411764,chronos,abordar
2025-12-09 22:00:00,troncal|Los Incas,troncal,Los Incas,7.20953369140625,0.0,33.712860107421875,9.558823529411764,1029.4153846153847,0.007003522386737898,Asientos,9.558823529411764,chronos,abordar
2025-12-09 23:00:00,troncal|Los Incas,troncal,Los Incas,0.0,0.0,28.744415283203125,9.558823529411764,1029.4153846153847,0.0,Asientos,9.558823529411764,chronos,abordar
2025-12-09 00:00:00,troncal|Los jazmines,troncal,Los jazmines,0.0,0.0,4.310718536376953,9.558823529411764,1029.4153846153847,0.0,Asientos,9.558823529411764,chronos,abordar
2025-12-09 01:00:00,troncal|Los jazmines,troncal,Los jazmines,0.0,0.0,5.594512939453125,9.558823529411764,1029.4153846153847,0.0,Asientos,9.558823529411764,chronos,abordar
2025-12-09 02:00:00,troncal|Los jazmines,troncal,Los jazmines,0.0,0.0,5.638332366943359,9.558823529411764,1029.4153846153847,0.0,Asientos,9.558823529411764,chronos,abordar
2025-12-09 03:00:00,troncal|Los jazmines,troncal,Los jazmines,0.0,0.0,6.044017791748047,9.558823529411764,1029.4153846153847,0.0,Asientos,9.558823529411764,chronos,abordar
2025-12-09 04:00:00,troncal|Los jazmines,troncal,Los jazmines,7.4298553466796875,0.0,19.616981506347656,9.558823529411764,1029.4153846153847,0.0072175483849560565,Asientos,9.558823529411764,chronos,abordar
2025-12-09 05:00:00,troncal|Los jazmines,troncal,Los jazmines,96.57361602783203,63.084251403808594,120.77622985839844,9.558823529411764,1029.4153846153847,0.09381403996008311,Asientos,9.558823529411764,chronos,abordar
2025-12-09 06:00:00,troncal|Los jazmines,troncal,Los jazmines,226.9637451171875,156.8238525390625,264.4421691894531,9.558823529411764,1029.4153846153847,0.22047829137699046,De_pie,10.514705882352942,chronos,cambiar_paradero
2025-12-09 07:00:00,troncal|Los jazmines,troncal,Los jazmines,186.47637939453125,131.7655029296875,213.88064575195312,9.558823529411764,1029.4153846153847,0.18114784583698784,De_pie,10.514705882352942,chronos,cambiar_paradero
2025-12-09 08:00:00,troncal|Los jazmines,troncal,Los jazmines,162.13006591796875,114.5123062133789,184.708740234375,9.558823529411764,1029.4153846153847,0.1574972244839187,De_pie,10.514705882352942,chronos,cambiar_paradero
2025-12-09 09:00:00,troncal|Los jazmines,troncal,Los jazmines,140.32525634765625,99.79704284667969,161.84295654296875,9.558823529411764,1029.4153846153847,0.1363154839579994,De_pie,10.514705882352942,chronos,cambiar_paradero
2025-12-09 10:00:00,troncal|Los jazmines,troncal,Los jazmines,108.32222747802734,78.08724975585938,129.57041931152344,9.558823529411764,1029.4153846153847,0.10522693666415257,Asientos,9.558823529411764,chronos,abordar
2025-12-09 11:00:00,troncal|Los jazmines,troncal,Los jazmines,89.58775329589844,66.25212860107422,111.39381408691406,9.558823529411764,1029.4153846153847,0.08702779716991568,Asientos,9.558823529411764,chronos,abordar
2025-12-09 12:00:00,troncal|Los jazmines,troncal,Los jazmines,80.68716430664062,61.361915588378906,101.67788696289062,9.558823529411764,1029.4153846153847,0.07838154112762494,Asientos,9.558823529411764,chronos,abordar
2025-12-09 13:00:00,troncal|Los jazmines,troncal,Los jazmines,74.7226791381836,58.11450958251953,94.03005981445312,9.558823529411764,1029.4153846153847,0.07258749019580842,Asientos,9.558823529411764,chronos,abordar
2025-12-09 14:00:00,troncal|Los jazmines,troncal,Los jazmines,66.09426879882812,52.940773010253906,81.67855072021484,9.558823529411764,1029.4153846153847,0.06420563534080326,Asientos,9.558823529411764,chronos,abordar
2025-12-09 15:00:00,troncal|Los jazmines,troncal,Los jazmines,63.62505340576172,50.68324279785156,78.65186309814453,9.558823529411764,1029.4153846153847,0.06180697739380846,Asientos,9.558823529411764,chronos,abordar
2025-12-09 16:00:00,troncal|Los jazmines,troncal,Los jazmines,67.3340835571289,51.44920349121094,81.45193481445312,9.558823529411764,1029.4153846153847,0.06541002258508756,Asientos,9.558823529411764,chronos,abordar
2025-12-09 17:00:00,troncal|Los jazmines,troncal,Los jazmines,68.88359069824219,54.0142822265625,82.9329833984375,9.558823529411764,1029.4153846153847,0.06691525280048036,Asientos,9.558823529411764,chronos,abordar
2025-12-09 18:00:00,troncal|Los jazmines,troncal,Los jazmines,53.79555130004883,42.56578826904297,66.12959289550781,9.558823529411764,1029.4153846153847,0.05225835178298621,Asientos,9.558823529411764,chronos,abordar
2025-12-09 19:00:00,troncal|Los jazmines,troncal,Los jazmines,35.49601745605469,28.01457977294922,46.13160705566406,9.558823529411764,1029.4153846153847,0.034481724274323805,Asientos,9.558823529411764,chronos,abordar
2025-12-09 20:00:00,troncal|Los jazmines,troncal,Los jazmines,20.994213104248047,15.313594818115234,32.64048385620117,9.558823529411764,1029.4153846153847,0.020394306727883234,Asientos,9.558823529411764,chronos,abordar
2025-12-09 21:00:00,troncal|Los jazmines,troncal,Los jazmines,13.648983001708984,7.9381561279296875,25.165969848632812,9.558823529411764,1029.4153846153847,0.013258965433869618,Asientos,9.558823529411764,chronos,abordar
2025-12-09 22:00:00,troncal|Los jazmines,troncal,Los jazmines,5.363819122314453,0.0,14.481849670410156,9.558823529411764,1029.4153846153847,0.005210548824582129,Asientos,9.558823529411764,chronos,abordar
2025-12-09 23:00:00,troncal|Los jazmines,troncal,Los jazmines,0.0,0.0,7.056575775146484,9.558823529411764,1029.4153846153847,0.0,Asientos,9.558823529411764,chronos,abordar
2025-12-09 00:00:00,troncal|Matellini,troncal,Matellini,0.0,0.0,19.35546875,9.558823529411764,1029.4153846153847,0.0,Asientos,9.558823529411764,chronos,abordar
2025-12-09 01:00:00,troncal|Matellini,troncal,Matellini,0.0,0.0,27.2674560546875,9.558823529411764,1029.4153846153847,0.0,Asientos,9.558823529411764,chronos,abordar
2025-12-09 02:00:00,troncal|Matellini,troncal,Matellini,0.0,0.0,67.7105712890625,9.558823529411764,1029.4153846153847,0.0,Asientos,9.558823529411764,chronos,abordar
2025-12-09 03:00:00,troncal|Matellini,troncal,Matellini,0.0,0.0,148.0101318359375,9.558823529411764,1029.4153846153847,0.0,Asientos,9.558823529411764,chronos,abordar
2025-12-09 04:00:00,troncal|Matellini,troncal,Matellini,99.7130126953125,0.0,344.4244384765625,9.558823529411764,1029.4153846153847,0.09686372885574056,Asientos,9.558823529411764,chronos,abordar
2025-12-09 05:00:00,troncal|Matellini,troncal,Matellini,1046.08251953125,545.5899047851562,1501.062255859375,9.558823529411764,1029.4153846153847,1.0161908741261843,Saturado,12.426470588235293,chronos,cambiar_paradero
2025-12-09 06:00:00,troncal|Matellini,troncal,Matellini,3494.8251953125,2426.5625,4168.1767578125,9.558823529411764,1029.4153846153847,3.3949611085502225,Saturado,12.426470588235293,chronos,cambiar_paradero
2025-12-09 07:00:00,troncal|Matellini,troncal,Matellini,4653.99853515625,3279.70068359375,5422.12060546875,9.558823529411764,1029.4153846153847,4.52101125037596,Saturado,12.426470588235293,chronos,cambiar_paradero
2025-12-09 08:00:00,troncal|Matellini,troncal,Matellini,3712.318359375,2618.830078125,4347.45458984375,9.558823529411764,1029.4153846153847,3.6062394392541695,Saturado,12.426470588235293,chronos,cambiar_paradero
2025-12-09 09:00:00,troncal|Matellini,troncal,Matellini,2458.234375,1675.17529296875,2957.21630859375,9.558823529411764,1029.4153846153847,2.3879907098128883,Saturado,12.426470588235293,chronos,cambiar_paradero
2025-12-09 10:00:00,troncal|Matellini,troncal,Matellini,1716.531005859375,1203.5760498046875,2108.47412109375,9.558823529411764,1029.4153846153847,1.667481399163967,Saturado,12.426470588235293,chronos,cambiar_paradero
2025-12-09 11:00:00,troncal|Matellini,troncal,Matellini,1314.296630859375,955.5943603515625,1668.1168212890625,9.558823529411764,1029.4153846153847,1.2767408089110976,Saturado,12.426470588235293,chronos,cambiar_paradero
2025-12-09 12:00:00,troncal|Matellini,troncal,Matellini,1268.763427734375,966.5615844726562,1610.202392578125,9.558823529411764,1029.4153846153847,1.2325087099882588,Saturado,12.426470588235293,chronos,cambiar_paradero
2025-12-09 13:00:00,troncal|Matellini,troncal,Matellini,1243.45361328125,954.0950317382812,1566.1715087890625,9.558823529411764,1029.4153846153847,1.2079221195492773,Saturado,12.426470588235293,chronos,cambiar_paradero
2025-12-09 14:00:00,troncal|Matellini,troncal,Matellini,1151.3260498046875,903.7479248046875,1425.546630859375,9.558823529411764,1029.4153846153847,1.1184270868798523,Saturado,12.426470588235293,chronos,cambiar_paradero
2025-12-09 15:00:00,troncal|Matellini,troncal,Matellini,1145.177490234375,898.0211181640625,1417.954833984375,9.558823529411764,1029.4153846153847,1.112454221443603,Saturado,12.426470588235293,chronos,cambiar_paradero
2025-12-09 16:00:00,troncal|Matellini,troncal,Matellini,1349.1455078125,1035.433837890625,1629.5726318359375,9.558823529411764,1029.4153846153847,1.3105938846217793,Saturado,12.426470588235293,chronos,cambiar_paradero
2025-12-09 17:00:00,troncal|Matellini,troncal,Matellini,1974.2135009765625,1509.219970703125,2330.574462890625,9.558823529411764,1029.4153846153847,1.9178006570342623,Saturado,12.426470588235293,chronos,cambiar_paradero
2025-12-09 18:00:00,troncal|Matellini,troncal,Matellini,1903.39892578125,1493.07861328125,2291.7021484375,9.558823529411764,1029.4153846153847,1.8490095973185863,Saturado,12.426470588235293,chronos,cambiar_paradero
2025-12-09 19:00:00,troncal|Matellini,troncal,Matellini,1386.6099853515625,1046.32763671875,1727.32373046875,9.558823529411764,1029.4153846153847,1.3469878205381927,Saturado,12.426470588235293,chronos,cambiar_paradero
2025-12-09 20:00:00,troncal|Matellini,troncal,Matellini,747.2811279296875,528.88525390625,1039.761474609375,9.558823529411764,1029.4153846153847,0.7259276858475263,Saturado,12.426470588235293,chronos,cambiar_paradero
2025-12-09 21:00:00,troncal|Matellini,troncal,Matellini,358.82916259765625,174.04693603515625,618.8637084960938,9.558823529411764,1029.4153846153847,0.3485756750485362,De_pie,10.514705882352942,chronos,cambiar_paradero
2025-12-09 22:00:00,troncal|Matellini,troncal,Matellini,161.7791748046875,21.4073486328125,378.50885009765625,9.558823529411764,1029.4153846153847,0.15715636002966116,De_pie,10.514705882352942,chronos,cambiar_paradero
2025-12-09 23:00:00,troncal|Matellini,troncal,Matellini,3.4273681640625,0.0,168.81878662109375,9.558823529411764,1029.4153846153847,0.003329431651483478,Asientos,9.558823529411764,chronos,abordar
2025-12-09 00:00:00,troncal|México,troncal,México,0.0,0.0,0.0,9.558823529411764,1029.4153846153847,0.0,Asientos,9.558823529411764,chronos,abordar
2025-12-09 01:00:00,troncal|México,troncal,México,0.0,0.0,3.8543701171875,9.558823529411764,1029.4153846153847,0.0,Asientos,9.558823529411764,chronos,abordar
2025-12-09 02:00:00,troncal|México,troncal,México,0.0,0.0,8.902175903320312,9.558823529411764,1029.4153846153847,0.0,Asientos,9.558823529411764,chronos,abordar
2025-12-09 03:00:00,troncal|México,troncal,México,0.0,0.0,9.278121948242188,9.558823529411764,1029.4153846153847,0.0,Asientos,9.558823529411764,chronos,abordar
2025-12-09 04:00:00,troncal|México,troncal,México,4.6974945068359375,0.0,27.056686401367188,9.558823529411764,1029.4153846153847,0.004563264331425393,Asientos,9.558823529411764,chronos,abordar
2025-12-09 05:00:00,troncal|México,troncal,México,54.491363525390625,33.0772705078125,87.00313568115234,9.558823529411764,1029.4153846153847,0.05293428128213759,Asientos,9.558823529411764,chronos,abordar
2025-12-09 06:00:00,troncal|México,troncal,México,173.92916870117188,135.70448303222656,220.0819549560547,9.558823529411764,1029.4153846153847,0.16895916973900302,De_pie,10.514705882352942,chronos,cambiar_paradero
2025-12-09 07:00:00,troncal|México,troncal,México,368.73846435546875,297.3549499511719,429.570068359375,9.558823529411764,1029.4153846153847,0.3582018200488024,De_pie,10.514705882352942,chronos,cambiar_paradero
2025-12-09 08:00:00,troncal|México,troncal,México,442.15167236328125,342.758056640625,512.92578125,9.558823529411764,1029.4153846153847,0.4295172570482616,De_pie,10.514705882352942,chronos,cambiar_paradero
2025-12-09 09:00:00,troncal|México,troncal,México,241.06895446777344,178.289794921875,297.4454345703125,9.558823529411764,1029.4153846153847,0.23418044656272824,De_pie,10.514705882352942,chronos,cambiar_paradero
2025-12-09 10:00:00,troncal|México,troncal,México,192.28378295898438,146.54660034179688,237.92892456054688,9.558823529411764,1029.4153846153847,0.18678930374721997,De_pie,10.514705882352942,chronos,cambiar_paradero
2025-12-09 11:00:00,troncal|México,troncal,México,189.43392944335938,147.71817016601562,238.2139434814453,9.558823529411764,1029.4153846153847,0.18402088435285685,De_pie,10.514705882352942,chronos,cambiar_paradero
2025-12-09 12:00:00,troncal|México,troncal,México,230.45220947265625,183.05746459960938,282.6497802734375,9.558823529411764,1029.4153846153847,0.22386707340570683,De_pie,10.514705882352942,chronos,cambiar_paradero
2025-12-09 13:00:00,troncal|México,troncal,México,273.64501953125,218.69996643066406,336.46063232421875,9.558823529411764,1029.4153846153847,0.2658256556302494,De_pie,10.514705882352942,chronos,cambiar_paradero
2025-12-09 14:00:00,troncal|México,troncal,México,298.1478271484375,234.6866912841797,365.4603271484375,9.558823529411764,1029.4153846153847,0.2896282993281988,De_pie,10.514705882352942,chronos,cambiar_paradero
2025-12-09 15:00:00,troncal|México,troncal,México,336.7962646484375,262.1361083984375,408.5955810546875,9.558823529411764,1029.4153846153847,0.3271723637336866,De_pie,10.514705882352942,chronos,cambiar_paradero
2025-12-09 16:00:00,troncal|México,troncal,México,403.17388916015625,312.24017333984375,485.949462890625,9.558823529411764,1029.4153846153847,0.391653257941926,De_pie,10.514705882352942,chronos,cambiar_paradero
2025-12-09 17:00:00,troncal|México,troncal,México,701.7550048828125,542.0079345703125,808.9988403320312,9.558823529411764,1029.4153846153847,0.6817024646906804,Saturado,12.426470588235293,chronos,cambiar_paradero
2025-12-09 18:00:00,troncal|México,troncal,México,724.9755859375,561.7797241210938,826.295654296875,9.558823529411764,1029.4153846153847,0.7042595212508592,Saturado,12.426470588235293,chronos,cambiar_paradero
2025-12-09 19:00:00,troncal|México,troncal,México,515.0718994140625,391.67510986328125,600.9659423828125,9.558823529411764,1029.4153846153847,0.5003537999449136,De_pie,10.514705882352942,chronos,cambiar_paradero
2025-12-09 20:00:00,troncal|México,troncal,México,359.058349609375,267.4737548828125,424.22674560546875,9.558823529411764,1029.4153846153847,0.3487983130770172,De_pie,10.514705882352942,chronos,cambiar_paradero
2025-12-09 21:00:00,troncal|México,troncal,México,191.42274475097656,134.80108642578125,240.07981872558594,9.558823529411764,1029.4153846153847,0.18595286957217652,De_pie,10.514705882352942,chronos,cambiar_paradero
2025-12-09 22:00:00,troncal|México,troncal,México,85.34771728515625,55.40852355957031,122.37127685546875,9.558823529411764,1029.4153846153847,0.08290891952916003,Asientos,9.558823529411764,chronos,abordar
2025-12-09 23:00:00,troncal|México,troncal,México,9.716598510742188,0.0,28.91571044921875,9.558823529411764,1029.4153846153847,0.009438948218529444,Asientos,9.558823529411764,chronos,abordar
2025-12-09 00:00:00,troncal|Naranjal,troncal,Naranjal,0.0,0.0,68.169189453125,9.558823529411764,1029.4153846153847,0.0,Asientos,9.558823529411764,chronos,abordar
2025-12-09 01:00:00,troncal|Naranjal,troncal,Naranjal,0.0,0.0,156.060791015625,9.558823529411764,1029.4153846153847,0.0,Asientos,9.558823529411764,chronos,abordar
2025-12-09 02:00:00,troncal|Naranjal,troncal,Naranjal,83.2373046875,0.0,300.642822265625,9.558823529411764,1029.4153846153847,0.08085881164346455,Asientos,9.558823529411764,chronos,abordar
2025-12-09 03:00:00,troncal|Naranjal,troncal,Naranjal,30.620849609375,0.0,375.693603515625,9.558823529411764,1029.4153846153847,0.02974586359112528,Asientos,9.558823529411764,chronos,abordar
2025-12-09 04:00:00,troncal|Naranjal,troncal,Naranjal,433.884521484375,0.0,1244.0711669921875,9.558823529411764,1029.4153846153847,0.4214863387207731,De_pie,10.514705882352942,chronos,cambiar_paradero
2025-12-09 05:00:00,troncal|Naranjal,troncal,Naranjal,4119.77001953125,1974.2763671875,5986.09521484375,9.558823529411764,1029.4153846153847,4.002048231550861,Saturado,12.426470588235293,chronos,cambiar_paradero
2025-12-09 06:00:00,troncal|Naranjal,troncal,Naranjal,12132.001953125,7279.91259765625,15350.236328125,9.558823529411764,1029.4153846153847,11.785331882967553,Saturado,12.426470588235293,chronos,cambiar_paradero
2025-12-09 07:00:00,troncal|Naranjal,troncal,Naranjal,12448.13671875,7464.23583984375,15601.0078125,9.558823529411764,1029.4153846153847,12.09243314680102,Saturado,12.426470588235293,chronos,cambiar_paradero
2025-12-09 08:00:00,troncal|Naranjal,troncal,Naranjal,8701.1591796875,5023.583984375,11155.490234375,9.558823529411764,1029.4153846153847,8.452524908531915,Saturado,12.426470588235293,chronos,cambiar_paradero
2025-12-09 09:00:00,troncal|Naranjal,troncal,Naranjal,5430.63671875,3062.196044921875,7095.517578125,9.558823529411764,1029.4153846153847,5.275457118584857,Saturado,12.426470588235293,chronos,cambiar_paradero
2025-12-09 10:00:00,troncal|Naranjal,troncal,Naranjal,3670.52587890625,2185.163330078125,4788.6044921875,9.558823529411764,1029.4153846153847,3.5656411724190913,Saturado,12.426470588235293,chronos,cambiar_paradero
2025-12-09 11:00:00,troncal|Naranjal,troncal,Naranjal,2825.072265625,1809.3218994140625,3756.1875,9.558823529411764,1029.4153846153847,2.7443462647301677,Saturado,12.426470588235293,chronos,cambiar_paradero
2025-12-09 12:00:00,troncal|Naranjal,troncal,Naranjal,2480.019287109375,1729.799072265625,3233.10205078125,9.558823529411764,1029.4153846153847,2.409153121444724,Saturado,12.426470588235293,chronos,cambiar_paradero
2025-12-09 13:00:00,troncal|Naranjal,troncal,Naranjal,2171.896728515625,1589.835205078125,2787.2236328125,9.558823529411764,1029.4153846153847,2.1098351170719094,Saturado,12.426470588235293,chronos,cambiar_paradero
2025-12-09 14:00:00,troncal|Naranjal,troncal,Naranjal,1800.508056640625,1408.462646484375,2224.324462890625,9.558823529411764,1029.4153846153847,1.74905881877153,Saturado,12.426470588235293,chronos,cambiar_paradero
2025-12-09 15:00:00,troncal|Naranjal,troncal,Naranjal,1673.0439453125,1291.92138671875,2092.5986328125,9.558823529411764,1029.4153846153847,1.625236974613111,Saturado,12.426470588235293,chronos,cambiar_paradero
2025-12-09 16:00:00,troncal|Naranjal,troncal,Naranjal,1780.165283203125,1288.945556640625,2154.88623046875,9.558823529411764,1029.4153846153847,1.7292973369231694,Saturado,12.426470588235293,chronos,cambiar_paradero
2025-12-09 17:00:00,troncal|Naranjal,troncal,Naranjal,1802.08154296875,1305.9215087890625,2244.88037109375,9.558823529411764,1029.4153846153847,1.7505873429723926,Saturado,12.426470588235293,chronos,cambiar_paradero
2025-12-09 18:00:00,troncal|Naranjal,troncal,Naranjal,1252.7523193359375,874.7454833984375,1667.834228515625,9.558823529411764,1029.4153846153847,1.2169551165237316,Saturado,12.426470588235293,chronos,cambiar_paradero
2025-12-09 19:00:00,troncal|Naranjal,troncal,Naranjal,816.11572265625,497.4620361328125,1170.0838623046875,9.558823529411764,1029.4153846153847,0.7927953427286024,Saturado,12.426470588235293,chronos,cambiar_paradero
2025-12-09 20:00:00,troncal|Naranjal,troncal,Naranjal,485.517333984375,282.126953125,852.016357421875,9.558823529411764,1029.4153846153847,0.4716437516287717,De_pie,10.514705882352942,chronos,cambiar_paradero
2025-12-09 21:00:00,troncal|Naranjal,troncal,Naranjal,314.47900390625,62.533935546875,654.44091796875,9.558823529411764,1029.4153846153847,0.3054928152484793,De_pie,10.514705882352942,chronos,cambiar_paradero
2025-12-09 22:00:00,troncal|Naranjal,troncal,Naranjal,137.538330078125,0.0,406.84033203125,9.558823529411764,1029.4153846153847,0.13360819367345356,De_pie,10.514705882352942,chronos,cambiar_paradero
2025-12-09 23:00:00,troncal|Naranjal,troncal,Naranjal,13.053955078125,0.0,303.244140625,9.558823529411764,1029.4153846153847,0.012680940340718032,Asientos,9.558823529411764,chronos,abordar
2025-12-09 00:00:00,troncal|Naranjal Alimentador,troncal,Naranjal Alimentador,0.04078662395477295,0.0,0.4167978763580322,9.558823529411764,1029.4153846153847,3.962115251464971e-05,Asientos,9.558823529411764,chronos,abordar
2025-12-09 01:00:00,troncal|Naranjal Alimentador,troncal,Naranjal Alimentador,0.03138422966003418,0.0,0.4334529638290405,9.558823529411764,1029.4153846153847,3.0487430175487528e-05,Asientos,9.558823529411764,chronos,abordar
2025-12-09 02:00:00,troncal|Naranjal Alimentador,troncal,Naranjal Alimentador,0.0,0.0,0.36323606967926025,9.558823529411764,1029.4153846153847,0.0,Asientos,9.558823529411764,chronos,abordar
2025-12-09 03:00:00,troncal|Naranjal Alimentador,troncal,Naranjal Alimentador,0.023770928382873535,0.0,0.43972063064575195,9.558823529411764,1029.4153846153847,2.309167779900137e-05,Asientos,9.558823529411764,chronos,abordar
2025-12-09 04:00:00,troncal|Naranjal Alimentador,troncal,Naranjal Alimentador,0.02243328094482422,0.0,0.4668269753456116,9.558823529411764,1029.4153846153847,2.1792253428586413e-05,Asientos,9.558823529411764,chronos,abordar
2025-12-09 05:00:00,troncal|Naranjal Alimentador,troncal,Naranjal Alimentador,0.6012837290763855,0.0,1.7290853261947632,9.558823529411764,1029.4153846153847,0.0005841021399743702,Asientos,9.558823529411764,chronos,abordar
2025-12-09 06:00:00,troncal|Naranjal Alimentador,troncal,Naranjal Alimentador,5.210535049438477,2.8395981788635254,7.762540340423584,9.558823529411764,1029.4153846153847,0.005061644820263943,Asientos,9.558823529411764,chronos,abordar
2025-12-09 07:00:00,troncal|Naranjal Alimentador,troncal,Naranjal Alimentador,13.068538665771484,7.650389194488525,17.20876693725586,9.558823529411764,1029.4153846153847,0.012695107204614215,Asientos,9.558823529411764,chronos,abordar
2025-12-09 08:00:00,troncal|Naranjal Alimentador,troncal,Naranjal Alimentador,7.973104000091553,4.062748908996582,11.544670104980469,9.558823529411764,1029.4153846153847,0.007745273792532743,Asientos,9.558823529411764,chronos,abordar
2025-12-09 09:00:00,troncal|Naranjal Alimentador,troncal,Naranjal Alimentador,2.3172531127929688,0.30681800842285156,4.772582054138184,9.558823529411764,1029.4153846153847,0.002251037965260984,Asientos,9.558823529411764,chronos,abordar
2025-12-09 10:00:00,troncal|Naranjal Alimentador,troncal,Naranjal Alimentador,1.1860722303390503,0.0,2.865022659301758,9.558823529411764,1029.4153846153847,0.001152180400705976,Asientos,9.558823529411764,chronos,abordar
2025-12-09 11:00:00,troncal|Naranjal Alimentador,troncal,Naranjal Alimentador,0.974136233329773,0.0,2.5726494789123535,9.558823529411764,1029.4153846153847,0.0009463004418704453,Asientos,9.558823529411764,chronos,abordar
2025-12-09 12:00:00,troncal|Naranjal Alimentador,troncal,Naranjal Alimentador,1.527012825012207,0.27730631828308105,3.3395192623138428,9.558823529411764,1029.4153846153847,0.0014833786708780704,Asientos,9.558823529411764,chronos,abordar
2025-12-09 13:00:00,troncal|Naranjal Alimentador,troncal,Naranjal Alimentador,1.6949526071548462,0.31835222244262695,3.5259227752685547,9.558823529411764,1029.4153846153847,0.0016465195998485323,Asientos,9.558823529411764,chronos,abordar
2025-12-09 14:00:00,troncal|Naranjal Alimentador,troncal,Naranjal Alimentador,1.4695932865142822,0.23810279369354248,3.2652645111083984,9.558823529411764,1029.4153846153847,0.0014275998867681185,Asientos,9.558823529411764,chronos,abordar
2025-12-09 15:00:00,troncal|Naranjal Alimentador,troncal,Naranjal Alimentador,0.9304975271224976,0.011676907539367676,2.541940689086914,9.558823529411764,1029.4153846153847,0.0009039087049103649,Asientos,9.558823529411764,chronos,abordar
2025-12-09 16:00:00,troncal|Naranjal Alimentador,troncal,Naranjal Alimentador,0.6679794788360596,0.0,2.0769481658935547,9.558823529411764,1029.4153846153847,0.0006488920690510501,Asientos,9.558823529411764,chronos,abordar
2025-12-09 17:00:00,troncal|Naranjal Alimentador,troncal,Naranjal Alimentador,0.6286281943321228,0.0,2.009791851043701,9.558823529411764,1029.4153846153847,0.000610665241385521,Asientos,9.558823529411764,chronos,abordar
2025-12-09 18:00:00,troncal|Naranjal Alimentador,troncal,Naranjal Alimentador,0.5572551488876343,0.0006927251815795898,1.8836605548858643,9.558823529411764,1029.4153846153847,0.0005413316696212372,Asientos,9.558823529411764,chronos,abordar
2025-12-09 19:00:00,troncal|Naranjal Alimentador,troncal,Naranjal Alimentador,0.08516550064086914,0.0,1.1165517568588257,9.558823529411764,1029.4153846153847,8.273190969716184e-05,Asientos,9.558823529411764,chronos,abordar
2025-12-09 20:00:00,troncal|Naranjal Alimentador,troncal,Naranjal Alimentador,0.24331116676330566,0.0,1.214339017868042,9.558823529411764,1029.4153846153847,0.00023635858799041825,Asientos,9.558823529411764,chronos,abordar
2025-12-09 21:00:00,troncal|Naranjal Alimentador,troncal,Naranjal Alimentador,0.2976398468017578,0.0,1.2880138158798218,9.558823529411764,1029.4153846153847,0.00028913483444097105,Asientos,9.558823529411764,chronos,abordar
2025-12-09 22:00:00,troncal|Naranjal Alimentador,troncal,Naranjal Alimentador,0.07454538345336914,0.0,0.8538966774940491,9.558823529411764,1029.4153846153847,7.241526070763082e-05,Asientos,9.558823529411764,chronos,abordar
2025-12-09 23:00:00,troncal|Naranjal Alimentador,troncal,Naranjal Alimentador,0.0,0.0,0.465107798576355,9.558823529411764,1029.4153846153847,0.0,Asientos,9.558823529411764,chronos,abordar
2025-12-09 00:00:00,troncal|Pacifico,troncal,Pacifico,0.0,0.0,3.176116943359375,9.558823529411764,1029.4153846153847,0.0,Asientos,9.558823529411764,chronos,abordar
2025-12-09 01:00:00,troncal|Pacifico,troncal,Pacifico,0.0,0.0,4.4122467041015625,9.558823529411764,1029.4153846153847,0.0,Asientos,9.558823529411764,chronos,abordar
2025-12-09 02:00:00,troncal|Pacifico,troncal,Pacifico,0.0,0.0,6.906791687011719,9.558823529411764,1029.4153846153847,0.0,Asientos,9.558823529411764,chronos,abordar
2025-12-09 03:00:00,troncal|Pacifico,troncal,Pacifico,0.41655731201171875,0.0,11.262256622314453,9.558823529411764,1029.4153846153847,0.0004046542515656641,Asientos,9.558823529411764,chronos,abordar
2025-12-09 04:00:00,troncal|Pacifico,troncal,Pacifico,11.985626220703125,0.0,28.516403198242188,9.558823529411764,1029.4153846153847,0.011643138814348742,Asientos,9.558823529411764,chronos,abordar
2025-12-09 05:00:00,troncal|Pacifico,troncal,Pacifico,99.54696655273438,60.20710754394531,130.46408081054688,9.558823529411764,1029.4153846153847,0.09670242745587837,Asientos,9.558823529411764,chronos,abordar
2025-12-09 06:00:00,troncal|Pacifico,troncal,Pacifico,253.56483459472656,175.373046875,299.36590576171875,9.558823529411764,1029.4153846153847,0.24631925885726363,De_pie,10.514705882352942,chronos,cambiar_paradero
2025-12-09 07:00:00,troncal|Pacifico,troncal,Pacifico,284.8712463378906,201.8544158935547,328.54473876953125,9.558823529411764,1029.4153846153847,0.2767310947507605,De_pie,10.514705882352942,chronos,cambiar_paradero
2025-12-09 08:00:00,troncal|Pacifico,troncal,Pacifico,216.8856964111328,153.30360412597656,251.62295532226562,9.558823529411764,1029.4153846153847,0.21068822134630008,De_pie,10.514705882352942,chronos,cambiar_paradero
2025-12-09 09:00:00,troncal|Pacifico,troncal,Pacifico,146.89093017578125,101.66397094726562,173.9619598388672,9.558823529411764,1029.4153846153847,0.14269354467697543,De_pie,10.514705882352942,chronos,cambiar_paradero
2025-12-09 10:00:00,troncal|Pacifico,troncal,Pacifico,101.14228820800781,70.93663787841797,122.88768005371094,9.558823529411764,1029.4153846153847,0.09825216304281006,Asientos,9.558823529411764,chronos,abordar
2025-12-09 11:00:00,troncal|Pacifico,troncal,Pacifico,83.54405975341797,60.84105682373047,105.0933837890625,9.558823529411764,1029.4153846153847,0.08115680123105223,Asientos,9.558823529411764,chronos,abordar
2025-12-09 12:00:00,troncal|Pacifico,troncal,Pacifico,88.51535034179688,67.14044189453125,111.27012634277344,9.558823529411764,1029.4153846153847,0.08598603796354609,Asientos,9.558823529411764,chronos,abordar
2025-12-09 13:00:00,troncal|Pacifico,troncal,Pacifico,87.18148040771484,66.95024871826172,108.97529602050781,9.558823529411764,1029.4153846153847,0.0846902831555097,Asientos,9.558823529411764,chronos,abordar
2025-12-09 14:00:00,troncal|Pacifico,troncal,Pacifico,73.1966552734375,57.67828369140625,90.37350463867188,9.558823529411764,1029.4153846153847,0.07110507222581057,Asientos,9.558823529411764,chronos,abordar
2025-12-09 15:00:00,troncal|Pacifico,troncal,Pacifico,68.12283325195312,53.70281219482422,84.67086791992188,9.558823529411764,1029.4153846153847,0.06617623387997598,Asientos,9.558823529411764,chronos,abordar
2025-12-09 16:00:00,troncal|Pacifico,troncal,Pacifico,78.03565216064453,60.18183135986328,93.95452880859375,9.558823529411764,1029.4153846153847,0.07580579552908139,Asientos,9.558823529411764,chronos,abordar
2025-12-09 17:00:00,troncal|Pacifico,troncal,Pacifico,96.03083038330078,75.24252319335938,113.96797943115234,9.558823529411764,1029.4153846153847,0.09328676433098025,Asientos,9.558823529411764,chronos,abordar
2025-12-09 18:00:00,troncal|Pacifico,troncal,Pacifico,79.95059967041016,64.0914306640625,96.61302947998047,9.558823529411764,1029.4153846153847,0.07766602371139197,Asientos,9.558823529411764,chronos,abordar
2025-12-09 19:00:00,troncal|Pacifico,troncal,Pacifico,53.37104415893555,42.71031188964844,67.08172607421875,9.558823529411764,1029.4153846153847,0.051845974867449934,Asientos,9.558823529411764,chronos,abordar
2025-12-09 20:00:00,troncal|Pacifico,troncal,Pacifico,34.135597229003906,26.462848663330078,47.85417938232422,9.558823529411764,1029.4153846153847,0.033160177843813574,Asientos,9.558823529411764,chronos,abordar
2025-12-09 21:00:00,troncal|Pacifico,troncal,Pacifico,25.09714126586914,15.399757385253906,39.934818267822266,9.558823529411764,1029.4153846153847,0.024379994354996024,Asientos,9.558823529411764,chronos,abordar
2025-12-09 22:00:00,troncal|Pacifico,troncal,Pacifico,13.410343170166016,5.312858581542969,26.508258819580078,9.558823529411764,1029.4153846153847,0.013027144698421672,Asientos,9.558823529411764,chronos,abordar
2025-12-09 23:00:00,troncal|Pacifico,troncal,Pacifico,1.1952590942382812,0.0,10.623779296875,9.558823529411764,1029.4153846153847,0.0011611047513971826,Asientos,9.558823529411764,chronos,abordar
2025-12-09 00:00:00,troncal|Parque del Trabajo,troncal,Parque del Trabajo,0.0,0.0,1.0346603393554688,9.558823529411764,1029.4153846153847,0.0,Asientos,9.558823529411764,chronos,abordar
2025-12-09 01:00:00,troncal|Parque del Trabajo,troncal,Parque del Trabajo,0.0,0.0,1.3177680969238281,9.558823529411764,1029.4153846153847,0.0,Asientos,9.558823529411764,chronos,abordar
2025-12-09 02:00:00,troncal|Parque del Trabajo,troncal,Parque del Trabajo,0.0,0.0,2.1875038146972656,9.558823529411764,1029.4153846153847,0.0,Asientos,9.558823529411764,chronos,abordar
2025-12-09 03:00:00,troncal|Parque del Trabajo,troncal,Parque del Trabajo,0.0,0.0,4.583087921142578,9.558823529411764,1029.4153846153847,0.0,Asientos,9.558823529411764,chronos,abordar
2025-12-09 04:00:00,troncal|Parque del Trabajo,troncal,Parque del Trabajo,1.2249336242675781,0.0,9.138362884521484,9.558823529411764,1029.4153846153847,0.0011899313363431458,Asientos,9.558823529411764,chronos,abordar
2025-12-09 05:00:00,troncal|Parque del Trabajo,troncal,Parque del Trabajo,29.780559539794922,17.574432373046875,43.00755310058594,9.558823529411764,1029.4153846153847,0.02892958467967883,Asientos,9.558823529411764,chronos,abordar
2025-12-09 06:00:00,troncal|Parque del Trabajo,troncal,Parque del Trabajo,83.57098388671875,63.51852035522461,101.42375183105469,9.558823529411764,1029.4153846153847,0.08118295601142872,Asientos,9.558823529411764,chronos,abordar
2025-12-09 07:00:00,troncal|Parque del Trabajo,troncal,Parque del Trabajo,142.03936767578125,108.19789123535156,165.23997497558594,9.558823529411764,1029.4153846153847,0.13798061482134416,De_pie,10.514705882352942,chronos,cambiar_paradero
2025-12-09 08:00:00,troncal|Parque del Trabajo,troncal,Parque del Trabajo,95.40478515625,72.1648178100586,115.25547790527344,9.558823529411764,1029.4153846153847,0.09267860824898747,Asientos,9.558823529411764,chronos,abordar
2025-12-09 09:00:00,troncal|Parque del Trabajo,troncal,Parque del Trabajo,81.96649169921875,61.177303314208984,100.57083892822266,9.558823529411764,1029.4153846153847,0.07962431193880348,Asientos,9.558823529411764,chronos,abordar
2025-12-09 10:00:00,troncal|Parque del Trabajo,troncal,Parque del Trabajo,76.44264221191406,55.96603775024414,97.63316345214844,9.558823529411764,1029.4153846153847,0.07425830559203751,Asientos,9.558823529411764,chronos,abordar
2025-12-09 11:00:00,troncal|Parque del Trabajo,troncal,Parque del Trabajo,76.87910461425781,56.95003890991211,98.91366577148438,9.558823529411764,1029.4153846153847,0.07468229614907278,Asientos,9.558823529411764,chronos,abordar
2025-12-09 12:00:00,troncal|Parque del Trabajo,troncal,Parque del Trabajo,88.34095764160156,64.73713684082031,113.25898742675781,9.558823529411764,1029.4153846153847,0.08581662850765336,Asientos,9.558823529411764,chronos,abordar
2025-12-09 13:00:00,troncal|Parque del Trabajo,troncal,Parque del Trabajo,102.93473815917969,76.07746124267578,130.24371337890625,9.558823529411764,1029.4153846153847,0.09999339401522415,Asientos,9.558823529411764,chronos,abordar
2025-12-09 14:00:00,troncal|Parque del Trabajo,troncal,Parque del Trabajo,100.8414535522461,74.86161804199219,127.29084014892578,9.558823529411764,1029.4153846153847,0.0979599246905786,Asientos,9.558823529411764,chronos,abordar
2025-12-09 15:00:00,troncal|Parque del Trabajo,troncal,Parque del Trabajo,106.03269958496094,80.48573303222656,133.43380737304688,9.558823529411764,1029.4153846153847,0.10300283167477374,Asientos,9.558823529411764,chronos,abordar
2025-12-09 16:00:00,troncal|Parque del Trabajo,troncal,Parque del Trabajo,117.49092102050781,89.10442352294922,147.59796142578125,9.558823529411764,1029.4153846153847,0.11413363621372859,Asientos,9.558823529411764,chronos,abordar
2025-12-09 17:00:00,troncal|Parque del Trabajo,troncal,Parque del Trabajo,155.09722900390625,118.70834350585938,186.86822509765625,9.558823529411764,1029.4153846153847,0.1506653497915756,De_pie,10.514705882352942,chronos,cambiar_paradero
2025-12-09 18:00:00,troncal|Parque del Trabajo,troncal,Parque del Trabajo,133.6905517578125,104.07723236083984,162.61422729492188,9.558823529411764,1029.4153846153847,0.1298703650205914,De_pie,10.514705882352942,chronos,cambiar_paradero
2025-12-09 19:00:00,troncal|Parque del Trabajo,troncal,Parque del Trabajo,109.40188598632812,84.82099914550781,135.14996337890625,9.558823529411764,1029.4153846153847,0.10627574409838784,Asientos,9.558823529411764,chronos,abordar
2025-12-09 20:00:00,troncal|Parque del Trabajo,troncal,Parque del Trabajo,63.67333984375,45.76934814453125,85.49042510986328,9.558823529411764,1029.4153846153847,0.06185388405433628,Asientos,9.558823529411764,chronos,abordar
2025-12-09 21:00:00,troncal|Parque del Trabajo,troncal,Parque del Trabajo,32.72444152832031,22.426769256591797,49.07693099975586,9.558823529411764,1029.4153846153847,0.031789345697943866,Asientos,9.558823529411764,chronos,abordar
2025-12-09 22:00:00,troncal|Parque del Trabajo,troncal,Parque del Trabajo,11.302349090576172,5.2009124755859375,23.102832794189453,9.558823529411764,1029.4153846153847,0.010979386222014753,Asientos,9.558823529411764,chronos,abordar
2025-12-09 23:00:00,troncal|Parque del Trabajo,troncal,Parque del Trabajo,0.2716407775878906,0.0,6.372158050537109,9.558823529411764,1029.4153846153847,0.0002638786845889062,Asientos,9.558823529411764,chronos,abordar
2025-12-09 00:00:00,troncal|Plaza de Flores,troncal,Plaza de Flores,0.0,0.0,0.0,9.558823529411764,1029.4153846153847,0.0,Asientos,9.558823529411764,chronos,abordar
2025-12-09 01:00:00,troncal|Plaza de Flores,troncal,Plaza de Flores,0.0,0.0,0.0,9.558823529411764,1029.4153846153847,0.0,Asientos,9.558823529411764,chronos,abordar
2025-12-09 02:00:00,troncal|Plaza de Flores,troncal,Plaza de Flores,0.0,0.0,0.0,9.558823529411764,1029.4153846153847,0.0,Asientos,9.558823529411764,chronos,abordar
2025-12-09 03:00:00,troncal|Plaza de Flores,troncal,Plaza de Flores,0.0,0.0,4.0179443359375,9.558823529411764,1029.4153846153847,0.0,Asientos,9.558823529411764,chronos,abordar
2025-12-09 04:00:00,troncal|Plaza de Flores,troncal,Plaza de Flores,0.0,0.0,19.030426025390625,9.558823529411764,1029.4153846153847,0.0,Asientos,9.558823529411764,chronos,abordar
2025-12-09 05:00:00,troncal|Plaza de Flores,troncal,Plaza de Flores,58.772735595703125,27.1971435546875,95.2520751953125,9.558823529411764,1029.4153846153847,0.05709331381098611,Asientos,9.558823529411764,chronos,abordar
2025-12-09 06:00:00,troncal|Plaza de Flores,troncal,Plaza de Flores,319.3846435546875,220.99952697753906,406.5538635253906,9.558823529411764,1029.4153846153847,0.3102582770064366,De_pie,10.514705882352942,chronos,cambiar_paradero
2025-12-09 07:00:00,troncal|Plaza de Flores,troncal,Plaza de Flores,837.7637939453125,601.1861572265625,994.4783935546875,9.558823529411764,1029.4153846153847,0.813824823745297,Saturado,12.426470588235293,chronos,cambiar_paradero
2025-12-09 08:00:00,troncal|Plaza de Flores,troncal,Plaza de Flores,979.53955078125,691.5880126953125,1152.6524658203125,9.558823529411764,1029.4153846153847,0.9515493603655734,Saturado,12.426470588235293,chronos,cambiar_paradero
2025-12-09 09:00:00,troncal|Plaza de Flores,troncal,Plaza de Flores,472.75799560546875,310.59197998046875,596.9832763671875,9.558823529411764,1029.4153846153847,0.4592490093608839,De_pie,10.514705882352942,chronos,cambiar_paradero
2025-12-09 10:00:00,troncal|Plaza de Flores,troncal,Plaza de Flores,317.50244140625,210.57969665527344,410.0003967285156,9.558823529411764,1029.4153846153847,0.30842985849184373,De_pie,10.514705882352942,chronos,cambiar_paradero
2025-12-09 11:00:00,troncal|Plaza de Flores,troncal,Plaza de Flores,234.36834716796875,156.083984375,317.8497009277344,9.558823529411764,1029.4153846153847,0.2276713080750533,De_pie,10.514705882352942,chronos,cambiar_paradero
2025-12-09 12:00:00,troncal|Plaza de Flores,troncal,Plaza de Flores,254.36439514160156,177.3505859375,340.1068115234375,9.558823529411764,1029.4153846153847,0.24709597208578582,De_pie,10.514705882352942,chronos,cambiar_paradero
2025-12-09 13:00:00,troncal|Plaza de Flores,troncal,Plaza de Flores,279.4603576660156,197.61264038085938,371.8017578125,9.558823529411764,1029.4153846153847,0.2714748213816806,De_pie,10.514705882352942,chronos,cambiar_paradero
2025-12-09 14:00:00,troncal|Plaza de Flores,troncal,Plaza de Flores,283.6769714355469,197.68099975585938,371.9249572753906,9.558823529411764,1029.4153846153847,0.2755709460681275,De_pie,10.514705882352942,chronos,cambiar_paradero
2025-12-09 15:00:00,troncal|Plaza de Flores,troncal,Plaza de Flores,356.3797607421875,252.7618408203125,454.354736328125,9.558823529411764,1029.4153846153847,0.34619626447038176,De_pie,10.514705882352942,chronos,cambiar_paradero
2025-12-09 16:00:00,troncal|Plaza de Flores,troncal,Plaza de Flores,505.0391845703125,370.7062683105469,629.255859375,9.558823529411764,1029.4153846153847,0.4906077683684587,De_pie,10.514705882352942,chronos,cambiar_paradero
2025-12-09 17:00:00,troncal|Plaza de Flores,troncal,Plaza de Flores,896.03271484375,676.4047241210938,1051.4696044921875,9.558823529411764,1029.4153846153847,0.8704287192856849,Saturado,12.426470588235293,chronos,cambiar_paradero
2025-12-09 18:00:00,troncal|Plaza de Flores,troncal,Plaza de Flores,805.7630615234375,620.3677978515625,952.1534423828125,9.558823529411764,1029.4153846153847,0.7827385072785664,Saturado,12.426470588235293,chronos,cambiar_paradero
2025-12-09 19:00:00,troncal|Plaza de Flores,troncal,Plaza de Flores,529.6431884765625,402.711181640625,649.119140625,9.558823529411764,1029.4153846153847,0.5145087166872393,De_pie,10.514705882352942,chronos,cambiar_paradero
2025-12-09 20:00:00,troncal|Plaza de Flores,troncal,Plaza de Flores,316.8513488769531,235.15203857421875,407.9803466796875,9.558823529411764,1029.4153846153847,0.3077973708303735,De_pie,10.514705882352942,chronos,cambiar_paradero
2025-12-09 21:00:00,troncal|Plaza de Flores,troncal,Plaza de Flores,147.70938110351562,93.00932312011719,214.76849365234375,9.558823529411764,1029.4153846153847,0.14348860849666,De_pie,10.514705882352942,chronos,cambiar_paradero
2025-12-09 22:00:00,troncal|Plaza de Flores,troncal,Plaza de Flores,59.79441833496094,25.449005126953125,113.35636901855469,9.558823529411764,1029.4153846153847,0.058085802124767764,Asientos,9.558823529411764,chronos,abordar
2025-12-09 23:00:00,troncal|Plaza de Flores,troncal,Plaza de Flores,5.409027099609375,0.0,35.87327575683594,9.558823529411764,1029.4153846153847,0.005254464990952435,Asientos,9.558823529411764,chronos,abordar
2025-12-09 00:00:00,troncal|Quilca,troncal,Quilca,0.0,0.0,0.0,9.558823529411764,1029.4153846153847,0.0,Asientos,9.558823529411764,chronos,abordar
2025-12-09 01:00:00,troncal|Quilca,troncal,Quilca,0.0,0.0,4.428962707519531,9.558823529411764,1029.4153846153847,0.0,Asientos,9.558823529411764,chronos,abordar
2025-12-09 02:00:00,troncal|Quilca,troncal,Quilca,0.0,0.0,2.8733062744140625,9.558823529411764,1029.4153846153847,0.0,Asientos,9.558823529411764,chronos,abordar
2025-12-09 03:00:00,troncal|Quilca,troncal,Quilca,0.0,0.0,5.400199890136719,9.558823529411764,1029.4153846153847,0.0,Asientos,9.558823529411764,chronos,abordar
2025-12-09 04:00:00,troncal|Quilca,troncal,Quilca,2.8251571655273438,0.0,14.179847717285156,9.558823529411764,1029.4153846153847,0.0027444287386309977,Asientos,9.558823529411764,chronos,abordar
2025-12-09 05:00:00,troncal|Quilca,troncal,Quilca,15.663002014160156,6.451263427734375,29.59417724609375,9.558823529411764,1029.4153846153847,0.015215434166074996,Asientos,9.558823529411764,chronos,abordar
2025-12-09 06:00:00,troncal|Quilca,troncal,Quilca,47.82642364501953,30.875823974609375,70.09832763671875,9.558823529411764,1029.4153846153847,0.04645979102292966,Asientos,9.558823529411764,chronos,abordar
2025-12-09 07:00:00,troncal|Quilca,troncal,Quilca,181.34373474121094,138.51705932617188,216.54620361328125,9.558823529411764,1029.4153846153847,0.17616186570687933,De_pie,10.514705882352942,chronos,cambiar_paradero
2025-12-09 08:00:00,troncal|Quilca,troncal,Quilca,193.74127197265625,147.40982055664062,230.36773681640625,9.558823529411764,1029.4153846153847,0.1882051452388608,De_pie,10.514705882352942,chronos,cambiar_paradero
2025-12-09 09:00:00,troncal|Quilca,troncal,Quilca,123.90452575683594,85.593994140625,157.98318481445312,9.558823529411764,1029.4153846153847,0.12036397319157005,Asientos,9.558823529411764,chronos,abordar
2025-12-09 10:00:00,troncal|Quilca,troncal,Quilca,127.42835998535156,90.86873626708984,163.78700256347656,9.558823529411764,1029.4153846153847,0.12378711440470844,Asientos,9.558823529411764,chronos,abordar
2025-12-09 11:00:00,troncal|Quilca,troncal,Quilca,154.75706481933594,114.34412384033203,198.46815490722656,9.558823529411764,1029.4153846153847,0.15033490574570832,De_pie,10.514705882352942,chronos,cambiar_paradero
2025-12-09 12:00:00,troncal|Quilca,troncal,Quilca,189.03610229492188,139.99267578125,238.09542846679688,9.558823529411764,1029.4153846153847,0.18363442505335248,De_pie,10.514705882352942,chronos,cambiar_paradero
2025-12-09 13:00:00,troncal|Quilca,troncal,Quilca,202.95211791992188,149.82760620117188,256.29962158203125,9.558823529411764,1029.4153846153847,0.19715279269480693,De_pie,10.514705882352942,chronos,cambiar_paradero
2025-12-09 14:00:00,troncal|Quilca,troncal,Quilca,188.09634399414062,135.68174743652344,240.1405792236328,9.558823529411764,1029.4153846153847,0.18272152019995128,De_pie,10.514705882352942,chronos,cambiar_paradero
2025-12-09 15:00:00,troncal|Quilca,troncal,Quilca,181.94070434570312,131.41017150878906,231.54156494140625,9.558823529411764,1029.4153846153847,0.17674177699770896,De_pie,10.514705882352942,chronos,cambiar_paradero
2025-12-09 16:00:00,troncal|Quilca,troncal,Quilca,206.45877075195312,147.4006805419922,261.47991943359375,9.558823529411764,1029.4153846153847,0.200559243467195,De_pie,10.514705882352942,chronos,cambiar_paradero
2025-12-09 17:00:00,troncal|Quilca,troncal,Quilca,329.21783447265625,236.77720642089844,392.5673828125,9.558823529411764,1029.4153846153847,0.31981048602227785,De_pie,10.514705882352942,chronos,cambiar_paradero
2025-12-09 18:00:00,troncal|Quilca,troncal,Quilca,372.6488342285156,265.7301025390625,437.21197509765625,9.558823529411764,1029.4153846153847,0.36200045171050804,De_pie,10.514705882352942,chronos,cambiar_paradero
2025-12-09 19:00:00,troncal|Quilca,troncal,Quilca,323.74493408203125,226.9819793701172,382.0706787109375,9.558823529411764,1029.4153846153847,0.31449397290967285,De_pie,10.514705882352942,chronos,cambiar_paradero
2025-12-09 20:00:00,troncal|Quilca,troncal,Quilca,219.93524169921875,146.65380859375,266.7148132324219,9.558823529411764,1029.4153846153847,0.21365062635176377,De_pie,10.514705882352942,chronos,cambiar_paradero
2025-12-09 21:00:00,troncal|Quilca,troncal,Quilca,137.87132263183594,90.6397705078125,173.69923400878906,9.558823529411764,1029.4153846153847,0.1339316710166986,De_pie,10.514705882352942,chronos,cambiar_paradero
2025-12-09 22:00:00,troncal|Quilca,troncal,Quilca,84.4467544555664,53.07703399658203,113.00399780273438,9.558823529411764,1029.4153846153847,0.08203370157239084,Asientos,9.558823529411764,chronos,abordar
2025-12-09 23:00:00,troncal|Quilca,troncal,Quilca,7.94464111328125,0.0,23.770347595214844,9.558823529411764,1029.4153846153847,0.007717624228289114,Asientos,9.558823529411764,chronos,abordar
2025-12-09 00:00:00,troncal|Ramon Castilla,troncal,Ramon Castilla,0.0,0.0,1.09954833984375,9.558823529411764,1029.4153846153847,0.0,Asientos,9.558823529411764,chronos,abordar
2025-12-09 01:00:00,troncal|Ramon Castilla,troncal,Ramon Castilla,0.0,0.0,6.87109375,9.558823529411764,1029.4153846153847,0.0,Asientos,9.558823529411764,chronos,abordar
2025-12-09 02:00:00,troncal|Ramon Castilla,troncal,Ramon Castilla,0.0,0.0,7.117095947265625,9.558823529411764,1029.4153846153847,0.0,Asientos,9.558823529411764,chronos,abordar
2025-12-09 03:00:00,troncal|Ramon Castilla,troncal,Ramon Castilla,0.0,0.0,29.016983032226562,9.558823529411764,1029.4153846153847,0.0,Asientos,9.558823529411764,chronos,abordar
2025-12-09 04:00:00,troncal|Ramon Castilla,troncal,Ramon Castilla,47.52021789550781,0.18426513671875,100.96458435058594,9.558823529411764,1029.4153846153847,0.046162335055117285,Asientos,9.558823529411764,chronos,abordar
2025-12-09 05:00:00,troncal|Ramon Castilla,troncal,Ramon Castilla,223.8098602294922,128.69097900390625,318.206787109375,9.558823529411764,1029.4153846153847,0.21741452825975896,De_pie,10.514705882352942,chronos,cambiar_paradero
2025-12-09 06:00:00,troncal|Ramon Castilla,troncal,Ramon Castilla,573.3401489257812,400.58453369140625,705.1776123046875,9.558823529411764,1029.4153846153847,0.5569570432833539,De_pie,10.514705882352942,chronos,cambiar_paradero
2025-12-09 07:00:00,troncal|Ramon Castilla,troncal,Ramon Castilla,924.706787109375,640.427978515625,1106.07568359375,9.558823529411764,1029.4153846153847,0.898283434393074,Saturado,12.426470588235293,chronos,cambiar_paradero
2025-12-09 08:00:00,troncal|Ramon Castilla,troncal,Ramon Castilla,764.903564453125,518.0413208007812,933.046142578125,9.558823529411764,1029.4153846153847,0.7430465639863271,Saturado,12.426470588235293,chronos,cambiar_paradero
2025-12-09 09:00:00,troncal|Ramon Castilla,troncal,Ramon Castilla,381.2810974121094,224.96408081054688,514.1609497070312,9.558823529411764,1029.4153846153847,0.3703860493153262,De_pie,10.514705882352942,chronos,cambiar_paradero
2025-12-09 10:00:00,troncal|Ramon Castilla,troncal,Ramon Castilla,249.36538696289062,146.01528930664062,353.5628967285156,9.558823529411764,1029.4153846153847,0.24223980978879556,De_pie,10.514705882352942,chronos,cambiar_paradero
2025-12-09 11:00:00,troncal|Ramon Castilla,troncal,Ramon Castilla,200.65174865722656,115.013427734375,296.82977294921875,9.558823529411764,1029.4153846153847,0.19491815612625127,De_pie,10.514705882352942,chronos,cambiar_paradero
2025-12-09 12:00:00,troncal|Ramon Castilla,troncal,Ramon Castilla,265.2615966796875,166.3393096923828,370.61474609375,9.558823529411764,1029.4153846153847,0.2576817877836515,De_pie,10.514705882352942,chronos,cambiar_paradero
2025-12-09 13:00:00,troncal|Ramon Castilla,troncal,Ramon Castilla,326.13226318359375,213.11294555664062,438.99072265625,9.558823529411764,1029.4153846153847,0.31681308445321604,De_pie,10.514705882352942,chronos,cambiar_paradero
2025-12-09 14:00:00,troncal|Ramon Castilla,troncal,Ramon Castilla,328.3021240234375,220.926513671875,435.6418151855469,9.558823529411764,1029.4153846153847,0.31892094185681846,De_pie,10.514705882352942,chronos,cambiar_paradero
2025-12-09 15:00:00,troncal|Ramon Castilla,troncal,Ramon Castilla,317.80584716796875,218.57369995117188,420.5067138671875,9.558823529411764,1029.4153846153847,0.30872459448107914,De_pie,10.514705882352942,chronos,cambiar_paradero
2025-12-09 16:00:00,troncal|Ramon Castilla,troncal,Ramon Castilla,359.205322265625,256.7666320800781,462.7507629394531,9.558823529411764,1029.4153846153847,0.3489410860124585,De_pie,10.514705882352942,chronos,cambiar_paradero
2025-12-09 17:00:00,troncal|Ramon Castilla,troncal,Ramon Castilla,525.8450317382812,390.2868957519531,638.9029541015625,9.558823529411764,1029.4153846153847,0.5108190916874145,De_pie,10.514705882352942,chronos,cambiar_paradero
2025-12-09 18:00:00,troncal|Ramon Castilla,troncal,Ramon Castilla,550.40283203125,424.445068359375,667.001953125,9.558823529411764,1029.4153846153847,0.534675156653982,De_pie,10.514705882352942,chronos,cambiar_paradero
2025-12-09 19:00:00,troncal|Ramon Castilla,troncal,Ramon Castilla,425.7012023925781,323.5289611816406,527.4739990234375,9.558823529411764,1029.4153846153847,0.41353685670010726,De_pie,10.514705882352942,chronos,cambiar_paradero
2025-12-09 20:00:00,troncal|Ramon Castilla,troncal,Ramon Castilla,230.76022338867188,168.65414428710938,308.278564453125,9.558823529411764,1029.4153846153847,0.22416628587194629,De_pie,10.514705882352942,chronos,cambiar_paradero
2025-12-09 21:00:00,troncal|Ramon Castilla,troncal,Ramon Castilla,104.32998657226562,59.41947937011719,162.2089080810547,9.558823529411764,1029.4153846153847,0.10134877342176687,Asientos,9.558823529411764,chronos,abordar
2025-12-09 22:00:00,troncal|Ramon Castilla,troncal,Ramon Castilla,45.914764404296875,17.2486572265625,96.7723388671875,9.558823529411764,1029.4153846153847,0.04460275714788523,Asientos,9.558823529411764,chronos,abordar
2025-12-09 23:00:00,troncal|Ramon Castilla,troncal,Ramon Castilla,0.0,0.0,30.270126342773438,9.558823529411764,1029.4153846153847,0.0,Asientos,9.558823529411764,chronos,abordar
2025-12-09 00:00:00,troncal|Ricardo Palma,troncal,Ricardo Palma,0.0,0.0,0.0,9.558823529411764,1029.4153846153847,0.0,Asientos,9.558823529411764,chronos,abordar
2025-12-09 01:00:00,troncal|Ricardo Palma,troncal,Ricardo Palma,0.0,0.0,11.066802978515625,9.558823529411764,1029.4153846153847,0.0,Asientos,9.558823529411764,chronos,abordar
2025-12-09 02:00:00,troncal|Ricardo Palma,troncal,Ricardo Palma,0.0,0.0,13.353912353515625,9.558823529411764,1029.4153846153847,0.0,Asientos,9.558823529411764,chronos,abordar
2025-12-09 03:00:00,troncal|Ricardo Palma,troncal,Ricardo Palma,0.0,0.0,2.11053466796875,9.558823529411764,1029.4153846153847,0.0,Asientos,9.558823529411764,chronos,abordar
2025-12-09 04:00:00,troncal|Ricardo Palma,troncal,Ricardo Palma,0.0,0.0,15.649261474609375,9.558823529411764,1029.4153846153847,0.0,Asientos,9.558823529411764,chronos,abordar
2025-12-09 05:00:00,troncal|Ricardo Palma,troncal,Ricardo Palma,17.134307861328125,0.0,52.02197265625,9.558823529411764,1029.4153846153847,0.0166446976773423,Asientos,9.558823529411764,chronos,abordar
2025-12-09 06:00:00,troncal|Ricardo Palma,troncal,Ricardo Palma,106.8529052734375,68.65618896484375,159.04672241210938,9.558823529411764,1029.4153846153847,0.10379960011318504,Asientos,9.558823529411764,chronos,abordar
2025-12-09 07:00:00,troncal|Ricardo Palma,troncal,Ricardo Palma,223.59523010253906,159.2071075439453,294.3702392578125,9.558823529411764,1029.4153846153847,0.21720603115532397,De_pie,10.514705882352942,chronos,cambiar_paradero
2025-12-09 08:00:00,troncal|Ricardo Palma,troncal,Ricardo Palma,283.8204650878906,204.2869415283203,349.9963684082031,9.558823529411764,1029.4153846153847,0.27571033941165846,De_pie,10.514705882352942,chronos,cambiar_paradero
2025-12-09 09:00:00,troncal|Ricardo Palma,troncal,Ricardo Palma,287.0941162109375,207.7724609375,340.8624572753906,9.558823529411764,1029.4153846153847,0.27889044646268135,De_pie,10.514705882352942,chronos,cambiar_paradero
2025-12-09 10:00:00,troncal|Ricardo Palma,troncal,Ricardo Palma,300.00604248046875,219.42555236816406,373.712646484375,9.558823529411764,1029.4153846153847,0.29143341644593596,De_pie,10.514705882352942,chronos,cambiar_paradero
2025-12-09 11:00:00,troncal|Ricardo Palma,troncal,Ricardo Palma,307.8522644042969,228.02484130859375,388.576171875,9.558823529411764,1029.4153846153847,0.29905543379781346,De_pie,10.514705882352942,chronos,cambiar_paradero
2025-12-09 12:00:00,troncal|Ricardo Palma,troncal,Ricardo Palma,358.32586669921875,276.5583190917969,439.2960510253906,9.558823529411764,1029.4153846153847,0.34808676075217027,De_pie,10.514705882352942,chronos,cambiar_paradero
2025-12-09 13:00:00,troncal|Ricardo Palma,troncal,Ricardo Palma,427.897705078125,333.4406433105469,537.564453125,9.558823529411764,1029.4153846153847,0.4156705946628127,De_pie,10.514705882352942,chronos,cambiar_paradero
2025-12-09 14:00:00,troncal|Ricardo Palma,troncal,Ricardo Palma,448.7041320800781,344.0971984863281,571.7328491210938,9.558823529411764,1029.4153846153847,0.43588248124708684,De_pie,10.514705882352942,chronos,cambiar_paradero
2025-12-09 15:00:00,troncal|Ricardo Palma,troncal,Ricardo Palma,530.866455078125,396.4832458496094,669.8489990234375,9.558823529411764,1029.4153846153847,0.5156970286357921,De_pie,10.514705882352942,chronos,cambiar_paradero
2025-12-09 16:00:00,troncal|Ricardo Palma,troncal,Ricardo Palma,786.810791015625,560.75927734375,996.2420654296875,9.558823529411764,1029.4153846153847,0.7643277949548006,Saturado,12.426470588235293,chronos,cambiar_paradero
2025-12-09 17:00:00,troncal|Ricardo Palma,troncal,Ricardo Palma,1601.2012939453125,1141.2041015625,1904.047119140625,9.558823529411764,1029.4153846153847,1.5554472158423795,Saturado,12.426470588235293,chronos,cambiar_paradero
2025-12-09 18:00:00,troncal|Ricardo Palma,troncal,Ricardo Palma,1788.610107421875,1287.821533203125,2085.494140625,9.558823529411764,1029.4153846153847,1.737500851602431,Saturado,12.426470588235293,chronos,cambiar_paradero
2025-12-09 19:00:00,troncal|Ricardo Palma,troncal,Ricardo Palma,1269.482421875,884.8054809570312,1511.8487548828125,9.558823529411764,1029.4153846153847,1.233207158983067,Saturado,12.426470588235293,chronos,cambiar_paradero
2025-12-09 20:00:00,troncal|Ricardo Palma,troncal,Ricardo Palma,844.428955078125,562.1810302734375,1021.4072265625,9.558823529411764,1029.4153846153847,0.8202995289346922,Saturado,12.426470588235293,chronos,cambiar_paradero
2025-12-09 21:00:00,troncal|Ricardo Palma,troncal,Ricardo Palma,434.0887756347656,281.02130126953125,550.7847900390625,9.558823529411764,1029.4153846153847,0.4216847563405632,De_pie,10.514705882352942,chronos,cambiar_paradero
2025-12-09 22:00:00,troncal|Ricardo Palma,troncal,Ricardo Palma,230.430908203125,142.63516235351562,319.2332458496094,9.558823529411764,1029.4153846153847,0.22384638081664163,De_pie,10.514705882352942,chronos,cambiar_paradero
2025-12-09 23:00:00,troncal|Ricardo Palma,troncal,Ricardo Palma,29.5682373046875,0.0,81.50802612304688,9.558823529411764,1029.4153846153847,0.028723329519438776,Asientos,9.558823529411764,chronos,abordar
2025-12-09 00:00:00,troncal|Rosario de Villa,troncal,Rosario de Villa,0.0,0.0,2.9356765747070312,9.558823529411764,1029.4153846153847,0.0,Asientos,9.558823529411764,chronos,abordar
2025-12-09 01:00:00,troncal|Rosario de Villa,troncal,Rosario de Villa,0.0,0.0,4.432319641113281,9.558823529411764,1029.4153846153847,0.0,Asientos,9.558823529411764,chronos,abordar
2025-12-09 02:00:00,troncal|Rosario de Villa,troncal,Rosario de Villa,0.0,0.0,4.5680389404296875,9.558823529411764,1029.4153846153847,0.0,Asientos,9.558823529411764,chronos,abordar
2025-12-09 03:00:00,troncal|Rosario de Villa,troncal,Rosario de Villa,0.0,0.0,8.847084045410156,9.558823529411764,1029.4153846153847,0.0,Asientos,9.558823529411764,chronos,abordar
2025-12-09 04:00:00,troncal|Rosario de Villa,troncal,Rosario de Villa,6.250358581542969,0.0,19.49945068359375,9.558823529411764,1029.4153846153847,0.006071755556556267,Asientos,9.558823529411764,chronos,abordar
2025-12-09 05:00:00,troncal|Rosario de Villa,troncal,Rosario de Villa,52.26187515258789,31.177959442138672,74.1122055053711,9.558823529411764,1029.4153846153847,0.05076850019306272,Asientos,9.558823529411764,chronos,abordar
2025-12-09 06:00:00,troncal|Rosario de Villa,troncal,Rosario de Villa,157.4813690185547,119.60917663574219,187.28797912597656,9.558823529411764,1029.4153846153847,0.15298136337586762,De_pie,10.514705882352942,chronos,cambiar_paradero
2025-12-09 07:00:00,troncal|Rosario de Villa,troncal,Rosario de Villa,183.18203735351562,144.61654663085938,213.67059326171875,9.558823529411764,1029.4153846153847,0.17794763910776115,De_pie,10.514705882352942,chronos,cambiar_paradero
2025-12-09 08:00:00,troncal|Rosario de Villa,troncal,Rosario de Villa,146.8685302734375,113.5411376953125,176.88800048828125,9.558823529411764,1029.4153846153847,0.14267178484835957,De_pie,10.514705882352942,chronos,cambiar_paradero
2025-12-09 09:00:00,troncal|Rosario de Villa,troncal,Rosario de Villa,131.85902404785156,101.43486785888672,161.25506591796875,9.558823529411764,1029.4153846153847,0.12809117293027186,De_pie,10.514705882352942,chronos,cambiar_paradero
2025-12-09 10:00:00,troncal|Rosario de Villa,troncal,Rosario de Villa,114.47932434082031,88.20988464355469,144.16195678710938,9.558823529411764,1029.4153846153847,0.11120809544107663,Asientos,9.558823529411764,chronos,abordar
2025-12-09 11:00:00,troncal|Rosario de Villa,troncal,Rosario de Villa,108.53010559082031,82.2745361328125,138.01034545898438,9.558823529411764,1029.4153846153847,0.10542887469218257,Asientos,9.558823529411764,chronos,abordar
2025-12-09 12:00:00,troncal|Rosario de Villa,troncal,Rosario de Villa,115.56864929199219,87.47012329101562,146.7103271484375,9.558823529411764,1029.4153846153847,0.1122662931010804,Asientos,9.558823529411764,chronos,abordar
2025-12-09 13:00:00,troncal|Rosario de Villa,troncal,Rosario de Villa,118.70611572265625,90.5606689453125,150.4161376953125,9.558823529411764,1029.4153846153847,0.11531410691613844,Asientos,9.558823529411764,chronos,abordar
2025-12-09 14:00:00,troncal|Rosario de Villa,troncal,Rosario de Villa,113.25125885009766,87.61611938476562,141.35519409179688,9.558823529411764,1029.4153846153847,0.11001512173087558,Asientos,9.558823529411764,chronos,abordar
2025-12-09 15:00:00,troncal|Rosario de Villa,troncal,Rosario de Villa,121.08619689941406,95.18598937988281,149.8051300048828,9.558823529411764,1029.4153846153847,0.11762617764320171,Asientos,9.558823529411764,chronos,abordar
2025-12-09 16:00:00,troncal|Rosario de Villa,troncal,Rosario de Villa,139.90240478515625,110.87699890136719,169.18251037597656,9.558823529411764,1029.4153846153847,0.13590471531317486,De_pie,10.514705882352942,chronos,cambiar_paradero
2025-12-09 17:00:00,troncal|Rosario de Villa,troncal,Rosario de Villa,188.58555603027344,151.93482971191406,220.7559814453125,9.558823529411764,1029.4153846153847,0.18319675307818886,De_pie,10.514705882352942,chronos,cambiar_paradero
2025-12-09 18:00:00,troncal|Rosario de Villa,troncal,Rosario de Villa,197.91110229492188,161.4962158203125,229.68649291992188,9.558823529411764,1029.4153846153847,0.19225582330777619,De_pie,10.514705882352942,chronos,cambiar_paradero
2025-12-09 19:00:00,troncal|Rosario de Villa,troncal,Rosario de Villa,149.55795288085938,120.7364501953125,178.38217163085938,9.558823529411764,1029.4153846153847,0.14528435762278602,De_pie,10.514705882352942,chronos,cambiar_paradero
2025-12-09 20:00:00,troncal|Rosario de Villa,troncal,Rosario de Villa,103.53689575195312,81.58097076416016,127.54949951171875,9.558823529411764,1029.4153846153847,0.10057834504837626,Asientos,9.558823529411764,chronos,abordar
2025-12-09 21:00:00,troncal|Rosario de Villa,troncal,Rosario de Villa,79.08020782470703,60.44715118408203,101.31202697753906,9.558823529411764,1029.4153846153847,0.07682050317739653,Asientos,9.558823529411764,chronos,abordar
2025-12-09 22:00:00,troncal|Rosario de Villa,troncal,Rosario de Villa,42.45658874511719,28.28812026977539,60.94559097290039,9.558823529411764,1029.4153846153847,0.04124339832066919,Asientos,9.558823529411764,chronos,abordar
2025-12-09 23:00:00,troncal|Rosario de Villa,troncal,Rosario de Villa,1.8066864013671875,0.0,12.709144592285156,9.558823529411764,1029.4153846153847,0.001755060618257819,Asientos,9.558823529411764,chronos,abordar
2025-12-09 00:00:00,troncal|Tacna,troncal,Tacna,0.0,0.0,0.0,9.558823529411764,1029.4153846153847,0.0,Asientos,9.558823529411764,chronos,abordar
2025-12-09 01:00:00,troncal|Tacna,troncal,Tacna,0.0,0.0,3.5904693603515625,9.558823529411764,1029.4153846153847,0.0,Asientos,9.558823529411764,chronos,abordar
2025-12-09 02:00:00,troncal|Tacna,troncal,Tacna,0.0,0.0,9.007888793945312,9.558823529411764,1029.4153846153847,0.0,Asientos,9.558823529411764,chronos,abordar
2025-12-09 03:00:00,troncal|Tacna,troncal,Tacna,0.0,0.0,7.6597900390625,9.558823529411764,1029.4153846153847,0.0,Asientos,9.558823529411764,chronos,abordar
2025-12-09 04:00:00,troncal|Tacna,troncal,Tacna,2.7178497314453125,0.0,20.16998291015625,9.558823529411764,1029.4153846153847,0.002640187597799278,Asientos,9.558823529411764,chronos,abordar
2025-12-09 05:00:00,troncal|Tacna,troncal,Tacna,27.211669921875,6.9737091064453125,55.254417419433594,9.558823529411764,1029.4153846153847,0.02643410068331353,Asientos,9.558823529411764,chronos,abordar
2025-12-09 06:00:00,troncal|Tacna,troncal,Tacna,104.5407943725586,70.29656219482422,143.5349578857422,9.558823529411764,1029.4153846153847,0.10155355742193191,Asientos,9.558823529411764,chronos,abordar
2025-12-09 07:00:00,troncal|Tacna,troncal,Tacna,184.52206420898438,136.70516967773438,231.38397216796875,9.558823529411764,1029.4153846153847,0.1792493749041126,De_pie,10.514705882352942,chronos,cambiar_paradero
2025-12-09 08:00:00,troncal|Tacna,troncal,Tacna,196.5919189453125,143.32679748535156,248.2387237548828,9.558823529411764,1029.4153846153847,0.19097433541734385,De_pie,10.514705882352942,chronos,cambiar_paradero
2025-12-09 09:00:00,troncal|Tacna,troncal,Tacna,142.7196807861328,92.37373352050781,195.180419921875,9.558823529411764,1029.4153846153847,0.13864148809030716,De_pie,10.514705882352942,chronos,cambiar_paradero
2025-12-09 10:00:00,troncal|Tacna,troncal,Tacna,131.2945556640625,83.84516906738281,186.60047912597656,9.558823529411764,1029.4153846153847,0.12754283414281536,De_pie,10.514705882352942,chronos,cambiar_paradero
2025-12-09 11:00:00,troncal|Tacna,troncal,Tacna,133.698974609375,82.1891860961914,193.43467712402344,9.558823529411764,1029.4153846153847,0.12987854719047964,De_pie,10.514705882352942,chronos,cambiar_paradero
2025-12-09 12:00:00,troncal|Tacna,troncal,Tacna,200.15695190429688,136.07949829101562,267.98748779296875,9.558823529411764,1029.4153846153847,0.19443749811363129,De_pie,10.514705882352942,chronos,cambiar_paradero
2025-12-09 13:00:00,troncal|Tacna,troncal,Tacna,269.0212097167969,196.7783966064453,343.5563659667969,9.558823529411764,1029.4153846153847,0.26133397046257467,De_pie,10.514705882352942,chronos,cambiar_paradero
2025-12-09 14:00:00,troncal|Tacna,troncal,Tacna,278.5261535644531,202.90194702148438,354.10516357421875,9.558823529411764,1029.4153846153847,0.27056731201711876,De_pie,10.514705882352942,chronos,cambiar_paradero
2025-12-09 15:00:00,troncal|Tacna,troncal,Tacna,286.32330322265625,206.31265258789062,360.5662841796875,9.558823529411764,1029.4153846153847,0.2781416593357343,De_pie,10.514705882352942,chronos,cambiar_paradero
2025-12-09 16:00:00,troncal|Tacna,troncal,Tacna,317.65521240234375,230.04080200195312,394.53546142578125,9.558823529411764,1029.4153846153847,0.308578264080469,De_pie,10.514705882352942,chronos,cambiar_paradero
2025-12-09 17:00:00,troncal|Tacna,troncal,Tacna,447.56829833984375,329.7210693359375,530.3441162109375,9.558823529411764,1029.4153846153847,0.4347791037794393,De_pie,10.514705882352942,chronos,cambiar_paradero
2025-12-09 18:00:00,troncal|Tacna,troncal,Tacna,482.0610656738281,351.42401123046875,559.854736328125,9.558823529411764,1029.4153846153847,0.46828624564799776,De_pie,10.514705882352942,chronos,cambiar_paradero
2025-12-09 19:00:00,troncal|Tacna,troncal,Tacna,383.29205322265625,266.95819091796875,453.8924865722656,9.558823529411764,1029.4153846153847,0.3723395423761456,De_pie,10.514705882352942,chronos,cambiar_paradero
2025-12-09 20:00:00,troncal|Tacna,troncal,Tacna,279.6377258300781,189.1312713623047,334.99365234375,9.558823529411764,1029.4153846153847,0.27164712127802304,De_pie,10.514705882352942,chronos,cambiar_paradero
2025-12-09 21:00:00,troncal|Tacna,troncal,Tacna,172.22439575195312,118.0161361694336,211.7787628173828,9.558823529411764,1029.4153846153847,0.1673031104118387,De_pie,10.514705882352942,chronos,cambiar_paradero
2025-12-09 22:00:00,troncal|Tacna,troncal,Tacna,111.51925659179688,72.61418914794922,144.48922729492188,9.558823529411764,1029.4153846153847,0.10833261116790406,Asientos,9.558823529411764,chronos,abordar
2025-12-09 23:00:00,troncal|Tacna,troncal,Tacna,2.8332672119140625,0.0,21.924163818359375,9.558823529411764,1029.4153846153847,0.0027523070417027444,Asientos,9.558823529411764,chronos,abordar
2025-12-09 00:00:00,troncal|Terán,troncal,Terán,0.0,0.0,6.204505920410156,9.558823529411764,1029.4153846153847,0.0,Asientos,9.558823529411764,chronos,abordar
2025-12-09 01:00:00,troncal|Terán,troncal,Terán,0.0,0.0,5.3193511962890625,9.558823529411764,1029.4153846153847,0.0,Asientos,9.558823529411764,chronos,abordar
2025-12-09 02:00:00,troncal|Terán,troncal,Terán,0.0,0.0,9.39569091796875,9.558823529411764,1029.4153846153847,0.0,Asientos,9.558823529411764,chronos,abordar
2025-12-09 03:00:00,troncal|Terán,troncal,Terán,0.0,0.0,16.939247131347656,9.558823529411764,1029.4153846153847,0.0,Asientos,9.558823529411764,chronos,abordar
2025-12-09 04:00:00,troncal|Terán,troncal,Terán,9.111183166503906,0.0,34.40338134765625,9.558823529411764,1029.4153846153847,0.00885083252365426,Asientos,9.558823529411764,chronos,abordar
2025-12-09 05:00:00,troncal|Terán,troncal,Terán,76.75321960449219,34.96641540527344,124.3149642944336,9.558823529411764,1029.4153846153847,0.07456000828389514,Asientos,9.558823529411764,chronos,abordar
2025-12-09 06:00:00,troncal|Terán,troncal,Terán,300.0060729980469,206.17355346679688,373.4896240234375,9.558823529411764,1029.4153846153847,0.29143344609147903,De_pie,10.514705882352942,chronos,cambiar_paradero
2025-12-09 07:00:00,troncal|Terán,troncal,Terán,498.8692626953125,346.2347412109375,596.982421875,9.558823529411764,1029.4153846153847,0.4846141510520581,De_pie,10.514705882352942,chronos,cambiar_paradero
2025-12-09 08:00:00,troncal|Terán,troncal,Terán,407.8814697265625,284.5982971191406,491.62554931640625,9.558823529411764,1029.4153846153847,0.39622632012533715,De_pie,10.514705882352942,chronos,cambiar_paradero
2025-12-09 09:00:00,troncal|Terán,troncal,Terán,234.27711486816406,160.23509216308594,293.2574462890625,9.558823529411764,1029.4153846153847,0.22758268272403548,De_pie,10.514705882352942,chronos,cambiar_paradero
2025-12-09 10:00:00,troncal|Terán,troncal,Terán,165.24264526367188,120.19086456298828,206.90383911132812,9.558823529411764,1029.4153846153847,0.1605208623586004,De_pie,10.514705882352942,chronos,cambiar_paradero
2025-12-09 11:00:00,troncal|Terán,troncal,Terán,136.82347106933594,103.50652313232422,174.67959594726562,9.558823529411764,1029.4153846153847,0.1329137616497315,De_pie,10.514705882352942,chronos,cambiar_paradero
2025-12-09 12:00:00,troncal|Terán,troncal,Terán,142.7467498779297,110.9063491821289,181.59764099121094,9.558823529411764,1029.4153846153847,0.1386677836870132,De_pie,10.514705882352942,chronos,cambiar_paradero
2025-12-09 13:00:00,troncal|Terán,troncal,Terán,143.04443359375,110.72864532470703,180.05943298339844,9.558823529411764,1029.4153846153847,0.13895696113692235,De_pie,10.514705882352942,chronos,cambiar_paradero
2025-12-09 14:00:00,troncal|Terán,troncal,Terán,136.21990966796875,106.4619140625,170.5491485595703,9.558823529411764,1029.4153846153847,0.13232744692159804,De_pie,10.514705882352942,chronos,cambiar_paradero
2025-12-09 15:00:00,troncal|Terán,troncal,Terán,137.6221923828125,107.13465881347656,172.20785522460938,9.558823529411764,1029.4153846153847,0.13368965962581916,De_pie,10.514705882352942,chronos,cambiar_paradero
2025-12-09 16:00:00,troncal|Terán,troncal,Terán,154.77830505371094,119.37811279296875,189.98965454101562,9.558823529411764,1029.4153846153847,0.15035553904368737,De_pie,10.514705882352942,chronos,cambiar_paradero
2025-12-09 17:00:00,troncal|Terán,troncal,Terán,189.9503173828125,144.3182830810547,229.56182861328125,9.558823529411764,1029.4153846153847,0.18452251658720126,De_pie,10.514705882352942,chronos,cambiar_paradero
2025-12-09 18:00:00,troncal|Terán,troncal,Terán,163.9753875732422,129.4857177734375,201.076416015625,9.558823529411764,1029.4153846153847,0.1592898163597074,De_pie,10.514705882352942,chronos,cambiar_paradero
2025-12-09 19:00:00,troncal|Terán,troncal,Terán,106.7031478881836,82.67327117919922,136.6996307373047,9.558823529411764,1029.4153846153847,0.10365412202193826,Asientos,9.558823529411764,chronos,abordar
2025-12-09 20:00:00,troncal|Terán,troncal,Terán,63.227962493896484,46.754371643066406,91.9477767944336,9.558823529411764,1029.4153846153847,0.061421233293030716,Asientos,9.558823529411764,chronos,abordar
2025-12-09 21:00:00,troncal|Terán,troncal,Terán,36.331092834472656,19.9149169921875,63.52964401245117,9.558823529411764,1029.4153846153847,0.0352929375035976,Asientos,9.558823529411764,chronos,abordar
2025-12-09 22:00:00,troncal|Terán,troncal,Terán,15.868904113769531,4.7553558349609375,38.19880676269531,9.558823529411764,1029.4153846153847,0.015415452645190989,Asientos,9.558823529411764,chronos,abordar
2025-12-09 23:00:00,troncal|Terán,troncal,Terán,0.0,0.0,15.380767822265625,9.558823529411764,1029.4153846153847,0.0,Asientos,9.558823529411764,chronos,abordar
2025-12-09 00:00:00,troncal|Tomas Valle,troncal,Tomas Valle,0.0,0.0,10.36962890625,9.558823529411764,1029.4153846153847,0.0,Asientos,9.558823529411764,chronos,abordar
2025-12-09 01:00:00,troncal|Tomas Valle,troncal,Tomas Valle,0.0,0.0,33.30950927734375,9.558823529411764,1029.4153846153847,0.0,Asientos,9.558823529411764,chronos,abordar
2025-12-09 02:00:00,troncal|Tomas Valle,troncal,Tomas Valle,0.0,0.0,55.96881103515625,9.558823529411764,1029.4153846153847,0.0,Asientos,9.558823529411764,chronos,abordar
2025-12-09 03:00:00,troncal|Tomas Valle,troncal,Tomas Valle,0.0,0.0,72.544677734375,9.558823529411764,1029.4153846153847,0.0,Asientos,9.558823529411764,chronos,abordar
2025-12-09 04:00:00,troncal|Tomas Valle,troncal,Tomas Valle,46.5867919921875,0.0,212.16427612304688,9.558823529411764,1029.4153846153847,0.045255581651903805,Asientos,9.558823529411764,chronos,abordar
2025-12-09 05:00:00,troncal|Tomas Valle,troncal,Tomas Valle,592.5386962890625,251.68206787109375,918.307861328125,9.558823529411764,1029.4153846153847,0.5756069951397217,De_pie,10.514705882352942,chronos,cambiar_paradero
2025-12-09 06:00:00,troncal|Tomas Valle,troncal,Tomas Valle,1899.115966796875,1174.65625,2412.995849609375,9.558823529411764,1029.4153846153847,1.8448490232214978,Saturado,12.426470588235293,chronos,cambiar_paradero
2025-12-09 07:00:00,troncal|Tomas Valle,troncal,Tomas Valle,2340.120849609375,1482.1748046875,2897.61376953125,9.558823529411764,1029.4153846153847,2.2732522600521485,Saturado,12.426470588235293,chronos,cambiar_paradero
2025-12-09 08:00:00,troncal|Tomas Valle,troncal,Tomas Valle,1756.9892578125,1107.940185546875,2203.373291015625,9.558823529411764,1029.4153846153847,1.7067835628558776,Saturado,12.426470588235293,chronos,cambiar_paradero
2025-12-09 09:00:00,troncal|Tomas Valle,troncal,Tomas Valle,1094.406005859375,658.6533813476562,1422.7080078125,9.558823529411764,1029.4153846153847,1.063133524343307,Saturado,12.426470588235293,chronos,cambiar_paradero
2025-12-09 10:00:00,troncal|Tomas Valle,troncal,Tomas Valle,843.2992553710938,546.614013671875,1092.802490234375,9.558823529411764,1029.4153846153847,0.8192021102212023,Saturado,12.426470588235293,chronos,cambiar_paradero
2025-12-09 11:00:00,troncal|Tomas Valle,troncal,Tomas Valle,714.53271484375,493.76739501953125,943.302734375,9.558823529411764,1029.4153846153847,0.6941150535754983,Saturado,12.426470588235293,chronos,cambiar_paradero
2025-12-09 12:00:00,troncal|Tomas Valle,troncal,Tomas Valle,677.6535034179688,502.4653015136719,876.2532348632812,9.558823529411764,1029.4153846153847,0.6582896598841458,Saturado,12.426470588235293,chronos,cambiar_paradero
2025-12-09 13:00:00,troncal|Tomas Valle,troncal,Tomas Valle,646.6185913085938,497.8465881347656,813.1508178710938,9.558823529411764,1029.4153846153847,0.6281415655646011,Saturado,12.426470588235293,chronos,cambiar_paradero
2025-12-09 14:00:00,troncal|Tomas Valle,troncal,Tomas Valle,611.3734130859375,496.2695007324219,741.6846923828125,9.558823529411764,1029.4153846153847,0.5939035128315688,Saturado,12.426470588235293,chronos,cambiar_paradero
2025-12-09 15:00:00,troncal|Tomas Valle,troncal,Tomas Valle,596.3756103515625,493.1628723144531,708.687255859375,9.558823529411764,1029.4153846153847,0.5793342699792497,De_pie,10.514705882352942,chronos,cambiar_paradero
2025-12-09 16:00:00,troncal|Tomas Valle,troncal,Tomas Valle,629.4146728515625,520.6114501953125,718.124755859375,9.558823529411764,1029.4153846153847,0.6114292464035085,Saturado,12.426470588235293,chronos,cambiar_paradero
2025-12-09 17:00:00,troncal|Tomas Valle,troncal,Tomas Valle,678.5057983398438,554.0918579101562,779.272216796875,9.558823529411764,1029.4153846153847,0.6591176006110987,Saturado,12.426470588235293,chronos,cambiar_paradero
2025-12-09 18:00:00,troncal|Tomas Valle,troncal,Tomas Valle,590.5818481445312,492.66827392578125,691.1473388671875,9.558823529411764,1029.4153846153847,0.5737060636267713,De_pie,10.514705882352942,chronos,cambiar_paradero
2025-12-09 19:00:00,troncal|Tomas Valle,troncal,Tomas Valle,436.50018310546875,353.59039306640625,531.2042236328125,9.558823529411764,1029.4153846153847,0.42402725821759124,De_pie,10.514705882352942,chronos,cambiar_paradero
2025-12-09 20:00:00,troncal|Tomas Valle,troncal,Tomas Valle,315.5413818359375,253.37838745117188,427.41265869140625,9.558823529411764,1029.4153846153847,0.3065248358939493,De_pie,10.514705882352942,chronos,cambiar_paradero
2025-12-09 21:00:00,troncal|Tomas Valle,troncal,Tomas Valle,206.138427734375,127.07247924804688,323.9197692871094,9.558823529411764,1029.4153846153847,0.2002480542015539,De_pie,10.514705882352942,chronos,cambiar_paradero
2025-12-09 22:00:00,troncal|Tomas Valle,troncal,Tomas Valle,89.60202026367188,38.3101806640625,189.9302978515625,9.558823529411764,1029.4153846153847,0.08704165646130248,Asientos,9.558823529411764,chronos,abordar
2025-12-09 23:00:00,troncal|Tomas Valle,troncal,Tomas Valle,0.0,0.0,73.62210083007812,9.558823529411764,1029.4153846153847,0.0,Asientos,9.558823529411764,chronos,abordar
2025-12-09 00:00:00,troncal|Uni,troncal,Uni,0.0,0.0,0.0,9.558823529411764,1029.4153846153847,0.0,Asientos,9.558823529411764,chronos,abordar
2025-12-09 01:00:00,troncal|Uni,troncal,Uni,0.0,0.0,0.0,9.558823529411764,1029.4153846153847,0.0,Asientos,9.558823529411764,chronos,abordar
2025-12-09 02:00:00,troncal|Uni,troncal,Uni,0.0,0.0,12.427947998046875,9.558823529411764,1029.4153846153847,0.0,Asientos,9.558823529411764,chronos,abordar
2025-12-09 03:00:00,troncal|Uni,troncal,Uni,0.0,0.0,36.61724853515625,9.558823529411764,1029.4153846153847,0.0,Asientos,9.558823529411764,chronos,abordar
2025-12-09 04:00:00,troncal|Uni,troncal,Uni,23.147796630859375,0.0,106.56002807617188,9.558823529411764,1029.4153846153847,0.022486351939948877,Asientos,9.558823529411764,chronos,abordar
2025-12-09 05:00:00,troncal|Uni,troncal,Uni,284.2005310058594,122.900390625,456.11859130859375,9.558823529411764,1029.4153846153847,0.27607954500509413,De_pie,10.514705882352942,chronos,cambiar_paradero
2025-12-09 06:00:00,troncal|Uni,troncal,Uni,1067.070068359375,718.7166748046875,1335.954833984375,9.558823529411764,1029.4153846153847,1.0365787070085988,Saturado,12.426470588235293,chronos,cambiar_paradero
2025-12-09 07:00:00,troncal|Uni,troncal,Uni,1868.7254638671875,1278.6396484375,2229.40673828125,9.558823529411764,1029.4153846153847,1.8153269241894903,Saturado,12.426470588235293,chronos,cambiar_paradero
2025-12-09 08:00:00,troncal|Uni,troncal,Uni,1256.2091064453125,855.0011596679688,1531.6214599609375,9.558823529411764,1029.4153846153847,1.220313126478738,Saturado,12.426470588235293,chronos,cambiar_paradero
2025-12-09 09:00:00,troncal|Uni,troncal,Uni,584.9165649414062,358.302734375,763.5938720703125,9.558823529411764,1029.4153846153847,0.5682026650106319,De_pie,10.514705882352942,chronos,cambiar_paradero
2025-12-09 10:00:00,troncal|Uni,troncal,Uni,417.0157470703125,277.37005615234375,535.1876831054688,9.558823529411764,1029.4153846153847,0.4050995869137122,De_pie,10.514705882352942,chronos,cambiar_paradero
2025-12-09 11:00:00,troncal|Uni,troncal,Uni,353.72271728515625,256.2665100097656,463.1988220214844,9.558823529411764,1029.4153846153847,0.34361514561715617,De_pie,10.514705882352942,chronos,cambiar_paradero
2025-12-09 12:00:00,troncal|Uni,troncal,Uni,379.4137878417969,287.9953918457031,493.6832580566406,9.558823529411764,1029.4153846153847,0.3685720978257531,De_pie,10.514705882352942,chronos,cambiar_paradero
2025-12-09 13:00:00,troncal|Uni,troncal,Uni,373.8993225097656,281.8813171386719,476.3111267089844,9.558823529411764,1029.4153846153847,0.36321520748348224,De_pie,10.514705882352942,chronos,cambiar_paradero
2025-12-09 14:00:00,troncal|Uni,troncal,Uni,390.2774963378906,301.9101867675781,488.82159423828125,9.558823529411764,1029.4153846153847,0.3791253775400958,De_pie,10.514705882352942,chronos,cambiar_paradero
2025-12-09 15:00:00,troncal|Uni,troncal,Uni,452.483154296875,352.373779296875,558.0010375976562,9.558823529411764,1029.4153846153847,0.4395535184914047,De_pie,10.514705882352942,chronos,cambiar_paradero
2025-12-09 16:00:00,troncal|Uni,troncal,Uni,506.59869384765625,398.1831970214844,605.2750244140625,9.558823529411764,1029.4153846153847,0.49212271491059384,De_pie,10.514705882352942,chronos,cambiar_paradero
2025-12-09 17:00:00,troncal|Uni,troncal,Uni,549.2730712890625,422.0337219238281,658.2179565429688,9.558823529411764,1029.4153846153847,0.5335776786494061,De_pie,10.514705882352942,chronos,cambiar_paradero
2025-12-09 18:00:00,troncal|Uni,troncal,Uni,512.3975830078125,405.2269592285156,620.92431640625,9.558823529411764,1029.4153846153847,0.4977559017143085,De_pie,10.514705882352942,chronos,cambiar_paradero
2025-12-09 19:00:00,troncal|Uni,troncal,Uni,400.7862548828125,311.3272399902344,500.61944580078125,9.558823529411764,1029.4153846153847,0.3893338499429521,De_pie,10.514705882352942,chronos,cambiar_paradero
2025-12-09 20:00:00,troncal|Uni,troncal,Uni,298.3665771484375,227.1383514404297,398.7649841308594,9.558823529411764,1029.4153846153847,0.28984079858094863,De_pie,10.514705882352942,chronos,cambiar_paradero
2025-12-09 21:00:00,troncal|Uni,troncal,Uni,173.67478942871094,100.96401977539062,268.4654541015625,9.558823529411764,1029.4153846153847,0.168712059314715,De_pie,10.514705882352942,chronos,cambiar_paradero
2025-12-09 22:00:00,troncal|Uni,troncal,Uni,68.44647216796875,26.94940185546875,148.759521484375,9.558823529411764,1029.4153846153847,0.06649062486426902,Asientos,9.558823529411764,chronos,abordar
2025-12-09 23:00:00,troncal|Uni,troncal,Uni,0.0,0.0,50.96295166015625,9.558823529411764,1029.4153846153847,0.0,Asientos,9.558823529411764,chronos,abordar
2025-12-09 00:00:00,troncal|Union,troncal,Union,0.0,0.0,2.8493194580078125,9.558823529411764,1029.4153846153847,0.0,Asientos,9.558823529411764,chronos,abordar
2025-12-09 01:00:00,troncal|Union,troncal,Union,0.0,0.0,3.5313034057617188,9.558823529411764,1029.4153846153847,0.0,Asientos,9.558823529411764,chronos,abordar
2025-12-09 02:00:00,troncal|Union,troncal,Union,0.0,0.0,4.656402587890625,9.558823529411764,1029.4153846153847,0.0,Asientos,9.558823529411764,chronos,abordar
2025-12-09 03:00:00,troncal|Union,troncal,Union,0.0,0.0,9.936286926269531,9.558823529411764,1029.4153846153847,0.0,Asientos,9.558823529411764,chronos,abordar
2025-12-09 04:00:00,troncal|Union,troncal,Union,8.735549926757812,0.0,25.519020080566406,9.558823529411764,1029.4153846153847,0.008485932945349979,Asientos,9.558823529411764,chronos,abordar
2025-12-09 05:00:00,troncal|Union,troncal,Union,66.5633544921875,37.25944519042969,95.11300659179688,9.558823529411764,1029.4153846153847,0.06466131698338395,Asientos,9.558823529411764,chronos,abordar
2025-12-09 06:00:00,troncal|Union,troncal,Union,209.55426025390625,153.78456115722656,248.64276123046875,9.558823529411764,1029.4153846153847,0.20356627983775563,De_pie,10.514705882352942,chronos,cambiar_paradero
2025-12-09 07:00:00,troncal|Union,troncal,Union,357.84381103515625,261.2458190917969,412.35150146484375,9.558823529411764,1029.4153846153847,0.3476184797537834,De_pie,10.514705882352942,chronos,cambiar_paradero
2025-12-09 08:00:00,troncal|Union,troncal,Union,273.4823913574219,202.32223510742188,318.1069030761719,9.558823529411764,1029.4153846153847,0.26566767453121143,De_pie,10.514705882352942,chronos,cambiar_paradero
2025-12-09 09:00:00,troncal|Union,troncal,Union,184.8592529296875,130.1178741455078,223.21652221679688,9.558823529411764,1029.4153846153847,0.17957692850953022,De_pie,10.514705882352942,chronos,cambiar_paradero
2025-12-09 10:00:00,troncal|Union,troncal,Union,145.9534912109375,104.06710815429688,181.77886962890625,9.558823529411764,1029.4153846153847,0.1417828928848478,De_pie,10.514705882352942,chronos,cambiar_paradero
2025-12-09 11:00:00,troncal|Union,troncal,Union,124.54167938232422,91.58706665039062,159.852783203125,9.558823529411764,1029.4153846153847,0.12098292025124154,Asientos,9.558823529411764,chronos,abordar
2025-12-09 12:00:00,troncal|Union,troncal,Union,145.06436157226562,108.6019515991211,185.60928344726562,9.558823529411764,1029.4153846153847,0.1409191699874053,De_pie,10.514705882352942,chronos,cambiar_paradero
2025-12-09 13:00:00,troncal|Union,troncal,Union,155.83059692382812,114.86980438232422,198.55479431152344,9.558823529411764,1029.4153846153847,0.1513777618371716,De_pie,10.514705882352942,chronos,cambiar_paradero
2025-12-09 14:00:00,troncal|Union,troncal,Union,137.20480346679688,100.83712005615234,175.68844604492188,9.558823529411764,1029.4153846153847,0.13328419753320475,De_pie,10.514705882352942,chronos,cambiar_paradero
2025-12-09 15:00:00,troncal|Union,troncal,Union,141.33518981933594,105.50455474853516,179.77133178710938,9.558823529411764,1029.4153846153847,0.1372965587376978,De_pie,10.514705882352942,chronos,cambiar_paradero
2025-12-09 16:00:00,troncal|Union,troncal,Union,189.37814331054688,144.1346893310547,232.70550537109375,9.558823529411764,1029.4153846153847,0.18396669230011875,De_pie,10.514705882352942,chronos,cambiar_paradero
2025-12-09 17:00:00,troncal|Union,troncal,Union,248.21340942382812,189.71917724609375,292.80438232421875,9.558823529411764,1029.4153846153847,0.2411207498288622,De_pie,10.514705882352942,chronos,cambiar_paradero
2025-12-09 18:00:00,troncal|Union,troncal,Union,191.01751708984375,149.66758728027344,230.13168334960938,9.558823529411764,1029.4153846153847,0.18555922122847684,De_pie,10.514705882352942,chronos,cambiar_paradero
2025-12-09 19:00:00,troncal|Union,troncal,Union,130.95498657226562,101.88312530517578,161.35433959960938,9.558823529411764,1029.4153846153847,0.12721296818503802,De_pie,10.514705882352942,chronos,cambiar_paradero
2025-12-09 20:00:00,troncal|Union,troncal,Union,77.5151596069336,57.8970832824707,103.19906616210938,9.558823529411764,1029.4153846153847,0.07530017596919361,Asientos,9.558823529411764,chronos,abordar
2025-12-09 21:00:00,troncal|Union,troncal,Union,38.04583740234375,22.959518432617188,59.844242095947266,9.558823529411764,1029.4153846153847,0.03695868351196114,Asientos,9.558823529411764,chronos,abordar
2025-12-09 22:00:00,troncal|Union,troncal,Union,16.194198608398438,5.746910095214844,35.756614685058594,9.558823529411764,1029.4153846153847,0.015731451900195755,Asientos,9.558823529411764,chronos,abordar
2025-12-09 23:00:00,troncal|Union,troncal,Union,0.0,0.0,11.90069580078125,9.558823529411764,1029.4153846153847,0.0,Asientos,9.558823529411764,chronos,abordar
2025-12-09 00:00:00,troncal|Universidad,troncal,Universidad,0.0,0.0,0.46248626708984375,9.558823529411764,1029.4153846153847,0.0,Asientos,9.558823529411764,chronos,abordar
2025-12-09 01:00:00,troncal|Universidad,troncal,Universidad,0.0,0.0,2.0062103271484375,9.558823529411764,1029.4153846153847,0.0,Asientos,9.558823529411764,chronos,abordar
2025-12-09 02:00:00,troncal|Universidad,troncal,Universidad,0.0,0.0,8.147560119628906,9.558823529411764,1029.4153846153847,0.0,Asientos,9.558823529411764,chronos,abordar
2025-12-09 03:00:00,troncal|Universidad,troncal,Universidad,0.0,0.0,8.560699462890625,9.558823529411764,1029.4153846153847,0.0,Asientos,9.558823529411764,chronos,abordar
2025-12-09 04:00:00,troncal|Universidad,troncal,Universidad,8.85097885131836,0.0,27.593154907226562,9.558823529411764,1029.4153846153847,0.008598063506332097,Asientos,9.558823529411764,chronos,abordar
2025-12-09 05:00:00,troncal|Universidad,troncal,Universidad,104.09300231933594,56.594566345214844,143.65988159179688,9.558823529411764,1029.4153846153847,0.10111856095703066,Asientos,9.558823529411764,chronos,abordar
2025-12-09 06:00:00,troncal|Universidad,troncal,Universidad,332.72393798828125,225.9638214111328,398.4732666015625,9.558823529411764,1029.4153846153847,0.3232164031748906,De_pie,10.514705882352942,chronos,cambiar_paradero
2025-12-09 07:00:00,troncal|Universidad,troncal,Universidad,344.53643798828125,243.1253662109375,402.846435546875,9.558823529411764,1029.4153846153847,0.33469136282338413,De_pie,10.514705882352942,chronos,cambiar_paradero
2025-12-09 08:00:00,troncal|Universidad,troncal,Universidad,196.16261291503906,132.63401794433594,236.97914123535156,9.558823529411764,1029.4153846153847,0.19055729674015928,De_pie,10.514705882352942,chronos,cambiar_paradero
2025-12-09 09:00:00,troncal|Universidad,troncal,Universidad,108.3282699584961,67.84593200683594,134.85269165039062,9.558823529411764,1029.4153846153847,0.1052328064816811,Asientos,9.558823529411764,chronos,abordar
2025-12-09 10:00:00,troncal|Universidad,troncal,Universidad,84.18742370605469,53.746849060058594,106.06039428710938,9.558823529411764,1029.4153846153847,0.08178178115873916,Asientos,9.558823529411764,chronos,abordar
2025-12-09 11:00:00,troncal|Universidad,troncal,Universidad,82.60719299316406,57.02190017700195,105.63835144042969,9.558823529411764,1029.4153846153847,0.08024670529285724,Asientos,9.558823529411764,chronos,abordar
2025-12-09 12:00:00,troncal|Universidad,troncal,Universidad,88.70602416992188,64.72791290283203,112.29739379882812,9.558823529411764,1029.4153846153847,0.08617126331666848,Asientos,9.558823529411764,chronos,abordar
2025-12-09 13:00:00,troncal|Universidad,troncal,Universidad,80.75341796875,58.98938751220703,103.5533676147461,9.558823529411764,1029.4153846153847,0.07844590160163722,Asientos,9.558823529411764,chronos,abordar
2025-12-09 14:00:00,troncal|Universidad,troncal,Universidad,64.77143096923828,48.43977355957031,83.6662368774414,9.558823529411764,1029.4153846153847,0.06292059739658787,Asientos,9.558823529411764,chronos,abordar
2025-12-09 15:00:00,troncal|Universidad,troncal,Universidad,60.5246696472168,44.6354866027832,79.80237579345703,9.558823529411764,1029.4153846153847,0.05879518661927743,Asientos,9.558823529411764,chronos,abordar
2025-12-09 16:00:00,troncal|Universidad,troncal,Universidad,71.8177261352539,50.842384338378906,91.67455291748047,9.558823529411764,1029.4153846153847,0.06976554577342635,Asientos,9.558823529411764,chronos,abordar
2025-12-09 17:00:00,troncal|Universidad,troncal,Universidad,92.59918975830078,66.98977661132812,117.2725830078125,9.558823529411764,1029.4153846153847,0.0899531823034665,Asientos,9.558823529411764,chronos,abordar
2025-12-09 18:00:00,troncal|Universidad,troncal,Universidad,70.56805419921875,50.95708465576172,93.75897979736328,9.558823529411764,1029.4153846153847,0.06855158301872935,Asientos,9.558823529411764,chronos,abordar
2025-12-09 19:00:00,troncal|Universidad,troncal,Universidad,41.209739685058594,27.764102935791016,60.47137451171875,9.558823529411764,1029.4153846153847,0.04003217777870648,Asientos,9.558823529411764,chronos,abordar
2025-12-09 20:00:00,troncal|Universidad,troncal,Universidad,29.11126708984375,15.812686920166016,50.776641845703125,9.558823529411764,1029.4153846153847,0.028279417157458207,Asientos,9.558823529411764,chronos,abordar
2025-12-09 21:00:00,troncal|Universidad,troncal,Universidad,30.605201721191406,11.422115325927734,55.55579376220703,9.558823529411764,1029.4153846153847,0.02973066283891441,Asientos,9.558823529411764,chronos,abordar
2025-12-09 22:00:00,troncal|Universidad,troncal,Universidad,22.17279052734375,5.348884582519531,44.36187744140625,9.558823529411764,1029.4153846153847,0.021539206484297937,Asientos,9.558823529411764,chronos,abordar
2025-12-09 23:00:00,troncal|Universidad,troncal,Universidad,3.2972259521484375,0.0,18.12509536743164,9.558823529411764,1029.4153846153847,0.003203008233047113,Asientos,9.558823529411764,chronos,abordar
