{"type": "FeatureCollection", "features": [{"type": "Feature", "properties": {"objectid": 126, "id_trazado": "TZ002", "long_traz": 11.8213993, "ori_traz": "Avenida Calle 80", "fin_traz": "Terminal", "nom_traz": "Autopista Norte", "le_troncal": "B", "nom_tronc": "Autopista Norte", "fase_tronc": "FASE I", "eta_oper": 1, "esta_oper": 1, "tipo_tra": 1, "Shape__Length": 11832.501677950546, "globalid": "{389107A2-D1E1-491D-A369-B896E8CC112F}"}, "geometry": {"type": "MultiLineString", "coordinates": [[[-74.06049920188833, 4.667029870460503, 0.0], [-74.06054010942532, 4.666989249876131, 0.0], [-74.06062950545179, 4.6668966607047, 0.0], [-74.06074333674887, 4.666778760487637, 0.0], [-74.0608655511365, 4.666724928957674, 0.0], [-74.06102055529917, 4.666662125620124, 0.0], [-74.06117257667614, 4.666656147168468, 0.0], [-74.06134248024026, 4.666775783991997, 0.0], [-74.06145276905917, 4.666829622770728, 0.0], [-74.06156305789501, 4.666883458819175, 0.0], [-74.06166523094413, 4.666885737279522, 0.0]], [[-74.04338493984031, 4.769999381588369, 0.0], [-74.0434301454725, 4.769714901659979, 0.0], [-74.04357254828506, 4.76881876443823, 0.0], [-74.04444370322351, 4.763336548323786, 0.0], [-74.0446195095503, 4.762230181788892, 0.0], [-74.04519048665735, 4.759559105471133, 0.0], [-74.04519567987046, 4.759534811512422, 0.0], [-74.04574359213892, 4.75636827090155, 0.0], [-74.04581094982369, 4.755978990680456, 0.0], [-74.04604464924742, 4.754622860218019, 0.0], [-74.04633459591032, 4.752940324363491, 0.0], [-74.04637780557651, 4.752689580071612, 0.0], [-74.04644574776209, 4.752295317941348, 0.0], [-74.0466094214371, 4.751576179657532, 0.0], [-74.04666091902948, 4.751349911682522, 0.0], [-74.04680215765342, 4.750607550625437, 0.0], [-74.04685953093195, 4.749511206547336, 0.0], [-74.04690283086951, 4.748471066300356, 0.0], [-74.04699784698842, 4.747797026201317, 0.0], [-74.04705067702392, 4.747474688255069, 0.0], [-74.04710386975941, 4.747246341289959, 0.0], [-74.04712193134512, 4.747152528357197, 0.0], [-74.04718760289745, 4.746757316461978, 0.0], [-74.04720033313347, 4.746489672845795, 0.0], [-74.04725484779414, 4.746184978881875, 0.0], [-74.04764583740834, 4.743999661569075, 0.0], [-74.04771454559673, 4.743487941481713, 0.0], [-74.04788364093267, 4.742479819777978, 0.0], [-74.04794107797981, 4.742263785941295, 0.0], [-74.04800034951191, 4.741915299191302, 0.0], [-74.04800074711972, 4.741912959765296, 0.0], [-74.04869320418712, 4.737715067634734, 0.0], [-74.04869666092436, 4.737694109550163, 0.0], [-74.0488610189907, 4.736651319693833, 0.0], [-74.0488652524561, 4.736592500095869, 0.0], [-74.04909922992074, 4.735201674015677, 0.0], [-74.0491358910616, 4.735143398328756, 0.0], [-74.04922623638949, 4.734588554219222, 0.0], [-74.0495347298772, 4.732693984618115, 0.0], [-74.04957464596886, 4.732448843825471, 0.0], [-74.04965007921686, 4.731985575526317, 0.0], [-74.04969563884856, 4.731600780016033, 0.0], [-74.04980475536843, 4.730925789311062, 0.0], [-74.04981122855385, 4.730891064158206, 0.0], [-74.04989703606321, 4.730430780439411, 0.0], [-74.049944745536, 4.730083241549528, 0.0], [-74.05002194901097, 4.72972263748275, 0.0], [-74.05021060999317, 4.728615894465173, 0.0], [-74.05024141740346, 4.728322994042673, 0.0], [-74.05040524847806, 4.727385873653612, 0.0], [-74.05050333189976, 4.726850089637862, 0.0], [-74.0505205208698, 4.72675619422915, 0.0], [-74.05059128031118, 4.72645366626011, 0.0], [-74.05069197535757, 4.725830225041281, 0.0], [-74.0507532620947, 4.725484732114812, 0.0], [-74.05077687876242, 4.725339122296403, 0.0], [-74.0508096566721, 4.725150404478646, 0.0], [-74.05110132759683, 4.7232809989502, 0.0], [-74.05112404595506, 4.723146227204803, 0.0], [-74.05145916301784, 4.721158197762578, 0.0], [-74.05182494336525, 4.718988246832063, 0.0], [-74.0525582922202, 4.714558425952716, 0.0], [-74.05384948495487, 4.706758784352393, 0.0], [-74.0538494867589, 4.70675874365858, 0.0], [-74.05413676322577, 4.705178731473869, 0.0], [-74.05419620605865, 4.704854918749912, 0.0], [-74.0542251639966, 4.704639636465494, 0.0], [-74.05423469432786, 4.704568780610524, 0.0], [-74.0543398726184, 4.703966106027876, 0.0], [-74.05437353217617, 4.703767188251447, 0.0], [-74.05508312633353, 4.699455907619459, 0.0], [-74.05530879980195, 4.698126889760766, 0.0], [-74.056152178584, 4.693160087263228, 0.0], [-74.05618243307303, 4.692982600439019, 0.0], [-74.05626943909513, 4.692472187787344, 0.0], [-74.05629397900792, 4.692419859809769, 0.0], [-74.05637565183096, 4.691968165543423, 0.0], [-74.0564272363183, 4.691654459716688, 0.0], [-74.05647452009853, 4.691417293535045, 0.0], [-74.05650998516722, 4.691141317682034, 0.0], [-74.0565157939489, 4.69102696350294, 0.0], [-74.05721554053018, 4.686921919899834, 0.0], [-74.05721570730056, 4.686920942346863, 0.0], [-74.05771229681588, 4.683949437564952, 0.0], [-74.05775575964495, 4.683689364084038, 0.0], [-74.05783825052416, 4.683049627558308, 0.0], [-74.05791884838794, 4.682544031619258, 0.0], [-74.05800869780943, 4.682175818531737, 0.0], [-74.05832791383186, 4.680265663717974, 0.0], [-74.05852854142341, 4.679065123051075, 0.0], [-74.05879278890313, 4.677465007804289, 0.0], [-74.05880312938767, 4.677230826401972, 0.0], [-74.05887532987414, 4.676809720538759, 0.0], [-74.05901951709693, 4.675997370862644, 0.0], [-74.05914713805213, 4.675225285969791, 0.0], [-74.05926882848075, 4.674582389577746, 0.0], [-74.0593456955466, 4.674116925582172, 0.0], [-74.05935032467846, 4.67400827567296, 0.0], [-74.05943846488447, 4.673511602433893, 0.0], [-74.05946628735533, 4.673386683693639, 0.0], [-74.05951572108552, 4.673257881499072, 0.0], [-74.05954366131202, 4.673073537890153, 0.0], [-74.05959094446713, 4.672769532967936, 0.0], [-74.05961855062685, 4.672464657592458, 0.0], [-74.05964363107933, 4.672312786740467, 0.0], [-74.05966068520395, 4.672209514162286, 0.0], [-74.05990645980384, 4.67076557370377, 0.0], [-74.06013788121754, 4.669141770150642, 0.0], [-74.06014642123151, 4.669091856108019, 0.0], [-74.06030995135728, 4.668136029647685, 0.0], [-74.06049920188833, 4.667029870460503, 0.0], [-74.0606186008003, 4.666331989802639, 0.0], [-74.06071217814664, 4.665844888533411, 0.0]]]}}, {"type": "Feature", "properties": {"objectid": 127, "id_trazado": "TZ008", "long_traz": 9.95684642, "ori_traz": "Autopista Norte", "fin_traz": "Avenida Calle 6", "nom_traz": "NQS Central", "le_troncal": "E", "nom_tronc": "NQS Central", "fase_tronc": "FASE II", "eta_oper": 1, "esta_oper": 1, "tipo_tra": 1, "Shape__Length": 9951.655486864911, "globalid": "{1967B834-BD1E-4148-B185-373D9B648750}"}, "geometry": {"type": "LineString", "coordinates": [[-74.09780267615335, 4.606793412531424, 0.0], [-74.09785419540012, 4.606822612160127, 0.0], [-74.09789317013676, 4.606830433332344, 0.0], [-74.09793771223032, 4.606827637733248, 0.0], [-74.09799338949759, 4.606819814746617, 0.0], [-74.09806158296934, 4.606788906146813, 0.0], [-74.09809945094321, 4.606762597744403, 0.0], [-74.09811253801341, 4.606753505424043, 0.0], [-74.09814532027094, 4.60672025115499, 0.0], [-74.09816071823768, 4.606686945843932, 0.0], [-74.09817077811442, 4.606645369860741, 0.0], [-74.09817493497222, 4.606599930833044, 0.0], [-74.0981705078984, 4.606525542351772, 0.0], [-74.09815446760277, 4.606473004166289, 0.0], [-74.09812270485106, 4.606420327172559, 0.0], [-74.09807197192468, 4.606375416043476, 0.0], [-74.09806420602848, 4.606368541696979, 0.0], [-74.0979896279521, 4.606350624929819, 0.0], [-74.09791941124664, 4.606347715068167, 0.0], [-74.09786206800196, 4.60636672351755, 0.0], [-74.09782125751015, 4.606389866903661, 0.0], [-74.09777059369404, 4.60642974845782, 0.0], [-74.09773440448885, 4.606481401915308, 0.0], [-74.09771430965172, 4.606523058661573, 0.0], [-74.09770664210244, 4.606616027460256, 0.0], [-74.09772167881393, 4.606682383553959, 0.0], [-74.09774617754455, 4.606725402732358, 0.0], [-74.0977740177965, 4.606762833173598, 0.0], [-74.09780267615335, 4.606793412531424, 0.0], [-74.09777936458771, 4.606823955390794, 0.0], [-74.09773616054089, 4.606881837036627, 0.0], [-74.09769762105746, 4.606936896193192, 0.0], [-74.09766378212363, 4.606986873891761, 0.0], [-74.09751606285037, 4.607193191155472, 0.0], [-74.09721597380049, 4.607572615806641, 0.0], [-74.09681371072728, 4.608083350849866, 0.0], [-74.09630048562096, 4.608730203656479, 0.0], [-74.09606584677915, 4.609013165957896, 0.0], [-74.09555782514516, 4.609637025074883, 0.0], [-74.09416978849316, 4.611312055030587, 0.0], [-74.09386594942337, 4.611683784449027, 0.0], [-74.0934657530704, 4.612173399139866, 0.0], [-74.09310987674893, 4.612609819262991, 0.0], [-74.0926895308227, 4.613138667469528, 0.0], [-74.09212792672689, 4.613797144047664, 0.0], [-74.09183231071837, 4.614157578471459, 0.0], [-74.09182089077976, 4.614171474339758, 0.0], [-74.09050886466767, 4.615767993144048, 0.0], [-74.09023195307275, 4.616096971906192, 0.0], [-74.08965320406763, 4.616807235757071, 0.0], [-74.089553444556, 4.616921876915299, 0.0], [-74.08891890442463, 4.6176510737462, 0.0], [-74.08838850734794, 4.618323921719125, 0.0], [-74.08737335943735, 4.61957271441218, 0.0], [-74.08684682949392, 4.620188822896081, 0.0], [-74.08656769237989, 4.620541513054836, 0.0], [-74.08643842530704, 4.620692735311309, 0.0], [-74.08592860764163, 4.621290189673127, 0.0], [-74.0856847825879, 4.621581961081244, 0.0], [-74.08515758484248, 4.622220705893312, 0.0], [-74.08462317104875, 4.622871854802577, 0.0], [-74.08428950991446, 4.623290182153503, 0.0], [-74.0841812050935, 4.623415731317321, 0.0], [-74.08414954438312, 4.623452432150864, 0.0], [-74.08382781221012, 4.623864396437956, 0.0], [-74.08316998225683, 4.624601443050614, 0.0], [-74.08313220844394, 4.624643765984417, 0.0], [-74.082894051518, 4.624919218985425, 0.0], [-74.08230833393986, 4.6255966593179, 0.0], [-74.08183393603669, 4.626079110169792, 0.0], [-74.08158946241056, 4.626374635738334, 0.0], [-74.08131187855548, 4.626736167014032, 0.0], [-74.08116836294488, 4.626962490434777, 0.0], [-74.0810900888887, 4.627105124094107, 0.0], [-74.0809672356968, 4.627328991259986, 0.0], [-74.08067462843948, 4.627882057092824, 0.0], [-74.0805134449129, 4.628182678591092, 0.0], [-74.08033566526048, 4.628545708382039, 0.0], [-74.0802189953552, 4.628874112754859, 0.0], [-74.08014876201634, 4.629096286695362, 0.0], [-74.08008342347776, 4.629382760690766, 0.0], [-74.08000261494674, 4.629863733794179, 0.0], [-74.07993397362985, 4.630262855002351, 0.0], [-74.07987856783132, 4.630668413035802, 0.0], [-74.07986113651728, 4.630796002232256, 0.0], [-74.07981015212025, 4.631204603243641, 0.0], [-74.07977066508067, 4.631711948560451, 0.0], [-74.07976142774694, 4.631826994036848, 0.0], [-74.07966666064154, 4.633007213247979, 0.0], [-74.07964124988847, 4.633215035570943, 0.0], [-74.07954024570299, 4.634044374242588, 0.0], [-74.07951141931417, 4.634303824538012, 0.0], [-74.07946982380687, 4.634783219380666, 0.0], [-74.0794299449729, 4.635544636899966, 0.0], [-74.07941315037922, 4.635911804051772, 0.0], [-74.079361567613, 4.636581178175905, 0.0], [-74.07932617980647, 4.63712104779828, 0.0], [-74.07931827168285, 4.637241693640531, 0.0], [-74.07930901110929, 4.637489832743048, 0.0], [-74.0792787202629, 4.637866291692146, 0.0], [-74.07923538192183, 4.638568976915844, 0.0], [-74.0791796028161, 4.639336981373024, 0.0], [-74.07907742223104, 4.641088698890892, 0.0], [-74.07896234399296, 4.642732340439949, 0.0], [-74.07890916753573, 4.643270686221927, 0.0], [-74.07888057035484, 4.643525719773912, 0.0], [-74.07885095588712, 4.643912713850164, 0.0], [-74.0788496355822, 4.64392996446928, 0.0], [-74.0788264007792, 4.644163836247109, 0.0], [-74.07879706818558, 4.644461205060314, 0.0], [-74.07875992790963, 4.644711727916455, 0.0], [-74.07872249693695, 4.64521650745071, 0.0], [-74.07871009145556, 4.645397563881436, 0.0], [-74.0786761275314, 4.64589325598735, 0.0], [-74.0786485646995, 4.646643655091768, 0.0], [-74.0785804156017, 4.647510120603922, 0.0], [-74.07849903708015, 4.6486179825737, 0.0], [-74.07843186432375, 4.649289332328595, 0.0], [-74.07838254699341, 4.64975881658351, 0.0], [-74.07836245910983, 4.650039845346436, 0.0], [-74.07833080189243, 4.650482722059411, 0.0], [-74.07829533874151, 4.651052043883092, 0.0], [-74.0782480968631, 4.651573113548488, 0.0], [-74.07820936727121, 4.652004234217543, 0.0], [-74.07820046557794, 4.652103320349044, 0.0], [-74.07817589834855, 4.652469183292657, 0.0], [-74.0780975522155, 4.653486969481095, 0.0], [-74.07798581140719, 4.654835852364704, 0.0], [-74.0779056855141, 4.655640442039664, 0.0], [-74.0778542142234, 4.656034466056584, 0.0], [-74.07777799947358, 4.656611921144349, 0.0], [-74.07773381934048, 4.657060573578252, 0.0], [-74.07769442844133, 4.657254169999877, 0.0], [-74.07768645941138, 4.657295279916713, 0.0], [-74.07757922260339, 4.657848513037047, 0.0], [-74.0774933593142, 4.658195182834207, 0.0], [-74.07739693933051, 4.658549139542434, 0.0], [-74.07734217163367, 4.658750191061649, 0.0], [-74.07714694820027, 4.659651354453846, 0.0], [-74.07696660363979, 4.660272875432351, 0.0], [-74.07671627704025, 4.661210834070802, 0.0], [-74.07648681794431, 4.662156472926084, 0.0], [-74.07620890628296, 4.663162238224428, 0.0], [-74.07606974961143, 4.663669836794865, 0.0], [-74.07597589316494, 4.664045229008918, 0.0], [-74.07580136530775, 4.664589949336959, 0.0], [-74.07557427556019, 4.665060913090809, 0.0], [-74.07541215764576, 4.665351671610875, 0.0], [-74.07525942311554, 4.665557101295433, 0.0], [-74.07457455288298, 4.666352641436107, 0.0], [-74.07339019973732, 4.667728369447464, 0.0], [-74.0722276252375, 4.669094775754624, 0.0], [-74.07130491506688, 4.670151012299509, 0.0], [-74.07125644332436, 4.670206498477387, 0.0], [-74.07042126322273, 4.671195037103208, 0.0], [-74.07039936885941, 4.671219937036589, 0.0], [-74.0699243503841, 4.671760165492573, 0.0], [-74.06933016327432, 4.672394532634767, 0.0], [-74.06882486175418, 4.672849565906004, 0.0], [-74.06876037826339, 4.672899405201302, 0.0], [-74.06827853681838, 4.673271819771869, 0.0], [-74.06749583515123, 4.673791651158227, 0.0], [-74.06741620882374, 4.673844534920623, 0.0], [-74.06633920448327, 4.67450239897389, 0.0], [-74.06514184708864, 4.67518027250601, 0.0], [-74.06444316945309, 4.675611154981965, 0.0], [-74.06398619505319, 4.675892975148428, 0.0], [-74.0629976584362, 4.676456458398956, 0.0], [-74.06239084147941, 4.67678316067931, 0.0], [-74.06080337222895, 4.677703354937354, 0.0], [-74.0596645569893, 4.67837892346049, 0.0], [-74.0590625031027, 4.678732574974601, 0.0], [-74.05898848383583, 4.678805716245991, 0.0], [-74.05894049145314, 4.678875270806294, 0.0], [-74.05892707149225, 4.678929305626165, 0.0], [-74.05890108428382, 4.679033937104724, 0.0], [-74.05887966730643, 4.679182085861187, 0.0], [-74.05885469118871, 4.679360506265026, 0.0], [-74.05881490151278, 4.679598759875671, 0.0], [-74.05879732598409, 4.679673590070268, 0.0], [-74.05876947545013, 4.679755289120253, 0.0], [-74.05873749350653, 4.679831129040278, 0.0], [-74.05869451289043, 4.679910731492733, 0.0], [-74.05865571975573, 4.679954765774521, 0.0], [-74.05859281123229, 4.680006073664164, 0.0], [-74.05851422764214, 4.680077568916302, 0.0], [-74.05842466308958, 4.680163964158973, 0.0], [-74.05832791383186, 4.680265663717974, 0.0]]}}, {"type": "Feature", "properties": {"objectid": 128, "id_trazado": "TZ009", "long_traz": 13.09255757, "ori_traz": "Avenida Caracas", "fin_traz": "Portal Americas", "nom_traz": "Americas", "le_troncal": "F", "nom_tronc": "Americas", "fase_tronc": "FASE II", "eta_oper": 1, "esta_oper": 1, "tipo_tra": 1, "Shape__Length": 13008.320290368587, "globalid": "{2526622E-0F8F-4018-8146-84FF6DE5FC65}"}, "geometry": {"type": "MultiLineString", "coordinates": [[[-74.14689480874911, 4.6313935198909, 0.0], [-74.14669659974118, 4.631377162263875, 0.0], [-74.14633450025487, 4.631347281227119, 0.0], [-74.1457699625961, 4.631294536922991, 0.0], [-74.1449967289825, 4.631222294398518, 0.0], [-74.14478286055208, 4.631200608631103, 0.0], [-74.1432827008559, 4.631061902037712, 0.0], [-74.1419571222619, 4.630924199140237, 0.0], [-74.14129817180734, 4.630863657469235, 0.0], [-74.14117083946483, 4.630851959035676, 0.0], [-74.13975469054466, 4.630689569775616, 0.0], [-74.13916411899432, 4.630617219751169, 0.0], [-74.13784505841164, 4.630485988838759, 0.0], [-74.1364745597958, 4.630371607041584, 0.0], [-74.13422457070207, 4.630117798427176, 0.0], [-74.1341205265371, 4.630106061585224, 0.0], [-74.13224697343169, 4.62989674013038, 0.0], [-74.1316216499494, 4.6298268751383, 0.0], [-74.13068177098457, 4.629733985158428, 0.0], [-74.13016384632475, 4.629677230521839, 0.0], [-74.12867814999005, 4.629514424488898, 0.0], [-74.12750985026128, 4.629425029267211, 0.0], [-74.12670316868507, 4.629333396926542, 0.0], [-74.12622109333883, 4.629280965834515, 0.0], [-74.12567116189227, 4.629249939532039, 0.0], [-74.12476390050999, 4.629204218208799, 0.0], [-74.12265990716553, 4.629063168395375, 0.0], [-74.12245085274625, 4.629044135127232, 0.0], [-74.12224721389047, 4.629025594303759, 0.0], [-74.11971411378715, 4.628671728820498, 0.0], [-74.11916885443189, 4.628583960761728, 0.0], [-74.11867896766645, 4.628506753212559, 0.0], [-74.11867713273622, 4.628506463940081, 0.0], [-74.11794021820839, 4.628390322474466, 0.0], [-74.11743065235515, 4.62834537825494, 0.0], [-74.11451196257417, 4.628120623205249, 0.0], [-74.11365935284861, 4.628033462835474, 0.0], [-74.11352021251426, 4.628021164981041, 0.0], [-74.11158410680022, 4.627850045092682, 0.0], [-74.1115695833566, 4.627848761671338, 0.0], [-74.10955572050129, 4.627706425062883, 0.0], [-74.10810284520346, 4.627534108839016, 0.0], [-74.10801802645804, 4.627532598685096, 0.0], [-74.10787357665836, 4.627530027613089, 0.0], [-74.10779838404488, 4.627529862633427, 0.0], [-74.10751171580428, 4.627522390772439, 0.0], [-74.10742389754475, 4.62751584095346, 0.0], [-74.10724073120208, 4.62750218002248, 0.0], [-74.10699010246837, 4.62745284048784, 0.0], [-74.1066782346535, 4.627395784198351, 0.0], [-74.1064157166315, 4.627316947253252, 0.0], [-74.10620560881259, 4.627234111035872, 0.0], [-74.10606062595586, 4.627151752320296, 0.0], [-74.10586895201655, 4.626955020996759, 0.0], [-74.10566020817711, 4.62671867608254, 0.0], [-74.10524644870901, 4.626253706917419, 0.0], [-74.10509177275544, 4.626084433307424, 0.0], [-74.10492916668383, 4.625931917743857, 0.0], [-74.10468548602157, 4.625711099083389, 0.0], [-74.10463943333943, 4.625669742217356, 0.0], [-74.10443161502245, 4.625483117682293, 0.0], [-74.10392933997171, 4.625040624098347, 0.0], [-74.10337550991562, 4.624526896794612, 0.0], [-74.10296556199225, 4.624142933331158, 0.0], [-74.10235646596203, 4.623616927563235, 0.0], [-74.10194312974618, 4.623237485163181, 0.0], [-74.10143787790989, 4.62278153734826, 0.0], [-74.10143549228864, 4.622779385170058, 0.0], [-74.10090713582191, 4.622307409749271, 0.0], [-74.10050801143137, 4.621948443226194, 0.0], [-74.10031161536804, 4.6217822409317, 0.0], [-74.09948207188948, 4.621024144798066, 0.0], [-74.09868610794165, 4.620325258204576, 0.0], [-74.09679779621423, 4.618667238868688, 0.0], [-74.09648487789173, 4.618379850185184, 0.0], [-74.09597018734338, 4.617891611126415, 0.0], [-74.09437656028072, 4.616512597966296, 0.0], [-74.09401684563178, 4.616197770687402, 0.0], [-74.09394954026446, 4.616136161567741, 0.0], [-74.09356785801047, 4.615786782664641, 0.0], [-74.09342837028883, 4.615633940128945, 0.0], [-74.09276183182283, 4.615043435396873, 0.0], [-74.09250024393232, 4.614808019064762, 0.0], [-74.09182089077976, 4.614171474339758, 0.0], [-74.09181853946147, 4.614169271486336, 0.0], [-74.09111681777495, 4.613592203941799, 0.0], [-74.09077942385424, 4.613283961557626, 0.0], [-74.09047649796362, 4.613017976820533, 0.0], [-74.09033876037317, 4.612897036807895, 0.0], [-74.0899916556913, 4.612592481996009, 0.0], [-74.08983926308855, 4.612440966491949, 0.0], [-74.08950474074906, 4.612139907283666, 0.0], [-74.08922639800312, 4.611860421131229, 0.0], [-74.0886985499505, 4.611402072504287, 0.0], [-74.088233370013, 4.610991814685238, 0.0], [-74.08786892554751, 4.61065422641228, 0.0], [-74.08747274318672, 4.610297701221973, 0.0], [-74.08716928263217, 4.610029032867364, 0.0], [-74.0867947813114, 4.609735205577463, 0.0], [-74.08667557782782, 4.609641679684331, 0.0], [-74.08615964646378, 4.609209610062329, 0.0], [-74.08590310077504, 4.608985319638093, 0.0], [-74.08548114878172, 4.608579935514568, 0.0], [-74.08522875265267, 4.608351344797486, 0.0], [-74.08483330390742, 4.608008965138547, 0.0], [-74.08460152353076, 4.607800296854252, 0.0], [-74.0843934642076, 4.607613779358282, 0.0], [-74.08418568076195, 4.607427198495913, 0.0], [-74.08389014883846, 4.607164950152057, 0.0], [-74.08347778993588, 4.606787052162723, 0.0], [-74.08337357001733, 4.606702124672801, 0.0], [-74.08312634554912, 4.606486453042332, 0.0], [-74.08254673332404, 4.605965718993946, 0.0], [-74.08225292324374, 4.605739286987679, 0.0], [-74.081916009131, 4.605439997508465, 0.0], [-74.08189427103363, 4.605421100257434, 0.0], [-74.08153795241007, 4.605111351455279, 0.0], [-74.08082085587338, 4.604458710330922, 0.0], [-74.07986392824019, 4.603655204010173, 0.0]], [[-74.15003222257226, 4.632435540300057, 0.0], [-74.15004930860417, 4.632359307062952, 0.0], [-74.14996075890454, 4.6322149575953, 0.0], [-74.14987220924101, 4.632070607211118, 0.0], [-74.14977430884792, 4.631895507628744, 0.0], [-74.1496764094047, 4.631720408031097, 0.0], [-74.14956250888575, 4.631539906799278, 0.0], [-74.1494475622334, 4.63140544314921, 0.0], [-74.14936259187539, 4.631317499544088, 0.0], [-74.14926104994605, 4.631224214044516, 0.0], [-74.14913086857898, 4.631104618735045, 0.0], [-74.14896300936326, 4.630950408428843, 0.0], [-74.1487933089478, 4.630831757528238, 0.0], [-74.14871216586033, 4.630793574899408, 0.0], [-74.14862500934838, 4.630760608019194, 0.0], [-74.14848550915377, 4.630747207503766, 0.0], [-74.1483745091511, 4.630746608225328, 0.0], [-74.14828601654416, 4.630763189464178, 0.0], [-74.14820630897829, 4.630786707677182, 0.0], [-74.14815780902327, 4.630806007777532, 0.0], [-74.14809530899355, 4.630840906804002, 0.0], [-74.14804735457903, 4.630890517491648, 0.0], [-74.14765940866631, 4.631180306822826, 0.0], [-74.14744630783264, 4.631312556079501, 0.0], [-74.14725007764775, 4.631348270367456, 0.0], [-74.14689480874911, 4.6313935198909, 0.0]], [[-74.15003222257226, 4.632435540300057, 0.0], [-74.14992310876795, 4.63247200872276, 0.0], [-74.1498259088614, 4.632388507495411, 0.0], [-74.14965560940814, 4.632250807595006, 0.0], [-74.1494386587522, 4.632126457295359, 0.0], [-74.14921230882891, 4.632043606646015, 0.0], [-74.14897135266993, 4.632006482907929, 0.0], [-74.14870070877387, 4.631968708261219, 0.0], [-74.1484368837694, 4.63193188325582, 0.0], [-74.14825981579216, 4.631896980176953, 0.0], [-74.14808670187394, 4.631856110928513, 0.0], [-74.1477933040462, 4.631777080887369, 0.0], [-74.14759460223539, 4.631717977753175, 0.0], [-74.1472675586307, 4.631620908040722, 0.0], [-74.14713498110068, 4.631556329889468, 0.0], [-74.14702240480713, 4.631510627210059, 0.0], [-74.14689480874911, 4.6313935198909, 0.0]], [[-74.17355029386648, 4.627220973089718, 0.0], [-74.17335944136582, 4.627298200734376, 0.0], [-74.17329708813513, 4.627320595347869, 0.0], [-74.17269624664749, 4.627536395733487, 0.0], [-74.17264680290819, 4.627554153969754, 0.0], [-74.1723500099114, 4.627675528577146, 0.0], [-74.17222654867324, 4.627726018221146, 0.0], [-74.17217258571043, 4.627747414160857, 0.0], [-74.17206237887505, 4.627791110641991, 0.0], [-74.17193358237456, 4.627842177897572, 0.0], [-74.17169707048485, 4.627947568664093, 0.0], [-74.17137350723132, 4.628091750393537, 0.0], [-74.17133389680174, 4.628109727886349, 0.0], [-74.17133387156875, 4.628109739645717, 0.0], [-74.17109040625421, 4.628220241385185, 0.0], [-74.17090330004973, 4.628314383887837, 0.0], [-74.17078067730726, 4.628376081180042, 0.0], [-74.17066265384388, 4.628447012650973, 0.0], [-74.17052501384303, 4.62852973344702, 0.0], [-74.17025048884074, 4.628701041114734, 0.0], [-74.17000493591395, 4.62885335439848, 0.0], [-74.16993005479885, 4.628899802267687, 0.0], [-74.1698465395256, 4.628950695031206, 0.0], [-74.16981862329811, 4.628967706920661, 0.0], [-74.16970291945698, 4.629038955344067, 0.0], [-74.1697028149221, 4.629039019563639, 0.0], [-74.16967460853645, 4.629056388687443, 0.0], [-74.1694696685969, 4.629187788869013, 0.0], [-74.16936997777606, 4.629251706635867, 0.0], [-74.16924338027441, 4.629341266851816, 0.0], [-74.16902519046295, 4.629495622704455, 0.0], [-74.16881005119104, 4.629656650994688, 0.0], [-74.16878988170441, 4.629671921049251, 0.0], [-74.16860260335606, 4.629813703791461, 0.0], [-74.1682732444491, 4.630063051507086, 0.0], [-74.16796872038535, 4.630288882049215, 0.0], [-74.16792499563489, 4.630321308028099, 0.0], [-74.16742286687858, 4.6307587863883, 0.0], [-74.16742281461256, 4.630758831610412, 0.0], [-74.16680573509488, 4.631296460108987, 0.0], [-74.16660744217003, 4.631469221738513, 0.0], [-74.16634738745985, 4.631679118393235, 0.0], [-74.16602507501565, 4.631939265264315, 0.0], [-74.16596267324306, 4.631989631338842, 0.0], [-74.16587729585702, 4.632066300303784, 0.0], [-74.16586626412845, 4.632076206580917, 0.0], [-74.165561518442, 4.632337750919636, 0.0], [-74.1655614968145, 4.632337769008518, 0.0], [-74.165327319449, 4.632538748295834, 0.0], [-74.16523607502614, 4.632616740917797, 0.0], [-74.16482013739402, 4.632972270020374, 0.0], [-74.16469238937086, 4.63310433572717, 0.0], [-74.16461426660447, 4.633180282913106, 0.0], [-74.16451274591216, 4.633278976346779, 0.0], [-74.16451111936775, 4.633280558183736, 0.0], [-74.16441145284249, 4.633367317206595, 0.0], [-74.1644112861309, 4.633367462820861, 0.0], [-74.16422514215851, 4.63352949990636, 0.0], [-74.16418264856915, 4.633565523753117, 0.0], [-74.16399720236755, 4.63372273620455, 0.0], [-74.16393614781776, 4.633774495478907, 0.0], [-74.16385683759692, 4.63383999705236, 0.0], [-74.16351156176299, 4.634125156985878, 0.0], [-74.16295260734287, 4.634595278371401, 0.0], [-74.16294362472343, 4.63460323647397, 0.0], [-74.16270349457575, 4.634815977976183, 0.0], [-74.16245788801545, 4.635033569866717, 0.0], [-74.16245577214201, 4.63503560391245, 0.0], [-74.16216978668375, 4.635310535568784, 0.0], [-74.16213652833406, 4.635342508691425, 0.0], [-74.16180247163898, 4.635658839806308, 0.0], [-74.16175189415485, 4.635706733531866, 0.0], [-74.16152102107132, 4.635929004953847, 0.0], [-74.16137110276357, 4.636073336947648, 0.0], [-74.1613352211258, 4.6361078821999, 0.0], [-74.16093646716877, 4.636486910915957, 0.0], [-74.16086624408757, 4.636548788423399, 0.0], [-74.16043627591286, 4.636927658672998, 0.0], [-74.16029927479454, 4.637049459871501, 0.0], [-74.16024102616791, 4.637101245632172, 0.0], [-74.16014923486541, 4.63718285400474, 0.0], [-74.1600594422966, 4.637262684260082, 0.0], [-74.15997193593056, 4.637340482254518, 0.0], [-74.15981053865374, 4.637483972446362, 0.0], [-74.15972851813619, 4.637554174478934, 0.0], [-74.15962297922478, 4.637644504638001, 0.0], [-74.15945627566815, 4.637807052778906, 0.0], [-74.15943039570253, 4.637832286912182, 0.0], [-74.15940257016416, 4.637859418510814, 0.0], [-74.15938462387128, 4.63787691716588, 0.0], [-74.15937414175806, 4.637887138883536, 0.0], [-74.15936133018566, 4.637899630687099, 0.0], [-74.15935611255844, 4.637904718031029, 0.0], [-74.15934057489561, 4.637918761944724, 0.0], [-74.15932563649825, 4.637932264107451, 0.0], [-74.15931252022996, 4.637944120216104, 0.0], [-74.15929949768092, 4.637955890404266, 0.0], [-74.15928457370048, 4.637969379904153, 0.0], [-74.15926828897958, 4.637984098517451, 0.0], [-74.15924742550362, 4.63800295668354, 0.0], [-74.15922232390733, 4.63802564508885, 0.0], [-74.15920223632115, 4.638043802324213, 0.0], [-74.15918304267706, 4.638061151003205, 0.0], [-74.15918189370711, 4.63806218385718, 0.0], [-74.15916716525663, 4.638075360441036, 0.0], [-74.15915001450452, 4.638090697699278, 0.0], [-74.15913340534486, 4.638105550184789, 0.0], [-74.15911987182147, 4.638117652310228, 0.0], [-74.15909448632608, 4.638140354308518, 0.0], [-74.15907949653716, 4.638153758806662, 0.0], [-74.15905719839151, 4.638173698686725, 0.0], [-74.1590292518131, 4.638198689785006, 0.0], [-74.1590107871728, 4.638215201889236, 0.0], [-74.15899209634209, 4.638231916584358, 0.0], [-74.15895645390489, 4.638263789456411, 0.0], [-74.15891736545177, 4.638298744609683, 0.0], [-74.15886724146195, 4.63834356885426, 0.0], [-74.15880817891701, 4.638396385504838, 0.0], [-74.15867938142775, 4.638511561384552, 0.0], [-74.15867627965358, 4.638514332544477, 0.0], [-74.15860000410932, 4.638582407756648, 0.0], [-74.15855257362159, 4.63862473939377, 0.0], [-74.15848984692134, 4.63868072332945, 0.0], [-74.15843791334764, 4.638727073321162, 0.0], [-74.15838978354401, 4.638770029001016, 0.0], [-74.15832132456782, 4.638831128351332, 0.0], [-74.15830094389598, 4.63884810185426, 0.0], [-74.15818489768749, 4.638944749603603, 0.0], [-74.15802097630372, 4.639081269265848, 0.0], [-74.15796807717444, 4.639125325101208, 0.0], [-74.15791496987012, 4.639169554583751, 0.0], [-74.15788231714735, 4.639196749070474, 0.0], [-74.1578218968972, 4.639247068996672, 0.0], [-74.15774581532973, 4.639310432645018, 0.0], [-74.15773413623383, 4.639319935548924, 0.0], [-74.15764821646808, 4.639389845694737, 0.0], [-74.15749435964011, 4.639515035812745, 0.0], [-74.15740543534136, 4.639587391521899, 0.0], [-74.15730796797361, 4.639666697801902, 0.0], [-74.15727715891951, 4.639691766021703, 0.0], [-74.15706851830781, 4.639861883795588, 0.0], [-74.15686464837103, 4.640028111538567, 0.0], [-74.15681345957523, 4.640071327897471, 0.0], [-74.15661782771471, 4.640236490272667, 0.0], [-74.15652445023565, 4.640293268741456, 0.0]], [[-74.15609547041345, 4.640352198014877, 0.0], [-74.1560727397639, 4.640284717375832, 0.0], [-74.15535790820734, 4.638765014483449, 0.0], [-74.15500220763658, 4.638028827403481, 0.0], [-74.15435319741368, 4.636773811054603, 0.0], [-74.15407673148668, 4.636328405427616, 0.0], [-74.1538747472365, 4.63601616656006, 0.0], [-74.1535271810662, 4.635646793668831, 0.0], [-74.15340316046583, 4.63552338595414, 0.0], [-74.15206783620962, 4.634194653572966, 0.0], [-74.15129612828085, 4.633426752465417, 0.0], [-74.15068461645761, 4.632931172141451, 0.0], [-74.15028481403453, 4.632676500170265, 0.0], [-74.15003222257226, 4.632435540300057, 0.0]], [[-74.15652445023565, 4.640293268741456, 0.0], [-74.156600373381, 4.640375507158346, 0.0], [-74.15659156316279, 4.640476203877405, 0.0], [-74.15658298693181, 4.640581986404737, 0.0], [-74.15656926879794, 4.64062861321852, 0.0], [-74.15655241715731, 4.6406683866237, 0.0], [-74.15653221294288, 4.64070073692981, 0.0], [-74.15649508276951, 4.640736756103568, 0.0], [-74.15642546472709, 4.640776151077826, 0.0], [-74.15638221315527, 4.640786890062807, 0.0], [-74.15633570758585, 4.640793251647875, 0.0], [-74.15631554133708, 4.640794239597, 0.0], [-74.15626995338202, 4.640785634758352, 0.0], [-74.15624296788434, 4.640774919896958, 0.0], [-74.15622020830196, 4.640763806667199, 0.0], [-74.15616538091074, 4.640732312978039, 0.0], [-74.15613719379243, 4.640694826173022, 0.0], [-74.15610601420956, 4.640630004241883, 0.0], [-74.15609789710985, 4.64059335168572, 0.0], [-74.15609802241447, 4.640487695803133, 0.0], [-74.15609809499895, 4.640426884619044, 0.0], [-74.15609547041345, 4.640352198014877, 0.0], [-74.1562358228424, 4.640263009348566, 0.0], [-74.15628418038821, 4.640296790753277, 0.0], [-74.15633303341852, 4.640312456073218, 0.0], [-74.15640024300801, 4.64031928062018, 0.0], [-74.15645873068966, 4.640313280319129, 0.0], [-74.15652445023565, 4.640293268741456, 0.0]]]}}, {"type": "Feature", "properties": {"objectid": 129, "id_trazado": "TZ015", "long_traz": 1.9319687, "ori_traz": "Carrera 3", "fin_traz": "Avenida Caracas", "nom_traz": "Eje Ambiental", "le_troncal": "J", "nom_tronc": "Eje Ambiental", "fase_tronc": "FASE I", "eta_oper": 1, "esta_oper": 1, "tipo_tra": 1, "Shape__Length": 1934.2702627418425, "globalid": "{6C1B642D-F281-4915-A52A-2CBC873FAFDD}"}, "geometry": {"type": "MultiLineString", "coordinates": [[[-74.06897572599168, 4.601051687884284, 0.0], [-74.0685825493583, 4.601207721026438, 0.0], [-74.06861437441184, 4.601202454717359, 0.0], [-74.06870162500351, 4.601203933446418, 0.0], [-74.06878229884876, 4.601261927001784, 0.0], [-74.06886240856048, 4.601319514505428, 0.0]], [[-74.06897572599168, 4.601051687884284, 0.0], [-74.06886240856048, 4.601319514505428, 0.0]], [[-74.06858293417078, 4.601207725552813, 0.0], [-74.06850202488214, 4.601241536722947, 0.0], [-74.06817667863388, 4.601541421961419, 0.0], [-74.06775701267713, 4.60201994787973, 0.0], [-74.06754717560887, 4.602441052763115, 0.0], [-74.06750902369446, 4.602536759077499, 0.0], [-74.06780084093666, 4.602741741481299, 0.0], [-74.06789053044251, 4.60280474242829, 0.0], [-74.06805697584244, 4.60310544343302, 0.0], [-74.06813328219958, 4.602988991796246, 0.0], [-74.06840143842119, 4.602579756576608, 0.0], [-74.06869722984645, 4.602010499239534, 0.0], [-74.0688437189312, 4.601363688967361, 0.0], [-74.06886240856048, 4.601319514505428, 0.0]], [[-74.07986392824019, 4.603655204010173, 0.0], [-74.07985369054413, 4.603647474898093, 0.0], [-74.07954532511404, 4.603414675455767, 0.0], [-74.07909278337084, 4.60305325063616, 0.0], [-74.07900472761374, 4.602982924369698, 0.0], [-74.0788529008847, 4.602859593835268, 0.0], [-74.07835586656618, 4.602469935129939, 0.0], [-74.07821167863003, 4.602332678058175, 0.0], [-74.07814547812256, 4.602299608371262, 0.0], [-74.07807001596808, 4.602261912230417, 0.0], [-74.07790322964073, 4.602198401675968, 0.0], [-74.07768407993608, 4.602155492206415, 0.0], [-74.07754577614202, 4.60214148173667, 0.0], [-74.07704029222624, 4.602126063985556, 0.0], [-74.07666680814731, 4.602166320855523, 0.0], [-74.07666540317398, 4.602166442935844, 0.0], [-74.07619000666934, 4.60220769688261, 0.0], [-74.07591127665708, 4.602241712874814, 0.0], [-74.07551201626983, 4.602287066681394, 0.0], [-74.07520457034829, 4.602306860216357, 0.0], [-74.07500262551666, 4.602291552261593, 0.0], [-74.07489201206377, 4.602279707197972, 0.0], [-74.07476878549814, 4.602241149625799, 0.0], [-74.07460524021742, 4.602170674211793, 0.0], [-74.07425502699728, 4.601970382276472, 0.0], [-74.07373753920098, 4.601626087718303, 0.0], [-74.07318015642791, 4.60132031076362, 0.0], [-74.07290843384371, 4.601152978963138, 0.0], [-74.07264323424515, 4.600989664052494, 0.0], [-74.07234911400313, 4.600876363564285, 0.0], [-74.07205648954938, 4.600802039676062, 0.0], [-74.07119386808927, 4.600620482157629, 0.0], [-74.07100108267447, 4.60060917562917, 0.0], [-74.07080230456666, 4.600664495012726, 0.0], [-74.07064094038763, 4.600745693371642, 0.0], [-74.07054343206002, 4.60077836608659, 0.0], [-74.07043857995116, 4.600800391357041, 0.0], [-74.07032774676297, 4.600803402507806, 0.0], [-74.07014332519566, 4.600806959087635, 0.0], [-74.06967343045272, 4.600820114509618, 0.0], [-74.0694260363815, 4.600846416343276, 0.0], [-74.0692462492623, 4.600885341252233, 0.0], [-74.0691308437711, 4.600930960586558, 0.0], [-74.06906078482415, 4.600978648600992, 0.0], [-74.06897572599168, 4.601051687884284, 0.0]]]}}, {"type": "Feature", "properties": {"objectid": 130, "id_trazado": "TZ018", "long_traz": 6.4881783, "ori_traz": "Portal 20 De Julio", "fin_traz": "San Diego", "nom_traz": "Carrera 10", "le_troncal": "L", "nom_tronc": "Carrera 10", "fase_tronc": "FASE III", "eta_oper": 1, "esta_oper": 1, "tipo_tra": 1, "Shape__Length": 6481.001538668632, "globalid": "{FEE4E75E-9F33-496D-881E-45DBA0EE46BF}"}, "geometry": {"type": "MultiLineString", "coordinates": [[[-74.08139230245519, 4.594657306509409, 0.0], [-74.08144896970413, 4.594545931230632, 0.0], [-74.0818354237853, 4.594020771957304, 0.0], [-74.08205047141382, 4.593728539735648, 0.0], [-74.0823801408846, 4.593242962218194, 0.0], [-74.08269399346909, 4.592804481187144, 0.0], [-74.08288614817009, 4.592485451414983, 0.0], [-74.08292299463864, 4.59242427538404, 0.0], [-74.0832295022246, 4.591920222553796, 0.0], [-74.08338106667063, 4.591679426742437, 0.0], [-74.08359957757143, 4.591332269757445, 0.0], [-74.08405281714914, 4.590610073702808, 0.0], [-74.08432732198928, 4.590195556533074, 0.0], [-74.08436847497842, 4.590133413673907, 0.0], [-74.08468227241544, 4.589664150784968, 0.0], [-74.08491567944186, 4.589304464900001, 0.0], [-74.08558562877242, 4.588263091573771, 0.0], [-74.08619067271167, 4.587348688223362, 0.0], [-74.08665725428568, 4.586673891570712, 0.0], [-74.08694281950308, 4.586226955457671, 0.0], [-74.08701653918725, 4.586115815512399, 0.0], [-74.08728704035367, 4.585708005393844, 0.0], [-74.08765066069087, 4.585208663067097, 0.0], [-74.08797068911572, 4.584802371219032, 0.0], [-74.08918914942095, 4.583108419626518, 0.0], [-74.08984381043523, 4.582194024917307, 0.0], [-74.09010246770903, 4.581873933020187, 0.0], [-74.09035159822346, 4.581542540921835, 0.0], [-74.09038010894005, 4.581504616297075, 0.0], [-74.09050317309077, 4.581333390823832, 0.0], [-74.09073444128789, 4.581015213616869, 0.0], [-74.0910104814777, 4.580651207693196, 0.0], [-74.09136400408794, 4.580180739182164, 0.0], [-74.09162353069742, 4.579824899268322, 0.0], [-74.09237156468745, 4.578802385359104, 0.0], [-74.09278078477888, 4.57818844864939, 0.0], [-74.09310841950011, 4.577745985429324, 0.0], [-74.09340519764557, 4.577339741325569, 0.0], [-74.0937094048318, 4.576939314363686, 0.0], [-74.0938168571248, 4.57679787487285, 0.0], [-74.0940435761442, 4.576485739278962, 0.0], [-74.09437636024492, 4.576036744405075, 0.0], [-74.09465677523407, 4.575662961324155, 0.0], [-74.09496694499992, 4.57530193543415, 0.0], [-74.0953032045911, 4.574958721890233, 0.0], [-74.09563954443088, 4.574594187228151, 0.0], [-74.09589357955986, 4.574338157455668, 0.0], [-74.09629198953097, 4.573912030026738, 0.0], [-74.09688632993868, 4.573266014614412, 0.0], [-74.0972050821202, 4.572940418439388, 0.0], [-74.0974455737635, 4.572697165501628, 0.0], [-74.09791391593791, 4.572210693200835, 0.0], [-74.0981466333153, 4.571955344172732, 0.0], [-74.09826265907094, 4.571831443784554, 0.0], [-74.0985676821681, 4.571491718426842, 0.0], [-74.09863412542575, 4.571416733654898, 0.0], [-74.09870492744973, 4.571336830196238, 0.0], [-74.099018827409, 4.570994703433311, 0.0], [-74.09906628799355, 4.570933226894813, 0.0], [-74.09929821742001, 4.570664075000892, 0.0], [-74.09952501593185, 4.570410415857252, 0.0], [-74.0997275912192, 4.570161697647467, 0.0], [-74.09996283110446, 4.56989535784193, 0.0], [-74.10025683504381, 4.569528623924446, 0.0], [-74.10060852313198, 4.569114566296353, 0.0], [-74.1007204143123, 4.568988309905656, 0.0], [-74.10075726619385, 4.568927669180659, 0.0], [-74.10077523403922, 4.568887920477673, 0.0], [-74.10078533552316, 4.568843945276444, 0.0], [-74.10077844106563, 4.568797824695157, 0.0], [-74.10076151779782, 4.568729751366297, 0.0], [-74.10071400956882, 4.568645728776437, 0.0], [-74.10053855409575, 4.568456612997704, 0.0], [-74.10029079611547, 4.568184695261862, 0.0], [-74.10018075594083, 4.568051970194357, 0.0], [-74.10007815068234, 4.567871753131937, 0.0], [-74.10000389743902, 4.567711539446305, 0.0], [-74.09988423062151, 4.5674723282989, 0.0], [-74.09977658632769, 4.567265551708559, 0.0], [-74.09968586654894, 4.567140754062075, 0.0], [-74.09956535805243, 4.566983542262772, 0.0], [-74.09890376538998, 4.566228228602657, 0.0], [-74.09812612470309, 4.565332479828145, 0.0]], [[-74.08108763531536, 4.595154222584874, 0.0], [-74.0810156808494, 4.595044726230774, 0.0], [-74.08099662455082, 4.594925139307791, 0.0], [-74.08101878870829, 4.594788070037938, 0.0], [-74.08111581781202, 4.594695547665977, 0.0], [-74.0812349956946, 4.594642942365867, 0.0], [-74.08139230245519, 4.594657306509409, 0.0]], [[-74.08108763531536, 4.595154222584874, 0.0], [-74.08117774048954, 4.595216942437669, 0.0], [-74.08126831136782, 4.595236085329074, 0.0], [-74.0813827185694, 4.595212178345705, 0.0], [-74.08144945889546, 4.595173917477684, 0.0], [-74.0814839707452, 4.595132800969179, 0.0], [-74.08152573804458, 4.595083040107412, 0.0], [-74.08156388315875, 4.59498259171713, 0.0], [-74.08156865806362, 4.594891708414954, 0.0], [-74.08153393005827, 4.594792520142675, 0.0], [-74.08148763455829, 4.594729066694499, 0.0], [-74.08143159188887, 4.594686880887735, 0.0], [-74.08139230245519, 4.594657306509409, 0.0]], [[-74.07074403348172, 4.612154640713079, 0.0], [-74.07076897222456, 4.612117927742196, 0.0], [-74.07089053233722, 4.611938973925423, 0.0], [-74.07104004570382, 4.611718868776345, 0.0], [-74.07122878869517, 4.611407220562763, 0.0], [-74.07140081586182, 4.61109153169198, 0.0], [-74.07150007434937, 4.610899086160519, 0.0], [-74.07151828544661, 4.610863778403952, 0.0], [-74.07174956426377, 4.610446310664776, 0.0], [-74.07196155851443, 4.610051291306285, 0.0], [-74.07205156632429, 4.609904765618278, 0.0], [-74.07226535505305, 4.609565185855795, 0.0], [-74.07253605473497, 4.609136482071981, 0.0], [-74.07279714318486, 4.608769517225793, 0.0], [-74.07296961746736, 4.608510444142537, 0.0], [-74.07316274878896, 4.608161109162421, 0.0], [-74.0733579754419, 4.607775570957179, 0.0], [-74.07356729949956, 4.607386996096299, 0.0], [-74.07380593538689, 4.606944414971959, 0.0], [-74.07403612375715, 4.60654485992895, 0.0], [-74.07432331711807, 4.606071350517969, 0.0], [-74.07432674893896, 4.606065335057134, 0.0], [-74.07443645452557, 4.605873027493179, 0.0], [-74.07470669375084, 4.60543053570952, 0.0], [-74.07553449181664, 4.604076516420537, 0.0], [-74.07592830591983, 4.603396896056997, 0.0], [-74.07611843154353, 4.603081933076229, 0.0], [-74.07666540317398, 4.602166442935844, 0.0], [-74.07671531270883, 4.602082906358952, 0.0], [-74.07697352253159, 4.60169209954923, 0.0], [-74.07735414937635, 4.601130216020775, 0.0], [-74.07742242431827, 4.601029434184011, 0.0], [-74.07746685528981, 4.600963848125257, 0.0], [-74.07767328319329, 4.600645096549162, 0.0], [-74.07801652901468, 4.600097309058635, 0.0], [-74.07863154893963, 4.599148157011419, 0.0], [-74.07953411685224, 4.597676465553911, 0.0], [-74.08044491973895, 4.596195283922812, 0.0], [-74.08108763531536, 4.595154222584874, 0.0]]]}}, {"type": "Feature", "properties": {"objectid": 131, "id_trazado": "TZ004", "long_traz": 1.41360378, "ori_traz": "Portal Suba", "fin_traz": "Avenida ALO", "nom_traz": "Suba Extension", "le_troncal": "C", "nom_tronc": "Suba", "fase_tronc": "FASE II", "eta_oper": 1, "esta_oper": 1, "tipo_tra": 2, "Shape__Length": 1414.0866495163657, "globalid": "{26804E1E-AA03-408A-B150-19B1E1BF160B}"}, "geometry": {"type": "LineString", "coordinates": [[-74.09357921524534, 4.744560755506001, 0.0], [-74.09429876585249, 4.745069802805428, 0.0], [-74.09628362345185, 4.74657121824883, 0.0], [-74.09688109361895, 4.747023162737934, 0.0], [-74.09731843750315, 4.747343863783763, 0.0], [-74.09781661144896, 4.747679300254659, 0.0], [-74.09836579192452, 4.747958588195171, 0.0], [-74.10063798702274, 4.74904810643314, 0.0], [-74.10453541919314, 4.750999976735065, 0.0]]}}, {"type": "Feature", "properties": {"objectid": 132, "id_trazado": "TZ007", "long_traz": 2.20554405, "ori_traz": "Carrera 10", "fin_traz": "Avenida NQS", "nom_traz": "Calle 6", "le_troncal": "E", "nom_tronc": "NQS Central", "fase_tronc": "FASE III", "eta_oper": 1, "esta_oper": 1, "tipo_tra": 1, "Shape__Length": 2204.1870559225404, "globalid": "{C8B81C58-08B4-4D0B-814F-7C2F1CC57A42}"}, "geometry": {"type": "LineString", "coordinates": [[-74.09777059369404, 4.60642974845782, 0.0], [-74.09768391533865, 4.606355833458252, 0.0], [-74.09762346823426, 4.606307258304976, 0.0], [-74.0975506871565, 4.606256268984276, 0.0], [-74.09723551390256, 4.606006748590637, 0.0], [-74.09655492360626, 4.605457777198538, 0.0], [-74.09609057438149, 4.60506347738211, 0.0], [-74.09555522684171, 4.60462858183167, 0.0], [-74.09534642572405, 4.604478864863481, 0.0], [-74.09493313130062, 4.604171008787222, 0.0], [-74.0947495897, 4.604034291395541, 0.0], [-74.09427144375408, 4.603665170336292, 0.0], [-74.09364903761258, 4.603228100504188, 0.0], [-74.09304545556289, 4.602828944754559, 0.0], [-74.09259569873838, 4.602525543634611, 0.0], [-74.09136041643416, 4.601625934861818, 0.0], [-74.09043291394624, 4.600970410022729, 0.0], [-74.08950298896185, 4.600316945828286, 0.0], [-74.08938682299863, 4.600233241128827, 0.0], [-74.08914328896954, 4.600048463657425, 0.0], [-74.08876139103779, 4.599787201672794, 0.0], [-74.088697392642, 4.599743419557332, 0.0], [-74.08803074746636, 4.599264183742616, 0.0], [-74.08775342447518, 4.599069902882571, 0.0], [-74.08745378146156, 4.598859985782268, 0.0], [-74.08683902953915, 4.598433936975553, 0.0], [-74.08619413279374, 4.597963581277138, 0.0], [-74.08599581571288, 4.59782522316364, 0.0], [-74.08565221144785, 4.597601985315682, 0.0], [-74.08559410462112, 4.59756423370133, 0.0], [-74.08526533275233, 4.597366092842874, 0.0], [-74.08501554249598, 4.597232866073538, 0.0], [-74.08473228899855, 4.597084249989225, 0.0], [-74.08471170741292, 4.597075196234545, 0.0], [-74.08457563537007, 4.597015336721839, 0.0], [-74.08440881693069, 4.596919097948694, 0.0], [-74.08416679047117, 4.596752417622223, 0.0], [-74.08381097021844, 4.596474775632951, 0.0], [-74.08360602266438, 4.59629442973866, 0.0], [-74.08335515446518, 4.596063579288549, 0.0], [-74.083235768104, 4.595975391833482, 0.0], [-74.08294556366961, 4.595827527475116, 0.0], [-74.08266046406196, 4.595728115049281, 0.0], [-74.08236593181559, 4.595639468397933, 0.0], [-74.08205101443211, 4.595516217383243, 0.0], [-74.08177046928459, 4.595346625501849, 0.0], [-74.08149943348535, 4.595146436086851, 0.0], [-74.0814839707452, 4.595132800969179, 0.0]]}}, {"type": "Feature", "properties": {"objectid": 133, "id_trazado": "TZ001", "long_traz": 8.31087152, "ori_traz": "Avenida Calle 80", "fin_traz": "Avenida Calle 6", "nom_traz": "Caracas Centro", "le_troncal": "A", "nom_tronc": "Caracas", "fase_tronc": "FASE I", "eta_oper": 1, "esta_oper": 1, "tipo_tra": 1, "Shape__Length": 8282.630596818371, "globalid": "{7906C3B6-18D2-4559-985D-566D81559B13}"}, "geometry": {"type": "MultiLineString", "coordinates": [[[-74.06076660908644, 4.665510601933623, 0.0], [-74.06083461208239, 4.665188474992433, 0.0], [-74.06098064111208, 4.664502040709857, 0.0], [-74.06103707086622, 4.66424478862248, 0.0], [-74.06111786673667, 4.663829486422148, 0.0], [-74.06122151264877, 4.663257245455614, 0.0], [-74.06126126157599, 4.663029449928692, 0.0], [-74.06130237879736, 4.662793816779725, 0.0], [-74.06134651846428, 4.662536820290063, 0.0], [-74.06144947861004, 4.661943277338353, 0.0], [-74.06167954362587, 4.660712665678003, 0.0], [-74.06174204316338, 4.660363051990974, 0.0], [-74.06177653051039, 4.660117449538651, 0.0], [-74.06186048470046, 4.659486274121683, 0.0], [-74.06187672148756, 4.659389493469612, 0.0], [-74.06193696422811, 4.659030413389058, 0.0], [-74.0620311411745, 4.658445231341135, 0.0], [-74.06206786085158, 4.658237545704798, 0.0], [-74.0621079003008, 4.658011087575885, 0.0], [-74.06223507691521, 4.657305463021184, 0.0], [-74.06238920215448, 4.656515645072091, 0.0], [-74.06249720077906, 4.655905756571691, 0.0], [-74.06252596611455, 4.65580077136031, 0.0], [-74.0625621728707, 4.655712409324937, 0.0], [-74.06278975464862, 4.655299093983687, 0.0], [-74.06300913246494, 4.654902992832462, 0.0], [-74.06306225246591, 4.654807081940164, 0.0], [-74.06333164102318, 4.654335523396248, 0.0], [-74.06352603017694, 4.653961341129406, 0.0], [-74.06361029015746, 4.653796659868954, 0.0], [-74.06371551124917, 4.653565486926753, 0.0], [-74.06382052472678, 4.653347466243074, 0.0], [-74.0639228901996, 4.65308350475026, 0.0], [-74.0641971510868, 4.651869752736313, 0.0], [-74.06429851612502, 4.651346581624804, 0.0], [-74.06448633583356, 4.650416499833852, 0.0], [-74.06464146005354, 4.64963186746033, 0.0], [-74.06464494465024, 4.649614243430631, 0.0], [-74.06464737921529, 4.649600031342562, 0.0], [-74.06483219933276, 4.648629127907094, 0.0], [-74.06487053484368, 4.648403969921902, 0.0], [-74.06545611481604, 4.644964597694434, 0.0], [-74.06567757358903, 4.643856140849695, 0.0], [-74.06578050674636, 4.643254941042829, 0.0], [-74.0658282578455, 4.642981623195312, 0.0], [-74.06598045307305, 4.642110480395728, 0.0], [-74.06628724700998, 4.640363450658725, 0.0], [-74.06659354393992, 4.638603545124041, 0.0], [-74.0667253006062, 4.637911276079717, 0.0], [-74.06678795247298, 4.637559045539702, 0.0], [-74.06684197322012, 4.637255334714593, 0.0], [-74.06698109745447, 4.636537037852292, 0.0], [-74.06730120812165, 4.634513817695213, 0.0], [-74.06762129866313, 4.632834334632572, 0.0], [-74.06769391516119, 4.632444449525403, 0.0], [-74.06779162471523, 4.631927494693667, 0.0], [-74.06787872328032, 4.631452412878287, 0.0], [-74.06791685567963, 4.631244416611193, 0.0], [-74.06804440902724, 4.63055109449713, 0.0], [-74.06812803618472, 4.63010684866207, 0.0], [-74.06826989272398, 4.629198244752411, 0.0], [-74.06849749798904, 4.6279860468194, 0.0], [-74.06856000362869, 4.627655246364887, 0.0], [-74.06865744732751, 4.627106109644734, 0.0], [-74.06869679053271, 4.626897175554474, 0.0], [-74.06875782238649, 4.626573062428922, 0.0], [-74.06886562859049, 4.625912802320463, 0.0], [-74.06896664602709, 4.625369287671321, 0.0], [-74.06906370760953, 4.624766604824999, 0.0], [-74.06918205349194, 4.624075296164441, 0.0], [-74.06930855373989, 4.62351619051988, 0.0], [-74.06944125075196, 4.622786968739955, 0.0], [-74.06958292342306, 4.62208344119437, 0.0], [-74.06969229012714, 4.621658551214411, 0.0], [-74.06971917911426, 4.621575510484896, 0.0], [-74.06982897191621, 4.621236441359306, 0.0], [-74.06992296585354, 4.621008824699761, 0.0], [-74.07013674873431, 4.620521367405553, 0.0], [-74.07028591624237, 4.620213991074348, 0.0], [-74.07053570960146, 4.619739849987088, 0.0], [-74.07105671102585, 4.618796778360782, 0.0], [-74.0713886357379, 4.618170094061552, 0.0], [-74.07161097627606, 4.61771743513171, 0.0], [-74.0719473819724, 4.617064474033903, 0.0], [-74.07215845806978, 4.616651548430109, 0.0], [-74.07258247958593, 4.615822040903872, 0.0], [-74.0726814194435, 4.615620576540731, 0.0], [-74.07277809280285, 4.615400765492542, 0.0], [-74.07278248719881, 4.615392297556659, 0.0], [-74.07320191991857, 4.614584047230306, 0.0], [-74.07330882983342, 4.614375580742889, 0.0], [-74.07336989427725, 4.614256510511354, 0.0], [-74.07367308479279, 4.613665311851931, 0.0], [-74.07397746973155, 4.613091601523999, 0.0], [-74.07421841727754, 4.612607054900335, 0.0], [-74.07444723568254, 4.612186794683368, 0.0], [-74.07466877748809, 4.611749289152128, 0.0], [-74.07480597476818, 4.611477440304535, 0.0], [-74.07510364743798, 4.610903446382522, 0.0], [-74.07519286906327, 4.610692489057053, 0.0], [-74.07554139132719, 4.610019876391176, 0.0], [-74.07602769326232, 4.609081362092746, 0.0], [-74.0761414326721, 4.608888311851103, 0.0], [-74.07633203726758, 4.608594397602407, 0.0], [-74.07663588598413, 4.608198258340037, 0.0], [-74.07686967795432, 4.607864622138164, 0.0], [-74.07706136972375, 4.607591065532739, 0.0], [-74.07727255177552, 4.607308344593716, 0.0], [-74.07741761204544, 4.607100679579554, 0.0], [-74.07755572752531, 4.606878654982409, 0.0], [-74.07771855221262, 4.606637600031583, 0.0], [-74.07826815255453, 4.605839092218682, 0.0], [-74.07874238681815, 4.605174620161081, 0.0], [-74.07985072649986, 4.603651671815095, 0.0], [-74.07985369054413, 4.603647474898093, 0.0], [-74.0801378664367, 4.60324510525543, 0.0], [-74.08040995428028, 4.602866880647855, 0.0], [-74.08061801723208, 4.602577656695356, 0.0], [-74.08094609861045, 4.602133553476229, 0.0], [-74.08104486596989, 4.601987738267038, 0.0], [-74.08170295021797, 4.601066332186738, 0.0], [-74.0821171847514, 4.600456836640373, 0.0], [-74.08296702302306, 4.599278727631722, 0.0], [-74.08334683319175, 4.598763682377141, 0.0], [-74.08370445221861, 4.598302898486005, 0.0], [-74.08383625075113, 4.598135008352739, 0.0], [-74.0840645581062, 4.597844180737977, 0.0], [-74.08440142551567, 4.597407324749422, 0.0], [-74.08469895996723, 4.597071151379627, 0.0]], [[-74.06098064111208, 4.664502040709857, 0.0], [-74.06098094463579, 4.664510929173935, 0.0], [-74.06101715496378, 4.66557184859754, 0.0]]]}}, {"type": "Feature", "properties": {"objectid": 134, "id_trazado": "TZ010", "long_traz": 10.16601251, "ori_traz": "Avenida Calle 6", "fin_traz": "Limite del Distrito", "nom_traz": "NQS Sur", "le_troncal": "G", "nom_tronc": "NQS Sur", "fase_tronc": "FASE II", "eta_oper": 1, "esta_oper": 1, "tipo_tra": 1, "Shape__Length": 10163.746604571443, "globalid": "{056691A8-F808-4F78-ABE4-F41034972131}"}, "geometry": {"type": "MultiLineString", "coordinates": [[[-74.18391464984403, 4.596389032223867, 0.0], [-74.18375251847013, 4.596452648374381, 0.0], [-74.18357449192955, 4.596523058220186, 0.0], [-74.18324131329625, 4.596636507263975, 0.0], [-74.1830550847666, 4.596687644647941, 0.0], [-74.18274724425171, 4.596766494440263, 0.0], [-74.18214559519694, 4.596848017950281, 0.0], [-74.1816895085768, 4.596879964418787, 0.0], [-74.18144246716345, 4.596880203066688, 0.0], [-74.18122499859422, 4.596887946711874, 0.0], [-74.18090138259126, 4.596899469440356, 0.0], [-74.17964306275036, 4.596940197479388, 0.0], [-74.17849729500087, 4.596919809473604, 0.0], [-74.17743020185883, 4.596941004130508, 0.0], [-74.17699676090265, 4.59692677127054, 0.0], [-74.17666202862168, 4.596886660250795, 0.0], [-74.17618670421184, 4.596835880522108, 0.0], [-74.17580289203183, 4.596795177239782, 0.0], [-74.17535930695612, 4.596712049030966, 0.0], [-74.17481935437814, 4.596633369351986, 0.0], [-74.17418760639073, 4.596554844603946, 0.0], [-74.17372002313343, 4.596500653826334, 0.0], [-74.17331110105408, 4.596451348980364, 0.0], [-74.17252054002532, 4.596395523271425, 0.0], [-74.17130965491477, 4.596135533631774, 0.0], [-74.17020191366382, 4.595943307443666, 0.0], [-74.16945985512572, 4.595877155642289, 0.0], [-74.16860325957876, 4.595760682915222, 0.0], [-74.16806874546941, 4.59574801745341, 0.0], [-74.167439990692, 4.595761790142816, 0.0], [-74.16711364959252, 4.595794591693648, 0.0], [-74.16675309426977, 4.59580229644632, 0.0], [-74.16648155218613, 4.595800849141984, 0.0], [-74.16616024822692, 4.595778901790727, 0.0], [-74.16577901523262, 4.595766263453909, 0.0], [-74.16558770228785, 4.595783358692455, 0.0], [-74.16505893634424, 4.595788477137685, 0.0], [-74.1649697299199, 4.595787784538717, 0.0], [-74.16448632350793, 4.595784032942605, 0.0], [-74.16365060848484, 4.595787620572513, 0.0], [-74.16255143986689, 4.595800135315642, 0.0], [-74.16211324694869, 4.59581751586746, 0.0], [-74.16195472317115, 4.595829457096521, 0.0], [-74.16052949676337, 4.595936816076216, 0.0], [-74.1596049278359, 4.596022511639002, 0.0], [-74.15930069261992, 4.5960567476394, 0.0], [-74.15870274170477, 4.596101189625343, 0.0], [-74.15833621838063, 4.596133083816402, 0.0], [-74.1579585183478, 4.596164301753062, 0.0], [-74.15749576214093, 4.596206071492582, 0.0], [-74.15736685591936, 4.596234408045497, 0.0], [-74.15703489483458, 4.596264630146623, 0.0], [-74.15688105483866, 4.596280940258974, 0.0], [-74.1566277314666, 4.596307796606907, 0.0], [-74.15648377375653, 4.596314281109199, 0.0], [-74.15588416881077, 4.596359537511831, 0.0], [-74.15551444917436, 4.596387768150366, 0.0], [-74.15488311636032, 4.596438477463899, 0.0], [-74.15449015874515, 4.596444189150534, 0.0], [-74.15426712434648, 4.596420680344885, 0.0], [-74.15407213364756, 4.596391981332032, 0.0], [-74.1539381717293, 4.596362771116572, 0.0], [-74.1536871473205, 4.596297915538926, 0.0], [-74.15304625718284, 4.596039616868061, 0.0], [-74.15285257103695, 4.595945874855354, 0.0], [-74.15240616355592, 4.595749695601304, 0.0], [-74.1520968409317, 4.595637556476781, 0.0], [-74.1517990685014, 4.595581671355052, 0.0], [-74.15146758574394, 4.595539713275087, 0.0], [-74.15113691437529, 4.595509260498151, 0.0], [-74.1499538038523, 4.595376869521826, 0.0], [-74.14969818249118, 4.595350296976994, 0.0], [-74.148561403842, 4.595219876712776, 0.0], [-74.14841180058764, 4.595202090259807, 0.0], [-74.1477824667687, 4.595148621931287, 0.0], [-74.14741028754624, 4.595107262813356, 0.0], [-74.1470858296955, 4.59507120624177, 0.0], [-74.14660928410417, 4.595007920120016, 0.0], [-74.14638285702561, 4.595018231282286, 0.0], [-74.14620925067675, 4.595038751470789, 0.0], [-74.14596939331153, 4.59507944139642, 0.0], [-74.14544450464291, 4.595182010597556, 0.0], [-74.14457056875243, 4.595323384660068, 0.0], [-74.14426537407908, 4.595376305534596, 0.0], [-74.1440048070932, 4.595417148665731, 0.0], [-74.14380456730326, 4.595443886081899, 0.0], [-74.14359705767393, 4.595471670403551, 0.0], [-74.14329589783796, 4.595498796839488, 0.0], [-74.14273872064989, 4.595553219731789, 0.0], [-74.1426492141672, 4.595562828984624, 0.0], [-74.14233045910477, 4.595597048225454, 0.0], [-74.14211462668898, 4.595613000873794, 0.0], [-74.14190496729292, 4.595617349689641, 0.0], [-74.1418012335478, 4.595615653526144, 0.0], [-74.14156292071135, 4.595609762603857, 0.0], [-74.14135601623069, 4.59559356055173, 0.0], [-74.14121894605911, 4.59557709537532, 0.0], [-74.14108447756165, 4.595559782601304, 0.0], [-74.14033255187158, 4.595454016906931, 0.0], [-74.1394596734958, 4.595334871716684, 0.0], [-74.13878449683274, 4.595243570294264, 0.0], [-74.13846858135732, 4.595182262514445, 0.0], [-74.13812935551238, 4.595118768145005, 0.0], [-74.13787733374056, 4.595078613725607, 0.0], [-74.13773970904681, 4.595056686792061, 0.0], [-74.13715282170519, 4.594900109533383, 0.0], [-74.13671699327138, 4.594798125153706, 0.0], [-74.13605317292736, 4.594635404960603, 0.0], [-74.13541095583668, 4.594501227863266, 0.0], [-74.13512558563353, 4.594447348640696, 0.0], [-74.13465556302266, 4.594346320707346, 0.0], [-74.13426992732451, 4.594269934546364, 0.0], [-74.13385652647798, 4.594188047639794, 0.0], [-74.13355269161141, 4.594129115954705, 0.0], [-74.13324715604514, 4.594055992923123, 0.0], [-74.13279094616429, 4.593985815044377, 0.0], [-74.13184980161012, 4.593803165076178, 0.0], [-74.13159555454307, 4.59374917625544, 0.0], [-74.13137028499189, 4.593703174740977, 0.0], [-74.13120902994858, 4.59367213829755, 0.0], [-74.13082310597042, 4.593611852442375, 0.0], [-74.13050344030532, 4.593576439951076, 0.0], [-74.13040377281612, 4.593571812759595, 0.0], [-74.13018055982032, 4.593561450509848, 0.0], [-74.12967569248816, 4.593552222061491, 0.0], [-74.12955274752163, 4.593551205558441, 0.0], [-74.12954495582522, 4.593551141016794, 0.0], [-74.1292399189325, 4.593548619389137, 0.0], [-74.1290335136964, 4.593545781235266, 0.0], [-74.12870909141928, 4.593532299629081, 0.0], [-74.12841316824995, 4.593554894227622, 0.0], [-74.12740844798549, 4.593564392698378, 0.0], [-74.12662537664959, 4.593591251756127, 0.0], [-74.1259266166593, 4.593626088394455, 0.0], [-74.12564073976213, 4.593634329747, 0.0], [-74.12511857018097, 4.593661871234306, 0.0], [-74.12452984278879, 4.593725552997092, 0.0], [-74.12426149493551, 4.59376217534351, 0.0], [-74.123755076579, 4.593809438726154, 0.0], [-74.12334833016321, 4.593847399935512, 0.0], [-74.12315985770009, 4.593845471378241, 0.0], [-74.12246884100081, 4.593920407613114, 0.0], [-74.12179359218179, 4.594008199693182, 0.0], [-74.12086824836894, 4.594172867396609, 0.0], [-74.12046821821512, 4.594241905012034, 0.0], [-74.11991468875588, 4.594353440602498, 0.0], [-74.11935381746652, 4.594471045026329, 0.0], [-74.11879741987504, 4.594595072071824, 0.0], [-74.11788074622952, 4.594798466140175, 0.0], [-74.11755699068236, 4.59487030207014, 0.0], [-74.11680436559809, 4.595070314250316, 0.0], [-74.11627090386756, 4.595220844323635, 0.0], [-74.11569490003743, 4.595385201386046, 0.0], [-74.11515137185282, 4.595559487412887, 0.0], [-74.11460967160646, 4.595727665214921, 0.0], [-74.11393530224319, 4.595955747343481, 0.0], [-74.11342666255283, 4.596140970628912, 0.0], [-74.11308471693079, 4.596281235566737, 0.0], [-74.1123101595046, 4.596594359849682, 0.0], [-74.11167591579404, 4.596873288196257, 0.0], [-74.11122475828375, 4.59709265303374, 0.0], [-74.11067949507475, 4.597353030668955, 0.0], [-74.11064254777453, 4.59737051091117, 0.0], [-74.1103169709594, 4.597524540993021, 0.0], [-74.11012267538182, 4.597632046266363, 0.0], [-74.10969688585905, 4.59783753594163, 0.0], [-74.10913836518576, 4.59810381634079, 0.0], [-74.1089162843301, 4.598207767672571, 0.0], [-74.10882532405913, 4.59823271347905, 0.0], [-74.10874750203033, 4.598250885408564, 0.0], [-74.10864569089398, 4.598265516192671, 0.0], [-74.10852917600545, 4.598263348217754, 0.0], [-74.10843865138479, 4.598255621200249, 0.0], [-74.10833886469426, 4.598236833944569, 0.0], [-74.1082480477909, 4.598201075987888, 0.0], [-74.10810407393731, 4.598146757513359, 0.0], [-74.10789400994189, 4.598070407390503, 0.0]], [[-74.10789400994189, 4.598070407390503, 0.0], [-74.10768768409113, 4.598014013381878, 0.0], [-74.10766209307425, 4.598019994674338, 0.0], [-74.10754843622306, 4.59804656089953, 0.0], [-74.10736722414337, 4.598144187986837, 0.0], [-74.10706202837781, 4.598379638987295, 0.0], [-74.10689260250484, 4.59851160938742, 0.0]], [[-74.10689260250484, 4.59851160938742, 0.0], [-74.10710086269445, 4.598443949259319, 0.0], [-74.10727795387075, 4.598371803182855, 0.0], [-74.10743545876852, 4.598329957729689, 0.0], [-74.10756420873345, 4.598299206638695, 0.0], [-74.10769300859195, 4.598276508411713, 0.0], [-74.1077600090316, 4.598257108098346, 0.0], [-74.10785661006086, 4.598192607624736, 0.0], [-74.10788805948604, 4.598137608802611, 0.0], [-74.10789501258594, 4.598103803552588, 0.0], [-74.10789400994189, 4.598070407390503, 0.0]], [[-74.10689260250484, 4.59851160938742, 0.0], [-74.106326403121, 4.598939014417342, 0.0], [-74.10608841287593, 4.599113835460042, 0.0], [-74.10537867470396, 4.599623675235978, 0.0], [-74.10497190519115, 4.599925057194538, 0.0], [-74.1045596595061, 4.600222610275689, 0.0], [-74.10417652589169, 4.600497795704722, 0.0], [-74.10373397901178, 4.60080912842737, 0.0], [-74.10318156208172, 4.601225262728607, 0.0], [-74.10292328963976, 4.601424021457346, 0.0], [-74.1027582422296, 4.60155915218584, 0.0], [-74.10261754903561, 4.601675025619935, 0.0], [-74.10247205613734, 4.601794851937577, 0.0], [-74.10170633334384, 4.602454604862494, 0.0], [-74.1007064867849, 4.603370474524382, 0.0], [-74.10048831913113, 4.60356930068812, 0.0], [-74.10034032508763, 4.603731063161964, 0.0], [-74.09998021547332, 4.604119301627991, 0.0], [-74.0998613741849, 4.604249975583671, 0.0], [-74.09963954943338, 4.604493886018895, 0.0], [-74.09949051069046, 4.604661490194414, 0.0], [-74.09906352619855, 4.605138720774922, 0.0], [-74.09885956945307, 4.60536417614965, 0.0], [-74.09866361794425, 4.605588076716556, 0.0], [-74.09823122518422, 4.606130106249524, 0.0], [-74.09808411514838, 4.606356710926562, 0.0], [-74.09807197192468, 4.606375416043476, 0.0]]]}}, {"type": "Feature", "properties": {"objectid": 135, "id_trazado": "TZ014", "long_traz": 1.75868858, "ori_traz": "Avenida Caracas", "fin_traz": "Portal Tunal", "nom_traz": "Tunal", "le_troncal": "H", "nom_tronc": "Caracas Sur", "fase_tronc": "FASE I", "eta_oper": 1, "esta_oper": 1, "tipo_tra": 1, "Shape__Length": 1753.8318447765982, "globalid": "{DD123375-34F0-4917-8BE2-4AC255E54F38}"}, "geometry": {"type": "LineString", "coordinates": [[-74.14029869741725, 4.567082055288737, 0.0], [-74.13988913240615, 4.567155697460297, 0.0], [-74.13955794563951, 4.567210459642223, 0.0], [-74.13935544728221, 4.56723946031684, 0.0], [-74.13918095127268, 4.567255602835949, 0.0], [-74.13819693225348, 4.567316164431739, 0.0], [-74.13789416239602, 4.567328094349902, 0.0], [-74.13769355714119, 4.567355615847845, 0.0], [-74.13746783315153, 4.567395728309833, 0.0], [-74.1373279023903, 4.567440105515369, 0.0], [-74.13707957297724, 4.567547726587526, 0.0], [-74.13657932017428, 4.567796816243385, 0.0], [-74.13580053088205, 4.568159753028072, 0.0], [-74.13541451320731, 4.568326563753448, 0.0], [-74.13514705313206, 4.568442140933725, 0.0], [-74.134487097259, 4.568700766171847, 0.0], [-74.13440762742265, 4.568732341091793, 0.0], [-74.13333305602197, 4.569159290422121, 0.0], [-74.13239346880357, 4.569512087854566, 0.0], [-74.13195392049637, 4.56970047860124, 0.0], [-74.13143903714514, 4.569894482388836, 0.0], [-74.13048764683242, 4.570265277640755, 0.0], [-74.1303886787077, 4.57030351923882, 0.0], [-74.13017716230817, 4.570385248398855, 0.0], [-74.12995503561953, 4.570479844816662, 0.0], [-74.12969949547069, 4.570572608752782, 0.0], [-74.12946983757912, 4.570628652964309, 0.0], [-74.12932755161913, 4.570657289247757, 0.0], [-74.12914431955326, 4.5706606131606, 0.0], [-74.12894798554511, 4.570651995630413, 0.0], [-74.12875942990946, 4.570636914376059, 0.0], [-74.12864757273871, 4.570617439882651, 0.0], [-74.1284813059747, 4.570570131825012, 0.0], [-74.1282062057081, 4.570468017502574, 0.0], [-74.12793380269899, 4.570340181552432, 0.0], [-74.12715166089683, 4.56992727238088, 0.0], [-74.12649921409675, 4.569567836278308, 0.0], [-74.1260695371114, 4.569351772146709, 0.0], [-74.1258564736628, 4.569252164881356, 0.0], [-74.12550392052813, 4.569096670506233, 0.0]]}}, {"type": "Feature", "properties": {"objectid": 136, "id_trazado": "TZ019", "long_traz": 0.64098697, "ori_traz": "San Diego", "fin_traz": "Museo Nacional", "nom_traz": "Carrera 7", "le_troncal": "M", "nom_tronc": "Carrera 7", "fase_tronc": "FASE III", "eta_oper": 1, "esta_oper": 1, "tipo_tra": 1, "Shape__Length": 641.045229212358, "globalid": "{54FE3BE5-63B7-4F3F-BF62-644A48EC28CD}"}, "geometry": {"type": "LineString", "coordinates": [[-74.0685977211586, 4.617481511542132, 0.0], [-74.06885961680598, 4.616441560275401, 0.0], [-74.06890465380002, 4.616262722541635, 0.0], [-74.0689887957421, 4.615918111567536, 0.0], [-74.06907968513657, 4.615640438639677, 0.0], [-74.06921037329096, 4.615273451921052, 0.0], [-74.06921969311787, 4.615244902037747, 0.0], [-74.06953413522234, 4.614281684540787, 0.0], [-74.06959327777798, 4.614100516501553, 0.0], [-74.06966746913986, 4.61388963206866, 0.0], [-74.06972490219202, 4.613775634388471, 0.0], [-74.06985950310441, 4.613544075337311, 0.0], [-74.07001827483285, 4.613283709696307, 0.0], [-74.07015738782215, 4.61306381714545, 0.0], [-74.07039043412057, 4.612687221123314, 0.0], [-74.070595781737, 4.612363978181086, 0.0], [-74.07074409296507, 4.612154298884183, 0.0]]}}, {"type": "Feature", "properties": {"objectid": 137, "id_trazado": "TZ012", "long_traz": 7.40954562, "ori_traz": "Avenida Calle 6", "fin_traz": "Molinos", "nom_traz": "Caracas Sur", "le_troncal": "H", "nom_tronc": "Caracas Sur", "fase_tronc": "FASE I", "eta_oper": 1, "esta_oper": 1, "tipo_tra": 1, "Shape__Length": 7411.686039040485, "globalid": "{676A7CE3-AE64-4279-B695-A1A59462184C}"}, "geometry": {"type": "LineString", "coordinates": [[-74.08471216161013, 4.597074683485543, 0.0], [-74.08520395091101, 4.59639406303005, 0.0], [-74.08547053363034, 4.596027750781079, 0.0], [-74.08585622510947, 4.595515845658234, 0.0], [-74.08602713201265, 4.595298573832888, 0.0], [-74.08622628902478, 4.595050515250533, 0.0], [-74.08641761465951, 4.594812210609475, 0.0], [-74.08653848869241, 4.594654269330251, 0.0], [-74.08795030494383, 4.592962129134181, 0.0], [-74.08823434866444, 4.592624333020755, 0.0], [-74.08859336797325, 4.592203863495868, 0.0], [-74.08892440200913, 4.59193793469834, 0.0], [-74.0891332941614, 4.591840368799879, 0.0], [-74.08930572720378, 4.591762715473732, 0.0], [-74.08945777360032, 4.591689536979769, 0.0], [-74.08958353129665, 4.591610040476123, 0.0], [-74.08967496913485, 4.591537528532337, 0.0], [-74.08976362722574, 4.591437777864912, 0.0], [-74.09024599837927, 4.590847253249946, 0.0], [-74.09036518409623, 4.590701344104162, 0.0], [-74.09067604675539, 4.590306196000747, 0.0], [-74.09117477418633, 4.589687301291424, 0.0], [-74.09220441524809, 4.588462977145035, 0.0], [-74.09288710577476, 4.58758610902776, 0.0], [-74.09327050462517, 4.587109870411139, 0.0], [-74.0935895382457, 4.586691797439635, 0.0], [-74.09387945205701, 4.586332667101507, 0.0], [-74.09392541573067, 4.58628470770093, 0.0], [-74.09418226248246, 4.586016702741723, 0.0], [-74.09432706613222, 4.585864639386514, 0.0], [-74.09461682253078, 4.585585224700647, 0.0], [-74.09483020260919, 4.585448800566096, 0.0], [-74.09509203096364, 4.585312414061825, 0.0], [-74.09550509438341, 4.585104419385759, 0.0], [-74.09590522245433, 4.584913072272458, 0.0], [-74.09657825069988, 4.584611341068247, 0.0], [-74.09715922680104, 4.584319120602349, 0.0], [-74.09763297773618, 4.58406821435057, 0.0], [-74.09796151146243, 4.583877864649046, 0.0], [-74.09831865189345, 4.583652056817021, 0.0], [-74.09871818804305, 4.583396569856416, 0.0], [-74.0991667053882, 4.583103634556882, 0.0], [-74.0994017537384, 4.58297257638977, 0.0], [-74.09956398452319, 4.582882120362656, 0.0], [-74.09982195634431, 4.582734062102936, 0.0], [-74.10102732831567, 4.582068136434636, 0.0], [-74.10141904541094, 4.581854599227054, 0.0], [-74.10142878243313, 4.581849057280713, 0.0], [-74.1019457383424, 4.581554810306751, 0.0], [-74.10225878668886, 4.581390920214198, 0.0], [-74.102404906556, 4.581303660840542, 0.0], [-74.10261768749304, 4.58119851543519, 0.0], [-74.10296301912514, 4.581031905539376, 0.0], [-74.10403642111089, 4.580515968581917, 0.0], [-74.10457161233923, 4.580253499250492, 0.0], [-74.10629009201853, 4.579408148700998, 0.0], [-74.10691248844144, 4.579110851782533, 0.0], [-74.1073638244642, 4.578915188912788, 0.0], [-74.10749525896539, 4.578858209078, 0.0], [-74.10784779441371, 4.578720281283904, 0.0], [-74.10800787977917, 4.578662816332558, 0.0], [-74.10829668747931, 4.578560238759491, 0.0], [-74.1087598564283, 4.578414608246762, 0.0], [-74.10960988586278, 4.578176823498577, 0.0], [-74.10969546358018, 4.578151881455313, 0.0], [-74.10971176916316, 4.57814718282332, 0.0], [-74.11081784070736, 4.577836862002856, 0.0], [-74.11170858643239, 4.577581737218861, 0.0], [-74.11298640233196, 4.577183922635706, 0.0], [-74.113657003576, 4.57698778189196, 0.0], [-74.11438050582953, 4.57680972493108, 0.0], [-74.11480745649939, 4.576704649843816, 0.0], [-74.11494537588919, 4.57668570093329, 0.0], [-74.11603805370024, 4.576483811465479, 0.0], [-74.11737004424648, 4.576295668854445, 0.0], [-74.11784211426856, 4.576213671091998, 0.0], [-74.11866888119205, 4.576079620434419, 0.0], [-74.11932092216878, 4.575978549344271, 0.0], [-74.12007924002512, 4.575794151709622, 0.0], [-74.12010960535298, 4.575786768008553, 0.0], [-74.12076169267169, 4.575609949576998, 0.0], [-74.12142683667481, 4.575462544290138, 0.0], [-74.12197943011293, 4.575317385368289, 0.0], [-74.12243295681569, 4.575167830057945, 0.0], [-74.12277603731157, 4.575006102188421, 0.0], [-74.12297652953224, 4.574886112676805, 0.0], [-74.12318944613646, 4.574710229540558, 0.0], [-74.1233735577278, 4.574491548031833, 0.0], [-74.12349700428288, 4.574326029418007, 0.0], [-74.12355023342307, 4.57425465954749, 0.0], [-74.12370330396075, 4.573906800869292, 0.0], [-74.1240215052487, 4.572979171954044, 0.0], [-74.12439976280801, 4.57185654769502, 0.0], [-74.12453494443655, 4.571496115544704, 0.0], [-74.12470198046022, 4.570987850756075, 0.0], [-74.12470871898489, 4.570968483577163, 0.0], [-74.12476671767553, 4.57080180248436, 0.0], [-74.12500164383133, 4.570192591174813, 0.0], [-74.1252643864212, 4.569594083168766, 0.0], [-74.12548159000053, 4.569140531110582, 0.0], [-74.12550392052813, 4.569096670506233, 0.0], [-74.12573139567448, 4.56864988374032, 0.0], [-74.12600805060958, 4.568152946785688, 0.0], [-74.12641568613448, 4.567488381225127, 0.0], [-74.12646865971439, 4.567394204412223, 0.0], [-74.12651723188958, 4.567284723327254, 0.0], [-74.12655059101905, 4.567193039226833, 0.0], [-74.12657477607668, 4.567097199536587, 0.0], [-74.12658572117188, 4.566972558428058, 0.0], [-74.12658172761132, 4.566832107357868, 0.0], [-74.12656977237332, 4.566665728410241, 0.0], [-74.12655749962077, 4.566547807019522, 0.0], [-74.12654561937963, 4.566437309999444, 0.0], [-74.12652795675676, 4.566291912372545, 0.0], [-74.12648176139416, 4.566141455261512, 0.0], [-74.126231596267, 4.565678471089551, 0.0], [-74.12608661841685, 4.565438000048474, 0.0], [-74.1259728577942, 4.565241149955514, 0.0], [-74.1257961920996, 4.565003422863945, 0.0], [-74.12564188779619, 4.564752617879773, 0.0], [-74.12558393515768, 4.564653275897263, 0.0], [-74.12535632281447, 4.564263101435269, 0.0], [-74.12511812494316, 4.563819312766409, 0.0], [-74.12506974272692, 4.563706716511299, 0.0], [-74.12502600367615, 4.563600361504178, 0.0], [-74.12499470978644, 4.563497473705787, 0.0], [-74.12497944119636, 4.563423431484131, 0.0], [-74.12495612124684, 4.563328579773847, 0.0], [-74.12490894396205, 4.562433263669795, 0.0], [-74.12487888582848, 4.562278558719615, 0.0], [-74.12483229020485, 4.562144058990229, 0.0], [-74.12477166178397, 4.561994365935678, 0.0], [-74.12469718662442, 4.56184954983432, 0.0], [-74.12463089636522, 4.561714257398249, 0.0], [-74.1245668921421, 4.561589620310617, 0.0], [-74.12423469690687, 4.560911877536896, 0.0], [-74.12401627049981, 4.560513951135673, 0.0], [-74.12387433375373, 4.560227304334152, 0.0], [-74.1238456275505, 4.560169331663245, 0.0], [-74.12363236815095, 4.559705201941464, 0.0], [-74.12353125333863, 4.559455192441125, 0.0], [-74.12338842351687, 4.559204200794327, 0.0], [-74.12326142050406, 4.559036504269834, 0.0], [-74.1231228060708, 4.55886564155896, 0.0], [-74.12283815111924, 4.558524993556594, 0.0], [-74.12267516928307, 4.558330054084999, 0.0], [-74.1222273969523, 4.557806878910614, 0.0], [-74.12220389912254, 4.557770347077933, 0.0], [-74.12208446592419, 4.557611836766807, 0.0], [-74.121845274127, 4.557099621286763, 0.0], [-74.12182778886832, 4.557064564002366, 0.0], [-74.12169490149928, 4.556798135678846, 0.0], [-74.12159332267541, 4.556516827668672, 0.0], [-74.12155941721915, 4.556414703996135, 0.0], [-74.12154190263348, 4.556341458518244, 0.0], [-74.12152193214219, 4.556218948990399, 0.0], [-74.12148636746407, 4.556023872097914, 0.0]]}}, {"type": "Feature", "properties": {"objectid": 138, "id_trazado": "TZ011", "long_traz": 2.85964512, "ori_traz": "Limite Del Distrito", "fin_traz": "San Mateo", "nom_traz": "Soacha", "le_troncal": "G", "nom_tronc": "NQS Sur", "fase_tronc": "FASE II", "eta_oper": 1, "esta_oper": 1, "tipo_tra": 1, "Shape__Length": 2856.240238949501, "globalid": "{01CE94FC-D04E-475F-9F2E-505778EFC515}"}, "geometry": {"type": "LineString", "coordinates": [[-74.20707995355232, 4.585156002405543, 0.0], [-74.20706634791148, 4.585162909273957, 0.0], [-74.20640396310878, 4.585499187964113, 0.0], [-74.20583273960662, 4.585777602829912, 0.0], [-74.20545607982952, 4.58595761256667, 0.0], [-74.20544973606903, 4.585960644043299, 0.0], [-74.20530250404192, 4.586031007574724, 0.0], [-74.20504133020538, 4.586160691510072, 0.0], [-74.20469552954806, 4.586327899367481, 0.0], [-74.20407777175375, 4.586644293091152, 0.0], [-74.20324171044622, 4.587062914426626, 0.0], [-74.20266982418498, 4.587343201567999, 0.0], [-74.20204432920175, 4.587656413568129, 0.0], [-74.2012488444768, 4.588073169898997, 0.0], [-74.20098268647021, 4.588223651455648, 0.0], [-74.20092974364051, 4.588248770568018, 0.0], [-74.20079373210321, 4.588313302072047, 0.0], [-74.20063458285618, 4.588378808770679, 0.0], [-74.19989540110902, 4.588761649548084, 0.0], [-74.199522612371, 4.588962704262017, 0.0], [-74.19936235344557, 4.5890491356856, 0.0], [-74.19850426777437, 4.589488622291796, 0.0], [-74.19799283633313, 4.589747663234787, 0.0], [-74.1969113151379, 4.590287567614225, 0.0], [-74.19490379498734, 4.591282311955135, 0.0], [-74.19447292501788, 4.591501643407014, 0.0], [-74.1940610796718, 4.591715063641875, 0.0], [-74.19359345498533, 4.591944393197704, 0.0], [-74.19313531304007, 4.592172811180285, 0.0], [-74.19305803072545, 4.592211341862321, 0.0], [-74.19253335496771, 4.592469808689632, 0.0], [-74.19215301832182, 4.59264259213825, 0.0], [-74.19120230838267, 4.593080362316727, 0.0], [-74.19046014048867, 4.593449389712005, 0.0], [-74.1891300717867, 4.594084031096752, 0.0], [-74.18896663747724, 4.594159769078741, 0.0], [-74.18857841698555, 4.594354246273535, 0.0], [-74.18832091809605, 4.594488139533095, 0.0], [-74.18811218177783, 4.59459381881802, 0.0], [-74.18775613203351, 4.594774078452255, 0.0], [-74.18738144073134, 4.594958633543413, 0.0], [-74.18709893364691, 4.595088611851397, 0.0], [-74.18665973407148, 4.59528657564077, 0.0], [-74.18605331211764, 4.595545875938067, 0.0], [-74.18567535882225, 4.595690423085162, 0.0], [-74.18514829940743, 4.595894096439261, 0.0], [-74.18460592253288, 4.596112615049472, 0.0], [-74.1842192292612, 4.596265873059451, 0.0], [-74.18400007308988, 4.596353196140877, 0.0], [-74.18391464984403, 4.596389032223867, 0.0]]}}, {"type": "Feature", "properties": {"objectid": 139, "id_trazado": "TZ020", "long_traz": 11.65402973, "ori_traz": "Museo Nacional", "fin_traz": "Avenida Calle 134", "nom_traz": "Carrera 7", "le_troncal": "M", "nom_tronc": "Carrera 7", "fase_tronc": "FASE III", "eta_oper": 1, "esta_oper": 1, "tipo_tra": 2, "Shape__Length": 11653.092050612644, "globalid": "{7FEEEE0E-6E5F-484D-8F47-630FD81205DC}"}, "geometry": {"type": "LineString", "coordinates": [[-74.0685977211586, 4.617481511542132, 0.0], [-74.06850102901706, 4.617779981654728, 0.0], [-74.0684172092762, 4.618123008204018, 0.0], [-74.06827065995867, 4.618600258032913, 0.0], [-74.06804195846495, 4.619221807570318, 0.0], [-74.06780565913566, 4.619719558612264, 0.0], [-74.06754721030329, 4.620266406989056, 0.0], [-74.06724847224628, 4.62097093388037, 0.0], [-74.06700030817953, 4.621581968336451, 0.0], [-74.066657571892, 4.622473605178442, 0.0], [-74.06648469742368, 4.62306851852788, 0.0], [-74.06610316436581, 4.624536376543373, 0.0], [-74.06609522491418, 4.624568801370124, 0.0], [-74.06585575578649, 4.625546839024287, 0.0], [-74.0655725768941, 4.626700797660138, 0.0], [-74.06537882291819, 4.627484053741497, 0.0], [-74.06519997547663, 4.628183604333761, 0.0], [-74.06507478171036, 4.628682855597659, 0.0], [-74.06487745455703, 4.629442791982679, 0.0], [-74.06466762725395, 4.630078958737734, 0.0], [-74.06466660339804, 4.630081786497401, 0.0], [-74.0644148878087, 4.630777303190069, 0.0], [-74.06422413565673, 4.631346504157945, 0.0], [-74.0640268997573, 4.631864286765274, 0.0], [-74.0639931986003, 4.631971159313734, 0.0], [-74.0638233971286, 4.632857217285832, 0.0], [-74.06382442337059, 4.63446494607479, 0.0], [-74.0638100717426, 4.634899035472796, 0.0], [-74.06375279373333, 4.635526848966413, 0.0], [-74.06370268281621, 4.63598963593378, 0.0], [-74.06357597297452, 4.636695768522753, 0.0], [-74.063369978241, 4.637639864169109, 0.0], [-74.0631636451276, 4.63844309172638, 0.0], [-74.06309812468498, 4.638698155565795, 0.0], [-74.06289423369914, 4.639483802376906, 0.0], [-74.06255798964045, 4.640807564127054, 0.0], [-74.06218956331668, 4.642131323156867, 0.0], [-74.06187120964304, 4.643315171836895, 0.0], [-74.06163214912529, 4.644176273010286, 0.0], [-74.06139844815316, 4.645061170212499, 0.0], [-74.0611320126049, 4.645609313315533, 0.0], [-74.06078036650138, 4.646114516754938, 0.0], [-74.06046266233326, 4.64657507053306, 0.0], [-74.06029163637554, 4.646822995579112, 0.0], [-74.06013965244361, 4.647056167236137, 0.0], [-74.05986247746762, 4.647680961569967, 0.0], [-74.05965502018628, 4.648113578155391, 0.0], [-74.05963597466967, 4.648153294054625, 0.0], [-74.05907508508302, 4.649285211392372, 0.0], [-74.05868527167691, 4.64999728894977, 0.0], [-74.05839917686829, 4.650466024773477, 0.0], [-74.0580415798735, 4.650872567312362, 0.0], [-74.05771259989136, 4.651164312872269, 0.0], [-74.05731686426498, 4.651570851245806, 0.0], [-74.05707369366247, 4.651872172880958, 0.0], [-74.05649057037863, 4.652839736320036, 0.0], [-74.0561091081672, 4.653458538495796, 0.0], [-74.05577948678136, 4.654086912362159, 0.0], [-74.0554504483136, 4.654818728245631, 0.0], [-74.05542766989544, 4.654869140982983, 0.0], [-74.05541213186135, 4.654903529580777, 0.0], [-74.05512141107907, 4.65554695656075, 0.0], [-74.05498143919294, 4.655811553075831, 0.0], [-74.05493543923969, 4.655898510010068, 0.0], [-74.05458497721015, 4.656393544862707, 0.0], [-74.05416656740266, 4.656985433353217, 0.0], [-74.05336238487438, 4.658022050573893, 0.0], [-74.05280180820577, 4.658765717144217, 0.0], [-74.05219278131668, 4.659387715707169, 0.0], [-74.05078172229355, 4.660708713972411, 0.0], [-74.05017290362802, 4.6613806883029, 0.0], [-74.04958632525783, 4.662036600627354, 0.0], [-74.04941623948123, 4.662226790907911, 0.0], [-74.04896412066132, 4.662700439076775, 0.0], [-74.04841986324584, 4.663268329349986, 0.0], [-74.04759634100841, 4.664086868325407, 0.0], [-74.04711083105522, 4.664578913819249, 0.0], [-74.04679317633827, 4.665123421693116, 0.0], [-74.0465210380588, 4.66567950748502, 0.0], [-74.04631465203931, 4.666101232912688, 0.0], [-74.04598434253641, 4.666835849137822, 0.0], [-74.04563430476585, 4.66759636099443, 0.0], [-74.04510934023546, 4.668731378818006, 0.0], [-74.04460503525408, 4.669786042068599, 0.0], [-74.04444010135084, 4.670116894798875, 0.0], [-74.04381102897793, 4.671378792947125, 0.0], [-74.04335375263493, 4.672275135541461, 0.0], [-74.04311154486483, 4.672820432006128, 0.0], [-74.04289528672538, 4.673255101012453, 0.0], [-74.0423978969172, 4.673842487379657, 0.0], [-74.04188533974882, 4.674225080983096, 0.0], [-74.04134893735845, 4.67466148568778, 0.0], [-74.04089596315794, 4.675103879956915, 0.0], [-74.04062773002738, 4.675534344986239, 0.0], [-74.04034157298261, 4.676263767157822, 0.0], [-74.04022825025937, 4.676897548756115, 0.0], [-74.04012775986905, 4.677397695856464, 0.0], [-74.03989408666955, 4.677842516505107, 0.0], [-74.03935049359316, 4.678507323219821, 0.0], [-74.03877352344857, 4.679205608775933, 0.0], [-74.03821562436438, 4.679875196663773, 0.0], [-74.03821376843332, 4.679877968266117, 0.0], [-74.03779598978369, 4.680501755889384, 0.0], [-74.03746215408981, 4.681219210931951, 0.0], [-74.03723396034368, 4.681667618326126, 0.0], [-74.03716335035463, 4.681827996128779, 0.0], [-74.03703127068293, 4.682127988405499, 0.0], [-74.03653885993074, 4.683185038766185, 0.0], [-74.03608936421954, 4.684196653384732, 0.0], [-74.03555889196082, 4.685375428794441, 0.0], [-74.03517715072825, 4.686437607600368, 0.0], [-74.03495512859737, 4.68743869538588, 0.0], [-74.03494727334436, 4.687474114866079, 0.0], [-74.0347256593166, 4.688659986264557, 0.0], [-74.03440280908353, 4.689787158969598, 0.0], [-74.03439504192396, 4.689810817009606, 0.0], [-74.03402514386225, 4.690937432245836, 0.0], [-74.03360169429493, 4.692186655438004, 0.0], [-74.03357601337987, 4.692268829234929, 0.0], [-74.03331679328802, 4.693098287066933, 0.0], [-74.03299244851065, 4.694116524949803, 0.0], [-74.03271106585474, 4.69474092825946, 0.0], [-74.03231524975583, 4.69540097187111, 0.0], [-74.0319862057879, 4.695888822112034, 0.0], [-74.03145209448012, 4.696749744631745, 0.0], [-74.0310753572861, 4.697338038207415, 0.0], [-74.03064636009468, 4.697760699473309, 0.0], [-74.0304251678492, 4.697968762285728, 0.0], [-74.03004379002248, 4.698277186023914, 0.0], [-74.02988643846328, 4.698401526719946, 0.0], [-74.02942299736891, 4.698722469168251, 0.0], [-74.02917596539353, 4.69899454757613, 0.0], [-74.02901381336287, 4.699310223979596, 0.0], [-74.02891365175259, 4.699558944261116, 0.0], [-74.02873952511624, 4.700396807089542, 0.0], [-74.0287227927073, 4.700477321900611, 0.0], [-74.0285891696684, 4.701247424977193, 0.0], [-74.02859668815346, 4.701847471936421, 0.0], [-74.02859857942798, 4.701998418277895, 0.0], [-74.02865089853927, 4.702739852419662, 0.0], [-74.02868888386197, 4.703663051463993, 0.0], [-74.02862196721192, 4.704672334157123, 0.0], [-74.02850730064698, 4.706116897599587, 0.0], [-74.02849760982245, 4.707040090493438, 0.0], [-74.02854041309531, 4.707661938181761, 0.0], [-74.02859752344919, 4.708269438208623, 0.0], [-74.02869855398423, 4.709734057029797, 0.0], [-74.02872303542915, 4.709976935961487, 0.0], [-74.02884301145839, 4.71049880690141, 0.0], [-74.02887765837737, 4.710649515855443, 0.0], [-74.0291136952609, 4.711542308486538, 0.0], [-74.02912863033703, 4.711609451673596, 0.0]]}}, {"type": "Feature", "properties": {"objectid": 140, "id_trazado": "TZ017", "long_traz": 2.22037955, "ori_traz": "Portal Eldorado", "fin_traz": "Aeropuerto El Dorado", "nom_traz": "Calle 26 Extension", "le_troncal": "K", "nom_tronc": "Calle 26", "fase_tronc": "FASE III", "eta_oper": 1, "esta_oper": 1, "tipo_tra": 2, "Shape__Length": 2220.3796284905056, "globalid": "{26E31633-0AFB-44C2-B4F1-C36D37A1B989}"}, "geometry": {"type": "LineString", "coordinates": [[-74.12469161832104, 4.684826827267026, 0.0], [-74.1252258858717, 4.685230234717676, 0.0], [-74.12692972150005, 4.686515674130684, 0.0], [-74.12805248920483, 4.687354603120492, 0.0], [-74.1295456949668, 4.688491599903318, 0.0], [-74.13088192404676, 4.689463048255056, 0.0], [-74.13213339428414, 4.690441954830392, 0.0], [-74.13285883117186, 4.691009393687636, 0.0], [-74.13398300408342, 4.691818099826012, 0.0], [-74.13540204073159, 4.692880122567517, 0.0], [-74.13588508954004, 4.693238725548825, 0.0], [-74.13664807211158, 4.693805142576027, 0.0], [-74.138524022384, 4.695116917867869, 0.0], [-74.1398981609195, 4.696151983123727, 0.0], [-74.14072888678005, 4.696827668791771, 0.0], [-74.14073114295253, 4.696829504332564, 0.0]]}}, {"type": "Feature", "properties": {"objectid": 141, "id_trazado": "TZ006", "long_traz": 2.70267696, "ori_traz": "Portal 80", "fin_traz": "Limite del Distrito", "nom_traz": "Calle 80 Extension", "le_troncal": "D", "nom_tronc": "Calle 80", "fase_tronc": "FASE I", "eta_oper": 1, "esta_oper": 1, "tipo_tra": 2, "Shape__Length": 2702.6769638066035, "globalid": "{FCDB9496-2EBD-44F0-8D4C-91D9F060E42F}"}, "geometry": {"type": "LineString", "coordinates": [[-74.11053147500078, 4.708344036807476, 0.0], [-74.11186552534961, 4.70969009632276, 0.0], [-74.11256193628103, 4.710375714288153, 0.0], [-74.1132637992533, 4.71106669741614, 0.0], [-74.11395819201373, 4.711750323657434, 0.0], [-74.11416935641799, 4.711958213871196, 0.0], [-74.11429716962574, 4.712136028437501, 0.0], [-74.11467330372274, 4.712659306147102, 0.0], [-74.1156930594485, 4.714077986174576, 0.0], [-74.11769459121521, 4.716862487774423, 0.0], [-74.11871993363525, 4.718288919010342, 0.0], [-74.11948542017215, 4.719360758200509, 0.0], [-74.12076629092695, 4.721154234665823, 0.0], [-74.12156766156238, 4.722202165611226, 0.0], [-74.12298142914392, 4.723942494884328, 0.0], [-74.12491269005476, 4.726319832594159, 0.0], [-74.12575705097271, 4.727359215202555, 0.0]]}}, {"type": "Feature", "properties": {"objectid": 142, "id_trazado": "TZ013", "long_traz": 2.52892475, "ori_traz": "Molinos", "fin_traz": "Portal De Usme", "nom_traz": "Caracas Sur Extension", "le_troncal": "H", "nom_tronc": "Caracas Sur", "fase_tronc": "FASE I", "eta_oper": 1, "esta_oper": 1, "tipo_tra": 1, "Shape__Length": 3334.7479643364973, "globalid": "{41B4A9B9-5CBA-4BF9-84F1-4FB188346A03}"}, "geometry": {"type": "LineString", "coordinates": [[-74.1198303273516, 4.526963151640737, 0.0], [-74.11984708292313, 4.527047192957025, 0.0], [-74.11986809116512, 4.527152564950549, 0.0], [-74.11984252903824, 4.527269658658005, 0.0], [-74.11978785288906, 4.527353715004076, 0.0], [-74.11965785663361, 4.527498790617946, 0.0], [-74.11949372313191, 4.527681963265405, 0.0], [-74.11928031407065, 4.527988133381307, 0.0], [-74.11918075017198, 4.528154538981138, 0.0], [-74.1191094607721, 4.528297119728834, 0.0], [-74.11908630226424, 4.529070416872294, 0.0], [-74.1190610049204, 4.530104083803596, 0.0], [-74.11904148190962, 4.53123357404543, 0.0], [-74.11906026767284, 4.532169347453007, 0.0], [-74.11906899353725, 4.532381062793251, 0.0], [-74.11920299142598, 4.532734060701904, 0.0], [-74.11939198994105, 4.533025058441291, 0.0], [-74.11956598902871, 4.533198056879478, 0.0], [-74.12000636090137, 4.533530085611357, 0.0], [-74.12014225686093, 4.533600377951578, 0.0], [-74.12032657578746, 4.533818345242753, 0.0], [-74.1204796392265, 4.533999352381077, 0.0], [-74.12067571843819, 4.534271507994969, 0.0], [-74.12073334822965, 4.534464996668534, 0.0], [-74.12074535937604, 4.534619277985199, 0.0], [-74.12072891637816, 4.534780737628236, 0.0], [-74.12064410495027, 4.535113555001917, 0.0], [-74.1204602666763, 4.535503824708932, 0.0], [-74.12034078163971, 4.535742018660046, 0.0], [-74.12027541546665, 4.535911408392591, 0.0], [-74.12022982868312, 4.536078458396513, 0.0], [-74.1201981922069, 4.536216603938442, 0.0], [-74.12018584383263, 4.5363335910451, 0.0], [-74.12018024431238, 4.536472332796128, 0.0], [-74.12019870090928, 4.536608257999688, 0.0], [-74.12042294346404, 4.537354209289902, 0.0], [-74.12045062096756, 4.53745406362644, 0.0], [-74.12046804873403, 4.537562411873701, 0.0], [-74.12047005582964, 4.537689440514979, 0.0], [-74.12057263954497, 4.539592139254167, 0.0], [-74.12061173693137, 4.540418209045109, 0.0], [-74.12068744480355, 4.541493071924194, 0.0], [-74.12072137784567, 4.542072838057666, 0.0], [-74.12079588203439, 4.543024546277763, 0.0], [-74.12085091037724, 4.54364492919989, 0.0], [-74.12085158858692, 4.543654328580425, 0.0], [-74.12089060281559, 4.544195118506927, 0.0], [-74.1209453374497, 4.544858662430435, 0.0], [-74.12104564908947, 4.546024779596301, 0.0], [-74.12107328603838, 4.546597594568773, 0.0], [-74.12109517221008, 4.547353705810057, 0.0], [-74.12111506412656, 4.547943334198692, 0.0], [-74.12112984542763, 4.548407817847091, 0.0], [-74.12114293260909, 4.548976967577851, 0.0], [-74.121176903169, 4.54956837838727, 0.0], [-74.12121750578818, 4.550213530239314, 0.0], [-74.1213879368562, 4.553324212145076, 0.0], [-74.12141348009838, 4.554639157953289, 0.0], [-74.12140278197121, 4.554761841182402, 0.0], [-74.1213846527414, 4.554865012525761, 0.0], [-74.12136009197879, 4.555011567721722, 0.0], [-74.12134411554753, 4.555114431466081, 0.0], [-74.12134837073648, 4.555263153443107, 0.0], [-74.12136689582138, 4.555401920787598, 0.0], [-74.12148636746407, 4.556023872097914, 0.0]]}}, {"type": "Feature", "properties": {"objectid": 143, "id_trazado": "TZ005", "long_traz": 7.3802452, "ori_traz": "Autopista Norte", "fin_traz": "Portal 80", "nom_traz": "Calle 80", "le_troncal": "D", "nom_tronc": "Calle 80", "fase_tronc": "FASE I", "eta_oper": 1, "esta_oper": 1, "tipo_tra": 1, "Shape__Length": 7382.861941697189, "globalid": "{8BB3FE95-F039-41BC-9644-863143724FB4}"}, "geometry": {"type": "LineString", "coordinates": [[-74.11053147500078, 4.708344036807476, 0.0], [-74.11007012569432, 4.707912719842643, 0.0], [-74.11005242719435, 4.707896173640053, 0.0], [-74.10910078429825, 4.70700104012346, 0.0], [-74.10898019249366, 4.706911381621796, 0.0], [-74.1088256803817, 4.706792270403795, 0.0], [-74.10873932323864, 4.706725245152247, 0.0], [-74.10866725906402, 4.70666931330299, 0.0], [-74.10847618184296, 4.706552695011025, 0.0], [-74.10811539848913, 4.706325668116654, 0.0], [-74.1076367112439, 4.706062021662663, 0.0], [-74.10711913572908, 4.705805371354749, 0.0], [-74.10662655052265, 4.705581859797147, 0.0], [-74.10599883266426, 4.705297727701257, 0.0], [-74.1049702291225, 4.70483609253499, 0.0], [-74.10480730927146, 4.704777414760569, 0.0], [-74.10457026550118, 4.704666460866564, 0.0], [-74.10432847801206, 4.704553286092641, 0.0], [-74.10415123620625, 4.704473144053435, 0.0], [-74.10396112151282, 4.704390031805101, 0.0], [-74.10252853899443, 4.703759090064798, 0.0], [-74.1022404002881, 4.703619402807223, 0.0], [-74.10149992789036, 4.703260426438936, 0.0], [-74.10107841781854, 4.70303452471119, 0.0], [-74.1007062057683, 4.702794627817831, 0.0], [-74.10042124530891, 4.702581519802065, 0.0], [-74.10028964534281, 4.702482850510757, 0.0], [-74.10019808792156, 4.702414202928992, 0.0], [-74.09988497038621, 4.702176704600938, 0.0], [-74.09930736766634, 4.701719774980811, 0.0], [-74.0988703891962, 4.701387420814561, 0.0], [-74.09774776110115, 4.700412314136884, 0.0], [-74.09722531201177, 4.700004004912471, 0.0], [-74.0968743863748, 4.69974925568618, 0.0], [-74.09614474693319, 4.699232842191404, 0.0], [-74.09601773277603, 4.699150963155722, 0.0], [-74.09569700722118, 4.69894420960181, 0.0], [-74.09537895725424, 4.698748015440104, 0.0], [-74.09491494918414, 4.69849228873652, 0.0], [-74.09391694492041, 4.69792166894614, 0.0], [-74.09344617502506, 4.697693464948713, 0.0], [-74.09279452976008, 4.697338596313403, 0.0], [-74.0923267678394, 4.697087109160018, 0.0], [-74.09193284888886, 4.696881601543901, 0.0], [-74.09181238774262, 4.696818757293065, 0.0], [-74.09136750562644, 4.696565421518322, 0.0], [-74.09122419300908, 4.69648340356409, 0.0], [-74.09100618384547, 4.696376336777879, 0.0], [-74.09078368008564, 4.696281208690435, 0.0], [-74.09039360393913, 4.69615056602352, 0.0], [-74.08986594201794, 4.695905884136703, 0.0], [-74.08916295442549, 4.695479671177536, 0.0], [-74.08812077250775, 4.694828589224084, 0.0], [-74.08797120790717, 4.694728797408896, 0.0], [-74.08784088086848, 4.694613152746311, 0.0], [-74.08771347132414, 4.69448941354965, 0.0], [-74.0871998264142, 4.694000200749264, 0.0], [-74.08713193730172, 4.69393267967488, 0.0], [-74.08699720015203, 4.693798671116446, 0.0], [-74.08680518535348, 4.693607295764047, 0.0], [-74.08663004074496, 4.693425690288101, 0.0], [-74.08617714995232, 4.69288171369968, 0.0], [-74.0858316439912, 4.692450396121185, 0.0], [-74.08553171745727, 4.692051628435037, 0.0], [-74.08506141720223, 4.691461405854563, 0.0], [-74.08481759116617, 4.691151783090038, 0.0], [-74.0846012702891, 4.690885926692645, 0.0], [-74.08455710805286, 4.690831651433812, 0.0], [-74.08421302089403, 4.690393474733912, 0.0], [-74.08381727375321, 4.689971652750875, 0.0], [-74.08334118757466, 4.689317782868809, 0.0], [-74.08271466039561, 4.688487807786661, 0.0], [-74.0820129075918, 4.6876327859689, 0.0], [-74.08126340101215, 4.686678626111741, 0.0], [-74.08100598407853, 4.686410423006404, 0.0], [-74.08076896014731, 4.686100882846748, 0.0], [-74.08025880455389, 4.685434648138387, 0.0], [-74.08003408674749, 4.685104297715791, 0.0], [-74.0795258407551, 4.68447924376926, 0.0], [-74.07914160833266, 4.683975819617405, 0.0], [-74.07909746858004, 4.683920249031607, 0.0], [-74.07845239068054, 4.683108115668646, 0.0], [-74.07806177493511, 4.682599267771207, 0.0], [-74.07755951985702, 4.681977472379165, 0.0], [-74.07742142136232, 4.681804753883138, 0.0], [-74.07722768556863, 4.681562448762728, 0.0], [-74.07656368645556, 4.680755176969213, 0.0], [-74.07582127430791, 4.679795968670396, 0.0], [-74.07567838001326, 4.679598709573991, 0.0], [-74.07552227990377, 4.679420810762201, 0.0], [-74.07528605004306, 4.679184524047309, 0.0], [-74.075096189276, 4.679003864175004, 0.0], [-74.07495927604506, 4.67889461682658, 0.0], [-74.0748262068558, 4.678795823278476, 0.0], [-74.07450825663302, 4.678577601361419, 0.0], [-74.07406067341543, 4.678252308479152, 0.0], [-74.07377885910496, 4.678090933985938, 0.0], [-74.07350264838601, 4.677912818841143, 0.0], [-74.07325476094951, 4.677755746127176, 0.0], [-74.07316105522813, 4.677696369521901, 0.0], [-74.07271941791089, 4.677405771438731, 0.0], [-74.07258667994816, 4.677327689758919, 0.0], [-74.07181151208712, 4.676806854294008, 0.0], [-74.07111138682767, 4.676331064099661, 0.0], [-74.0709320238099, 4.676212062593878, 0.0], [-74.07054391232279, 4.675954562247385, 0.0], [-74.07045981559455, 4.675913286929392, 0.0], [-74.0701638155948, 4.675768004819395, 0.0], [-74.06988187271068, 4.675585548397452, 0.0], [-74.06980215105027, 4.675535012017993, 0.0], [-74.06934057355956, 4.675242414855936, 0.0], [-74.06899381303815, 4.675035463198604, 0.0], [-74.0684083369623, 4.674620828287571, 0.0], [-74.0684035709619, 4.674617806024473, 0.0], [-74.06821985555808, 4.674501317742893, 0.0], [-74.06805558938045, 4.674372725497425, 0.0], [-74.0679082597888, 4.674219791251392, 0.0], [-74.0675256287021, 4.673824818026309, 0.0], [-74.06749583515123, 4.673791651158227, 0.0], [-74.06720907743707, 4.67347242948208, 0.0], [-74.06705225777382, 4.673308786988439, 0.0], [-74.06682932386727, 4.673031241191469, 0.0], [-74.06660664822859, 4.67279110750146, 0.0], [-74.06647067284909, 4.672637711926527, 0.0], [-74.06612027549099, 4.672291082797027, 0.0], [-74.065630883913, 4.671749908012021, 0.0], [-74.06461171022177, 4.670505704292448, 0.0], [-74.06433866057165, 4.670162650409122, 0.0], [-74.063459376383, 4.669057933672693, 0.0], [-74.06337552018675, 4.668903889232771, 0.0], [-74.06336408058459, 4.668882825830422, 0.0], [-74.06333633871871, 4.668851946725822, 0.0], [-74.06323282140595, 4.668723596010403, 0.0], [-74.06269975395563, 4.66808555315782, 0.0], [-74.06204163700309, 4.667323350903728, 0.0], [-74.06166523094413, 4.666885737279522, 0.0], [-74.06155414680141, 4.666728390366022, 0.0], [-74.06141498566524, 4.666543430610012, 0.0], [-74.06121778226259, 4.666229315116823, 0.0], [-74.06114947550569, 4.666088611133329, 0.0], [-74.06110232058244, 4.665964593049111, 0.0], [-74.06106739908832, 4.665865989053651, 0.0], [-74.06104802711214, 4.665780737548558, 0.0], [-74.0610339283603, 4.665703254183832, 0.0], [-74.06103175177878, 4.665625312613751, 0.0], [-74.06101715496378, 4.66557184859754, 0.0]]}}, {"type": "Feature", "properties": {"objectid": 144, "id_trazado": "TZ016", "long_traz": 12.25248872, "ori_traz": "Carrera 3", "fin_traz": "Portal ElDorado", "nom_traz": "Calle 26", "le_troncal": "K", "nom_tronc": "Calle 26", "fase_tronc": "FASE III", "eta_oper": 1, "esta_oper": 1, "tipo_tra": 1, "Shape__Length": 12227.844465988306, "globalid": "{A0CCF5D5-3573-4036-AEFD-5D94709CE45F}"}, "geometry": {"type": "MultiLineString", "coordinates": [[[-74.07230250874852, 4.613475107589837, 0.0], [-74.07228185894502, 4.613508808385796, 0.0], [-74.07225892530457, 4.613563484651389, 0.0], [-74.07223110870241, 4.613641208142834, 0.0], [-74.0721717609648, 4.613756737914799, 0.0], [-74.07208628790706, 4.613864663133546, 0.0], [-74.07204933768394, 4.613911297249437, 0.0], [-74.07201549336256, 4.61391695616481, 0.0], [-74.07197491604465, 4.61392374089294, 0.0], [-74.07181194400977, 4.613883159565058, 0.0]], [[-74.07255280877587, 4.613870508390633, 0.0], [-74.07248880920898, 4.613826808030099, 0.0], [-74.07243010949473, 4.613812307894644, 0.0], [-74.07233421011671, 4.613820707344383, 0.0], [-74.07228891027717, 4.613849008320848, 0.0], [-74.07223071029051, 4.613895407168889, 0.0], [-74.07219431001894, 4.613914907453509, 0.0], [-74.07210284597396, 4.613981129436251, 0.0], [-74.07205766946376, 4.614024903154958, 0.0], [-74.0719575411047, 4.614206062942724, 0.0]], [[-74.07344860790668, 4.61433486496675, 0.0], [-74.07354471023854, 4.614304108094261, 0.0], [-74.07368540968194, 4.614197208488964, 0.0], [-74.0737393103109, 4.614071807107103, 0.0], [-74.07375340856247, 4.613972558177045, 0.0], [-74.07378316500137, 4.613785118234909, 0.0], [-74.07382604070351, 4.613543599673206, 0.0], [-74.07385480669468, 4.61335121494957, 0.0]], [[-74.07344860790668, 4.61433486496675, 0.0], [-74.07336989427725, 4.614256510511354, 0.0], [-74.07309088919739, 4.613978776021264, 0.0], [-74.07256170942591, 4.613445407357432, 0.0], [-74.07246791033043, 4.613397206936114, 0.0], [-74.07242430955858, 4.613391208332189, 0.0], [-74.07238610965831, 4.613401207021298, 0.0], [-74.07233111002498, 4.613434707717446, 0.0], [-74.07230250874852, 4.613475107589837, 0.0]], [[-74.07344867549757, 4.614334931886133, 0.0], [-74.07344860790668, 4.61433486496675, 0.0]], [[-74.07230250874852, 4.613475107589837, 0.0], [-74.07229710977344, 4.61357010810442, 0.0], [-74.07231860973187, 4.613618207644769, 0.0], [-74.07236420995433, 4.613674307796345, 0.0], [-74.0724688088382, 4.61378130839912, 0.0], [-74.07258995848885, 4.613903107241556, 0.0], [-74.07286072008989, 4.614154019115157, 0.0], [-74.07299235191529, 4.614277031541286, 0.0], [-74.07304885882944, 4.614321857675744, 0.0], [-74.07313840886273, 4.614367607311048, 0.0], [-74.07319020891362, 4.614383206987661, 0.0], [-74.07325360862886, 4.614382208107179, 0.0], [-74.07330783669057, 4.614375887298345, 0.0], [-74.07330882983342, 4.614375580742889, 0.0], [-74.07339040903464, 4.614350407019553, 0.0], [-74.07344867549757, 4.614334931886133, 0.0]], [[-74.07344867549757, 4.614334931886133, 0.0], [-74.07350991014079, 4.614395508390325, 0.0], [-74.07354210926464, 4.614477707700626, 0.0], [-74.07354140856273, 4.614559907730486, 0.0], [-74.07347370936581, 4.614677908138519, 0.0], [-74.07339480648712, 4.614747987242747, 0.0], [-74.07322690879536, 4.61489710798681, 0.0], [-74.07312431003321, 4.614986607893402, 0.0], [-74.07294637195383, 4.615105463942331, 0.0]], [[-74.12469161832104, 4.684826827267026, 0.0], [-74.12469158947754, 4.684826801948327, 0.0], [-74.12460828475264, 4.684763909285006, 0.0], [-74.12441828279172, 4.684610141667875, 0.0], [-74.12439443936665, 4.684592412488327, 0.0], [-74.12316790123195, 4.683680382652535, 0.0], [-74.12286069243474, 4.683428638592584, 0.0], [-74.12266670884419, 4.683268508028848, 0.0], [-74.12249754178094, 4.683107372031273, 0.0], [-74.12215553858928, 4.682655736073474, 0.0], [-74.1213980169888, 4.681622028944145, 0.0], [-74.12100579014336, 4.681081883609742, 0.0], [-74.12020624329553, 4.679912453636158, 0.0], [-74.11993076579988, 4.679438634287368, 0.0], [-74.11963689481038, 4.678947022747484, 0.0], [-74.11961702466625, 4.678914955344022, 0.0], [-74.11893264064642, 4.677810458900916, 0.0], [-74.11852122869148, 4.677152728645122, 0.0], [-74.11766374375682, 4.67582947871793, 0.0], [-74.11714710072533, 4.675024658729783, 0.0], [-74.11700889240495, 4.674809359619704, 0.0], [-74.11647737832372, 4.674014988325615, 0.0], [-74.11542863287835, 4.672375376289573, 0.0], [-74.11444460512617, 4.670827746386179, 0.0], [-74.1134255674466, 4.669241085002866, 0.0], [-74.11328003037636, 4.669008681376298, 0.0], [-74.11264922963707, 4.668001375262039, 0.0], [-74.11227249093693, 4.667399771603657, 0.0], [-74.11164432338575, 4.666343975328024, 0.0], [-74.11138100537693, 4.665889229966294, 0.0], [-74.11086272552556, 4.665100085809096, 0.0], [-74.11042321403114, 4.66446200332473, 0.0], [-74.11005265252182, 4.663930708145127, 0.0], [-74.1096798849698, 4.663393473355611, 0.0], [-74.10947046302498, 4.663037366812839, 0.0], [-74.10925444576357, 4.662681799469043, 0.0], [-74.10877199870127, 4.661944439127925, 0.0], [-74.10877075305223, 4.661942535612166, 0.0], [-74.10872984943755, 4.661880019812393, 0.0], [-74.10801686398592, 4.660739100271179, 0.0], [-74.1079393320777, 4.660620844380441, 0.0], [-74.10782063356072, 4.660439796821257, 0.0], [-74.10755285912813, 4.660032491084537, 0.0], [-74.10652558816886, 4.658408189208522, 0.0], [-74.10581610128627, 4.657334184227549, 0.0], [-74.10564665978902, 4.6570670471491, 0.0], [-74.10529397787856, 4.656511020241089, 0.0], [-74.10457224038768, 4.655394161891754, 0.0], [-74.10371424585705, 4.654025132067416, 0.0], [-74.10346448502169, 4.653633931562966, 0.0], [-74.10305899492032, 4.65299880906031, 0.0], [-74.10227692792657, 4.651839536460693, 0.0], [-74.10214965096894, 4.651646042170026, 0.0], [-74.10207620160371, 4.651543399258843, 0.0], [-74.10194504233908, 4.651356537271608, 0.0], [-74.10167222882066, 4.650903856492334, 0.0], [-74.10164881898541, 4.650864820054418, 0.0], [-74.10153080544224, 4.650668028213988, 0.0], [-74.10140224793643, 4.650439804713436, 0.0], [-74.10130027526093, 4.650298601109112, 0.0], [-74.10059728311998, 4.649181453832303, 0.0], [-74.09969750301944, 4.647828342342408, 0.0], [-74.09950852431113, 4.647596546540051, 0.0], [-74.09931713758573, 4.647306830621223, 0.0], [-74.09904645134877, 4.646876393808474, 0.0], [-74.09882345775613, 4.646521795387688, 0.0], [-74.09819764506204, 4.645433172390835, 0.0], [-74.09725835512467, 4.643980071926861, 0.0], [-74.09653770929313, 4.642830024755338, 0.0], [-74.09635353858383, 4.642536113597931, 0.0], [-74.09554742278196, 4.641312686496434, 0.0], [-74.0945445978253, 4.639757754901729, 0.0], [-74.09386822836802, 4.638655880881307, 0.0], [-74.0934307968487, 4.637963267147171, 0.0], [-74.0931328580381, 4.637504444956544, 0.0], [-74.09313226319551, 4.637503527999294, 0.0], [-74.09283413099655, 4.637044407257325, 0.0], [-74.09268452216587, 4.636820681456874, 0.0], [-74.0923994760271, 4.636376489495119, 0.0], [-74.09217190524636, 4.636061469687561, 0.0], [-74.09212736899221, 4.635999818363697, 0.0], [-74.0918034330172, 4.635598099686725, 0.0], [-74.09165195290002, 4.635418038309436, 0.0], [-74.09144506731381, 4.635247472345761, 0.0], [-74.09119586628037, 4.635057026786998, 0.0], [-74.09094375538317, 4.634872716938691, 0.0], [-74.09066279721002, 4.63471365678069, 0.0], [-74.09028836356879, 4.634524831933112, 0.0], [-74.08970084804415, 4.63430649029258, 0.0], [-74.08906554514479, 4.634070389196727, 0.0], [-74.0882027029642, 4.633737138249782, 0.0], [-74.0871054379019, 4.63332947920517, 0.0], [-74.08584559682103, 4.632936874438426, 0.0], [-74.08508121791043, 4.632597183425053, 0.0], [-74.08477779655585, 4.632420175116319, 0.0], [-74.08452306158401, 4.632189636454414, 0.0], [-74.08427632044571, 4.631925181466591, 0.0], [-74.08404574839554, 4.631636812660687, 0.0], [-74.08391884143809, 4.631444567408654, 0.0], [-74.08352723499065, 4.630875429616791, 0.0], [-74.08311373140131, 4.630253960239611, 0.0], [-74.0829454455607, 4.629943872647496, 0.0], [-74.08285253337029, 4.629809552528804, 0.0], [-74.08274773828876, 4.629658054206809, 0.0], [-74.0818631430299, 4.628270989233179, 0.0], [-74.08126934450004, 4.6273459527729, 0.0], [-74.0811044627577, 4.627125742297815, 0.0], [-74.0810900888887, 4.627105124094107, 0.0], [-74.0808434981714, 4.626751404293117, 0.0], [-74.08064863351888, 4.6265123127519, 0.0], [-74.08028965895312, 4.625987365683597, 0.0], [-74.08027045450063, 4.625959281494799, 0.0], [-74.07995346453143, 4.625492345595914, 0.0], [-74.07947500606602, 4.62470818334073, 0.0], [-74.07915244843325, 4.624221869517394, 0.0], [-74.07872280793343, 4.623611982611164, 0.0], [-74.07814683743185, 4.622800574510459, 0.0], [-74.07765049074226, 4.622186339965578, 0.0], [-74.07747844025275, 4.621940153199644, 0.0], [-74.07733319232983, 4.621767008462043, 0.0], [-74.07711845008772, 4.621501613134207, 0.0], [-74.07672554405683, 4.621020675149903, 0.0], [-74.07641696696359, 4.620597134570809, 0.0], [-74.07632059291059, 4.620464994750269, 0.0], [-74.07628337422463, 4.620413963538367, 0.0], [-74.07597020690234, 4.619952684965734, 0.0], [-74.07583655495216, 4.619754870344706, 0.0], [-74.07580265563062, 4.619667783347761, 0.0], [-74.0755636493856, 4.619317003374422, 0.0], [-74.07517475097268, 4.618733574471904, 0.0], [-74.07500257596024, 4.61849820715744, 0.0], [-74.07482177192985, 4.618244910000707, 0.0], [-74.07444272039744, 4.617696299388704, 0.0], [-74.07388163421976, 4.61687549106219, 0.0], [-74.07323650190577, 4.616010980960366, 0.0], [-74.0727912938238, 4.615404298722205, 0.0], [-74.07278248719881, 4.615392297556659, 0.0], [-74.07275506878501, 4.615354933969403, 0.0], [-74.07237361473568, 4.614846329802995, 0.0], [-74.07200520313062, 4.61428678751299, 0.0], [-74.0719575411047, 4.614206062942724, 0.0], [-74.07184554070396, 4.613965088575582, 0.0], [-74.07181194400977, 4.613883159565058, 0.0], [-74.07137119899123, 4.61280835817944, 0.0], [-74.07105711845023, 4.612400731902254, 0.0], [-74.07076897222456, 4.612117927742196, 0.0], [-74.07074462435027, 4.612094032003341, 0.0], [-74.07054315192897, 4.611879817828006, 0.0], [-74.06998299424832, 4.611380817050333, 0.0], [-74.06997675701075, 4.611375260898837, 0.0], [-74.0685844574481, 4.610154315790184, 0.0], [-74.06739147895063, 4.609429675554901, 0.0], [-74.06656400199068, 4.608941699886544, 0.0], [-74.06641546089479, 4.608828698519772, 0.0], [-74.06634273376308, 4.608738400135995, 0.0], [-74.06631046970536, 4.608670964265412, 0.0], [-74.06626886337044, 4.608568072930749, 0.0], [-74.06632037472839, 4.608163236388819, 0.0], [-74.06639048110581, 4.6078459699753, 0.0], [-74.06644914466843, 4.607535881793555, 0.0], [-74.06641387680223, 4.607185828838493, 0.0], [-74.06639007771419, 4.606779121885574, 0.0], [-74.06639071766625, 4.606656955825763, 0.0], [-74.06639913863323, 4.606535191401193, 0.0], [-74.06642272242183, 4.606412198254186, 0.0], [-74.0664564077551, 4.606293947469333, 0.0], [-74.06653587793647, 4.606119449252772, 0.0], [-74.06665714594956, 4.605890541991418, 0.0], [-74.06674646367702, 4.605705257278812, 0.0], [-74.066839551809, 4.605532993783322, 0.0], [-74.06693796273574, 4.605339072107385, 0.0], [-74.0669751006223, 4.605270430938139, 0.0], [-74.06707904206746, 4.60508371125517, 0.0], [-74.06715576180956, 4.604949080374, 0.0], [-74.06725685271826, 4.604757598520266, 0.0], [-74.0673158462673, 4.604646225337709, 0.0], [-74.06745136850843, 4.604390375998528, 0.0], [-74.06768412487381, 4.603958063454662, 0.0], [-74.06783325028486, 4.603652822568825, 0.0], [-74.06790273728352, 4.603472764345535, 0.0], [-74.06793107561819, 4.603405279617253, 0.0], [-74.06805697584244, 4.60310544343302, 0.0]]]}}, {"type": "Feature", "properties": {"objectid": 164, "id_trazado": "TZ003", "long_traz": 11.48905023, "ori_traz": "Avenida Calle 80", "fin_traz": "Portal Suba", "nom_traz": "Suba", "le_troncal": "C", "nom_tronc": "Suba", "fase_tronc": "FASE II", "eta_oper": 1, "esta_oper": 1, "tipo_tra": 1, "Shape__Length": 11457.703840915348, "globalid": "{528237A6-7CF6-447C-99CA-1015A7934F83}"}, "geometry": {"type": "MultiLineString", "coordinates": [[[-74.06879400908768, 4.673771507833192, 0.0], [-74.0687601288753, 4.673459260303894, 0.0], [-74.06878200924372, 4.673118706780382, 0.0], [-74.06898180928208, 4.672899507403681, 0.0], [-74.06968426006557, 4.672189648241825, 0.0], [-74.07031869751809, 4.671452358157602, 0.0], [-74.07039936885941, 4.671219937036589, 0.0], [-74.070200497725, 4.671297852085136, 0.0], [-74.0694552795067, 4.672159201174996, 0.0], [-74.06895081691195, 4.67264933712049, 0.0], [-74.06876037826339, 4.672899405201302, 0.0], [-74.06870984789728, 4.673074245516952, 0.0], [-74.0686985091313, 4.673115906898954, 0.0], [-74.06872115528864, 4.673453037264905, 0.0], [-74.06863385897367, 4.673730657273943, 0.0]], [[-74.06901580882358, 4.674311107314294, 0.0], [-74.0690596090766, 4.674226006925795, 0.0], [-74.06905890571163, 4.674105266270698, 0.0], [-74.06903400930187, 4.674030307783287, 0.0], [-74.06899760874211, 4.673960107630072, 0.0], [-74.06890650920212, 4.673852906995898, 0.0], [-74.06884961034984, 4.673800907613544, 0.0], [-74.06879400908768, 4.673771507833192, 0.0], [-74.06873840873146, 4.673742107144118, 0.0], [-74.06871345833706, 4.673735757676765, 0.0], [-74.06868850884442, 4.673729407304219, 0.0], [-74.06863385897367, 4.673730657273943, 0.0], [-74.06857920910274, 4.673731908143721, 0.0], [-74.06851516541303, 4.673776372206904, 0.0], [-74.06845530976459, 4.673840807986331, 0.0], [-74.06842200914829, 4.673884806718044, 0.0], [-74.06839730895516, 4.673975807028999, 0.0], [-74.06839840872576, 4.674030608178764, 0.0], [-74.06840508937924, 4.674079336060625, 0.0], [-74.06848841732287, 4.674233660209625, 0.0], [-74.0686262200868, 4.674337944189127, 0.0]], [[-74.06901580882358, 4.674311107314294, 0.0], [-74.06956197791607, 4.674634350889748, 0.0], [-74.07003557053478, 4.674899939941761, 0.0], [-74.07031660384561, 4.675075897930214, 0.0], [-74.07044823649281, 4.67520941056631, 0.0], [-74.0705169138964, 4.675331435112881, 0.0], [-74.07055125206192, 4.675447718757796, 0.0], [-74.07057557353106, 4.675627169198684, 0.0], [-74.07053878920554, 4.675787942336212, 0.0], [-74.07047201655838, 4.67589996296143, 0.0], [-74.07045981559455, 4.675913286929392, 0.0], [-74.0704442626773, 4.675930271506652, 0.0], [-74.07044299724534, 4.675931639713588, 0.0]], [[-74.06901580882358, 4.674311107314294, 0.0], [-74.06898530866788, 4.674344306846185, 0.0], [-74.0689485093975, 4.674375408302549, 0.0], [-74.06889660906168, 4.674398008161133, 0.0], [-74.06885400932946, 4.674407307551706, 0.0], [-74.06879830861662, 4.674399007112148, 0.0], [-74.06870600917537, 4.674384406791821, 0.0], [-74.0686262200868, 4.674337944189127, 0.0], [-74.06854129258127, 4.674445593878197, 0.0], [-74.06841023526842, 4.674606696673123, 0.0], [-74.0684035709619, 4.674617806024473, 0.0], [-74.06835273060646, 4.674702562641388, 0.0], [-74.06824944191571, 4.674874756214517, 0.0], [-74.06804725896437, 4.675161540688344, 0.0], [-74.06758918837482, 4.675773683808658, 0.0], [-74.06736950062192, 4.676075814860288, 0.0], [-74.06717673781442, 4.676389657040512, 0.0], [-74.0671583545493, 4.676419587591773, 0.0], [-74.06691876438862, 4.676815244560379, 0.0], [-74.06675246399682, 4.677138916855675, 0.0], [-74.06636530611188, 4.677799443469262, 0.0], [-74.06562970567086, 4.6790431646832, 0.0], [-74.06504765160244, 4.679992694403494, 0.0], [-74.06481662477188, 4.680351057056148, 0.0], [-74.06478138743388, 4.680405715564633, 0.0], [-74.06454329478096, 4.68077770954714, 0.0], [-74.06430247493044, 4.681128731563219, 0.0], [-74.06417076475036, 4.681285302024166, 0.0], [-74.06401841098159, 4.681447463404091, 0.0], [-74.0638829956656, 4.681591594967949, 0.0], [-74.06373421736313, 4.681793101027663, 0.0], [-74.06356206198122, 4.682080776379414, 0.0], [-74.06339397900274, 4.682345693025208, 0.0], [-74.06325323075893, 4.68255984409114, 0.0], [-74.06316329758116, 4.682702975365425, 0.0], [-74.06296592588747, 4.683037757304123, 0.0], [-74.06291353523146, 4.683151313900535, 0.0], [-74.06288377966797, 4.683233494159989, 0.0], [-74.06286411886596, 4.683351400257128, 0.0], [-74.06283529934652, 4.683495888321441, 0.0], [-74.06283639069365, 4.683675267058011, 0.0], [-74.06284853108757, 4.68377065652807, 0.0], [-74.06290051041493, 4.683979987038548, 0.0], [-74.06295061518844, 4.68409581106171, 0.0], [-74.06299590018257, 4.684236597523417, 0.0], [-74.06307053932916, 4.684401543200149, 0.0], [-74.06321827093115, 4.684694637263692, 0.0], [-74.06336432372474, 4.6849776247041, 0.0], [-74.06344460984417, 4.685136510678425, 0.0], [-74.06363495304282, 4.685420104835752, 0.0], [-74.06379667574697, 4.685684540595661, 0.0], [-74.06399119556528, 4.686032278264914, 0.0], [-74.06417057191162, 4.686373683617869, 0.0], [-74.06429001296542, 4.68663143560726, 0.0], [-74.06444284253222, 4.686968338733456, 0.0], [-74.06459274310737, 4.687298785004343, 0.0], [-74.0646650495647, 4.687458017032275, 0.0], [-74.06475379241527, 4.687663016420847, 0.0], [-74.06486832057914, 4.687936272587742, 0.0], [-74.06498210292429, 4.688238920564877, 0.0], [-74.06510764521289, 4.68861891697291, 0.0], [-74.06516774502055, 4.688803215261672, 0.0], [-74.0651973063284, 4.688900895599777, 0.0], [-74.06521341062746, 4.688971747571363, 0.0], [-74.06522690643608, 4.689048168230001, 0.0], [-74.06522794274112, 4.689059825692561, 0.0], [-74.06523925558997, 4.689187073890917, 0.0], [-74.0652640078992, 4.689366629351734, 0.0], [-74.06550306165917, 4.69007540176364, 0.0], [-74.06567420462193, 4.690514514400115, 0.0], [-74.0657573310209, 4.69072793809, 0.0], [-74.06586001673541, 4.691005142989468, 0.0], [-74.06595362695798, 4.691186985654801, 0.0], [-74.06600600682034, 4.691299238360404, 0.0], [-74.06610814121231, 4.691514633710064, 0.0], [-74.06664474413408, 4.692413228498182, 0.0], [-74.06678083644097, 4.692657440067201, 0.0], [-74.06697490910146, 4.692998326700024, 0.0], [-74.06715339060217, 4.693302517103539, 0.0], [-74.06720873995816, 4.693400771058854, 0.0], [-74.06724874389487, 4.693471784294361, 0.0], [-74.06743211528374, 4.693775974694883, 0.0], [-74.06762714742601, 4.694063100001624, 0.0], [-74.06775778317392, 4.694288234902006, 0.0], [-74.06792008810417, 4.694553052179765, 0.0], [-74.06840262334961, 4.695406542411046, 0.0], [-74.06871663606456, 4.695979422324486, 0.0], [-74.06877861668295, 4.696092499658701, 0.0], [-74.06886272124386, 4.696270921696334, 0.0], [-74.06895724791377, 4.696516151456384, 0.0], [-74.06905402830034, 4.696807462985964, 0.0], [-74.0693585317568, 4.697739194718855, 0.0], [-74.06950206065665, 4.698176167316386, 0.0], [-74.06957119424479, 4.698391502961231, 0.0], [-74.06969624067592, 4.69876330992347, 0.0], [-74.06982817008219, 4.699187604810542, 0.0], [-74.06984394178146, 4.699241108397645, 0.0], [-74.06995652937788, 4.699623036188377, 0.0], [-74.07008446007889, 4.700032235351901, 0.0], [-74.0701847566196, 4.700406923977037, 0.0], [-74.07030156547195, 4.700791744627027, 0.0], [-74.07050352499068, 4.701413749947777, 0.0], [-74.07053926168234, 4.701600305524414, 0.0], [-74.0705849805584, 4.702065256171145, 0.0], [-74.07064330661109, 4.702783353609588, 0.0], [-74.07077258022134, 4.704333423584204, 0.0], [-74.07090466602509, 4.705270604835162, 0.0], [-74.07100813593769, 4.705796850875721, 0.0], [-74.071059180686, 4.706141004882171, 0.0], [-74.0711496436297, 4.706573982215764, 0.0], [-74.07117426613561, 4.706689822528658, 0.0], [-74.0712596667002, 4.70709159301951, 0.0], [-74.07140248446267, 4.707571082970325, 0.0], [-74.07147203540062, 4.707852960092036, 0.0], [-74.07158270598246, 4.708380776855233, 0.0], [-74.07174438043938, 4.709160203324125, 0.0], [-74.07187103724091, 4.709840731592818, 0.0], [-74.07191658603918, 4.710109736533802, 0.0], [-74.07208816428522, 4.711005718346662, 0.0], [-74.0720895288589, 4.711012846114669, 0.0], [-74.07218950188528, 4.711488432522197, 0.0], [-74.07230719784444, 4.712001231323956, 0.0], [-74.07230932584248, 4.712010503211767, 0.0], [-74.07240623193726, 4.712480062337895, 0.0], [-74.07253307211326, 4.713025054524926, 0.0], [-74.0726031219562, 4.713382870771674, 0.0], [-74.07270221453803, 4.713802625987094, 0.0], [-74.07284964808723, 4.714364266550967, 0.0], [-74.07296716866666, 4.7148280480812, 0.0], [-74.07322217591407, 4.715918567505835, 0.0], [-74.07352599214445, 4.717131188568144, 0.0], [-74.07385853612011, 4.718558094437681, 0.0], [-74.07400196898978, 4.719062052470165, 0.0], [-74.07408776566466, 4.719280899957625, 0.0], [-74.07424150071799, 4.719522477537735, 0.0], [-74.07460815693823, 4.720140746401149, 0.0], [-74.07465268142275, 4.720261486170203, 0.0], [-74.07468961711055, 4.720463618144608, 0.0], [-74.07470136763499, 4.720788712386098, 0.0], [-74.0747116339291, 4.721267158257204, 0.0], [-74.07471647509705, 4.721492803005215, 0.0], [-74.07472791196601, 4.721821372490808, 0.0], [-74.07476418319044, 4.722780156071754, 0.0], [-74.07482225183786, 4.723785634551334, 0.0], [-74.07478398077463, 4.725034093816837, 0.0], [-74.07476003009751, 4.726124703448348, 0.0], [-74.07473696972069, 4.727030822500819, 0.0], [-74.07472389472889, 4.727445642904517, 0.0], [-74.07472333854827, 4.727455840781251, 0.0], [-74.07470590674004, 4.727775380581036, 0.0], [-74.0746740301722, 4.728862599841513, 0.0], [-74.07467383266096, 4.729777289037872, 0.0], [-74.07477482266592, 4.730633286333645, 0.0], [-74.07500073539977, 4.731908142194058, 0.0], [-74.07503095065948, 4.732011159224628, 0.0], [-74.07507006411728, 4.732145300746406, 0.0], [-74.07520066395273, 4.732472093568486, 0.0], [-74.07530913584723, 4.732632315535582, 0.0], [-74.07546556698578, 4.732759382996609, 0.0], [-74.0756010207652, 4.732839538500573, 0.0], [-74.07574057857644, 4.732891890145298, 0.0], [-74.07585142879185, 4.732917013894645, 0.0], [-74.07643429590628, 4.732931423377994, 0.0], [-74.07673824541918, 4.732942216694537, 0.0], [-74.07685711244773, 4.7329689635239, 0.0], [-74.07693098678637, 4.732985585668334, 0.0], [-74.07704300071597, 4.733026234381482, 0.0], [-74.07721489976541, 4.733105676093825, 0.0], [-74.07729379834275, 4.733164461545576, 0.0], [-74.07751808320627, 4.733331571300895, 0.0], [-74.07755383870928, 4.733364580336933, 0.0], [-74.07803392161668, 4.733758389835985, 0.0], [-74.07838638797915, 4.733970088798066, 0.0], [-74.07854852738613, 4.734052041451572, 0.0], [-74.07887830639316, 4.734174646904204, 0.0], [-74.07940504226801, 4.734358570977951, 0.0], [-74.07958201664175, 4.734441819220284, 0.0], [-74.0797437715127, 4.734554516243738, 0.0], [-74.07989412956312, 4.73468388779632, 0.0], [-74.08024635390841, 4.734976799862555, 0.0], [-74.08058679567611, 4.73523644865329, 0.0], [-74.08098652277597, 4.73550811160933, 0.0], [-74.08133660698498, 4.735754850083223, 0.0], [-74.081558176746, 4.735892628218966, 0.0], [-74.08161645974701, 4.735939210566848, 0.0], [-74.08173095094362, 4.736053873364147, 0.0], [-74.08190726886993, 4.73627096486062, 0.0], [-74.08230152378302, 4.736781388692255, 0.0], [-74.08241292264655, 4.736900026731023, 0.0], [-74.08254879564547, 4.737018667286364, 0.0], [-74.08260171556563, 4.737055982244947, 0.0], [-74.0827358766308, 4.737136357002096, 0.0], [-74.08294298340743, 4.737241610472418, 0.0], [-74.08315095885789, 4.737308211960698, 0.0], [-74.08353049871029, 4.737423272849508, 0.0], [-74.08392561430895, 4.737524530939332, 0.0], [-74.08530397264298, 4.737943382971937, 0.0], [-74.08550114994708, 4.738000457897721, 0.0], [-74.0859147068349, 4.738130320594169, 0.0], [-74.08606700011534, 4.738175166047728, 0.0], [-74.0862168130213, 4.73823523370708, 0.0], [-74.08628577143048, 4.738274928317097, 0.0], [-74.08636446223127, 4.738333038113519, 0.0], [-74.08647143215443, 4.73841118608462, 0.0], [-74.08665807977584, 4.738602186946924, 0.0], [-74.0869104710517, 4.738852115159491, 0.0], [-74.08699228379736, 4.738936786160154, 0.0], [-74.08728441503467, 4.739239123730862, 0.0], [-74.08746339298014, 4.739408717712319, 0.0], [-74.08786556534344, 4.739812111605763, 0.0], [-74.0886041983965, 4.740569265009533, 0.0], [-74.08896176122154, 4.740928049478246, 0.0], [-74.08921048316948, 4.741143268668263, 0.0], [-74.08943715267765, 4.741285530434643, 0.0], [-74.08965448719974, 4.741405224394336, 0.0], [-74.0898628448084, 4.741516478544594, 0.0], [-74.09003411147481, 4.741619991529314, 0.0], [-74.09029264721656, 4.741829347521112, 0.0], [-74.09081807455493, 4.742320902816771, 0.0], [-74.09117775227847, 4.742634818864116, 0.0], [-74.09120045574359, 4.742654327941696, 0.0], [-74.09151817368667, 4.742927347337842, 0.0], [-74.0917447290654, 4.743123128865878, 0.0], [-74.09237962410178, 4.743658692418114, 0.0], [-74.09357921524534, 4.744560755506001, 0.0], [-74.09361339002422, 4.744743525164418, 0.0], [-74.09362827679183, 4.744916923934149, 0.0], [-74.09366699478139, 4.745185992431463, 0.0], [-74.09390360346184, 4.745331744006521, 0.0], [-74.09396926843853, 4.745370848308325, 0.0], [-74.09403139199924, 4.745414844086694, 0.0], [-74.09411198427269, 4.745468744293138, 0.0], [-74.0942110455549, 4.745544540939985, 0.0], [-74.09423623194581, 4.745615286097466, 0.0], [-74.09427501694813, 4.745773759581412, 0.0], [-74.0944154230896, 4.746296798438638, 0.0], [-74.09476695649785, 4.747792920854578, 0.0], [-74.09482025159774, 4.748068448364378, 0.0], [-74.09484309613458, 4.748311625043098, 0.0], [-74.09466429040499, 4.748419237548893, 0.0], [-74.09445230885304, 4.748409406638325, 0.0], [-74.0943406599189, 4.748175380995259, 0.0], [-74.09375571410631, 4.74575063981974, 0.0], [-74.09371343755832, 4.745566344797857, 0.0], [-74.09369223734167, 4.74542664338391, 0.0], [-74.09366699478139, 4.745185992431463, 0.0]]]}}, {"type": "Feature", "properties": {"objectid": 167, "id_trazado": "TZ022A", "long_traz": 1.96825271, "ori_traz": "Portal Américas", "fin_traz": "Tibanica", "nom_traz": "Avenida Ciudad De Cali", "le_troncal": "Z", "nom_tronc": "Avenida Ciudad de Cali", "fase_tronc": "FASE IV", "eta_oper": 1, "esta_oper": 1, "tipo_tra": 2, "Shape__Length": 1968.252713423925, "globalid": "{67AB2148-7F11-427E-AC66-379EC3357E72}"}, "geometry": {"type": "LineString", "coordinates": [[-74.18796144555752, 4.618153903872072, 0.0], [-74.18767998259254, 4.618310079305239, 0.0], [-74.18739375324289, 4.618438892787416, 0.0], [-74.18720546386885, 4.618502767055269, 0.0], [-74.186944531468, 4.618554175737571, 0.0], [-74.18655733040033, 4.618614719188134, 0.0], [-74.18648614377942, 4.618625849514882, 0.0], [-74.185906013867, 4.618704664860491, 0.0], [-74.18567730213977, 4.618734947113119, 0.0], [-74.18564478703415, 4.61874116377085, 0.0], [-74.18529387619154, 4.618808266284262, 0.0], [-74.18479176700941, 4.618914561662858, 0.0], [-74.18435396587746, 4.619007242576595, 0.0], [-74.18371110001581, 4.619113341358423, 0.0], [-74.18336438573573, 4.61925918591059, 0.0], [-74.18292239523035, 4.619668680398623, 0.0], [-74.18254715291177, 4.620369685028789, 0.0], [-74.18248382515226, 4.620487989788618, 0.0], [-74.18220979669097, 4.621146261494678, 0.0], [-74.18185744716828, 4.62164071367821, 0.0], [-74.18140291720005, 4.622048901459927, 0.0], [-74.18053740009948, 4.622845550475856, 0.0], [-74.17966498420657, 4.623580928899799, 0.0], [-74.17868126025753, 4.624423744150309, 0.0], [-74.17827139749178, 4.624803582541936, 0.0], [-74.17762614763514, 4.62540156251342, 0.0], [-74.17728459843738, 4.625663072696923, 0.0], [-74.17698192321899, 4.625851167257924, 0.0], [-74.17640529443912, 4.626109883144225, 0.0], [-74.1758752287819, 4.626346547757252, 0.0], [-74.17547352353503, 4.626493137703346, 0.0], [-74.17516598387593, 4.626631137068352, 0.0], [-74.17455094667609, 4.626861718281956, 0.0], [-74.17355029386648, 4.627220973089718, 0.0]]}}, {"type": "Feature", "properties": {"objectid": 168, "id_trazado": "TZ022", "long_traz": 2.85, "ori_traz": "Portal Américas", "fin_traz": "Tibanica", "nom_traz": "Avenida Ciudad De Cali", "le_troncal": "Z", "nom_tronc": "Avenida Ciudad de Cali", "fase_tronc": "FASE IV", "eta_oper": 1, "esta_oper": 1, "tipo_tra": 1, "Shape__Length": 2850.1908577016857, "globalid": "{B03472C5-B240-4F9D-98BF-84928744B259}"}, "geometry": {"type": "LineString", "coordinates": [[-74.20830958036201, 4.605744486037049, 0.0], [-74.20611960242786, 4.606724602641496, 0.0], [-74.20521641476051, 4.607143957739214, 0.0], [-74.2048437756012, 4.607348484254467, 0.0], [-74.20466922221, 4.607481882039617, 0.0], [-74.20450559367143, 4.607684102051009, 0.0], [-74.20432856277854, 4.607960235373531, 0.0], [-74.20409336459844, 4.608345342784563, 0.0], [-74.20388704839118, 4.608691445769381, 0.0], [-74.2035386118696, 4.609213690742554, 0.0], [-74.20322835913643, 4.609695308154755, 0.0], [-74.20302971903092, 4.610028269936333, 0.0], [-74.20277759227469, 4.610419707365879, 0.0], [-74.20249491638535, 4.610875120879513, 0.0], [-74.20228778064177, 4.611176144678422, 0.0], [-74.20174268496464, 4.611994884640394, 0.0], [-74.20121040906942, 4.612768843313879, 0.0], [-74.2010885524095, 4.612961318597006, 0.0], [-74.20084173973234, 4.61322677520056, 0.0], [-74.20059211902881, 4.61338952535277, 0.0], [-74.20033282927005, 4.61347991521784, 0.0], [-74.20004877960274, 4.613528884692682, 0.0], [-74.19982380439838, 4.613519547619712, 0.0], [-74.1995170036244, 4.613484589200612, 0.0], [-74.19865596918261, 4.613322821091255, 0.0], [-74.19790906529096, 4.613148091921984, 0.0], [-74.19752962399467, 4.61309015018914, 0.0], [-74.19718141430434, 4.613096829414747, 0.0], [-74.1967533586722, 4.613161564944856, 0.0], [-74.19636920429427, 4.613148147929352, 0.0], [-74.19597069015558, 4.613130288423982, 0.0], [-74.19565566211242, 4.613114690046899, 0.0], [-74.19542722360264, 4.61311024536707, 0.0], [-74.19520408936852, 4.613137017379795, 0.0], [-74.19506742267683, 4.613184067700359, 0.0], [-74.19495135308843, 4.61323590471195, 0.0], [-74.19476914577496, 4.613340603154192, 0.0], [-74.19456471787561, 4.61351560528077, 0.0], [-74.19420705461081, 4.613894748630935, 0.0], [-74.19386064485988, 4.614270947340738, 0.0], [-74.19364277302545, 4.614462468614583, 0.0], [-74.1932766339769, 4.614842910580215, 0.0], [-74.1930680299274, 4.615073512591163, 0.0], [-74.19294848395955, 4.615198282359446, 0.0], [-74.19275168186904, 4.615377592674661, 0.0], [-74.19260661881627, 4.615491583551816, 0.0], [-74.19246438401292, 4.615601701691347, 0.0], [-74.19228307916724, 4.615725864614833, 0.0], [-74.19210678515854, 4.615828391094157, 0.0], [-74.19186859341075, 4.615929071868144, 0.0], [-74.19173914242258, 4.615984402060658, 0.0], [-74.19155288990848, 4.616042330398729, 0.0], [-74.19132367522714, 4.616104628872099, 0.0], [-74.19109283624289, 4.61615957730965, 0.0], [-74.19078120056716, 4.616232817372986, 0.0], [-74.19048328288505, 4.616287231022318, 0.0], [-74.19020985980275, 4.616378790571406, 0.0], [-74.18990355639494, 4.616520489208746, 0.0], [-74.18938206580656, 4.616883336068668, 0.0], [-74.1889747688711, 4.617320266405098, 0.0], [-74.18859998196278, 4.617716209950858, 0.0], [-74.18826351797976, 4.617971819373223, 0.0], [-74.18796144555752, 4.618153903872072, 0.0]]}}]}